post_id,url,description,create_time,digg_count,share_count,collect_count,comment_count,play_count,video_duration,hashtags,profile_username,profile_followers,is_verified,region,_search_keyword,_platforms,_match_source,_topic,_transcript
7561548278920252727,https://www.tiktok.com/@whatsnextpolitics/video/7561548278920252727,Midterm Election Update 🚨 #politics #kalshi ,2025-10-15T20:29:31.000Z,71,3,8,5,2443,58,"politics, kalshi",What’s Next,74,False,US,kalshi midterms,"kalshi, prediction_market","description, hashtags, transcript",YES,"The midterm elections are closer than you think. So what are the closest races that'll decide the balance of power in the House? According to Calhoun's prediction market, the Democrats now have a 64% chance of flipping the House, down from an 80% chance in May. Let's go over some of the closest races and seats currently held by the Democrats. First, we have New Mexico's 2nd congressional district that was held by Gabe Vasquez, who only won by 11,000 votes last election. He currently has a 73% chance. Then we have Don Davies from North Carolina's 1st district, who only won by 6,000 votes in 2024. And he currently has a 67% chance of keeping the seat blue. Next up, we have Vincente Gonzalez from Texas's 34th congressional district, who won by just 5,000 votes. The market's only giving him a 41% chance after Texas's tough redistricting. And finally, in one of the closest elections last election, that was only decided by 2,500 votes, we have Jared Golden from Maine's 2nd congressional district, who currently has just a 55% chance of winning re-election."
7412746504315735339,https://www.tiktok.com/@unpopularlogic/video/7412746504315735339,"In a groundbreaking development for U.S. markets, a federal judge's ruling on Friday has paved the way for Americans to legally place trades on the outcome of elections a first in the nation's history. The ruling allows Kalshi, a fully regulated prediction-market, to launch contracts next week enabling users to wager on whether Donald Trump or Kamala Harris will win the Presidential election along with congressional races in November. This decision is a pivotal moment in financial markets and for Kalshi. #trading #election #kalshi #betting #donaldtrump #kamalaharris ",2024-09-09T20:42:28.000Z,3,,0,0,386,,"trading, election, kalshi, donaldtrump, kamalaharris",Unpopular Logic,15400,False,US,kalshi midterms,kalshi,"description, hashtags",YES,Outro
7532603666704993550,https://www.tiktok.com/@whatsnextpolitics/video/7532603666704993550,These 5 races will determine the balance of power in the House We will be releasing updates until Election Day! #kalshi #politics #democrats ,2025-07-29T20:29:54.000Z,158,,9,6,3581,72,"kalshi, politics, democrats",What’s Next,74,False,US,kalshi midterms,"kalshi, prediction_market","description, hashtags, transcript",YES,"The midterm elections are closer than you think. So what are the close races that'll decide the balance of power in the House? According to Calhoun's prediction market, the Democrats have a 68% chance of flipping the House, which sounds good, but this was all the way up at an 83% chance in late April. If the Democrats want to win the House, they can't just hold their seats. They have to flip some, as the current balance of power is 219 Republicans and 212 Democrats. So here are the five closest races and seats currently held by Republicans that the Democrats need to win in 2026. If you know anyone who lives in or near these districts, share this video with them, as the primaries are happening in less than a year. First up, we have Derek Van Orton from Wisconsin's 3rd congressional district, who won by 8,000 votes in 2024. Next up, we have Scott Perry from Pennsylvania's 10th congressional district, who won by just 5,000 votes in last elections. Then we have Ryan McKenzie from Pennsylvania's 7th congressional district, who won by only 4,000 votes. Next up, we have Gabe Evans in Colorado's 8th congressional district, who won by only 3,000 votes. And finally, Marionette Miller-Meeks in Iowa's 1st congressional district, who won by just 800 votes."
7534475156605996301,https://www.tiktok.com/@whatsnextpolitics/video/7534475156605996301,The CLOSEST elections in 2026 👀  #kalshi #politics ,2025-08-03T21:32:12.000Z,52,,2,1,1442,61,"kalshi, politics",What’s Next,74,False,US,kalshi midterms,"kalshi, prediction_market","description, hashtags, transcript",YES,"The midterm elections are much closer than you think. So we have to ask, what are the closest races that'll determine the balance of power in the House? According to Calhoun's prediction market, the Democrats now have a 70% chance of flipping the House. But for this to happen, they will have to hold all of the seats that experts call toss-up seats. So who are the most vulnerable Democrats? But first, if you wanna know what's going to happen next in the political world, make sure to click here to follow. Here are the five closest races and seats currently held by the Democrats. First up, we have Marie Gusenkamp Perez from Washington's 3rd Congressional District who won by 16,000 votes in 2024. Next, Gabe Vasquez from New Mexico's 2nd Congressional District who won by 11,000 votes last election. Then we have Don Davies from North Carolina's 1st Congressional District who won by only 6,000 votes. Next up, we have Vincente Gonzalez from Texas's 34th Congressional District who won by just 5,000 votes. And finally, in one of the closest elections last election, that was only decided by 2,500 votes, we have Jared Golden from Maine's 2nd Congressional District."
7532983812712680718,https://www.tiktok.com/@whatsnextpolitics/video/7532983812712680718,Who could possibly challenge Roy? We will keep you posted on all updates regarding the Senate race in North Carolina #kalshi #politics #northcarolina ,2025-07-30T21:05:01.000Z,147,4,7,1,3278,74,"kalshi, politics, northcarolina",What’s Next,74,False,US,kalshi midterms,"kalshi, prediction_market","description, hashtags, transcript",YES,"The Democrats just scored a massive win this week. Former governor of North Carolina, Roy Cooper, announced that he will run for the Senate in 2026. And he has never lost an election. According to Calhoun's prediction market, the Democrats have a 68% chance of winning this race in 2026. The current Republican Senator, Tom Thillis, announced that he will not run for re-election after butting heads with Trump. Roy Cooper is almost guaranteed to be the Democratic nominee with other Democrats that have considered running already throwing their support behind him. Why does Cooper have this level of support? Cooper served an unprecedented four terms as state attorney general over 16 years before he unseated a Republican incumbent to be elected governor in 2016. He won that election and re-election in 2020 by a larger margin, despite President Trump carrying the state in the presidential election in both years. Now, the Republican Party is terrified. If you Google Roy Cooper right now, the top hit will be a sponsored website funded by the Republican State Leadership Fund that tries to pay Roy Cooper as a radical liberal. Seriously, look it up. It's pretty funny. This is great news for the Democrats and unsettling news for Republicans that will need to find the candidate that can find a way to contend."
7582033775085833527,https://www.tiktok.com/@jessicainskip/video/7582033775085833527,"Prediction markets can be used for more than just tracking expectations, or speculating, they can also help illustrate how investors think about event risk. Markets often react to surprises around economic releases or earnings announcements.  Understanding how expectations shift ahead of these events can help investors think about potential risks in their portfolios. In this video, I walk through how event contracts on Kalshi can be used as an educational example of managing event-driven risk.  These contracts offer a straightforward yes/no format tied to specific events, which can help users explore how different scenarios might impact market sentiment. Event contracts are not suitable for all investors and involve the risk of loss. This video is for educational purposes only and is not investment advice, a recommendation, or a suggestion to buy or sell any security, derivative, or product. Always evaluate your own financial situation and risk tolerance before making any decisions. Kalshi is a regulated event-contracts exchange. Trading involves risk, including the potential loss of your entire position. Past events or outcomes do not guarantee future results. #ad",2025-12-10T01:23:51.000Z,336,27,100,14,18400,86,ad,Jess Inskip,260000,True,US,kalshi midterms,"kalshi, prediction_market","description, transcript",YES,"You're probably using prediction markets wrong. They can be used to hedge your portfolio against event risk. What is event risk? Do you know what moves the markets? Surprises. Positive surprises, like better earnings than expected, can cause a rally. But negative surprises, like the Fed not cutting interest rates like the market expects it to, can cause a sell-off. These are events. Let me show you how to hedge event risk with Calshi. It is all about portfolio positioning. Go to calshi.com, select Economics, and select the event that you would like to hedge. I am choosing the Fed decision in December. I'm going to use this information as a form of soft data to gauge changing rate expectations. If rate expectations are high, I may need to hedge a no-rate-cut scenario, meaning, since the prediction markets expect a cut, if that doesn't happen, we could experience a sell-off. So by buying an event contract based on the Fed not cutting, I can offset my potential portfolio losses that would be triggered by a more restrictive Fed, offset by the gains on this contract. We can apply the same strategy to totally different scenarios, just select yes or no depending on the event that you want to hedge. Put in the dollars based on your personal risk tolerance, which earned 3.5% interest until the event end date. Submit your order, and that's it. Hedging is a way for investors and businesses to offset risk tied to economic events. In the oil industry, you might buy a futures contract that locks in the price of oil if you are afraid it will rise in price due to geopolitical tension or something like that. I'm using Calshi for an alternative to soft data and to hedge event risk. Go check it out."
7608375098726255890,https://www.tiktok.com/@sacred.alpha/video/7608375098726255890,"[EN] It’s official: The Federal Reserve is now using Kalshi to track the economy! In a groundbreaking report released in February 2026, Fed researchers stated that Kalshi markets provide a ""high-frequency, continuously updated benchmark"" that is ""valuable to both researchers and policymakers."" The study found that traders on these platforms are just as accurate as Wall Street's top economists in predicting inflation and interest rates. What was once seen as ""gambling"" is now being hailed by the central bank as an essential tool for real-time economic truth. The world of finance has just entered the era of ""Information Finance."" [ID] Resmi: Federal Reserve kini mulai pakai data Kalshi untuk pantau ekonomi! Dalam laporan besar per Februari 2026, peneliti The Fed menyatakan bahwa pasar Kalshi menyediakan ""benchmark yang diperbarui terus-menerus"" dan ""sangat berharga bagi pembuat kebijakan."" Studi tersebut menemukan bahwa trader di platform ini punya akurasi yang setara dengan ekonom top Wall Street dalam menebak inflasi dan suku bunga. Sesuatu yang dulu dianggap ""judi"" kini diakui oleh bank sentral sebagai alat krusial untuk melihat data ekonomi secara real-time. Dunia keuangan resmi memasuki era ""Information Finance."" #federalreserve #kalshi #predictionmarkets #economics2026 #finance ",2026-02-19T01:01:25.000Z,0,,1,0,734,,"federalreserve, kalshi, predictionmarkets, economics2026, finance",sacredalpha,2377,False,ID,kalshi midterms,kalshi,"description, hashtags",YES,Just show this one on the screen. yes yeah
7560353693929852173,https://www.tiktok.com/@jonaswillett/video/7560353693929852173,"Trade on anything.  Kalshi is the fastest growing prediction market in the world. The company was founded by Tarek Mansour and Luana Lopes Lara, two MIT grads. The predictions market is projected to hit ~$100B by 2035 @Kalshi  __ #kalshi #tech #startups #vc #nyc   ",2025-10-12T15:14:14.000Z,95,4,23,0,5533,60,"kalshi, tech, startups, vc, nyc",jonaswillett,147,False,US,kalshi midterms,"kalshi, prediction_market","description, hashtags, transcript",YES,"Kalshi just raised $300 million at a $5 billion valuation to power degeneracy. Our generation is cooked. Kalshi is the fastest growing prediction market in the world. Basically, it lets you trade on outcomes. Anything from who wins a presidency, to sports, to government shutdowns. Each market has real-time odds that update as people predict what they think will happen. It's one of the first times ever that A16Z and Sequoia have co-led an investment. Kalshi is now in over 140 countries, and they're on pace to hit $50 billion in annualized trading volume. It feels like every big VC is invested in Kalshi, from General Catalyst to Google Ventures to Paradigm. KD and Kevin Hart are investors. The company was founded by two MIT grads, Tarek and Luana. For a while, the future of Kalshi wasn't 100% certain, mostly because the CFTC, the Commodity Futures Trading Commission, hadn't fully approved them. Kalshi was officially cleared in August of 2024, and that presidential election cycle, they absolutely took off. They saw over $500 million in trading volume in just the political markets. Besides being degenerate and having fun, Kalshi actually has a really cool function, which is aggregating massive amounts of data. It can aggregate millions of traders, turning dispersed knowledge into actionable and specific forecasts. Kalshi is estimated to hit almost $100 billion by 2035. I tagged them below, so feel free to check them out."
7619009592462380318,https://www.tiktok.com/@graceatcandid/video/7619009592462380318,Live on Candid #trump #dhs #kalshi #polymarket #candid ,2026-03-19T16:48:37.000Z,1,1,0,0,1,,"trump, dhs, kalshi, polymarket, candid",Grace | Prediction Markets 🔮,24,False,US,kalshi midterms,"kalshi, polymarket","description, hashtags",YES,
7612987779961687318,https://www.tiktok.com/@bfmbusiness/video/7612987779961687318,"Iran/États-Unis : le business morbide des paris sur la guerre 🇮🇷 Sur des plateformes comme Polymarket ou Kalshi, les internautes parient sur la date des prochaines frappes américaines, le nom du futur Guide suprême iranien ou la chute du régime des mollahs, empochant parfois des sommes folles. 🎙️ Nathan Cocquempot #business #economie #sinformersurtiktok #international #iran",2026-03-03T11:20:53.000Z,2991,456,332,23,70900,54,"business, economie, sinformersurtiktok, international, iran",BFM Business,234600,True,FR,polymarket desantis,"kalshi, polymarket","description, transcript",YES,"The U.S. will strike Iran by the... More than 500 million dollars have been bet on this kind of contract on the PolyMarket platform before the strikes on Saturday. Problem, the American law prohibits betting on war, murders or other violent events. The timing is also at the heart of the controversy. 6 bettors identified by an analysis company have each made more than 1 million dollars in profits on these contracts, betting on the exact date of the strikes. A situation reminiscent of the bets around the departure of Nicolas Maduro. An anonymous person had then bet more than 400,000 dollars, betting just before his capture, raising suspicions of criminal offences. After the start of the strikes and the death of Ramenei, the contracts were closed and some users were reimbursed to try to put out the fire. But the controversy continues and several Democratic parliamentarians push to ban this kind of platform. On the side of PolyMarket and Kalshi, all speculation is denied, aiming to take advantage of death."
7581855141419142421,https://www.tiktok.com/@nftcomrico/video/7581855141419142421,MERCADO DE PREVISÕES 🔮 💵 Dá para ganhar dinheiro?  A resposta é: SIM!  #bitcoin #criptomoedas #prediction ,2025-12-09T13:50:23.000Z,464,64,193,30,10100,140,"bitcoin, criptomoedas, prediction",Rico,113,False,BR,polymarket desantis,polymarket,transcript,YES,"Imagine a world where your opinions about the future are worth real money. This is PolyMarket, the largest forecast market platform on the planet. Founded in 2020 by Shane Coplan, it was created with the aim of combating misinformation precisely at the time of COVID-19, making people bet on the reopening of cities. Despite the regulatory challenges that PolyMarket faced in its beginning with a $1.4 million fine by the CFTC in 2022, PolyMarket was able to raise more than $270 million from investors such as Vitalik Buterin and Peter Thiel, in addition to accurately predicting the results of the 2024 US elections. But how does this work in practice? It's simple and powerful. You can use a crypto wallet to deposit USDC on Polygon's network, or you don't even need to use crypto. And then you buy shares for binary questions, such as, does Trump win the election? You can choose yes or no. Will it rain at the Oscars? You can choose yes or no. And then each stock is worth $0 to $1, representing the probability. So, for example, if a stock is worth $0.70, the probability of that happening is 70%. And the dynamics are pure. The more people bet on one side, the price moves automatically by supply and demand, creating odds in real time. And then you can sell your shares at any time. You don't have to wait for it to happen to make a profit. And then in the end, if that bet comes true, the stock is worth $1. And if that doesn't come true, it's worth $0. And then there's hot news for those who like to farm drops. In October 2025, Polymarket's own team confirmed that there will be a Token Poly and it will be distributed to those users loyal to the platform. So if you're not interacting yet, I recommend you start. And the impact of this is huge. But that's not all. Even Bloomberg has already integrated Polymarket into its platform, which is used by more than 350,000 analysts around the world. Even Yahoo Finance itself has integrated Polymarket into its app. Platforms like NFL and NHL also participate in campaigns with Polymarket. With billion-dollar volumes, Polymarket has already proven that it fights fake news and is also responsible for directing political, sports and even cultural decisions. Polymarket is changing the way we see tomorrow in a more democratic and lucrative way. Comment here the bet that I'm going to explain how I made money with this platform."
7578856487821249805,https://www.tiktok.com/@60minutes/video/7578856487821249805,"Shayne Coplan made a risky bet when he built Polymarket in 2020. He created the platform in three months and didn’t seek regulatory approval as the law required. In 2021, the Commodity Futures Trading Commission launched an investigation. Coplan paid a penalty and could not have customers in the U.S. With the second Trump administration came a new appreciation for prediction markets. In the summer of 2025, Polymarket bought a fully licensed, legally compliant trading platform, paving the way for its U.S. customers to access the platform for the first time in three years. Today, Polymarket is valued at $9 billion. #polymarket #betting #predictionmarket #entrepreneur #politics",2025-12-01T11:54:57.000Z,10800,934,1199,173,217100,195,"polymarket, predictionmarket, entrepreneur, politics",60 Minutes,3200000,True,US,polymarket desantis,"kalshi, polymarket, prediction_market","description, hashtags, transcript",YES,"Shane Copeland made a risky bet when he built PolyMarket in 2020. He did it fast, in just three months, and didn't seek regulatory approval as the law required. His chief competitor, Kalshi, did. In 2021, the Commodity Futures Trading Commission launched an investigation into PolyMarket. Copeland cooperated and ultimately paid a penalty. It was a $1.4 million fine. And also- It was a settlement. You could not have customers in the United States. Yeah, we had to go and geoblock trading in the US and move certain operations offshore. And it wasn't, hey, you're banned from trading in the US. It's like, until you're licensed. I mean, it was breaking the law. I mean, people say breaking the law, it's like, which law, you know? So if anything, it's incompatible. It's incompatible with the law. Yeah, with the regulatory matrix that existed. The regulatory matrix was pretty clear. US customers couldn't trade on PolyMarket. But plenty continued to. All they needed was a VPN connection to mask their computer's location. In 2024, in the final weeks of the Biden administration, Copeland got a surprise visit at home from the FBI. There was a lot of yelling and banging on the door. Like knocking, this is the FBI, or like- No, like a battering ram. He wasn't arrested, but agents seized his phones and computers. But with a new administration came a new appreciation for prediction markets. In July, the government dropped its investigations. And PolyMarket was able to buy a fully licensed, legally compliant trading platform, paving the way for their US customers to bet openly. Three months ago, Copeland named Donald Trump Jr., already an advisor to Calshi, to PolyMarket's advisory board. And Trump Jr.'s 1789 capital fund invested around $10 million in the company. I think there's going to be people watching who think that you put the president's son on your advisory board to get influence, to be able to protect yourself. So it's definitely not to protect myself. I mean, look, like they invested, right? We're in this admin. This admin is very pro-innovation and pro-crypto and pro-PolyMarket, which is amazing. The admin administration. Yeah. And, you know, I need help navigating that, right? I'm a young entrepreneur. If I have people who believe in what I do, who understand how politics works and can help me, help guide me and teach me, you know, there's nothing wrong about that. Last month, PolyMarket got its biggest validation yet. The company that owns the New York Stock Exchange announced it was investing $2 billion in PolyMarket. Days later, we met Copeland on the trading floor. What's it like to see your name up there? Yeah, I love it. I love it. It's cool, man. He told us PolyMarket's data will soon be integrated into the exchange to help investors and traders get an edge. What valuation now has PolyMarket been given? $9 billion post-money valuation. $9 billion. Did you anticipate that? I mean, I didn't start it to not get here, you know? Shane Copeland is now a billionaire, at least on paper, and PolyMarket, it still hasn't made any profit. It gives away its main product, its predictions, for free and doesn't charge fees on trades. At least, not yet."
7612802391620078869,https://www.tiktok.com/@traderfinder/video/7612802391620078869,"O Polymarket é como uma ""Bolsa de Valores"" de eventos reais! 📈🌍 Diferente de apostas comuns, aqui você compra ações de previsões sobre política, esportes e economia usando cripto. ✅ Como lucrar: Se você acha que algo vai acontecer, compra a ação barata. Se o evento se confirmar, ela passa a valer US$ 1,00. ✅ Dinâmico: Você pode vender sua posição a qualquer momento para garantir lucro antes mesmo do evento acabar. ✅ Transparente: Tudo roda na rede Polygon com a segurança do dólar digital (USDC). Recentemente, a gigante dona da Bolsa de NY investiu pesado na plataforma, consolidando o  Polymarket como o termômetro de verdade do mundo! 🚀💸 #eua #ouro #petroleo #iran ",2026-03-02T23:21:32.000Z,5,,2,0,353,38,"eua, ouro, petroleo, iran",TraderFinder,1095,False,BR,polymarket desantis,polymarket,"description, transcript",YES,"If you don't follow me, look what you missed here. On February 19th, I recorded a video talking about PolyMarketing. PolyMarketing is a predictive market based on blockchain. And look what the market was already predicting. That on February 28th, the United States would start the conflicts in Iran. So, for those who followed me, managed to have a direction that the conflicts would start on the 28th, although I'm not sure, but the probability was very high. And we were able to position ourselves in gold, we were able to position ourselves in oil, which shot. And so we were able to obtain the profits that the market delivers. If you want to understand a little more about this market, and how you can have predictions in advance about what will happen, start following me there."
7601455488181669140,https://www.tiktok.com/@oncoinx2/video/7601455488181669140,Đã cấm thì đừng cố lách mà truy cập Polymarket nhé ae 🥶 #oncoinx #polymarket #banned #cam #phapluat #vipham #vietnam #chantruycap #predictionmarket  ,2026-01-31T09:29:42.000Z,1314,157,91,93,77800,67,"oncoinx, polymarket, banned, cam, phapluat, vipham, vietnam, chantruycap, predictionmarket",Oncoin X,2400000,False,VN,polymarket desantis,"polymarket, prediction_market","description, hashtags, transcript",YES,"The PolyMarket prediction platform has been blocked from all access in Vietnam. Accordingly, the images circulated from yesterday, January 30, show that the PolyMarket, the world's number one prediction market platform, has now been blocked from access in Vietnam. Some images also show the emergence of the Cybersecurity and Crime Prevention using high-tech A0-5 Police Department in the access interface, making PolyMarket seen as an online monetization platform. And all access behaviors, participation in transactions or related activities can constitute violations of Article 321 and Article 322 of the Criminal Code. As of now, most IP addresses in Vietnam are no longer accessible on this platform, and Vietnam is no exception. When there are more than 30 countries in the world adopting restrictions or banning PolyMarket for similar reasons related to piracy and illegal activities, it is not clear. Although PolyMarket is built on blockchain and often identifies itself as a prediction market, in essence, it is still a form of money laundering, predicting the outcome of an event, then receiving a reward based on the correct result. This makes the platform fall directly into piracy, violating the current Vietnamese law. Recently, this platform also appeared in a post predicting a dispute over the candidate who will be elected to the position of Vietnam's Secretary-General with a maximum amount of more than 2 million USD, which is about 52 billion VND."
7434942889752317230,https://www.tiktok.com/@dailymail/video/7434942889752317230,"An anonymous French Polymarket trader who goes only by ‘Théo’ has raked in a whopping $85 MILLION after betting tens of millions of dollars that Trump would win the election. 🤯 He was originally thought to have won  $48 million, but new research from Chainalysis has revealed he’s getting $37 million more than previously reported. 🎥 Reuters  #trump #election2024 #betting #news #politics ",2024-11-08T16:15:47.000Z,16800,485,733,245,1600000,9,"trump, election2024, news, politics",Daily Mail,26100000,True,GB,polymarket desantis,polymarket,description,YES,Thanks for watching!
7592327208501366046,https://www.tiktok.com/@cbsmornings/video/7592327208501366046,"The night before the U.S. military captured #Venezuelan dictator Nicolás #Maduro and his wife, Cilia Flores, somebody, somewhere placed an extremely well-timed bet on the prediction markets site #Polymarket. On January 2, an anonymous user bet $32,000 that the Venezuelan leader would be out of power by January 31. At 4:21 a.m. the following morning, President Trump announced that Maduro was in custody — and the user chased out, making more than $400,000. While the bettor’s identity is still unknown, lawyer Dennis Kelleher said “this particular trade really has all the hallmarks of an insider trade.” The FBI said it “declines to confirm or deny the existence of an investigation” into insider trading.",2026-01-06T19:07:51.000Z,376200,57700,30239,4537,5700000,175,"venezuelan, maduro, polymarket",CBS Mornings,3800000,True,US,polymarket desantis,"polymarket, prediction_market","description, hashtags, transcript",YES,"The night before the U.S. military captured Venezuelan dictator Nicolás Maduro and his wife, somebody, somewhere placed an extremely well-timed bet. An anonymous user on the prediction market site PolyMarket, where users can wager on nearly any topic, bet $32,000 that the Venezuelan president would be out of power by January 31st. The following morning at 4.21 a.m. Eastern, the president announced Maduro was in custody. And that user cashed out, making more than $400,000. These markets are the wildest of the Wild West. Lawyer Dennis Kelleher focuses on regulation of securities and financial markets. He's the president of Better Markets. What evidence is there that this was non-public information being used to make this bet? The facts are not known publicly yet. However, this particular trade really has all the hallmarks of an insider trade. PolyMarket and its competitors like Kelshi have recently exploded in popularity. Millions of users place bets on current events, pop culture, and now national security issues. If this was insider information, it means that somebody used the most highly classified confidential military secrets and information of the United States to place a bet, actually putting the entire operation potentially at risk. PolyMarket did not respond to our multiple requests for comment. Last year, before it gained regulatory approval in the U.S. and well before Maduro was captured, PolyMarket CEO Shane Copeland sat down with 60 Minutes. But predictive markets do rely on someone having some inside information. Yeah, I think that people going and having an edge to the market is a good thing. Obviously, you need to curate them and you need to be really clear and stringent on where the line is drawn and like sort of ethics. And we spend a lot of time on that. In the meantime, users can already bet on the next U.S. military operation. PolyMarket offers markets on another U.S. strike on Venezuela, meaning there's money to be made by the nose in the know. That's the only reason that this is a story and a real problem, because it happens to involve highly, highly classified information. So the big question is who placed this bet? And unless the better comes forward, experts are telling us because PolyMarket is an anonymous platform, you could deduce who it might have been. But there isn't a 100 percent foolproof way to prove who the account belongs to. Now, the Commodity Futures Trading Commission, the CFTC, that's the federal agency that regulates prediction markets, did not respond to our multiple requests for comment. And the FBI said it, quote, declines to confirm or deny the existence of any investigation into possible insider trading."
7608180964329557269,https://www.tiktok.com/@ali_hleewa/video/7608180964329557269,,2026-02-18T12:28:01.000Z,539,84,236,4,30600,131,,Ali Al Hleewa - علي الحليوة,44900,False,BH,polymarket desantis,polymarket,transcript,YES,"On the PolyMarket website for bribes, they have a lot of bribes Elections, attacks on a certain country, Epstein files, Trump and Biden, attacks on Iran, attacks on a certain country, on Venezuela Anything, Trump says a certain word, the president of a country will wear this thing in an interview Imagine now, they put a bet on predicting the federal result, and whether it will stabilize or decrease interest rates or increase They put a bet that if you put $1,000, you win $1,000 And I say 93%, which is nothing for sure, but 93% that it will be stabilized Because everything in the monetary policy tells you to stabilize, unless there is a shocking or something, for example, Cairo in the news may change Of course, this bet is that you put anything that you take from it, meaning a double Of course, in our religion, this is considered an adventure Anyway, what I want to say is that the stabilization of interest rates is coming, expected, but there is something that will happen today at 10 pm The statement of FOMC, which will show us the strongest behavior So they, I mean, they put this, let's say, estimate, it is still 50-50 Because you can't estimate the results of this news without going to the statement So you see all the papers give you 93%, 95%, 97% But in fact, this is not certain I just wanted to tell you that without looking at the documents, without looking at the files, without looking at the federal opinions And what is the estimate and analyze it, you will never know Even if you knew, you will have a high edge But in the end, these news that you see or go out in the market, it is very important to know what is inside it"
7570461920025709831,https://www.tiktok.com/@thecoinzone/video/7570461920025709831,GOVERNMENT SHUTDOWN ENDING SOON? POLYMARKET BETS ON NOV 20TH #cryptonews #cryptok #polymarket,2025-11-08T20:58:47.000Z,8,,1,0,428,36,"cryptonews, cryptok, polymarket",TheCoinZone,3405,False,US,polymarket ohio senate,polymarket,"description, hashtags, transcript",YES,"Knock, knock. Who's there? It's the federal government. Okay, maybe they're not knocking on your door, but they might be knocking soon on the door of the White House and federal buildings because the government shutdown might come to an end finally. As you guys probably know, hopefully, the federal government has been shut down for a couple weeks now. PolyMarket says that this shutdown will last until November 20th, so I guess we'll see what happens. But anyway, the government getting back to work and doing their jobs is super important for the crypto markets because we need market structure and we need bills to pass. We're also waiting on a ton of ETF approvals from the SEC as well. Let me know in the comments, chat. Is the government finally getting back to work or is this going to continue to go on?"
7616185849625070861,https://www.tiktok.com/@npr/video/7616185849625070861,"A federal judge in Ohio has ruled that prediction markets are evading the law, and that apps like Kalshi and Polymarket are no different than gambling. Kalshi argues it should not be regulated like a gambling operation because it’s technically a type of “futures contract,” not a gambling site. But billions of dollars are spent every week on Kalshi, where people bet on who will win the latest season of ""Survivor;"" whether Trump will say “midnight hammer,” and how many times sports announcers will say the word “foul.” Nearly $6 billion was traded in the past week on Kalshi and Polymarket — up nearly 2,000% from last year. In her ruling, Morrison wrote treating this as anything other than gambling is “absurd.” Kalshi says it plans to appeal. #NPR",2026-03-12T02:11:24.000Z,6282,266,293,149,122600,59,npr,npr,1700000,True,US,polymarket ohio senate,"kalshi, polymarket, prediction_market","description, transcript",YES,"A federal judge in Ohio has ruled that prediction markets are evading the law, and Pierre's Bobby Allen reports there are more than 20 federal lawsuits pending over the future of the betting craze. U.S. District Judge Sarah Morrison says apps like Kalshi and Polly Market are no different than gambling. Kalshi argued it should not be regulated like a gambling operation because it's technically a type of futures contract, not a gambling site. But billions of dollars are spent every week on Kalshi where people bet on who will win the latest season of Survivor, whether Trump will say Midnight Hammer, and how many times sports announcers will say the word foul. In her ruling, Morrison wrote, Treating this as anything other than gambling is absurd. Kalshi says it plans to appeal. Nearly $6 billion was traded in the past week on Kalshi and Polly Market, which is up nearly 2,000 percent from last year. Bobby Allen, NPR News. I'm Corva Coleman, NPR News. For more of today's news, be sure to like and follow us, or check out NPR News Now, wherever you listen to podcasts."
7583380272264138004,https://www.tiktok.com/@hamad_almajidi/video/7583380272264138004,أحد أشهر القصص على Polymarket لشخص فرنسي، لم يصدق الأخبار أن السباق الرئاسي سيكون مقارب. و أرسل فريق خاص لسؤال الناس في الولايات المتأرجحة لكن ليس ليسأل عن رأيهم بالفائز لأنه مقتنع أن الناس لا يقولون الحقيقة عن أنفسهم.. لكن ليسأل عن المرشح الذي يظنون أن جيرانهم سيصوتون لصالحه.. و هنا كانت المفاجأة أن الغالبية العظمى توقعوا أن يصوت الجيران لترامب بالتالي راهن على موقع Polymarket في منتصف 2024 على فوز ترامب بالرئاسة بحوالي 30$ مليون، و بعد فوز ترامب وصلت أرباحه إلى 80$ مليون ملاحظة: الموقع لا يعمل في الخليج، وهالتداول يعتبر غير جائز شرعا.. الغرض من الفيديو هو التثقيف لأن هذه المنصات يتم الاستدلال بها بشكل كبير خاصة في ما يخص الانتخابات الأمريكية و السياسة عموما ‏#Polymarket #دبي #الامارات⁩,2025-12-13T16:28:36.000Z,4423,880,2266,63,266400,67,"polymarket, دبي, الامارات",HamadAlMajidi,16800,False,ES,polymarket ohio senate,polymarket,"description, hashtags, transcript",YES,"In Washington, Mohamed Bin Salman spoke on the mic and said What he's talking about is a poly market, the biggest prediction site in the world that lets you bet on any sporting, political or global event with a yes or no system Will Trump win the elections? Will Riyadh win the round? Will the Ukrainian war end by the end of 2025? In every bet, there has to be someone else betting against you When you say yes, Riyadh will win by 40% someone else has to accept betting against you by 60% And each question has a different liquidity, depending on how people are interested in it A question about the presidential elections, for example has a liquidity of 3.5 billion dollars Of course, the possibilities change with the increase in donations If, for example, Riyadh is issued before the end of the round and you don't want to wait You can sell your bet after the possibilities have increased for your benefit The poly market today has become so huge that people resort to general guidance For example, the site predicts Trump's victory and its percentage of winning on the site increased by 95% before any state announces its results Which created a huge market today that circulates monthly in billions and continues to grow"
7580840601768250655,https://www.tiktok.com/@pvp_dot_trade/video/7580840601768250655,insane prediction markets trader makes $1m in a single day from insider trading ?? #futures #polymarket #kalshi #trading #fintok #tjr #investing ,2025-12-06T20:13:42.000Z,1069,84,470,23,42300,43,"futures, polymarket, kalshi, trading, fintok, tjr, investing",PVP.TRADE,65,False,US,polymarket ohio senate,"kalshi, polymarket, prediction_market","description, hashtags, transcript",YES,The craziest things just happened on Polymarket. One trader made a million dollars in a single day only from trading Google searches. Essentially this trader was predicting who would be the most searched person on Google this year. We have options like Bianconcins or Poplio and you can see their trades and then that profit over here. Here is where it gets a little weird. All the markets they're trading are Google markets. Google publishes the results early and 22 out of 23 predictions of theirs are correct which has led them to make a million dollars in a day. But this isn't the first lucky streak they have. They've also predicted the early release of Gemini and made 150k from it and Gemini is made by Google. So this is where sources and people from the internet say that it is definitely a Google insider because why do you know all this information and why is your hit rate so high?
7567411800707255582,https://www.tiktok.com/@wakeupwithlinda/video/7567411800707255582,"A socialist may be the next mayor of New York City 🚨 Polymarket predicts that Mamdani will be the next mayor of New York City.  If you’re in New York, what’s the mood like? Is there any hope for Cuomo??? Let me know in the comments #cuomo #mamdani #nyc #bigapple ",2025-10-31T15:43:01.000Z,166,23,11,38,2438,72,"cuomo, mamdani, nyc, bigapple",Wakeupwithlinda,3996,False,US,polymarket midterms,polymarket,"description, transcript",YES,"This is what it looks like when you walk inside of a government-owned supermarket in La Habana, Cuba. I know that because I've been there myself and seen that it's not a medicarean propaganda and they're actually starving the people. This is exactly what Mondami wants for New York City as he has already pitched the idea of having government-funded supermarkets. And I don't mean to alarm anybody, but the reality is that Mondami is favored to win the New York election next Tuesday. He has an 88% chance according to Polymarket. Yesterday there was a slight dip in the market with Andrew Cuomo surging, but it's nowhere near the chances that Mondami has. Unlike traditional polling, which in my opinion is not accurate at all, Polymarket is a decentralized prediction platform where people are actually putting their money where their mouth is and betting in real-world events. I can't believe that in 2025 we're actually supporting Andrew Cuomo because the odds are that a socialist is going to be the mayor of New York. So early voting already started. Please go out to vote for Andrew Cuomo and try to save New York City."
7436953271719169310,https://www.tiktok.com/@friendly.floridian/video/7436953271719169310,11/13/24 #fyp #polymarket #election #president #weird ,2024-11-14T02:17:04.000Z,155,17,15,15,3053,54,"fyp, polymarket, election, president, weird",FriendlyFloridian 🌴🇳🇴🇺🇸,30200,False,US,polymarket midterms,polymarket,"description, hashtags",YES,"Okay, so we're going to talk about this Polly Market thing, right? The FBI raided the CEO's home in New York early this morning because supposedly they were allowing U.S. citizens to bet on the presidential election. Polly Market is a betting site where you can bet on all sorts of random shit, but you can't bet on the American election if you're a U.S. citizen for obvious reasons, but they're accused of allowing citizens to bet on it anyway. They're also accused of wash trading, which is like some kind of market manipulation, but also someone, a user by the name of Theo out of France, opened like 11 different accounts leading up to the election and kept placing bets and won like $85 million. And I'm not spinning conspiracy theories. This is stuff that all happened. I'm just saying something feels off and it's a little fishy."
7618254830221462814,https://www.tiktok.com/@repcasar/video/7618254830221462814,"A single secret account made $500,000 off of betting precisely right when Trump would go to war with Iran. We have a corruption crisis in America, and new prediction markets are making it worse.  Today, @ChrisMurphyCT and I introduced a bill to crack down on this corruption.",2026-03-17T15:59:49.000Z,351,19,41,23,2032,144,,Congressman Greg Casar,163900,True,US,polymarket midterms,"betting_market, polymarket, prediction_market","description, transcript",YES,"This bill is about cracking down on one of the most dangerous new venues for government corruption, and that's in prediction markets. On the day before the Iran war, 150 accounts placed highly unusual bets on polymarket that the war would start the next day. 109 of those accounts made over $10,000 betting on the war. 16 made over $100,000, and one person made nearly half a million dollars. Half a million dollars from betting on the start of a war that has cost billions of taxpayer dollars, over a dozen lives of US service members, and countless more civilians. While working class kids were getting sent to fight and die in the Middle East, others were cashing in, and they either got very lucky, or they were privy to very secret inside information. I expect most Americans don't need a list of the reasons why this is wrong and dangerous, but let me give you just a few. We shouldn't live in a country where someone sitting in the situation room, making decisions about whether to invade or to bomb, decisions about war and peace, life and death, that those decisions could be driven by the fact that they have hundreds of thousands of dollars riding on the decision. We shouldn't live in a country where government officials or well-connected people can make money off of secret information that is supposed to be used in the public interest. And we shouldn't live in a country where a foreign power can guess what Donald Trump is going to do next by going to a betting market. While we don't know the names of the people who, with insider information, correctly bet on the Iran war, we do know that, like with basically every other corruption story in Washington, DC, that the Trump family is getting a cut. Donald Trump Jr. is an investor in PolyMarket, a paid advisor to Kelshi, and he's starting to work on TruthPredict, the Trump's very own corruption machine in prediction markets. Needless to say, I don't think this administration is going to be cracking down on this form of corruption anytime soon, since they're cashing in on it. For more UN videos visit www.un.org"
7584696051219696914,https://www.tiktok.com/@bangkokbiznews/video/7584696051219696914,‘ค็อปแลน’ หนุ่ม 27 ปี ขึ้นเป็น ‘เศรษฐีพันล้าน’ ด้วยการทำนายอนาคต | กรุงเทพธุรกิจNEWS . เชย์น ค็อปแลน เจ้าของ Polymarket ชายที่มีชีวิตยิ่งกว่าหนัง เขาคยโดนกระทั่ง FBI บุกบ้าน แต่สุดท้าย เขาได้ไปนั่งโต๊ะเดียวกับ เจ้าของตลาดหุ้นนิวยอร์ก พร้อมได้เงินลงทุนกว่า 6 หมื่นล้านบาท . Announcer | Thananan Yoktham Editor | Parama Tangjarukij . #Polymarket #ค็อปแลน #เศรษฐีพันล้าน #กรุงเทพธุรกิจNEWS #กรุงเทพธุรกิจ #InsightForOpportunities #กรุงเทพธุรกิจWealth,2025-12-17T05:34:29.000Z,3672,378,607,43,76400,271,,กรุงเทพธุรกิจ,745100,True,TH,polymarket midterms,polymarket,"description, transcript",YES,"A 27-year-old man who became a billionaire by doing business. Shane Copeland is not a fortune teller, but he owns a platform called Polymarket. A man who has more life than his photos, even though he was once raped by the FBI. But in the end, he sits at the same table as the owner of New York Stock Exchange with more than 60,000,000 USD in investment. So, what is Polymarket? It's a platform that allows people to invest their money to predict what will happen in the future. It's not just about stocks or crypto, but it also includes daily life events, from election, sports, to global warming. So, if you guess it right, you'll get money. But if you guess it wrong, you'll lose money. It's not a normal mode, but it uses money as a indicator of credibility. So, what's good about it? The best thing about Polymarket is that it's very accurate. It uses the principle of Wisdom of the Cloud, which is a theory that believes that a large number of people are smarter and more accurate than a few experts in making decisions, predicting, or solving problems by using the knowledge and opinions of a large number of people. For example, the election of the president of the United States in 2024 Most analysts think that the winner will be Kamala Harris. But most people on Polymarket say that Trump will be the winner that time. And that time, Trump will be the winner of the election. This is like a mirror that reflects the perspective of the public. And sometimes, it's more accurate than the experts. But it's not a coincidence that Shane Copland has a million followers. Because Copland has been interested in the market since he was a kid. When he was 14, he sent an email to the executive board of the United States or SEC to ask how to create a new online market. When he was 16, he wanted to work at Tech. But at that time, no one answered him. So, he chose to go to that company by himself. That's a pretext that he will be fired or everyone will remember him. The point is that everyone can remember him. And he got an internship at that tech company. And he got a letter from the executive board to the university that said if he chooses to be a tech founder, his name will appear on the front page again. Copland dropped out of school in 2017. And he failed in the crypto project. In 2020, during the COVID-19 pandemic, the world was full of fake news. He saw this problem and created a poly market. Instead of arguing about what will happen, he asked for money to be deposited and released to the public to tell the truth. But his path was not smooth. Because in 2022, he was ordered by the executive board of the United States to pay 44 million baht. Because he thought that this was an online casino in the technology field, not a data system. At that peak, in 2024, he was searched by the FBI and was heavily attacked by the media. But Copland chose to take the risk instead of giving up. And the result of not giving up caused the government in the past 2025 to order a fair investigation. Unfortunately, Jeff Sprecher, CEO of Intercontinental Exchange, the parent company of the NYSE stock market, invited Copland to a dinner. The NYSE decided to invest in the poly market up to 6,400 million baht. From a young boy who was attacked by the FBI to become the most influential billionaire in Wall Street. Do you think the future of the stock market such as the poly market will be able to replace the old poll? Have you ever invested in the poly market? Please leave a comment. And if anyone has seen this clip, don't forget to follow the Bangkok Business page to support New and the team. You"
7599640235655302408,https://www.tiktok.com/@thedailyfeed6/video/7599640235655302408,POLYMARKET WHITEBOARD on NYC asking to predict next president? #nyc #polymarket #fypシ ,2026-01-26T12:05:32.000Z,10,201,0,0,1871,16,"nyc, polymarket, fypシ",TheDailyFeed,468,False,JP,polymarket midterms,polymarket,"description, hashtags",YES,
7569803255912369463,https://www.tiktok.com/@informedwithanthony/video/7569803255912369463,"Just IN 🚨: Democrats chances of taking back the house in the midterms has skyrocketed to 70% odds, according to @polymarket . It’s also projected shutdown will go past mid-November. Why do you think that is? What can Republicans do to get back on track, especially with young voters who voted Democrat in this weeks elections? #polymarket ",2025-11-07T02:23:19.000Z,877,41,68,89,32500,144,polymarket,Anthony Cabassa,42700,False,US,polymarket midterms,polymarket,"description, hashtags, transcript",YES,"All right, ladies and gentlemen, it's looking like Republicans are in major trouble ahead of the 2026 midterm elections. This is poly market breaking. The odds of Democrats winning the house in the midterms have just soared past 70%. I know what you're thinking. Polls are just polls, but the poly market, it is not just any poll. It is a market where people put their money where their mouth is. If I remember correctly, if a poll reaches over 90%, it's almost basically guaranteed. Poly market was able to rightfully predict Mamdani would win New York City mayor, and now it's looking like Democrats will be winning house in midterm, soaring past a 70% margin. Now I know it's too early to tell. We've got a whole year. There's a lot Republicans can do to kind of salvage this. But why is it? Why do you guys think that it's looking like the Republicans are going to lose or are on track to lose by 2026? And that's not the only projection here. Poly market, everyone wants to know about the government shutdown. It's looking like the most probable thing that's going to happen is it's going to go past mid-November. It's not looking like it's going to end anytime soon according to this projection market. It's interesting, but I want to hear from you guys. Why do you guys think this is? Why is it that places like poly market, people are turning to it and saying, this is what I actually believe, and I'm willing to put money on it. You've got political analysts. It's basically polls are long gone. People are looking, I use it. I'm using it now as a way to really project the market here, the outcome, and it's not just politics, it's sports, it's almost anything. There's like a market for, will this happen before Grand Theft Auto 6 is happening? But anyways, I digress. Why do you guys think, or what can Republicans do before next year's midterm elections to win back these young voters, which many of them voted Democrat in the special elections just this week? I want to hear from you guys. Let me know in the comments down below what you guys think. I want to hear from you, and as always, hit that follow button for more breaking news."
7616974852200598814,https://www.tiktok.com/@investmenttakes/video/7616974852200598814,Will Democrats retake the Senate?,2026-03-14T05:13:05.000Z,248,6,11,14,10400,60,,Sumit Roy,82900,False,US,polymarket midterms,prediction_market,transcript,YES,"Wow, so prediction markets are saying that there's now a 51% chance that Democrats retake the Senate in this year's midterm elections. That's kind of wild when you consider what has to happen for that to be true. Obviously, Republicans currently control the Senate. So for Democrats to take it back, they basically have to do two things. First, they have to defend every single one of their own seats. That includes seats in states like Georgia and Michigan, which are usually considered TASA battleground states. Then on top of that, they need to flip four Republican seats. The most realistic targets that people have talked about are North Carolina and Maine. Up until recently, everything else was kind of out of reach. But now the prediction markets are saying that Ohio and even Alaska might be achievable. Even Texas looks like it might be in play, according to prediction markets. So based on these numbers, either traders think the political environment is going to get really, really ugly for Republicans, or prediction markets are getting way ahead of themselves. What do you all think?"
7576794715899645191,https://www.tiktok.com/@thecoinzone/video/7576794715899645191,"Rate cut odds just hit 75 percent for December on  @kalshi That is not a small number.   If Powell actually follows through, we might be looking at a full-on Santa rally in crypto. Are you positioned for it? #fyp #cryptok #cryptonews #kalshi",2025-11-25T22:33:18.000Z,4,,0,0,170,29,"fyp, cryptok, cryptonews, kalshi",TheCoinZone,3405,False,US,kalshi odds,kalshi,"description, hashtags",YES,"75%. That's the current odds that we are getting another rate cut in December. Now, according to Calshi, that is a 50% spike from last week alone. As we know, TooLatePal just dropped the rates in October, and many are expecting him to do so again in December. With the current market conditions, I do think it makes sense for JeromePal to make that 25 basis point cut again. If he does, that would be super bullish for crypto. So stay tuned, guys. Follow us here at the Coin Zone, because Santa could come early and around the December-Christmas time frame, and crypto could jump if we get rate cuts."
7519614725710253326,https://www.tiktok.com/@toniloolie/video/7519614725710253326,I had no idea this website existed but I kind of love it?? #zohranmamdani #nycdemocraticprimary #nyc #newyork #democrat #progressive #dontrankcuomo #kalshi ,2025-06-24T20:26:15.000Z,638,11,15,27,12000,43,"zohranmamdani, nycdemocraticprimary, nyc, newyork, democrat, progressive, dontrankcuomo, kalshi",toniloolie,24700,False,US,kalshi odds,kalshi,"description, hashtags",YES,i've been following the new york city mayoral democratic primary for the last couple of weeks and zoran didn't really look like he had a chance until recently and his numbers have been soaring right now he looks like he's head to head with andrew cuomo and he might actually win he actually just pulled ahead and you can see all of this on this website called calshi exchange and i think they have some kind of billboard in manhattan and i've been seeing a lot of tiktoks about it but if you just go on the website you can see everything right here and you look 52 for zoran and look how big that gap was and he closed it he closed it and now he's edging out andrew cuomo did anybody else know about this you can actually bet on this website too so i don't know
7585139108272524564,https://www.tiktok.com/@swiftlyboutique/video/7585139108272524564,public events are measurable with kalshi #Kalshi #PredictionMarkets #MarketOdds #FinTok,2025-12-18T10:13:48.000Z,0,,0,0,96,46,"kalshi, predictionmarkets, marketodds, fintok",Ssynaaa,1731,False,PH,kalshi odds,kalshi,"description, hashtags",YES,"What did Barron do? Nah, I need the comb. So that's 19% but it's going down since the documentary. Oof. Wow. God damn. So that's another thing. If a doc makes him so radioactive, he can't get a pardon because it looks so bad on the person that's in power. Yeah. Ooh. And he's only got one crazy pardon to go. You know what I mean? It's either Diddy or Ghislaine. Yeah. You gotta go Ghislaine on that one. You really think he only has one pardon to go? I mean, in terms of crazy PR. Where's the political capital in giving a Diddy pardon? I think that should be zero, guys. He's been pardoning motherfuckers you don't even know who they are. The Asian dude, the crypto guy, he's like, I don't know who that is. Oh, the Binance dude? Yeah. Yeah. Like, that's crazy. That's a little wild. You can't pardon someone you don't know who they are. Yeah."
7529645525193198862,https://www.tiktok.com/@whatsnextpolitics/video/7529645525193198862,Way too early 2028 Dem Presidential Primary Odds We will keep you updated as the Kalshi market evolves #kalshi #politics #democrats ,2025-07-21T21:10:47.000Z,929,11,64,73,36900,64,"kalshi, politics, democrats",What’s Next,74,False,US,kalshi odds,"kalshi, prediction_market","description, hashtags, transcript",YES,"Who will the Democrats nominate for president in 2028? It's never too early to take a look. Here are the six candidates most likely to win based on Cauchy's prediction market. In sixth place, we have John Ossoff, senator from Georgia, age 38, currently serving his first term in the Senate, and he has a 6% chance. In fifth place, we have Wes Moore, the current governor of Maryland and former army captain, also pulling at a 6% chance. In fourth place, we have Josh Shapiro, the current governor of Pennsylvania, who was won by double digits in 2022. He's also at a 6% chance. In third place, we have Pete Buttigieg, past secretary of transportation and former mayor of South Bend, Indiana. He has a 10% chance. Second place, we have AOC, Alexandria Ocasio-Cortez, current congresswoman in New York, who's raised the most money of any member of Congress this year, and is at a 13% chance. And at first place, number one, is the current governor of California, Gavin Newsom, who is currently pulling at an 18% chance."
7564276615333629206,https://www.tiktok.com/@missmaddiexo/video/7564276615333629206,a donald (criminal) pardoning a diddy (criminal)? crazier things have happened 🫢 @Polymarket ,2025-10-23T04:56:48.000Z,33,1,1,0,950,9,,Maddie,2493,False,US,polymarket biden,polymarket,description,YES,🎶 Music Outro 🎶
7432067728707521822,https://www.tiktok.com/@upcloseinsights_/video/7432067728707521822,Are we stupid?? #polymarket #2024election ,2024-10-31T22:18:43.000Z,3,,0,8,289,20,"polymarket, 2024election",upcloseinsights_,25,False,US,polymarket biden,polymarket,"description, hashtags",YES,"Did you see that Biden called a bunch of Americans stupid? I for sure thought this would have more of an impact on the election prediction numbers, but it still looks like Trump is at 61.7%, which hasn't shifted too much, whereas Harris is at 38.3%, and it's been rising. So I'm really curious to see how this plays out."
7449536078786071851,https://www.tiktok.com/@political.popcorn/video/7449536078786071851,#biden #polymarket ,2024-12-18T00:04:45.000Z,17,,0,4,803,11,"biden, polymarket",Political Popcorn,27,False,US,polymarket biden,polymarket,"description, hashtags, transcript",YES,"People in polymarket are betting if Biden will finish his term. With a 95% chance yes, I don't see why not. And he doesn't have that much time left in office. Is there any reason he wouldn't finish his term? Can someone fill me in here?"
7509149713229221151,https://www.tiktok.com/@bettok_/video/7509149713229221151,Biden got @Polymarket worried with his prostate cancer.  #joebiden #presidentbiden #fyp #foryoupage #relateable #cancer #politicstiktok #polymarket #crypto ,2025-05-27T15:36:25.000Z,48,2,0,6,1042,27,"joebiden, presidentbiden, fyp, foryoupage, relateable, cancer, politicstiktok, polymarket, crypto",BetTok,6,False,US,polymarket biden,polymarket,"description, hashtags",YES,"A cancer scare for former President Joe Biden, the 46th president, was diagnosed Friday with prostate cancer that's metastasized to his bones, according to a statement from the former president's office. The statement says, quote, while this represents a more aggressive form of the disease, the cancer appears to be hormone sensitive, which allows for effective management, end quote. The 82 year old Biden and his family are reviewing treatment options with doctors. The statement concludes."
7615754286860963095,https://www.tiktok.com/@ben.bida19/video/7615754286860963095,The odds of a full Democratic sweep on Polymarket have skyrocketed to 44%!,2026-03-10T22:16:20.000Z,4,,0,0,81,,,Ben bida,1211,False,GB,polymarket biden,polymarket,description,YES,♪♪ ♪♪ ♪♪ ♪♪ ♪♪ ♪♪ ♪♪ ♪♪ ♪♪
7618274683372293406,https://www.tiktok.com/@markus.markets/video/7618274683372293406,Are we surprised?!? #polymarket #polymarkettrading #polymarketrader #insidertrading ,2026-03-17T17:16:52.000Z,6936,59,469,46,134000,6,"polymarket, polymarkettrading, polymarketrader, insidertrading",Markus.markets,6225,False,US,polymarket biden,polymarket,"description, hashtags",YES,You
7437173059305606446,https://www.tiktok.com/@ryan_shead/video/7437173059305606446,This polymarket guy is in spme trouble. #fyp #greenscreen #america #news #ryanarmy ,2024-11-14T16:29:58.000Z,565,13,22,21,2828,100,"fyp, greenscreen, america, news, ryanarmy",RyanShead,119400,False,US,polymarket biden,polymarket,description,YES,"So, if you were on social media for the last few months, then you probably saw posts about Polly Market and people betting on the presidential election. And if so, then you probably know who Shane Copland is. Oh, his home was raided by the FBI yesterday. So he wasn't arrested, but they did raid his home and take all of his electronics. It turns out that Polly Market isn't supposed to be doing any betting in the United States, and they think that they were. And it also turns out that Polly Market is being investigated in France because they don't think that it's abiding by their laws as well. The most interesting part for me is that one of the biggest pushers of Polly Market was Elon Musk. Here, they're all talking about Biden dropping out of the race, talking about Pennsylvania and Michigan. Elon Musk said, cool. And then when Polly Market posted this, Elon Musk said it was inevitable. If he means inevitable by it was purchased, so of course they won, then yeah, inevitable. When you're handing out million dollar checks every day for support, and you're handing out $100 for signatures on petitions, yeah, no wonder you won. I mean, I can't be the only one that found it interesting that Donald Trump got really quiet about election fraud when he started winning. But prior to that, he was already setting up election fraud claims for Georgia and Pennsylvania so that if he lost, they had something to go off of. So, you know. Now, even though I don't feel comfortable pushing election fraud claims on my platform yet, this definitely does raise a few eyebrows. But let's see where it goes. If the current DOJ is any indication, it'll be nowhere."
7436953443568323882,https://www.tiktok.com/@mardoclips/video/7436953443568323882,Polymarket Ceo Raided by the FBI!! #DidYouKnow #TiktokHumanitiesCampaign ,2024-11-14T02:17:42.000Z,87,9,7,4,3145,80,"didyouknow, tiktokhumanitiescampaign",DO,21800,False,CA,polymarket biden,polymarket,description,YES,"The FBI just raided this man's home for predicting the outcome of the election correctly. So this 26-year-old entrepreneur founded this betting company called ParliMarket. If you don't know what ParliMarket is, it's a platform where users can bet on elections, wars, sports, etc. Elections betting was legalized in the U.S. recently, but ParliMarket had to restrict access to Americans since 2022 because the CFTC accused them of fraud. Now, despite access being restricted to Americans, users on the platform were able to predict correctly that Donald Trump would win when majority of the mainstream media had it wrong. They even predicted correctly that Joe Biden would drop out of the race. Now, the people are spending and making insane amounts of money on ParliMarket. One guy, whom they are now calling the Trump whale, profited over $85 million on the Trump win. And guess what? He's not even American. He's French. Now, some people are associating this with Peter Thiel, who is one of the largest investors in ParliMarket and who is also a big Trump and J.D. Vance supporter. Other people are saying that this is retaliation of the Biden administration against ParliMarket only because they were right when everyone else was wrong. That's bullshit. What do you think?"
7452199889120857387,https://www.tiktok.com/@political.popcorn/video/7452199889120857387,#biden #trump #polymarket,2024-12-25T04:21:40.000Z,10,,0,4,346,14,"biden, trump, polymarket",Political Popcorn,27,False,US,polymarket biden,polymarket,"description, hashtags",YES,Polly market is kind of wild for this. People are betting on who Biden will pardon. 5% say Trump. Who is betting their money on this? Someone please explain this to me in the comments. Why would he pardon Trump?
7450922233045814571,https://www.tiktok.com/@political.popcorn/video/7450922233045814571,#polymarket ,2024-12-21T17:43:44.000Z,64,,7,8,5632,15,polymarket,Political Popcorn,27,False,US,polymarket biden,polymarket,"description, hashtags, transcript",YES,"It's a tough day if you made this bet. Polymarket says there's a 99% chance that the U.S. government will shut down. After two failed attempts this week, Senate finally passed a stopgap funding bill. By a Christmas miracle, the government is not shutting down. What do you think about this?"
7437680735051369770,https://www.tiktok.com/@thehomelessnurse/video/7437680735051369770,"The Federal Bureau of Investigation seized the phone of the founder and chief executive of Polymarket, the  crypto-based prediction market that was a popular platform for bets on the U.S. presidential election, a person familiar with the matter said. #biden #fbi #news #trending #elite #abuseofpower",2024-11-16T01:19:58.000Z,86,4,14,11,6446,,"biden, fbi, news, trending, elite, abuseofpower",The Homeless Nurse,3153,False,US,polymarket biden,"polymarket, prediction_market",description,YES,You
7451467855662452014,https://www.tiktok.com/@trending_with_ty/video/7451467855662452014,Is the US gov going to be shut down?!? #us #shutdown #polymarket ,2024-12-23T05:01:01.000Z,15,1,4,7,1549,37,"us, shutdown, polymarket",trending_with_ty,2727,False,US,polymarket biden,polymarket,"description, hashtags, transcript",YES,"Okay, so I was scrolling around and finding the things that the most people are betting on on poly market And this is one of them almost 25 billion dollars is going into will the US government be shut down Apparently there's a 99% Chance. Okay, that's that's this close to being a hundred. Okay, so this got me thinking very interesting So I scrolled down and I was like, okay. What is this? What does this mean? Okay, what? Walk me through this poly market. So apparently it goes through outcome proposed Disputed outcome proposed disputed and a final review you have I believe at this point now Less than a day left to go put money on this. So check it out. Go see it now"
7451337778144546091,https://www.tiktok.com/@upcloseinsights_/video/7451337778144546091,Hot take? #polymarket #abortionban,2024-12-22T20:36:15.000Z,1,,0,4,520,16,"polymarket, abortionban",upcloseinsights_,25,False,US,polymarket biden,polymarket,"description, hashtags",YES,"As much as I hate abortion and think there should be a national ban, do we think that Trump is going to implement that? There's only a 9% chance based on this market. Bets are saying this likely won't happen. Honestly, I think the same. The top holder here has made $237 profit off of this market."
7453235485129854251,https://www.tiktok.com/@upcloseinsights_/video/7453235485129854251,MAGA #maga #trump #polymarket,2024-12-27T23:20:19.000Z,6,,0,18,1009,12,"maga, trump, polymarket",upcloseinsights_,25,False,US,polymarket biden,polymarket,"description, hashtags",YES,"This isn't a ceremony, it's a victory parade for the real America. Who do you think will be there though? Based on this market, Joe Biden and Elon Musk are the top two predictions. Regardless, I can't wait to see America be made great again."
7394456182489877791,https://www.tiktok.com/@lucyindaskywd/video/7394456182489877791,"📉 Current betting odds on Polymarket show a 59% chance that President Biden will finish his term, down by 35%. What do you think? 🗣️ #Politics #Biden #BettingOdds #Polymarket #Trending  #joebiden #election #election2024 #potus #politik #kamala #election ",2024-07-22T13:46:57.000Z,4,,0,0,300,,"politics, biden, bettingodds, polymarket, trending, joebiden, election, election2024, potus, politik, kamala, election",LucyIndaskyWD,310,False,US,polymarket biden,"betting_odds, polymarket","description, hashtags",YES,My Outro For My 20th Birthday Thank you for watching my video!
7455415822803258670,https://www.tiktok.com/@andres.mth7/video/7455415822803258670,#trump #maga #biden #politicstiktok ,2025-01-02T20:21:16.000Z,34,1,0,5,704,25,"trump, maga, biden, politicstiktok",Andres Mth,60,False,US,polymarket biden,prediction_market,transcript,YES,BREAKING NEWS FROM THE WORLD'S LARGEST PREDICTION MARKET US RECESSION BEFORE MAY 2025. MOST PEOPLE ARE BETTING THAT IT'S NOT GOING TO HAPPEN BUT THOSE PEOPLE ARE FOR SURE DONALD TRUMP SUPPORTERS. THE REAL ANSWER IS YES IT'S DEFINITELY GOING TO HAPPEN TRUMP IS GOING TO BRING THIS COUNTRY BURNING TO THE GROUND. MAKE SURE TO FOLLOW TO STAY UP TO DATE WITH THE WORLD'S LARGEST PREDICTION MARKET AND FOR DAILY BETS.
7595288800671075607,https://www.tiktok.com/@aupatraders/video/7595288800671075607,Abonne toi 😁 @aupatraders Polymarket est super utile pour trader les marchés ! #trading #business #reels #argent #motivation #mindset #entrepreneur #argentenligne #money #ecommerce,2026-01-14T18:39:45.000Z,1057,220,663,12,35000,30,"trading, business, reels, argent, motivation, mindset, entrepreneur, argentenligne, money, ecommerce",Aupa Traders,69300,False,FR,polymarket biden,polymarket,"description, transcript",YES,"For traders, I'd say it's essential. Here we're on Polymarket, it's a site where you'll see all the probabilities of things happening in the world. Like, the probability that Donald Trump will get killed in 2026, well, that probability exists in Polymarket. And so, when you're a trader, your goal is to try to predict things, and in fact, you have stats of absolutely everything. So it's really super interesting. Like, if you click, for example, on Trump here, or if you put, like, the Federal Reserve in the searches, you can see, for example, you have all the rates for January, for March, will the Fed go down, will it keep its rates? And I used it recently, and it just became the basis of my trading in 2025. So 2026, it's really going to be a big site to look at for traders."
7609755702982233366,https://www.tiktok.com/@roroelguapo/video/7609755702982233366,Les marchés de prédictions seront la norme d’ici quelques années. Apprenez à comprendre comment ils fonctionnent et comment en tirer profit. #futarchie #polymarket #politique #france ,2026-02-22T18:18:43.000Z,5251,376,1247,39,91000,120,"futarchie, polymarket, politique, france",roroelguapo,405200,False,FR,polymarket vance,"polymarket, prediction_market","description, hashtags, transcript",YES,"Polly Marquette was banned in France after a Frenchman won 85 million dollars by betting on Trump's victory in the presidential elections. And this guy understood something that no one had understood yet, it's that the polls in the media were right in 70% of the time, they were giving a super tight fight, 50-50, between Trump and Kamala Harris, while the prediction markets, themselves, were right in 95% of the time, and were giving Trump a wide advantage. But then, why is there such a gap? Well, it's very simple, from the moment you put your nose in it, well, you tell less bullshit right away. And so, there's an economist named Robin Henson who asked himself a crazy question, he said to himself, well, wouldn't we integrate the prediction markets to govern a country? Since they're always right. This principle is called the Futarchy, and you'll probably hear about it in 5-10 years. The Futarchy's principle is simple, citizens must vote for big political decisions. Let's say, increase purchasing power or reduce public debt. If people vote to increase purchasing power, the government, at that moment, will propose a law. So, let's say, increase the SMIC to 2,000 euros. At that moment, you have a prediction market that opens, with a very simple question, will the median purchasing power of a Frenchman increase in 3 years if the SMIC goes to 2,000 euros? People will vote for yes or for no. If there's more yes, the law will pass, if not, it will be rejected. And now, you're probably thinking that it's never going to work, because people will vote for their own interests, but if you have a SMICer who votes yes just because he thinks he'll be richer with a SMIC at 2,000 euros, but the reality is that all the bosses will fire you, that there will be more unemployment, that tasks will be automated, and that, in the end, purchasing power won't increase, well, people who will have voted yes will just lose money. With time, they'll just learn one thing, it's that in the prediction markets, we don't vote for what we want, but for what will work. And that's why, with the Futarchy, we can't manipulate political decisions anymore. And if you tell yourself that you'll never do anything against a billionaire who absolutely has to pass a law even if it's crap, well, he'll just have to put millions of euros on it. If it's totally stupid, well, everyone will vote for the opposite. And in the end, this billionaire, by putting a lot of money on a totally stupid event, he'll just increase the cost of a super probable event. So in the end, if it doesn't work, because it's logical, people will just take their money. So it makes all political decisions extremely difficult to manipulate. So the question to ask ourselves today is, would the prediction markets, and therefore collective intelligence, make better political decisions than our politicians?"
7528869968469855510,https://www.tiktok.com/@magatrux1/video/7528869968469855510,"🚨 BREAKING: According to Polymarket, Vice President J.D. Vance is currently seen as the leading contender for the 2028 U.S. presidential race. Would you support his candidacy?  #BreakingNews #jdvance ",2025-07-19T19:00:44.000Z,178,4,7,75,5815,9,"breakingnews, jdvance",Maga TruX,1067,False,US,polymarket vance,polymarket,description,YES,
7578686112223284494,https://www.tiktok.com/@60minutes/video/7578686112223284494,"One of Polymarket’s biggest bettors, Domer, wagered on who would be Donald Trump’s running mate. He started betting on J.D. Vance five months before he was selected, when Polymarket gave Vance only a 2% chance. He tells 60 Minutes his strategy. “Buried in one of the articles for why he picked Mike Pence is that Mike Pence had a one-syllable name, and Trump has a one-syllable name, and Trump is very into marketing. And so I was looking at the names, and I was like, ‘Who is one syllable?’ And not only is Vance one syllable, he's only two letters off of Pence,” explains Domer. He won $250,000 when Vance was selected.  #predictionmarket #polymarket #forecasting #jdvance #vicepresident ",2025-12-01T00:53:12.000Z,84100,5626,3553,363,1700000,33,"predictionmarket, polymarket, forecasting, jdvance, vicepresident",60 Minutes,3200000,True,US,polymarket vance,polymarket,"description, hashtags",YES,"What did you see that made you think, oh, he might pick J.D. Vance? So that goes back to 2016, when he picked Mike Pence. And buried in one of the articles for why he picked Mike Pence is that Mike Pence had a one-syllable name. And Trump has a one-syllable name. And Trump is very into marketing. And so I was looking at the names, and I was like, who's one-syllable? And not only is Vance one-syllable, he's only two letters off of Pence. So you bet $4,000, and you ended up winning $250,000? Yes. Yeah. It's a smart play. It is. Good bet. Yeah."
7558973747076599070,https://www.tiktok.com/@cyber_warrior76/video/7558973747076599070,"JD Vance leads the 2028 U.S. Presidential betting markets at 28%, followed by Gavin Newsom at 23%. AOC, The Rock, Marco Rubio, and Andy Beshear trail far behind. Data reflects prediction market sentiment, not polls — but momentum is clear: the map’s changing fast. #polymarket ",2025-10-08T21:58:54.000Z,37,1,1,9,8896,43,polymarket,Cyber News Network,66500,False,US,polymarket vance,"betting_market, polymarket, prediction_market","description, hashtags, transcript",YES,"So, the 2028 race just got real. J.D. Vance is leading the prediction markets on poly market at 28%, overtaking every major name in the game. Gavin Newsom right behind 23%, climbing fast after a recent surge in media coverage. AOC sits at 7%, while Dwayne, the Rock Johnson, has muscled his way up into 5%, up one point. The rest, Rubio at four, Beshear at three, barely moving the needle. But here's the catch, look at the gold line. J.D. Vance has been trending up all month, while the blue and orange trails show the opposition stalling. 2028 isn't going to be politics as usual. This looks like the beginning of a major power shift. So, again, this is all prediction markets here, out of the poly market, just something interesting to show. Love to get everybody's thoughts on this."
7542563134054092063,https://www.tiktok.com/@nowtalkaboutit/video/7542563134054092063,JD Vance will become President in 2028 #jdvance #fyp #Polymarket #greenscreen ,2025-08-25T16:37:35.000Z,8,1,0,1,432,57,"jdvance, fyp, polymarket, greenscreen",nowtalkaboutit,241,False,US,polymarket vance,polymarket,"description, hashtags",YES,"It seems like we already know who will be our president in 2028 according to poli markets with 50% chance of being a president is Alexander Cortez with 20% chance of being the president on 2028 we have Gavin Newsom and the number one according to poli market our President will be the one and only JD Vance with 25% What's your opinion on this if you didn't know poli market pretty much is it's just you're betting pretty much People bet on what they think and what they're behind. So let me know in the comments What do you think and do you think JD Vance have a chance to be a president of? 2028 of the United States, let's say"
7543220153912265985,https://www.tiktok.com/@tcxcapital/video/7543220153912265985,Con trai cả ông Trump rót vốn và làm cố vấn cho Polymarket #tcxcapital #crypto #polymarket,2025-08-27T11:06:58.000Z,1031,36,108,3,113500,21,"tcxcapital, crypto, polymarket",TCX CAPITAL,3261,False,VN,polymarket vance,polymarket,"description, hashtags, transcript",YES,"His son-in-law, Tram Vuoc, has made crypto and finance move when he poured tens of millions of dollars into Polymarket and sat down to advise. This is a platform that was once banned in the US, is now suddenly legal again, backed by both money and politics. This return not only pushed Polymarket against Coinbase, Robinhood, but also turned Predicton Market into a new battlefield between finance, crypto and politics, just as the US election heat is boiling."
7528880021864221965,https://www.tiktok.com/@mytaketoday1/video/7528880021864221965,Polymarket has JD Vance as the favorite to be president in 2028... ,2025-07-19T19:40:17.000Z,32,1,1,29,958,207,,mytaketoday,402,False,US,polymarket vance,"betting_odds, polymarket","description, transcript",YES,"So, Polymarket came out with betting odds that JD Vance will win the presidency in 2028. I mean, what are we doing here, man? Why can't we just find someone who's just righteous, someone who's like, this goes for both sides too, damn it, and Republican, why can't we find someone who doesn't have a ton of baggage or is linked to some crazy ideology like JD Vance, man? This is totally insane. I don't understand, what the heck, bro. JD Vance is super dangerous, I don't know if you know, he's pretty much the lackey of Peter Thiel, and Peter Thiel is one of the most, how do I put this politically correct? Let's just say he's not the best person in the world, and that's a far stretch. Obviously, all the things with Palantir and spying on people, and a lot of people didn't like that. JD Vance is directly linked with that, and also, I mean, he just reeks of evilness, bro. I mean, come on, dude, let's look at this clip of him talking about how peace and safety is something of the Antichrist, and yeah, we shouldn't have peace and safety then? I don't know. What is his point? What is going on here? You're an investor in AI, you're deeply invested in Palantir, in military technology, in technologies of surveillance, in technologies of warfare, and so on, right? And it just seems to me that when you tell me a story about the Antichrist coming to power and using the fear of technological change to sort of impose order on the world, I feel like that Antichrist would maybe be using the tools that you were building, right? Wouldn't the Antichrist be like, great, we're not gonna have any more technological progress, but I really like what Palantir has done so far, right? Isn't that a concern? Wouldn't that be the irony of history, would be that the man publicly worrying about the Antichrist accidentally hastens his or her arrival? Look, there are all these different scenarios. I obviously don't think that that's what I'm doing. I mean, to be clear, I don't think that's what you're doing either. I'm just interested in how you get to a world willing to submit to permanent authoritarian rule. Will, but again, there are these different gradations of this we can describe, but is this so preposterous, what I've just told you, as a broad account of the stagnation, that the entire world has submitted for 50 years to peace and safetyism? This is 1 Thessalonians 5.3, the slogan of the Antichrist is peace and safety, and we've submitted... Not to mention that both of these dudes pretty much are techno-feudalists, and they learned all they had wanted to learn from Curtis Yarvin, this loser who felt like he was left out, so he just wanted to make a techno-feudal state. We can't afford any more degradation to this country, man. I don't know if you know what a techno-feudal state is, but basically corporations own cities, and you work for the corporation and not the government. It's a form of techno-libertarianism. It's ridiculous. It's disgusting. And you're basically under the yoke of some form of corporation, similar to when they had company towns back in the day. You get paid in their currency, and really you're not going to be able to leave. It's terrible, bro. Anyways, that's who we want as Americans to be the next President of the United States."
7603850941065989396,https://www.tiktok.com/@methods427/video/7603850941065989396,#Kalshi9061,2026-02-06T20:25:20.000Z,11,,0,0,531,74,kalshi9061,Methods,2,False,NZ,kalshi election,kalshi,"description, hashtags, transcript",YES,"Kalshi made $14.5 million from the 2024 presidential election. Essentially how Kalshi works is it lets you buy a $1 contract that executes if a binary event happens. And then they set the price of the $1 contract to make it so everyone who thinks one of the binary options will happen will account for the payment to everyone who thinks the other option will happen. Meaning that the cost to say yes or no to an option will always equal $1. And this is all to say that Kalshi doesn't make money when you lose a bet. All their money just goes to the people who bet on the other binary outcome to happen. Instead, Kalshi takes a two cent fee on every $1 contract and they also made $9.6 million from non-presidential election based contracts. Bring them to $24 million where they paid their 224 full-time employees $8 million collectively where most of their payments are obviously in stock options. They spent $6 million on servers, only $4 million on marketing, which is remarkable due to their grassroots free marketing strategy. Where with $2 million in legal costs, $2 million to their admin and overhead, they're left with $2 million left over. I hope this made sense and follow for more."
7617202921968618766,https://www.tiktok.com/@peacefulnight_01/video/7617202921968618766,Source: Kalshi #politics #election #fyp #photos #bluewave2026 ,2026-03-14T19:57:52.000Z,134,1,2,23,5081,,"politics, election, fyp, photos, bluewave2026",Peaceful Night,6,False,US,kalshi election,kalshi,description,YES,♪ ♪ ♪ ♪ ♪ ♪ ♪ ♪ ♪
7573754101075315999,https://www.tiktok.com/@cbssundaymorning/video/7573754101075315999,"The prediction market Kalshi, where people can place wagers on their interests, called the 2024 election well before TV networks did: ""It was crazy."" As prediction markets expand, they're coming under the scrutiny of some state regulators and attorneys general.",2025-11-17T17:54:25.000Z,1810,110,334,34,100300,34,,CBS Sunday Morning,832000,True,US,kalshi election,"kalshi, prediction_market",description,YES,"Tariq Mansoor and Luana Lopez Lara are former Wall Street traders turned co-founders of Kelshi. People can make money on what they know, actually monetize their knowledge, monetize their hobby because everyone's an expert on something. Kelshi made a name for itself in the 2024 election. Just over one week away from election day and the race is neck and neck. It looked close, unless you were keeping an eye on Kelshi, which called the race well before the TV networks did. It was like Kelshi, then Fox, then CNN. How did that feel? It was crazy."
7562615516456570143,https://www.tiktok.com/@podcasthighlight2/video/7562615516456570143,Kalshi CEO explains how Kalshi went MEGA VIRAL when the Election took place 😳 #kalshi #fyp ,2025-10-18T17:30:51.000Z,8,,2,0,765,26,"kalshi, fyp",Podcast Highlights,32400,False,US,kalshi election,kalshi,"description, hashtags",YES,"And if you structure that market and people get paid $1 if it does and $0 if not, then effectively the price at which it's trading, let's say that people are buying at $0.50, is actually the forecast, the probability, the chance that this event happens. And so we got really excited about this idea because one, if you could build that, it should in theory be one of, if not the largest financial market, because it's the broadest, it's capturing the largest universe of things."
7595993113143889182,https://www.tiktok.com/@cbsmornings/video/7595993113143889182,"Luana Lopes Lara is the youngest self-made female billionaire at age 29, according to Forbes Magazine. She co-founded Kalshi, the first federally-regulated exchange dedicated to trading on the outcome of future events, like when a musician might release a new album to which candidate will win an election. Lopes Lara told CBS Mornings why she’s passionate about “giving an opportunity for people to make money on what they know” and breaks down some of the safeguards she says are in place to try to prevent insider trading. #kalshi ",2026-01-16T16:13:12.000Z,9191,980,1098,232,280400,490,kalshi,CBS Mornings,3800000,True,US,kalshi election,"kalshi, prediction_market","description, hashtags, transcript",YES,"The youngest self-made female billionaire, according to Forbes magazine. At just 29 years old, Luana Lopez-Lara dethroned scale AI co-founder Lucy Guo, who had recently taken the title from Taylor Swift, and co-founded her startup, Kalshi, with MIT classmate Tarek Mansour in 2018. Kalshi is the first federally regulated exchange dedicated to trading on the outcome of future events. You can signify yes or no contracts on a range of topics, from, for example, who's going to win an election, to who will be a bridesmaid at Taylor Swift's wedding. You can also trade on which team will become Super Bowl champions, or who's going to be named Best New Artist at the Grammys. Kalshi has raised $1 billion in funding last year, valuing the company at $11 billion. Luana Lopez-Lara joins us now. Welcome. Thank you so much for having me. And congratulations to all of your successes. Thank you so much. I appreciate it. All right. So let me ask you this. You've argued that Kalshi is closer to a stock market than a gambling platform, because it offers price discovery on real-world events. But unlike stocks, these contracts don't represent ownership. They don't represent cash flows or any kind of productive enterprise. They're basically purely paying out on an outcome. So when does that price discovery, I guess, become a semantic distinction, rather than a meaningful economic one? That is a great question. For us, the very important thing about financial markets in general is about, as you said, pricing the future in a better way, but also giving opportunity for people to make money on what they know and what their passions are. And there's a lot of different financial structures, right? Options, swaps, futures that operate in a lot of different ways. But for us, the important thing is to have better unbiased information about the future and allow folks like one of our biggest users is an Ariana Grande super fan. And he actually turned a passion for music and music charts to be able to pay back student loans, buy a car, put himself through a master's degree. It's just way more people know about a lot of different things than just picking stocks. And it's important to expand what people know. But why then shouldn't regulators view that as sophisticated wagering rather than an investment? Well, because the fundamental structure of it is like a stock market. We don't actually make money when people lose. We are not incentivized to make people lose. We're not a house. We are just matching people with different opinions. So if someone thinks, you know, one person will win the election and someone else thinks someone else will win the election, they're able to trade on that and we get better information and they can make money on what they know. But is there concern if there is, you know, you're not going to influence necessarily the presidential election, but if there's a local city council election, somebody who is placing a bet, right, that Vlad's going to win, I can go out and I can tell a lot of people to vote for Vlad. I could maybe pay people to vote for Vlad. Are you worried that people might do things illegally to influence the market or even morally wrong to influence the market? For us, that's why when we started the company, the most important thing for us was building a safe and regulated platform. So it took three years before launching a single product, working with regulators in D.C. to build a platform that was going to be safe and not ripe for manipulation. And we launched the platform and we're seeing we have a lot of different from trade prohibitions to a lot of market surveillance. We know every single person trading on the platform and their activity. So it's a safe place the same way the stock market is. But the stock market is not necessarily a safe place, right? There's insider trading in the stock market. How do you guys how do you stop that from happening on your market? Especially where there are areas where there are a small number of people who may have advanced non-public knowledge, court rulings, regulatory decisions, moves that are happening geopolitically, for example, with the removal of the announced dictator. Right. To differentiate like what happened, for example, with Maduro, that happened in an offshore unregulated platform that would not happen on Kaohsiung because of a regulatory and safe free markets. And the important thing about the rules and how we actually enforce those rules and they happen in a very similar way to the stock market, of course, we can guarantee it's impossible for it to happen. But with the regulators and with D.C., we're able to to make sure it's a safe place for people to to trade and be able to make money and capitalize on what they know. N.C.A. president Charlie Baker is concerned about the integrity of the game. So the well-being of these student athletes, you know, specifically when it comes to betting on whether these athletes jump into the portal and in this portal window and in NCAA football, it was the most student athletes ever. Is Kaohsiung going to get into that space of allowing people to place wagers on athletes jumping into the portal to transfer for us in terms of every single league and every single sport or other markets is very important to have an open dialogue with with everyone. We're all on the same side. We want to have a very safe platform where people can come and get information about the future and trade. And so do the leagues. They also want that. And with us, we're very excited about working with them collaboratively on that. Of course, there are markets that we don't offer, for example, war, terrorism, assassination markets you never find on Kaohsiung. But for us, it's about having an open dialogue with a lot of different stakeholders and finding out what's best for America. You know, this is fascinating because we're all kind of touching on the same thing. I believe even though intentions may be pure, human nature is to meddle in things if they feel like they can change the outcome of it. So, you know, we talked about the portal. I have two sons that play college football, and I knew that I knew during the season that they were going to transfer. They weren't happy with the team, the coaches, and they wanted a new start. What would stop me in September from placing a wager in December that my two sons are going to jump in a portal knowing that I have that inside information? Right. That would constitute market manipulation and trading on insider information. That's illegal. You would be you could potentially go to jail. A lot of bad things would happen the exact same way it would happen if you have information about a Facebook or. And you guys have regulations of someone that would report me. Exactly. And we have on Kaohsiung. Exactly. We have every single when you sign up to the platform, we know your name. We know your address, know where you work, all of that information. We have a compliance team internally that runs investigations. And then, of course, every single trade on the platform is reported to regulators and they can also investigate on their end and bring up whatever. So as you know, during a fast moving crisis, for example, information is very fragmented. Rumors can move prices and official confirmations of what has actually happened can take hours. So are you and on Kaohsiung, those markets moves can be very dramatic. Those swings. How do you prevent your platform from incentivizing, I guess, rumor driven trading or even manipulation during emergencies when the difference between being informed and and being reckless is kind of thin? Right. It's a very important distinction to be made that having data about what's happening in real time is actually very important. So, for example, if you look at an election night, Kaohsiung prediction markets are able to tell you what's what's happening a lot faster. So, for example, 2024 election, I think it took less than one hour after polls closed for us to see Trump really, really spiking in the markets. So you actually get access to way faster information, which is very, very, very good. I think one of the most interesting things about this platform is all of the things you can bet on. Like you mentioned Ariana Grande and it kind of democratized a little bit like the markets. Right. You don't have to be an expert in stocks to make money in this market. What's the craziest topic? Some of them that you've seen on Kaohsiung. Wow. We have a lot, a lot of different ones. Some are very I'm like I'd really like pop culture. So I follow a lot of the Taylor Swift and, you know, Harry Styles now his new album. I'm looking at all the markets on who's going to be a collaborator. Apparently, he's going to release a new song, according to the markets, 80 percent chance the next two weeks. So I really follow that side instead of looking at Instagram and what's going to happen. Do you place bets yourself? We can't. So part of being regulated is that any employee like no employee can trade because of conflict of interest, of course. But but I'm like always looking at the data. The one bet that you placed on yourself, yourself, it out. Congratulations. Amazing. Thank you so much for joining us. Luana Lopez. Lara said that correctly. Yes, you did. That was perfect. I like how you also slipped into that. Correct. It's got a real sexy right there."
7432883384487120133,https://www.tiktok.com/@angelabelcamino1/video/7432883384487120133,OMG!!! Kamala Harris and Donald Trump are now TIED on Kalshi!  What’s happening here?,2024-11-03T03:03:55.000Z,2,,0,1,475,,,angelabelcamino,932,False,NG,kalshi election,kalshi,description,YES,
7579440232509033742,https://www.tiktok.com/@theofficertatum/video/7579440232509033742,Stop following the fake news polls and follow Kalshi’s real time prediction markets that help everyday Americans get a clear picture of what’s going on. #fyp #fy ,2025-12-03T01:39:41.000Z,120,,7,1,4297,46,"fyp, fy",Officer Tatum Store,1600000,True,US,kalshi election,"kalshi, prediction_market",description,YES,"Since the beginning, we've tried to understand what comes next. We predicted. We argued. We believed. But for the first time, belief has structure. Conviction has value. Outcomes are priced. Because the future was never meant to be a mystery. It was meant to be a market."
7564490599647235358,https://www.tiktok.com/@podcasthighlight3/video/7564490599647235358,Owner of Kalshi EXPLAINS how he picked his $3M Lawyer to SUE the CTFC for not letting Kalshi bet on Elections 😳👀 #kalshi #fyp ,2025-10-23T18:47:06.000Z,14,,0,0,498,25,"kalshi, fyp",podcasthighlight3,16800,False,US,kalshi election,kalshi,"description, hashtags",YES,"Because the lawyer, so the lawyer, Yakov Roth, he's like this legend. The reason we picked this lawyer, we interviewed everybody, all the fancy, but this guy came to the office at the end of 23 to pitch us that we should go with Jones Day for it. And man, like this guy, I've never seen someone as passionate with putting, like reigning in the federal government. Nice, let's go. And I was like, I think this guy will be the best. Hell yeah, Yakov. Yeah, yeah, yeah. All right, good."
7618590439184059662,https://www.tiktok.com/@nbcnews/video/7618590439184059662,"Arizona prosecutors filed criminal charges against the prediction market Kalshi on Monday, accusing it of running an illegal gambling outfit in the state.",2026-03-18T14:00:00.000Z,168,12,16,12,13900,23,,nbcnews,11100000,True,US,kalshi election,"kalshi, prediction_market","description, transcript",YES,"Arizona's Attorney General filing criminal charges against prediction market Kelshi. The state accuses the company of running an illegal gambling business without a license. The filing also mentions that taking bets on elections violates state law. In a statement to NBC News, Kelshi says the charges are based on quote paper thin arguments and the company is subject to federal jurisdiction."
7564486683270401310,https://www.tiktok.com/@podcasthighlight3/video/7564486683270401310,Owner of Kalshi EXPLAINS the day he sued the CFTC & WON for not letting him Bet Money on Elections 😳🏆 #kalshi #fyp ,2025-10-23T18:31:57.000Z,19,,2,0,540,27,"kalshi, fyp",podcasthighlight3,16800,False,US,kalshi election,kalshi,"description, hashtags",YES,"whatever happens. And so we ended up suing. I didn't sleep three weeks before filing the lawsuit. And then the day I filed the lawsuit, I like went to sleep pretty well. He's like, no, I don't see what happened. But that I think was maybe one of the most- Big turning point. And then the district court ruled in your favor. Yes. Yeah, yeah, which was a glorious day. I mean, that was the craziest day. That was the craziest. I mean, it was like that day we knew it was like, okay, this is going to- Were you at the office? Yeah. Yeah."
7564515556141927693,https://www.tiktok.com/@whatsnextpolitics/video/7564515556141927693,Who will control the Senate in 2026? #politics #kalshi ,2025-10-23T20:24:04.000Z,105,,8,9,4488,50,"politics, kalshi",What’s Next,74,False,US,kalshi election,"kalshi, prediction_market","description, hashtags, transcript",YES,"The Senate is up for grabs next year, and according to Calhie's prediction market, the Republicans have a 69% chance of holding on to power. Here are the three seats Democrats have a chance to flip in 2026. Don't forget to follow our channel to stay up to date on any changes in the market. On the list, at number one, Maine is going to have a tight general election and a tight primary for the Democrats. The Democratic primary will most likely come down to oyster farmer Graham Platner and the current governor of Maine, Janet Mills. As for the general election, the Dems currently have a 59% chance of beating Susan Collins and flipping the seat. At number two, Texas could be interesting. The Republicans have a commanding 82% chance of holding the seat, but Texas State Representative James Tallarico has come out of nowhere and is now the favorite to be the Democratic candidate. At number three, last but not least, we have Iowa. Republican Joni Ernst has a 73% chance of holding her seat, but it's looking like she will have to face either Zach Walls or Josh Church."
7432447887591656747,https://www.tiktok.com/@alrightterry/video/7432447887591656747,#presidentialelection #election2024 #vote #sportsbetting #gambling #kalshi ,2024-11-01T22:53:51.000Z,21,,3,13,1068,110,"presidentialelection, election2024, vote, kalshi",Terry Thomas | Stand up comic,244,False,US,kalshi election,kalshi,"description, hashtags",YES,"All right, listen up hear me out now. I don't know if you a true degenerate gambler like myself. I mean like a Degenerate like I put money on the u.s. Men's water polo team This past Olympics shot to Croatia shot to Serbia. But anyway, if you're a true gambler, you check this website right here It's called Kalishi Kalashi. Now. Not sure about the name, but it's k a l s h i Now if you go to that website You can actually bet on who will win the presidential election Now you can put your hard-earned money and try to flip it on who will win now You probably wondering what's the eyes the projections right now? If you look at projections right now, 62% are going towards the Puerto Rican paper towel thrower himself Donald Trump But you can also go a bit of the other dog right here. Kamala Harris It's still early. It's a few days to election So if you want to make money that way you can now you're probably wondering is there another sign go to why? Yes, hold on. Check this out Now you want to you can go to DraftKings. DraftKings has a $10,000 prize pool. It's a free entry. It's over 46,000 people That's in entry right now. And like I said, you can decide who'll be the president Of course, you got your two candidates right here, but here's the kicker You can add somebody now. I think that's a waste of money But I think it's cool that you can see like, you know what? I'm gonna add Glorilla or young thug or somebody like that just as a joke to your friends Also, if you want to you want to get like really in-depth and probably things out the herd You can also bet on which state will have the smallest margin of victory. You got, Georgia, Pennsylvania North Carolina, Wisconsin, Minnesota You got any other state? It's like this is this is the epitome of capitalism right here This is if you want a summary of America, this is us right here We gamble everything even our democracy like I can't even believe this. This is wow This is something you see that"
7562625487311342878,https://www.tiktok.com/@podcasthighlight2/video/7562625487311342878,Kalshi CEO says they were the FIRST to make betting on Elections LEGAL since 1929.. 😳 #kalshi #fyp ,2025-10-18T18:09:40.000Z,30,1,1,0,597,19,"kalshi, fyp",Podcast Highlights,32400,False,US,kalshi election,kalshi,"description, hashtags",YES,other issue which they didn't let us do the election markets which has been illegal for since the great depression basically and then we sued the cfc over it which so we sued our own regulator we can also talk about that you know our board was not happy about that but we believe we're right and so and we won in october so we won three weeks before the election
7563261832211877127,https://www.tiktok.com/@worldwideclips.com/video/7563261832211877127,kalshi ceo join 'squawk Box'#discuss #kalshi #fyppppppppppppppppppppppp #viraltiktok ,2025-10-20T11:18:49.000Z,0,,0,1,1064,21,"discuss, kalshi, fyppppppppppppppppppppppp, viraltiktok",Worldwideclips,432,False,US,kalshi election,kalshi,"description, hashtags",YES,"And on the global app store, I think we are just about to breach number 10. So we just overtook Facebook, Uber, Spotify, and a few other apps. I think we're gunning for number one for the entire app store by Election Day. So the demand curve is truly exponential and we're seeing, as of this week, I think we're in the hundreds. And what kind of, what are the amount of bets that people are making?"
7581485644036230412,https://www.tiktok.com/@20vc_tok/video/7581485644036230412,Rivalry Made us Better #kalshi #polymarket #betting,2025-12-08T15:05:00.000Z,23,1,3,0,833,33,"kalshi, polymarket",20VC,265400,False,GB,kalshi election,"kalshi, polymarket","description, hashtags, transcript",YES,"Kind of what happened with Calshi in the election was a bit of a Chad GPT moment for our industry. Calshi is one of the fastest growing companies on the planet. In the last week, they announced their $1 billion raise and an $11 billion valuation. Dave Tarik joins me for his only interview following these announcements. An industry truly becomes an industry when there's a rivalry. Without PolyMarket, we wouldn't have pushed our marketing and pushed our product as hard. Did you ever cross paths with SPF? And what did you learn from observing FTX's implosion?"
7609408927201070366,https://www.tiktok.com/@alexisanddean/video/7609408927201070366,How reliable are prediction markets? #kalshi #predictionmarkets #futurestrading #election #prediction ,2026-02-21T19:53:20.000Z,4377,167,640,100,119500,127,"kalshi, predictionmarkets, futurestrading, election, prediction",Alexis and Dean,2000000,False,US,kalshi election,"kalshi, prediction_market","description, hashtags, transcript",YES,"You know, how reliable are prediction platforms like Kholshi? How reliable are they? Okay, well from my perspective The thing about Kholshi that got me, you remember you were here like on the 2024 election We were sitting here and all the polls, you know, all the different news channels flipping through it We're saying it's a tight race. Some of them did call the winner right, Trump right But then when you go and look at Kholshi at that time Remember, we looked at it and it was like a landslide for Trump Because we were you know We were all paying attention to mainstream media and they were the polling was tight was tight Kamala was winning or Trump was winning But it was still tight and the next thing you know Kholshi was like landslide and guess what happened ever since that day I was like, you know these prediction markets like Kholshi It makes sense because you know when you poll someone for example, they don't have any quote-unquote money on the line But when you look at the prediction markets, it's futures. It's where the money is going like options trade on a stock It's the same thing money's going that way and you always you know, you always put you have a better to me It's a better prediction when you see where the more you follow the money, right? And even like like today there was a article I read on X that the Federal Reserve Did a research paper on prediction markets and they called out Kholshi and they said You know that our results suggest that Kholshi markets provide a high-frequency continuously updated distributionally rich benchmark That is valuable to both researchers and policymakers. The bottom line is you're saying that They're you know in layman's terms. You're saying that the data that they provide in their predictions is valuable for Researchers and policymakers meaning that you right see what I mean. It's true from what we We found back in 2024 election we saw that so that's yeah, I do believe like that's why it's my go-to if it's certain things That I'm not familiar with or anything. I just go there. It's the same thing when I look at a stock I'm not sure about this time another research I wonder where they're predicting the earnings is gonna go where the stocks gonna go. I look at the futures market I look at the options market"
7431937990336810283,https://www.tiktok.com/@nynext/video/7431937990336810283,"In this episode of #NYNext, Lydia Moynihan sits down with the founders of #Kalshi, the first-ever legal election prediction market, now making waves and catching the attention of big names like #ElonMusk and #JDVance. They share how this platform is changing the game by bringing transparency to elections, the legal journey they took to get here and more. Catch it all at the link in bio.",2024-10-31T13:55:12.000Z,2,2,0,0,762,43,"nynext,, kalshi,, elonmusk, jdvance.",NYNext,18300,True,US,kalshi election,"kalshi, prediction_market","description, hashtags, transcript",YES,"In this episode of New York Next, we speak with the two 20-somethings who've launched the first legal election prediction market that's now getting cited by Elon Musk and JD Vance. They tell us how it's bringing transparency to elections. Markets don't lie. Just ask people to put money where their mouth is, have some skin in the game, and when they do it becomes unbiased, it becomes more truthful. How much money has flooded into the platform since it went live? The last I checked was over like $110 million, just on elections. And the legal fight they had to wage to make it all happen. If the government doesn't let us do something, we're like, okay, well let's take it up to the courts and see who's right on the law, and we were right on the law, and so now we're doing it legally."
7562970221737184525,https://www.tiktok.com/@routineofdailyclips/video/7562970221737184525,You can bet for the election on kaishi do you know that? #kalshi #news #fyp #goviral #trending ,2025-10-19T16:27:36.000Z,100,2,4,0,4202,21,"kalshi, news, fyp, goviral, trending",Routine of Daily Clips,1113,False,US,kalshi election,kalshi,"description, hashtags",YES,"We are now number one on the finance app store. We just overtook Cash App, which has had the spot for I don't know how many years now. And on the global app store, I think we are just about to reach number 10. So we just overtook Facebook, Uber, Spotify, and a few other apps. I think we're running for number one for the entire app store by Election Day."
7619364459752000799,https://www.tiktok.com/@graceatcandid/video/7619364459752000799,Waitlist for early access is open  #trump #kalshi #polymarket #candid #elections ,2026-03-20T15:45:43.000Z,0,2,0,0,0,,"trump, kalshi, polymarket, candid, elections",Grace | Prediction Markets 🔮,24,False,US,kalshi election,"kalshi, polymarket","description, hashtags",YES,
7405978345478901025,https://www.tiktok.com/@electrictimenews/video/7405978345478901025,Part 1 The 2024 Election Map Based On Betting Odds From ALL 50 STATES!#2024 #electiontime #breakingnews #news #politics #trump2024 #trump #map #foryou #harris ,2024-08-22T14:58:36.000Z,134,5,8,15,10600,179,"2024, electiontime, breakingnews, news, politics, trump2024, trump, map, foryou, harris",Electric Time News,45600,False,US,betting odds election,"betting_odds, polymarket","description, transcript",YES,"Trump is once again the favorite according to Polymarket's 2024 election forecast. He has a 52% chance at returning to the White House while Harris has just a 47% chance at being elected the next president. And so in this video, we'll be taking a look at the 2024 electoral map based on Polymarket's state-by-state odds to see where Harris and Trump stand on the all-important path to 270 electoral votes. We'll begin by filling in the solid states for both candidates. These are states where either Harris or Trump have a 95% chance or more of winning this November. And so starting off with the safe blue states, we have Washington, Oregon, California, Colorado, Hawaii, Illinois, and most of the Northeast, including New York, Vermont, Massachusetts, Connecticut, Rhode Island, New Jersey, which barely made the 95% cut, as well as Delaware Maryland, the District of Columbia, and the 1st District of Maine. For Trump, he is going to easily carry Utah, Wyoming, Idaho, Montana, North and South Dakota, all of Nebraska except the 2nd District, Kansas, Oklahoma, Missouri, Arkansas, Louisiana, Mississippi, Alabama, Tennessee, Kentucky, West Virginia, Indiana, and South Carolina. And so with all the solid states filled in, Harris takes an early lead with 191 electoral votes to Trump at 122, but we still have many states to go over, and Trump is going to receive a big boost from his likely states. Likely states are categorized by odds between 75 to 95% for either candidate. These states are going to be significantly more competitive than the solid states, but either Harris or Trump still do maintain a noticeable advantage. And so beginning with the likely blue states, we have Minnesota. This is Governor Tim Walz's home state. Walz was recently chosen to be Harris' running mate. And looking at the graph, you can see just how low the odds went for Biden before he dropped out last month. In fact, at one point, he had just a 56% chance at winning a state Democrats haven't lost since 1972. And so by choosing Walz as her running mate, Harris has sort of avoided disaster in Minnesota, and that is why she is the favorite. She has a 94% chance at winning. Minnesota is going to be a likely blue state. We also have New Mexico, a state where Republicans are probably going to outperform their 2020 margin when they lost by nearly 11 points. Kamala Harris has a 91% chance at winning. Before Biden dropped out, the odds for Democrats in the state went down to just a 2 in 3 chance. And so as Hispanic voters continue to shift away from Democrats, they are going to have more and more trouble winning states like New Mexico, which have a Hispanic majority electorate. And so today, Harris is the favorite, but she isn't in the most comfortable position."
7434617913081974059,https://www.tiktok.com/@investwithjo2/video/7434617913081974059,#Robinhood Election Markets! #election #electionprediction #betting ,2024-11-07T19:14:44.000Z,0,,0,0,722,55,"robinhood, election, electionprediction",investwithjo2,42,False,US,betting odds election,prediction_market,transcript,YES,"Robinhood just introduced prediction markets on the Robinhood app. Now you're able to bet on the potential outcome of the upcoming US election. With event contracts, you'll be able to bet whether Kamala Harris or Donald Trump will win the upcoming election. So today I wanted to cover how you too can make money on choosing your favorite candidate. Let's get started. So this new feature is only available on mobile. Make sure you've updated your Robinhood app to the latest version. Once you launch the app, you will see a probability score on the top here for the chances of the two candidates winning the presidency. We have Kamala Harris on the left at $0.46 per contract, and in terms of percentages, you can think of that as 46% probability. And on the right, you have Donald Trump at $0.55 per contract, which comes in at 55% probability of winning the presidency. So this is strictly a yes or no bet when it comes to placing your trade."
7416021407546477856,https://www.tiktok.com/@electrictimenews/video/7416021407546477856,Part 2 The 2024 Election Map Based On Betting Odds From ALL 50 STATES!#2024 #election #breakingnews #news #politics #democracy #trump2024 #trump #harris #foryou ,2024-09-18T16:30:46.000Z,26,2,6,2,4737,176,"2024, election, breakingnews, news, politics, democracy, trump2024, trump, harris, foryou",Electric Time News,45600,False,US,betting odds election,betting_odds,description,YES,over 40 points. Well Ohio is going to be slightly more competitive. The Buckeye State was a bellwether for nearly six decades which means that it always voted with the presidential election winner no matter if they were a Democrat or a Republican. However that is no longer the case. The Buckeye State is a red state. That is why the GOP has a 92 percent chance of winning and a lot of that is because of Trump. He really did do well in the state in 2016 when most people still thought Hillary Clinton would win here. And then in 2020 people thought Joe Biden would do much better. But in the end Trump won by virtually the same margin. And so the Buckeye State is barely going to miss out on being solid red. But it will be a pretty comfortable likely GOP state for the former president. North Carolina is going to be slightly more competitive. This is actually the only swing state that Trump won in both 2016 and 2020. North Carolina went to him by nearly four points in 2016. Even when he lost states like Arizona and Georgia in 2020 North Carolina still remained red. And this is after a year of polling with every single one saying that Biden was going to win in the Tar Heel state. In the end Trump pulled out a victory and today he has a 56 percent chance of doing that again of winning North Carolina for a third time in a row. And so the state is going to be lean red just like Georgia. 30 minutes later at 8 p.m. Eastern time that we have the largest poll closing of the night. These states combined are worth 171 electoral votes a third of the entire Electoral College. But most of these states are easily going to vote for one candidate or the other. We're going to start off in the south where Trump is going to dominate. He is of course the favorite to win in Oklahoma Missouri Tennessee Mississippi and Alabama. While Kamala Harris will find more success up north. She'll take Illinois Massachusetts Connecticut Rhode Island New Jersey Delaware Maryland and the District of Columbia. The four remaining states though are going to be slightly more competitive. We're going to begin in Florida where Republicans do have a significant edge. Donald Trump has an 84 percent chance of winning the sunshine state for a third time in a row in 2020. Everybody thought Joe Biden was going to win back Florida after Hillary Clinton lost it by 1 percent but instead Biden did worse than Clinton did four years prior. And today Florida is among one of the most conservative states in the entire country. It reelected Ron DeSantis by a 20 point margin in the 2020 midterms. The presidential race obviously is going to be more competitive. But still Trump is the overwhelming favorite. It's basically 30 free electoral votes going in favor of the GOP up in New Hampshire. The Granite State is on track to go to Kamala Harris. She currently has an 87 percent chance at winning in terms of her odds of winning. I would say this is relatively accurate. She is definitely the favorite here but in terms of margin she is going to do a lot worse than Joe Biden in 2020. Probably when you see something closer to Hillary Clinton's performance in 2016 when she only won New Hampshire by 0.3 percent.
7433945041397222661,https://www.tiktok.com/@informantsnitch/video/7433945041397222661,"It is about to go down ,, continuous monitoring of the USA elections prediction coverage on betting markets  #democrats #republican #viralvideos #fyp #fyp #trendingvideo #usa🇺🇸 #trump2024 #kamalaharris #election2024 ",2024-11-05T23:43:39.000Z,1,,0,0,207,,"democrats, republican, viralvideos, fyp, fyp, trendingvideo, usa🇺🇸, trump2024, kamalaharris, election2024",Taker,1503,False,KE,betting odds election,betting_market,description,YES,
7427187521781550379,https://www.tiktok.com/@heartagrammaga/video/7427187521781550379,#trump #trump2024🇺🇸 #trumptrain #2024election #republican #republicansoftiktok #fkh #maga #trumpvance #trump47 #votered #fyp #foryou #foryoupage #fyppppppppppppppppppppppp #bettingodds ,2024-10-18T18:40:59.000Z,94,1,3,10,1386,10,"trump, trump2024🇺🇸, trumptrain, 2024election, republican, republicansoftiktok, fkh, maga, trumpvance, trump47, votered, fyp, foryou, foryoupage, fyppppppppppppppppppppppp, bettingodds",HeartagramMAGA,1126,False,US,betting odds election,betting_odds,transcript,YES,"New Betting Odds, Trump 2024"
7578681998177340685,https://www.tiktok.com/@60minutes/video/7578681998177340685,"“It's the most accurate thing we have as mankind right now, until someone else creates some sort of a super crystal ball,” says Polymarket founder and CEO Shayne Coplan. Polymarket is an online prediction market that offers its users a chance to bet against each other on real-life events. It offers all kinds of questions: Who will win the Super Bowl? Will Taylor Swift get married this year? When will there be a ceasefire in Ukraine? #predictionmarket #polymarket #techinnovation #forecasting ",2025-12-01T00:37:17.000Z,10200,1328,1623,116,290400,123,"predictionmarket, polymarket, techinnovation, forecasting",60 Minutes,3200000,True,US,betting odds election,"betting_odds, polymarket, prediction_market","description, hashtags, transcript",YES,"It's a site where you can basically bet on current events. Some sort of question about the future, like an election. And as a result, when a ton of people are betting, you get the betting odds, which basically tell you how likely each outcome is. And how accurate is it? It's the most accurate thing we have as mankind right now, until someone else creates some sort of super crystal ball. Shane Copeland may be prone to hyperbole, but he's definitely on to something. The race is a dead heat. In the run-up to the 2024 presidential election, while pundits opined and pollsters canvassed, PolyMarket posted a simple question for users to put money on. Who will be the presidential election winner in 2024? Donald Trump started pulling away in early October. I think one thing that's important to understand about PolyMarket is, it is not a poll. That's not the function of PolyMarket. Correct. PolyMarket is trying to predict the outcome. The percentage of people who are gonna vote for a candidate is not the same as who's likely to win. And you would look at PolyMarket and it would say 70-30 for Trump. And people are like, no way it's gonna be 70-30. But he could win by one point, but he's 70% likely to win. Which is a different question than pollsters are asking. Exactly. But it's the question people actually want to know. By the way, we brought all four of you. PolyMarket posted another question, months before President Biden's disastrous debate. Biden drops out of presidential race? Early on, the odds hovered between 10 and 30%. The market was pricing it that it was unlikely, but that it was possible. And ultimately, during the debate, the price started skyrocketing. You could watch it during the debate. Exactly. And everyone was talking about it. Because by that point, odds were on PolyMarket, he's gonna drop out. Yes. The idea that this was able to go and surface this, at a time when a lot of the mainstream media, and like, no knock to mainstream media, but a lot of people were trying to say, hey, he's gonna stay in. The fact that PolyMarket was able to be the signal through the noise there, was our first step on the scene of mainstream politics."
7431987197995191583,https://www.tiktok.com/@rjtrades/video/7431987197995191583,"We discuss the upcoming 2024 presidential election prediction market on Robinhood, where users can bet on the outcome. The current odds show Trump leading Kamala Harris, and we explore the mechanics of buying and selling these prediction contracts. We acknowledge the risks involved, as users can lose their entire investment if the bet goes against them. The video also mentions a new crypto-based prediction market platform that recently won a legal battle. #election #prediction #Robinhood #betting #2024presidentialelection #Kamala #Trump #trading #predictiveanalytics #crypto",2024-10-31T17:06:14.000Z,22,9,2,1,4805,189,"election, prediction, robinhood, 2024presidentialelection, kamala, trump, trading, predictiveanalytics, crypto",RJTrades,9774,False,US,betting odds election,"polymarket, prediction_market","description, transcript",YES,"Hello, good morning. The election is just around the corner and I just saw that the election prediction is about to be bet in Robinhood. If you want to know how to do this, of course, I think it's a betting, so if you lose, you will lose everything, so you know the risks. But now let's see, 2024 presidential election, right? And right now, Kamala has 40 cents and Trump has 61 cents. Trump's winning odds are slightly higher than Kamala's, 61 cents. Now, what happens in this is, if you say Kamala will win and buy, it will cost you 40 cents. And if Kamala wins, its value will be $1, but if she loses, it will be zero. You won't get anything. I just took 10 contracts for an exam, maybe I have to take 90 contracts today, $40, now if you win, you get $60, if you lose, you lose. This is live trading data and here is the number, how many people, how many people have bought the contract, how much is Trump buying? If Kamala is buying $34 million, Trump is buying $25 million. Now look at this day 1 week, look at the max, Kamala's odds were very high, after Biden, there was a good odd, then there was a good odd, but now Trump's odds have gone up. Now how do you buy this, you go to trade, buy mode, close position, now the beauty of what you just bought, I bought it at 41 cents, now it's 39, but you can sell it when you bought it. Now, if I bought it at 41, now it's 39, I lost a little, I lost two money, but that buy and sell is the same in stock and options, you can always buy and sell. Now I'm in buy mode, it's 39 cents, it's changing the spread, so let's limit it, so what I'm going to do is, 90 contracts, estimated cost, okay, it's 38, I'll open it now. I have 90 contracts, now you can see, I have 100 contracts, if I win, I get $100, if I lose, of course, I get zero. But if the value of this is 50 cents, I can sell it at that time, if I get 50 dollars, it's 40, 41, it's exactly the same in options, you can always sell a contract, you can just sell it. This is just introduced, PolyMarket is a crypto-based prediction market, it's very popular, but it wasn't legal, a company called Khalsi just won a legal battle, I think they used it in the backend, I don't know, but I just wanted to read it, so yeah, have a look."
7423373021240364293,https://www.tiktok.com/@insidethebournepost/video/7423373021240364293,"Donald Trump now has the edge over Kamala Harris in international betting markets, with bettors increasingly betting on the former president’s return to the White House. Over the past month, Trump has outperformed Harris in the RealClearPolitics betting market average, which allows bets on the winner of the election. The average currently shows Trump with a 51 percent chance of winning, while Harris is at 48 percent. Political pundits say the race is very close, making it difficult to predict who will emerge victorious. @thebournepost for more unexpected things! #BournePost #TheBournePost",2024-10-08T11:58:47.000Z,5,,1,1,898,,"bournepost, thebournepost",insidethebournepost,2190,False,ID,betting odds election,betting_market,description,YES,♪♪ ♪♪ ♪♪ ♪♪ ♪♪
7405629665873906987,https://www.tiktok.com/@lucyindaskywd/video/7405629665873906987,"Is the honeymoon over? Just 48 hours ago, the betting odds were completely different. Now, Trump’s odds are climbing as the markets flip in his favor. Could this be a sign of things to come? 🧐 #Election2024 #Trump #KamalaHarris #BettingMarkets #PoliticalOdds #Trump2024 #Harris2024 #StayInformed #2024Election #PresidentialRace #ElectionOdds #Politics",2024-08-21T16:25:31.000Z,50,,4,8,2230,,"election2024, trump, kamalaharris, bettingmarkets, politicalodds, trump2024, harris2024, stayinformed, 2024election, presidentialrace, electionodds, politics",LucyIndaskyWD,310,False,US,betting odds election,betting_odds,description,YES,🎵 Outro Music 🎵
7433837143082011935,https://www.tiktok.com/@nateqtalks/video/7433837143082011935,Betting odds updates #fyp #foryou #election #election2024 #kamalaharris2024🇺🇸💙 #kamalahq #trump #donaldtrump #trump2024🇺🇸 #president #usa #kamala #betting #gambling ,2024-11-05T16:45:08.000Z,1207,84,125,105,121300,47,"fyp, foryou, election, election2024, kamalaharris2024🇺🇸💙, kamalahq, trump, donaldtrump, trump2024🇺🇸, president, usa, kamala",NateQTalks,1914,False,US,betting odds election,"betting_market, betting_odds, polymarket","description, transcript",YES,"As of 11 o'clock this morning, here are the official betting markets. Stay tuned because I'm going to be updating the betting markets all throughout the day until we get a victor. So Trump is currently 58% to Kamala Harris's 42 with about 250 million. Crazy. But his biggest lead continues to be poly market. As you can see, he hasn't dropped recently in poly market and 62.5 to 37.6. Now Trump also leads in every single swing state. I'm going to be making a video on all the swing states after this, so make sure to follow that. As you can see, Harris kind of made a little bit of a comeback on Cal sheet due to that Iowa poll. But then Joe Rogan just announced his endorsement of Donald Trump and he made like a big surge last night. Anyway, I'll update you guys in a few hours. Stay tuned. Hit that fall button."
7605108951536962839,https://www.tiktok.com/@polymarket.daily.edits/video/7605108951536962839,"Can Trump run in 2028? A look at Polymarket’s 2028 U.S. presidential election odds: Donald Trump is listed at 4.1%, far behind JD Vance (32%) and others. #viralitypoly #polymarket  #predictionmarkets",2026-02-10T05:47:09.000Z,13,,1,0,338,14,"viralitypoly, polymarket, predictionmarkets",Polymarket Daily Edits,11,False,US,betting odds election,"election_odds, polymarket","description, hashtags",YES,Have you seen the Polly market on whether or not your grandpa would run for a third term? I think it's maybe a 4%. Your grandpa is at 4.1%. Do you think that's possible? He's not running for a third term. He's not. I feel like I'm still gonna buy yes. A lot could happen until 2028.
7427557730954513694,https://www.tiktok.com/@deltatrendtrading/video/7427557730954513694,"Over the past two weeks, Polymarket odds have shifted to suggest a 62% chance of a Trump vitory in November, and a 38% chance of a Harris victory. The two candidates were tied on Polymarket at the beginning of October. . . . . . . . #breakingnews #election2024 #wallstreet #finance ",2024-10-19T18:37:41.000Z,1023,48,87,84,24900,111,"breakingnews, election2024, wallstreet, finance",Thomas,90300,False,US,betting odds election,"betting_market, polymarket, prediction_market","description, transcript",YES,"A mysterious $30 million dollar wave of pro-Trump bets has moved a popular prediction market called Polly Market. Although Harris and Trump are neck and neck in the polls, bettors on Polly Market are giving Trump a 60% chance of winning and Kamala a 40% chance of winning. So why the hell does this even matter if we have polls, right? Polls are supposed to be the most accurate statistical sampling of the population to get the most accurate prediction of the election outcome, right? But the thing is, polls, one, don't instantly take into account new news, and also they can be subjected to bias because there's no actual money on the line. And the thing with polls is, since they're like crowdsourced wisdom and predictions about the election and people are putting in actual money, there's no incentive to be biased because bias won't help you, the most accurate prediction will help you if you're putting actual money on the line. And also, there are instant reactions to news because it's like a very liquid market. You can make bets at any time and react to any news, whereas polls take a long time to like sample data. In 2016, as we were approaching the election, some betting markets took into account unconventional factors that weren't captured in polls. And so while most of the polls still had Clinton ahead, some of the betting markets had Trump ahead. In 2020, kind of the opposite thing happened. Betting markets heavily favored Trump, even when Biden was ahead in the polls, and they wound up being wrong. Elon Musk tweeted about Trump's growing lead on polymarket and tweeted that betting markets are quote, more accurate than polls as actual money is on the line. So that's definitely one way to look at it. That statement historically has had some truth to it. And another way that some people are looking at it is that this $30 million, which was spread across four different polymarket accounts, could be the same entity, and it could be part of an effort to boost social media buzz about former President Trump's campaign. Most of the bets placed by these four accounts were just straightforward bets that a former President Trump would win, but then they also made some more long shot bets, like that he would win in Pennsylvania, a swing state, or that he would win the popular vote. So it's really hard to say what this means, if anything, about either candidate's likelihood of winning, but I'll let you make that decision for yourself."
7397412969837088032,https://www.tiktok.com/@electrictimenews/video/7397412969837088032,The 2024 Election Map Based On NEW Betting Odds In ALL 50 STATES!#2024 #electiontime #breakingnews #news #politics #fyp #foryou #trump2024 #map #trump #biden #harris ,2024-07-30T13:00:30.000Z,213,14,18,21,24600,179,"2024, electiontime, breakingnews, news, politics, fyp, foryou, trump2024, map, trump, biden, harris",Electric Time News,45600,False,US,betting odds election,"betting_market, betting_odds","description, transcript",YES,"With less than 100 days to go until the 2024 election, Donald Trump has a 60% chance at winning the presidency even though Democrats just replaced their nominee. And so in this video, we're going to be taking a look at the 2024 electoral map based on current betting odds in each of the 50 states. We're going to begin by filling in the solid states for both candidates, that either Harris or Trump have over a 90% chance at winning. For Kamala Harris, she is going to win the states of Washington, Oregon, California, Hawaii, Colorado, Illinois, New York, Vermont, Massachusetts, Connecticut, Rhode Island, New Jersey, Delaware, Maryland, the District of Columbia, and the 1st District of Maine by solid margins according to current betting markets. She has an over 90% chance at securing a victory in these states. As for former President Trump, he is going to win in Utah, Wyoming, Idaho, Montana, North Dakota, South Dakota, all of Nebraska except the 2nd District, Kansas, Oklahoma, Missouri, Arkansas, Louisiana, Mississippi, Alabama, Tennessee, Kentucky, West Virginia, Indiana, as well as South Carolina, Alaska. And this is typically what you would expect solid red states to be. But we have a few additional safe states for Donald Trump because of just how well he is doing all across the map. He is also now the favorite to win Iowa and Ohio with an over 90% chance in those states, as well as Texas and Florida. Florida, a state that was expected to go to Biden four years ago. Joe Biden was the favorite based on the betting markets to win the Sunshine State in 2020, and now it is a solid red state. And so with these solid states filled in for both candidates, Trump is already at almost the amount of electoral votes he won in the last election, 218 out of the 232 that he eventually came out with. Kamala Harris with just 191. We're now going to get into the likely states, states that either candidate has between a 70 to 90% chance at winning. These states are going to be more competitive, but one candidate still maintains a clear edge. Starting off with the first lean district for Donald Trump, we have the 2nd District of Maine, a district that has voted Republican in both of the last two elections. Donald Trump actually has an 89% chance at winning, so it's just barely outside of that solid range, while Kamala Harris is currently the favorite to win in New Mexico. Five electoral votes in a state that is shifting away from Democrats as Hispanic voters are moving towards the Republicans, and New Mexico is the only state in the country with a Hispanic majority. The odds for"
7497049845073497387,https://www.tiktok.com/@stevenrichardma/video/7497049845073497387,"Current betting odds for the next President of the United States in the 2028 Presidential Election. Interestingly, there are more democrats on the list but republicans have the best odds. #fyp #news #politics ",2025-04-25T01:03:15.000Z,70,5,9,8,2737,120,"fyp, news, politics",Steven Richard,32300,False,US,betting odds election,betting_odds,description,YES,"Here are the current betting favorites for who will become the next president of the United States in 2028. Coming in at number 10 we have Ro Khanna who is a state representative for California and he has plus 3,300 odds for being the next president. At number 9 we have Mark Kelly who is the senator of Arizona and he also has plus 3,300 odds of being the next president. At number 8 we have Donald Trump Jr. who is obviously the son of the current president Donald Trump and he also has plus 3,300 odds of being the next president. Coming in at number 7 we have Gretchen Whitmer who is the governor of Michigan and she is the fourth and final person on the list with plus 3,300 odds of being the next president. At number 6 we have Alexandria Ocasio-Cortez who is a state representative of New York and she has a plus 2,500 odds of being the next president. Coming in at number 5 we have Pete Buttigieg who is the former U.S. Secretary of Transportation and he has a plus 2,100 odds of being the next president. Coming in at number 4 we have Josh Shapiro who is the governor of Pennsylvania and he has plus 2,000 odds of being the next president. At number 3 we have Gavin Newsom who is the governor of California and he is leading the Democratic Party with plus 1,750 odds of being the next president of the United States. Now at number 2 we have the craziest one and that is current president Donald Trump who literally according to the Constitution cannot be elected for a third term but he is leading the entire Democratic Party and is coming in at only plus 500 odds of again for the third time being the president of the United States in 2028. And coming in at number 1 we have current Vice President J.D. Vance who is the heavy favorite to be the next president of the United States at only plus 330 odds which is significantly higher than his competition which realistically is not Donald Trump but is Gavin Newsom who is sitting at plus 1,750. So he has a solid plus 1,500 odds on his competition. So many people believe that the next president of the United States is not currently on any of these lists. Who do you think it is? Put them in the comments below and I'll keep an eye on them."
7415969303612116256,https://www.tiktok.com/@electrictimenews/video/7415969303612116256,Part 1 The 2024 Election Map Based On Betting Odds From ALL 50 STATES!#2024 #election #breakingnews #news #politics #democracy #trump2024 #trump #harris #foryou ,2024-09-18T13:08:31.000Z,53,2,10,6,10500,179,"2024, election, breakingnews, news, politics, democracy, trump2024, trump, harris, foryou",Electric Time News,45600,False,US,betting odds election,"betting_odds, polymarket","description, transcript",YES,"With exactly 50 days to go until the election, today we're going to be taking a look at PolyMarket's 2024 election forecast and fill in this electoral map based on the individual betting odds for Harris and Trump in each of the 50 states. And so we're going to do this a little bit differently. We're going to fill in this map based on poll closing order. In case you didn't know, voting doesn't end in every single state at the same time. It'll end first in states on the east coast. So we'll fill in those first and then move our way slowly out west so you can see how the map will actually fill in on election night. And so we'll start off with the states where polls will close at 7 p.m. These are going to be the first batch of results that we get on the night of November 5th. And so in terms of margins, a solid state is any state where either candidate has an over 95 percent chance at winning. Between 75 to 95 will be likely, 55 to 75 will be lean, and between 50 to 55, those states will be categorized as being tilt. And so looking at these first six states, Donald Trump is easily on track to win in Indiana, Kentucky, and South Carolina. He has a virtually 99 percent chance at winning all three of these states. Three states he's won easily in both of the last two elections, while Kamala Harris is going to win Vermont. Only Virginia and Georgia are more competitive. And so beginning in Virginia, Kamala Harris has an 89 percent chance at winning. This is pretty good, but you have to consider the fact that Trump still has an 11 percent chance at winning a state. If Joe Biden hadn't dropped out, Trump would probably be the favorite in Virginia right now. In fact, before Biden exited the race, Donald Trump actually took the lead in the polling average. And at one point, Democrats only had a 57 percent chance at holding on to the Commonwealth of Virginia, which has shifted to the right. And so on this map, the only thing this is going to reflect is the odds of winning, not the actual margins. In terms of the margins, there's no way Kamala Harris is going to do better than Joe Biden. She's lucky if she can even win by half of Biden's 10 point margin. But in terms of absolute victory, Kamala Harris still maintains her spot as the frontrunner in Virginia. So it's going to be a likely blue state. While down in Georgia, Donald Trump is the favorite here. He has a nearly 60 percent chance at taking back the Peach State. Keep in mind, this state voted Democrat in the last election. Joe Biden narrowly won it by a 0.24 percent margin. This was the closest state in the entire country. And right now, the consensus is that Donald Trump is going to win Georgia back, a state that he carried by over five points just eight years ago. At one point, he had a nearly 80 percent chance at winning. His odds are slightly lower today. But there's no doubt he is going to win the state back. And this will be a crucial step in helping Trump get back to the presidency. Next up at 7.30 p.m., voting will end in Ohio, West Virginia and North Carolina. And first off, we're going to get West Virginia out of the way. Trump is going to win the state by"
7428262056131874078,https://www.tiktok.com/@philrosennn/video/7428262056131874078,Betting markets could change elections FOREVER...@Kalshi Exchange @Polymarket  #election #trump #harris #news #financialnews ,2024-10-21T16:11:00.000Z,194,2,13,43,4388,44,"election, trump, harris, news, financialnews",Phil,2747,False,US,betting odds election,"betting_market, kalshi, polymarket, prediction_market","description, transcript",YES,"Betting markets could change elections forever. Millions of dollars worth of bets give Trump a 16-point lead on Harris right now, according to Calshi. That's a way wider margin than most mainstream polls. The question is whether betting markets are more or less reliable than traditional surveys where opinions are free. In theory, betting markets are more honest because people put real money on the line. And skin in the game should make opinions more concrete. But critics say betting markets can be manipulated by supersized bets. But if prediction markets like Calshi end up being right in November, it could mark the beginning of the end for traditional polls. More people will start paying attention to where money is going instead of what anonymous surveys are saying. For now, it's anyone's guess. What do you trust more at this point? Leave a comment and let me know."
7432438624785894698,https://www.tiktok.com/@milliondollartiktok56/video/7432438624785894698,Latest betting odds on the U.S. Presidential Election Credit: @Polymarket ,2024-11-01T22:17:55.000Z,6,,0,1,326,66,,Million Dollar TikTok,199,False,US,betting odds election,"betting_odds, polymarket",description,YES,you you you
7406035115685596448,https://www.tiktok.com/@electrictimenews/video/7406035115685596448,Part 2 The 2024 Election Map Based On Betting Odds From ALL 50 STATES!#2024 #electiontime #breakingnews #news #politics #trump2024 #trump #map #foryou #harris ,2024-08-22T18:38:51.000Z,35,2,4,2,8568,179,"2024, electiontime, breakingnews, news, politics, trump2024, trump, map, foryou, harris",Electric Time News,45600,False,US,betting odds election,betting_odds,description,YES,"is the favorite, and we will be giving her the state's five electoral votes. Next up, we have Virginia, a state Biden probably would have lost if he had stayed in the race. In fact, the odds for the incumbent president here went as low as 57% right before he dropped out. But with Kamala Harris down in the race, Democrats are doing slightly better. They have an 85% chance at holding onto a state that they won by a double-digit margin four years ago. Virginia was shifting to the left throughout most of the early 2000s and the 2010s. However, in just the last four years, it has shown signs of going back to the right. Before 2008, Virginia was a generally conservative state. However, in 2021, despite having gone to the left for over a decade, the state elected a Republican governor in Glenn Youngkin. And so Trump is on track to performing better than he did here four years ago, as polling for Harris in Virginia hasn't been the greatest. The Commonwealth of Virginia is also going to be likely blue. And so will New Hampshire, a state that has been close in the past, especially in 2016. Trump came within half a percentage point of defeating Hillary Clinton in the granite state. But today, Kamala Harris does have a slight edge, with an 82% chance at holding onto a state Biden won by seven points in the last election. And the final likely blue state is going to be the state of Maine. It's two at large votes are expected to go to the vice president. She has an 83% chance at winning here. So Maine will be likely blue. And so will the second district of Nebraska. Kamala Harris has a 78% chance at holding onto the district that Biden flipped in 2020. Before we continue, only 12% of you guys are actually subscribed. So please take the time to subscribe right now for more content like this leading up to the election in November. We're now going to get into the likely states for the former president states. He has between a 75 to a 95% chance at winning. And so some of these are going to be pretty obvious. I mean, starting off in Alaska, of course, Trump is going to win here for a third time in a row. He has a 91% chance at holding onto the state. So Alaska is going to be likely red. We also have Iowa and Ohio, two states that used to be part of the Obama coalition in both 2008 and 2012. In 08, Obama won Iowa by nearly 10 points and Ohio by nearly five. In 2012, he did slightly worse, but still won them by comfortable margins. Fast forward just four years. In 2016, Trump flips both of these states and wins them by larger margins. Iowa by 9.4, Ohio by 8.1. They are now firmly within the Republican categories. Just look at Iowa. Trump has a 92% chance at winning. Ohio, Trump has an 88% chance at victory. So there's no doubt Trump is going to win Iowa and Ohio for a third time in a row. The second district of Maine, Trump has a 78% chance."
7416174274274168096,https://www.tiktok.com/@electrictimenews/video/7416174274274168096,The 2024 Election Map Based On Betting Odds From ALL 50 STATES!#2024 #election #breakingnews #news #politics #democracy #trump2024 #trump #harris #foryou ,2024-09-19T02:24:06.000Z,48,,6,1,10700,170,"2024, election, breakingnews, news, politics, democracy, trump2024, trump, harris, foryou",Electric Time News,45600,False,US,betting odds election,betting_odds,description,YES,"but this is definitely one to watch as Trump has been very competitive there in the past. Up in Maine, Kamala Harris has an 89 percent chance at winning. Her odds are slightly higher than what they are in New Hampshire. However, this is the state where polling between Biden and Trump showed Trump to be in a very good position. If Joe Biden had to drop down, Maine would probably be a tilt-blue state or even maybe a tilt-red state. But due to Democrats swapping their nominees very late in the game, they do have a slight advantage now in Maine, a state that Joe Biden won by nine points in the last election. Again, Kamala Harris is not going to get anywhere near that margin, but she is definitely the favorite in terms of winning the state overall. The first district is going to be solid blue, and the second is going to be lean red. And finally, in Pennsylvania, these 19 electoral votes are crucial for both candidates, because if Donald Trump wins all the other states he's expected to win, and if he can win North Carolina and Georgia by winning Pennsylvania, he will basically be guaranteed to get to at least 270 electoral votes. And as of right now, the former president has a 51 percent chance at winning the keystone state, so it is going to be tilt-Republican. It is no doubt very, very close. Both campaigns are fighting hard, but Donald Trump is on track to win back a state he won eight years ago. He lost narrowly in 2020, but Joe Biden was a much better nominee four years ago than Kamala Harris is today, and so Pennsylvania is going to be tilt-red on our map, essentially cementing a Trump victory. At 8.30 p.m., polls will close in Arkansas. This is the only poll closing at this time, and Trump has a 99 percent chance at winning the state. And fast forward another 30 minutes, at 9 p.m. Eastern Time, voting will end in these states highlighted in yellow. In total, they're worth 157 electoral votes, and they include key states like Arizona, New Mexico, Texas, Minnesota, Wisconsin, and Michigan. At this point, after this poll closing, you can kind of see who really is on track to win the night, and so we're going to start off with the safe states for both candidates. Donald Trump is easily going to win in the Dakotas, in Wyoming, as well as all of Nebraska, except the 2nd District, which is going to be likely blue at this point in time. Joe Biden won it by nearly seven points four years ago. We also have Kansas and Louisiana, while Kamala Harris is on track to win in both Colorado and New York. We do have three competitive states up in the Midwest, though. Starting off in Minnesota, this is Tim Wells' home state. He was chosen recently to be Kamala Harris' running mate. If Kamala Harris didn't enter the race, it was still Joe Biden. Trump would probably be the slight favorite right now in Minnesota, but as a result of Kamala Harris' replacement of Joe Biden at the top of the Democratic ticket and her ability to choose a new vice president, that being Tim."
7405408231067045166,https://www.tiktok.com/@societyseventysix/video/7405408231067045166,Trump takes BACK THE LEAD on Polymarket betting odds #election2024 #kamala #trump2024🇺🇸 #trump #presidentialelection #foryou #harris #polymarket ,2024-08-21T02:06:11.000Z,355,3,13,9,8444,,"election2024, kamala, trump2024🇺🇸, trump, presidentialelection, foryou, harris, polymarket",Society ‘76,2285,False,US,betting odds election,"betting_odds, polymarket","description, hashtags",YES,"You know what? If you want Donald Trump to win, then say it!"
7548755479724444941,https://www.tiktok.com/@4024x3r1/video/7548755479724444941,2028 Democratic Nominee Betting Odds Are In! 💰🎥 #politics #foryou #fyp #tiktok #stevenrichardma ,2025-09-11T09:06:57.000Z,23,,0,1,1199,71,"politics, foryou, fyp, tiktok, stevenrichardma",4024x3r1,5,False,US,betting odds election,betting_odds,description,YES,Here are the current betting favorites for who will become the 2028 Democratic presidential candidate. Coming in at number 8 we have ESPN legend Stephen A. Smith with a 5% chance of being the next Democratic candidate which he has recently said that he does have interest in doing so. Coming in at number 7 we have Wes Moore who is the Governor of Maryland and he's actually relatively popular. He won with 64% of the vote in the previous election and he has a 6% chance of being the next candidate. Coming in at number 6 we have Alexandria Ocasio-Cortez otherwise known as AOC. She also has a 6% chance of being the next candidate which is actually surprising. I thought she'd be higher up on the list. She's actually recently made headlines campaigning with Bernie Sanders and they've been actually filling out some extremely large crowds so this is actually good value because I'm thinking that that percentage could actually go up in the near future. Coming in at number 5 we have Gretchen Whitmer who is the Governor of Michigan. Now she also has a 6% chance of being the next candidate. Now she only won her previous election with 54% of the vote but that is an improvement from the previous election she was in which she only won with 52% of the vote and Michigan is a battleground state so you're not going to get like a 65% plus unless you're extremely popular.
7426131320549510431,https://www.tiktok.com/@hunteralexanderhowell/video/7426131320549510431,#donaldtrump #kamala #usa #usa_tiktok #usa🇺🇸 #vote ,2024-10-15T22:22:30.000Z,17100,290,696,506,497700,32,"donaldtrump, kamala, usa, usa_tiktok, usa🇺🇸, vote",Hunter Howell💜,137400,False,US,betting odds election,betting_odds,transcript,YES,"Breaking fucking news, Donald Trump will win the election. According to Polly Market, which is the betting odds, he's at an all-time high with a 13% lead against Kamala Harris. People are putting a lot of money into this, suggesting that Trump will win. I am telling y'all, y'all can be mad, y'all can be happy, he's going to win Georgia, North Carolina, probably Arizona. I think that Wisconsin-Michigan will go blue, he'll win Pennsylvania, he'll win the election. Stay blessed."
7433194622358195502,https://www.tiktok.com/@trending_with_ty/video/7433194622358195502,Its decided Trumps gonna win #election #vote #polymarket ,2024-11-03T23:11:34.000Z,1193,20,62,98,91800,9,"election, vote, polymarket",trending_with_ty,2727,False,US,polymarket trump,polymarket,"description, hashtags",YES,"What's this? Breaking news? Trump set to win? 55 to 48? Guys, the evidence is just continuing to stack up. I don't think Kamala's got any chance anymore."
7613384597627243799,https://www.tiktok.com/@clips_flips5/video/7613384597627243799,Polymarket #viralitypoly #Trump#gamble#2026 ,2026-03-04T13:00:43.000Z,33,,2,0,371,14,"viralitypoly, trump, gamble, 2026",Polymarket Clips,4,False,PL,polymarket trump,polymarket,description,YES,"Bro, what? Will Trump say waste this week? 23%? Bro, this can't be right."
7619987639470460181,https://www.tiktok.com/@mathh676/video/7619987639470460181,follow for more like this #polymarket #donaldtrump #fyp ,2026-03-22T08:03:58.000Z,23,,0,2,479,11,"polymarket, donaldtrump, fyp",mattheo,9,False,PH,polymarket trump,polymarket,"description, hashtags",YES,Will Trump say crypto or Bitcoin this week? I've also signed historic executive orders to end the federal government's war on crypto. Yes.
7521742829174000951,https://www.tiktok.com/@laneodoshwog/video/7521742829174000951,"El FBI incauta el teléfono del CEO de Polymarket, después de que la plataforma de apuestas predijera la victoria de Trump #trump2024 #hialeah #cubanosenhialeah #polymarket #conservative #trump2024🇺🇸 #conservadores #cubanosenusa #Trump",2025-06-30T14:04:02.000Z,45,,6,1,4929,67,"trump2024, hialeah, cubanosenhialeah, polymarket, conservative, trump2024🇺🇸, conservadores, cubanosenusa, trump",laneodoshwog,9441,False,US,polymarket trump,polymarket,"description, hashtags",YES,"Last hour, the FBI seized the phone of the CEO of PolyMarker after the betting platform predicted the victory of Donald Trump. The FBI agents raided the apartment in Manhattan of the CEO of PolyMarker, Shane Copland, on Wednesday morning, just a week after the electoral betting platform predicted Donald Trump's impressive victory, according to the New York Post. The 26-year-old businessman was awakened from his bed at 6 a.m. by the American police, who demanded that he hand over his phone and other electronic devices, a source close to the magnate said. It is the great political theater in its worst moment, the source said. They could have asked their lawyer for any of these things. Instead, they organized a raid to be able to leak it to the media."
7433139980995743006,https://www.tiktok.com/@upcloseinsights_/video/7433139980995743006,His numbers keep falling #polymarket #2025election ,2024-11-03T19:39:41.000Z,43,,2,21,1234,20,"polymarket, 2025election",upcloseinsights_,25,False,US,polymarket trump,polymarket,"description, hashtags",YES,"The election is only a couple days away and Trump's numbers have been falling more every day on Polly Market. He was leading at almost 60% a week ago and today he's only in the lead at 53.9%. And Kamala is starting to catch up at 46.1%. We shall see what happens in the next couple of days, I guess."
7434373586258840874,https://www.tiktok.com/@trending_with_ty/video/7434373586258840874,Polymarket has been calling it for days and Trump actually won! #election #trump2024 #polymarket,2024-11-07T03:26:33.000Z,194,7,21,7,11000,26,"election, trump2024, polymarket",trending_with_ty,2727,False,US,polymarket trump,polymarket,"description, hashtags",YES,"Oh my gosh, the next president of the United States is none other than Donald Trump. You heard it here first, folks. On Polly Market, they didn't lead us wrong. They were saying Trump was leading, and there he is, 100%. He won the popular vote, he won the electoral college, Republicans are leading in the House and in the Senate. I mean, there was haters, but we overcame the haters. Trump. Way to go, man."
7558987828378537227,https://www.tiktok.com/@crypto.spot.signal/video/7558987828378537227,Market Update  9 okb 2025 POLYMARKET TRUMP COIN #pol #polymarket #officialtrumpcoin #trumpcoin #cryptonews ,2025-10-08T22:53:28.000Z,8,1,0,0,269,27,"pol, polymarket, officialtrumpcoin, trumpcoin, cryptonews",Crypto Spot Signal,1587,False,ID,polymarket trump,polymarket,"description, hashtags",YES,🎶 Music Outro 🎶
7597644314117754130,https://www.tiktok.com/@amadeusgulan/video/7597644314117754130,bro just predicted trump to say a single word in January.🙏📈 #trump #polymarket,2026-01-21T03:00:23.000Z,336,178,41,5,20500,17,"trump, polymarket",Amadeus gulan,122,False,NG,polymarket trump,polymarket,"description, hashtags",YES,"will trump say fuck? or fucking or fucked in january? sigh he's offered everything, you know why? you know why? because he doesn't wanna fuck around"
7618961248654314760,https://www.tiktok.com/@polmar06/video/7618961248654314760,Bro exposing Trump ☠️ #trump #viralitypoly #polymarket #fyp ,2026-03-19T13:40:58.000Z,7,,0,0,210,39,"trump, viralitypoly, polymarket, fyp",polmar,5,False,PH,polymarket trump,polymarket,"description, hashtags",YES,"Will Trump be impeached by the end of 2026 14% chance? No way Trump at this point is just part of the system like he ran and acted like he was gonna be a man of the People but he's bought and paid for he's like a Roman Emperor or something literally just enriched himself and his family for the next 100 years 150 years more than that like his great great great great great Grandchildren are good. He sold out like I voted for Trump, but the dude absolutely sold out 14% chance of him getting impeached. He's bulletproof. He's covered. He's playing ball with the deep state at this point He's good to go. He's owned by the government. Yeah, no ways getting impeached. No"
7619445829794876693,https://www.tiktok.com/@papo.critico/video/7619445829794876693,Polymarket previu vitória de Trump #Polymarket #Trump #MercadosPreditivos #EleicoesEUA #Previsoes,2026-03-20T21:01:21.000Z,5,,0,0,184,15,"polymarket, trump, mercadospreditivos, eleicoeseua, previsoes",Papo crítico 🎙️,326,False,BR,polymarket trump,polymarket,"description, hashtags, transcript",YES,Predictive markets are more efficient and effective at predicting what's going to happen than public opinion research. It's in the American election. The polymarket got it right that Trump is going to be elected while the researches said it was the opposite. That's it. It was very famous.
7598534328691281159,https://www.tiktok.com/@davecryps/video/7598534328691281159,Bro made $56k betting on what Trump going to say 😩🫡 #polymarket #crypto #trading #fyp #predictionmarket,2026-01-23T12:34:03.000Z,147,40,26,11,8789,127,"polymarket, crypto, trading, fyp, predictionmarket",davecryps,99,False,NG,polymarket trump,polymarket,"description, hashtags",YES,"Will Trump say drugs this week? 4%? You're going to buy the drugs. Yeah. So I'm glad like you watched the first clip that I posted in this video. Like that actually explained, uh, that actually explained what I'm trying to talk about. If I open the market and look at a guy, the guy, the, uh, one guy did was just like, it puts a, what's it called? Uh, it puts, um, $2,000 on, on a particular tree. It seems that Trump is going to really mention this thing. I mean, Trump was interviewed to say that he's going to mention drugs. It's going to be $2,000 swing on 56,000 of us percent. That's how public market works. You understand that sometimes you bet on probability. Sometimes you bet on a sudden event like, Oh, no way. Trump's going to really say things like this. You understand that? I am so sure of that. And I mean, it was around like 4% that he bet on that. It came to around 4%, that's 4% that's what I really like. That's why he really booked something like that. Because it was like, it's probability. You understand? People are not so sure like maybe he's going to say drugs or any other thing. So it's just like, it's short to give just to show you how public market works. So when I said in my last video that I said, I'm going to really be dropping more content about public market. And I said, I'm going to really be pushing more content about public market, trying to, you know, trying to open more eyes of people to like, open more eyes of people, like, you know, to this thing. And to also get an advantage of, uh, you know, advantage of it. I know, uh, I see a lot of people talking about it already, but I want you to look around, like, I mean, around new countries and I mean, around the world in general, like, who gets to know that there's another way, like make money, betting on probability, betting on an event that you show up. And for me, I'm kind of so much focused on crypto because sometimes when I see crypto news, I'm just like, oh, this is going to really pay off. And that's what I'm doing with people that are around me. And if you really want to be, you know, like if you want to be part or you wanted to be like, wanted to be part of it, just reach out to me. Thanks for watching my content. My name is Dave Bruce. If you like this video, like, like even like what I'm doing here, like all the shit. Thanks for watching. Thank you."
7524740781127519510,https://www.tiktok.com/@clipping.exe5/video/7524740781127519510,Ain't no way this happened Trump @Polymarket ,2025-07-08T15:57:24.000Z,3,,0,1,12,6,,Clipping.exe,3,False,US,polymarket trump,polymarket,description,YES,"No, fuck that! All y'all can say, y'all got me fucked up! All my money, y'all got me fucked up!"
7614108758590934294,https://www.tiktok.com/@predictionmarket.trader/video/7614108758590934294,People are having way too much fun on polymarket. #polymarket #viral #fyp #trending #trump ,2026-03-06T11:50:50.000Z,26,2,4,2,376,14,"polymarket, viral, fyp, trending, trump",predictionmarket.trader,61,False,GB,polymarket trump,polymarket,"description, hashtags",YES,"Bro, what? Will Trump say waste this week? 23%? Bro, this can't be right. Just listen to some of the appalling waste. Yeah!"
7543244618213772552,https://www.tiktok.com/@digital_ascensoin1/video/7543244618213772552,"Donald Trump Jr. invests double-digit millions"" into crypto prediction platform F Polymarket. What does he know? #trump #donaldtrumpir #polymarket #crypto #investing",2025-08-27T12:41:45.000Z,3,,0,0,208,33,"trump, donaldtrumpir, polymarket, crypto, investing",DIGITAL ASCENSION TEAM,16500,False,US,polymarket trump,polymarket,"description, hashtags, transcript",YES,"Donald Trump Jr. invests tens of millions of dollars into crypto prediction platform, PolyMarket And if you guys didn't know, PolyMarket is a crypto prediction platform That accurately predicted the election for every single state, including all the swing states That's how good this platform is And so if Donald Trump Jr. is investing tens of millions of dollars into this platform Just keep your eyes on it guys, it might go nuclear here soon"
7619306052017900803,https://www.tiktok.com/@predictionmarket.trader/video/7619306052017900803,Will Trump be impeached? #polymarket #viral #fyp #trump #ww3 ,2026-03-20T11:58:59.000Z,17,,0,0,247,40,"polymarket, viral, fyp, trump, ww3",predictionmarket.trader,61,False,GB,polymarket trump,polymarket,"description, hashtags",YES,"Will Trump be impeached by the end of 2026? 14% chance. No way. Trump at this point is just part of the system. Like he ran and acted like he was going to be a man of the people, but he's bought and paid for. He's like a Roman emperor or something. Literally just enriched himself and his family for the next 100 years, 150 years, more than that. Like his great, great, great, great, great grandchildren are good. He sold out. Like I voted for Trump, but the dude absolutely sold out. 14% chance of him getting impeached. He's bulletproof. He's covered. He's playing ball with the deep state at this point. He's good to go. He's owned by the government. Yeah, no way he's getting impeached. No."
7543650788405562644,https://www.tiktok.com/@peterparkercrypto/video/7543650788405562644,"Donald Trump Jr. invests ""double-digit millions"" into crypto prediction platform Polymarket.😱 What does he know? 🧐 #donaldtrumpjr #polymarket #crypto #xrpupdate #cryptocurrency.",2025-08-28T14:57:53.000Z,8,,2,3,451,33,"donaldtrumpjr, polymarket, crypto, xrpupdate, cryptocurrency",Peter Parker,9904,False,US,polymarket trump,polymarket,"description, hashtags, transcript",YES,"Donald Trump Jr. invests tens of millions of dollars into crypto prediction platform PolyMarket And if you guys didn't know, PolyMarket is a crypto prediction platform that accurately predicted the election for every single state Including all the swing states That's how good this platform is And so if Donald Trump Jr. is investing tens of millions of dollars into this platform Just keep your eyes on it guys, it might go nuclear soon"
7431318170633325854,https://www.tiktok.com/@upcloseinsights_/video/7431318170633325854,Crazy or brilliant? #polymarket #2024election ,2024-10-29T21:50:10.000Z,4,1,0,4,246,11,"polymarket, 2024election",upcloseinsights_,25,False,US,polymarket trump,polymarket,"description, hashtags",YES,"Did you guys hear about the Frenchman who placed $45 million on Polly Market that Trump is gonna win? Gotta say, that's a little crazy, but based on these numbers, he might be onto something."
7618211013292215565,https://www.tiktok.com/@markus.markets/video/7618211013292215565,Story time and polymarket explanation… #polymarket #22yearsold #polymarkettrader #polymarketrading ,2026-03-17T13:10:24.000Z,2963,122,758,42,74700,75,"polymarket, 22yearsold, polymarkettrader, polymarketrading",Markus.markets,6225,False,US,polymarket trump,"polymarket, prediction_market","description, hashtags, transcript",YES,"I'm a very normal dude, but just two weeks ago, I made a single trade on poly market that completely changed my life. And I've gotten so much attention from this that people have literally thought that I myself am an insider trader, a politician in Trump's cabinet, a military general. There's all sorts of speculation on Twitter. As much as I would love to glaze myself and say I'm super smart, I'm genuinely just a normal dude. When Trump dropped a big, over there in that one place, I locked in over a hundred thousand dollars of positions, 60 to 65 minutes before it became national news. Like before Trump went live, before anyone else knew. And I did this not because I'm an insider, but I was just copying people who are insider trading. I still don't really know how to feel about it. I'm not happy to tell my parents that this is how I made a bunch of money. But over the past two to three months, I think I've kind of realized that the world is a weird place and it's only gonna get weirder. And if there's an opportunity to make money, even if it's a little bit strange or it's something that you're not happy to tell your girlfriend's parents about, you should just do it. Because I think any easy or creative ways to make money online in the next year or two or three are going to go away for the everyday average person. And I think prediction markets like Polymarket are one of the best places to do that. But this goes for anything. This goes for making content on social media too. At some point, if you wait too long, none of it's gonna work anymore. So you should try to figure out how you can make money on it now. Anyways, my name is Marcus. I post prediction market content right here on this page. So if that sounds valuable to you, hit my page with a follow."
7454373908884606254,https://www.tiktok.com/@upcloseinsights_/video/7454373908884606254,🇺🇸 first! #polymarket #trump #maga ,2024-12-31T00:57:59.000Z,10,,0,32,917,15,"polymarket, trump, maga",upcloseinsights_,25,False,US,polymarket trump,polymarket,"description, hashtags",YES,Are you ready for a border like never before? This is the America's first future we've all been waiting for. While Trump's deportation action has a strong chance of happening based on this market with a 94% chance. What are your thoughts on this? Leave them in the comments and let's start a discussion.
7457323140146793774,https://www.tiktok.com/@political.popcorn/video/7457323140146793774,#trump #greenland #panamacanal #canada #polymarket ,2025-01-07T23:42:35.000Z,25,2,0,0,611,14,"trump, greenland, panamacanal, canada, polymarket",Political Popcorn,27,False,US,polymarket trump,polymarket,"description, hashtags",YES,"So I saw this silly bet on polymarking and I thought it was just somebody screwing around. Of course, we have $278,000. Turns out Trump said this at a Mar-a-Lago conference, saying we need Greenland and Panama Canal for economic security. And he can't assure he won't use military force."
7619025416665255182,https://www.tiktok.com/@polymarket/video/7619025416665255182,"During an Oval Office meeting on U.S.-Japan relations, Trump referenced Pearl Harbor in remarks to the Japanese Prime Minister.  There was no immediate public response from the Japanese leader. #news #trump #polymarket ",2026-03-19T17:50:04.000Z,87200,31000,7767,561,742000,23,"news, trump, polymarket",Polymarket,31300,True,US,polymarket trump,polymarket,"description, hashtags",YES,"Now, we didn't tell anybody about it, because we wanted surprise. Who knows better about surprise in Japan? Wow! Hey, why didn't you tell me about Pearl Harbor? Right? He's asking me. Do you believe in surprise? I think much more so than us. What? We're flying to Philadelphia!"
7457672455327468843,https://www.tiktok.com/@political.popcorn/video/7457672455327468843,#trump #greenland #polymarket ,2025-01-08T22:18:06.000Z,12,1,0,0,441,15,"trump, greenland, polymarket",Political Popcorn,27,False,US,polymarket trump,polymarket,"description, hashtags, transcript",YES,"Yesterday, this bet on PolyMarket was worth $278,000. In just one day, it jumped to $404,223. I'm guessing because more people heard what Trump said at his Mar-a-Lago conference. I don't think this will happen before July, though."
7616865777550888205,https://www.tiktok.com/@polymarket/video/7616865777550888205,Trump discusses Iran with Jake Paul.  #jakepaul #trump #polymarket #iran #news ,2026-03-13T22:09:53.000Z,10300,394,589,124,178200,16,"jakepaul, trump, polymarket, iran, news",Polymarket,31300,True,US,polymarket trump,polymarket,"description, hashtags",YES,"to have all these rights, meanwhile you're liberating We support gays, but they throw gays off the building."
7542966961953705271,https://www.tiktok.com/@therealbankofjharol/video/7542966961953705271,"Donald Trump Jr. just dropped double-digit millions into Polymarket, a crypto prediction platform where people bet on real-world events. This move could push prediction markets into the mainstream. 👀 #fyp #crypto #DonaldTrumpJr #Polymarket #breakingnews",2025-08-26T18:44:54.000Z,13,1,1,4,761,80,"fyp, crypto, donaldtrumpjr, polymarket, breakingnews",BankofJharol,598,False,US,polymarket trump,"polymarket, prediction_market","description, hashtags, transcript",YES,"Donald Trump Jr. has invested double-digit millions into a crypto platform called PolyMarket. Now for those that don't know, PolyMarket is what's called a prediction market. That means instead of buying stocks or coins, you're betting on real-world events. Things like, will a certain politician win an election? Will inflation go up or down? Will a company hit its goals or not? People put money on their predictions, and if they're right, they profit. PolyMarket has become the world's largest platform in the world for this, with billions of dollars traded across politics, economics, and other major events. Trump Jr. isn't just throwing money at it, he's also joining their advisory board, which shows he wants to play a bigger role in shaping the platform. And why does this matter? PolyMarket has recently received a $1 billion valuation, cleaned up past regulatory issues, and even acquired a licensed United States exchange, so they can operate more openly in the American market. So bottom line, this move is a signal that prediction markets and crypto as a whole are gaining attention from big names and some serious investors."
7611500425136606485,https://www.tiktok.com/@michaelwyann/video/7611500425136606485,POV JADI TRADER POLYMARKET!!  #polymarket #crypto #trump ,2026-02-27T11:09:14.000Z,338,49,145,13,16100,55,"polymarket, crypto, trump",michaelwyann,44300,False,ID,polymarket trump,polymarket,"description, hashtags",YES,"It looks like Trump will say this word in his speech. Let's check it out in PoliMarket. Let's focus on Mentions Market. Then we go to What Will Trump Say in February. There are a few words here. But based on my analysis, it's possible that Trump will say the word, Daddy. I don't know why, but in the past few months, Trump has said the word, Daddy. Let's check it out. The probability is around 8%. If we look at it, it's around 9%. I think it's too high, so let's limit the order, guys. Let's limit the order to 8%. I think this is a low probability, so high risk, high reward. Let's try $200. How much is the result if we use $200? It's around $2,500. Okay, let's just look at it. Okay, let's just look at it."
7619268297237810454,https://www.tiktok.com/@panemcoore/video/7619268297237810454,no way  #tjr #donaldtrump #polymarket #viralitypoly ,2026-03-20T09:32:28.000Z,11,,1,0,273,16,"tjr, donaldtrump, polymarket, viralitypoly",panemcore,23,False,IT,polymarket trump,polymarket,"description, hashtags",YES,"This is a guaranteed lock on this one. Every single month, it has been Trump. He was the most searched person on Google every month up until October. This is fucking free bread, bro."
7543643120408300814,https://www.tiktok.com/@getcryptwise/video/7543643120408300814,"Donald Trump Jr. invests ""double-digit millions"" into crypto prediction platform Polymarket.😱 What does he know?🧐 #trump #donaldtrumpjr #polymarket #crypto #investing #fyp #viral ",2025-08-28T14:28:18.000Z,4,,1,0,419,33,"trump, donaldtrumpjr, polymarket, crypto, investing, fyp, viral",getcryptwise,14400,False,US,polymarket trump,polymarket,"description, hashtags, transcript",YES,"Donald Trump Jr. invests tens of millions of dollars into crypto prediction platform PolyMarket And if you guys didn't know, PolyMarket is a crypto prediction platform that accurately predicted the election for every single state Including all the swing states That's how good this platform is And so if Donald Trump Jr. is investing tens of millions of dollars into this platform Just just keep your eyes on it guys. It might go nuclear here soon"
7570719425842728200,https://www.tiktok.com/@bee.cryptos/video/7570719425842728200,"HƯỚNG DẪN SĂN AIRDROP POLYMARKET: VỪA DỰ ĐOÁN KIẾM TIỀN, VỪA CÓ CƠ HỘI NHẬN TOKEN! Sẽ thế nào nếu mình nói ràng đây là dự án các bạn có thể kiếm được tiền ngay trong quá trình cày airdrop với những phương thức như: Cá tư là statoshi nakamoto?, Cá xem ông Trump có muốn gặp putin trong 1 buổi tối thân mật . Hay thậm chí là  Mỹ có công bố người ngoài hành tinh vào 2025 - đủ loại từ a → z...v.v. #beecryptos #airdrop #crypto #polymarket",2025-11-09T13:38:01.000Z,226,28,80,8,15900,883,"beecryptos, airdrop, crypto, polymarket",BeeCryptos,9273,False,VN,polymarket senate,"polymarket, prediction_market","description, hashtags, transcript",YES,"How would it be if I told you that you can make money in the process of telling your Europe through very vague ways like guessing whether Trump is Satoshi Nakamoto or not or whether Donald Trump has met Putin on one of those days in 2025 or even more vague than the US has announced that the US has an alien in 2025 It sounds pretty fake, right? Because you can make money from this Europe project in the process of telling Europe through guessing about a certain trend or event in the future Not to mention that the government has already confirmed that there will be a Europe project for young people to participate in through guessing those events The more you guess, the more you win because your chances of winning the Europe project will be higher As many videos before, this is the summary of the video If you are interested in any part, please watch that part For those who want to know more tips or tricks, don't miss any steps because in each step, there will be instructions as well as good ways to save money And if you like this video and want to receive more good content, don't forget to leave a like and share below Thank you very much Now let's get to business And that is the Polymarket project A project with a strange name It's called Prediction Market It's on Polygon This is a project where they will give you the right to predict an event or something in the future through two options, yes or no of many fields out there For example, if Donald Trump meets Putin one day in 2025 If you predict that he will meet Putin in 2025 you will be rewarded and get money Of course, if Donald Trump doesn't meet Putin in 2025 you will lose money for those who predict that he will meet Putin Because it's a new model, it seems a bit strange and unique at the moment so it attracts the most attention is many big investors in the industry Some big investors such as Coinbase Ventures, Dragon 5, Blockchain Capital, Rebit Capital These are big investors in the crypto industry The project is estimated to be worth $2.2 billion and estimated to be worth $9 billion I want you to know that this is a huge number for a project out there As for the possibility of the project's adoption just recently, the CMO of the project has confirmed that it will be adopted in the future with the token Poly And this reward will be given to those who participate in the prediction on the platform from very early According to the summary table, it is precious, month, year With an impressive circle of tokens and an estimated value of $9 billion I think the potential of this project is not to be denied If you can receive this project's reward, the reward will be extremely worth it Now I will guide you on how to participate in this project's adoption Now let's get to it First, at Bcrypto, you choose the Polymarket project Here are the project information, tokens, and the project's adoption ability Now I will guide you on how to participate First, you need to prepare the metamask which I have mentioned many times before For those of you who do not have a metamask, please download the metamask Then save 12 zip keys and password For those of you who have participated and already have a metamask, we will skip this step For myself, you can see here I already have a metamask here, so I will skip this step I will press the button to complete Second, we will have a task, the Polygon network task through the channel list Click here for me In here, we will have a Polygon wallet Click here to connect to the wallet Click the word Use Metamask Click Approve For myself, I already have it You can check the URL here I already have it, so I won't have it anymore After finishing this step, click here to complete I will need some money on my wallet Specifically, from $50 to $100 I will withdraw it on this wallet for me I have completed it The next step is to create an account through Polymarket Click here In this step, you will need 2 parts 1 is Logging 2 is Sync Up For those of you who already have an account, you will have Logging For those of you who do not have an account, you will have Sync Up I will click Sync Up I will open my Metamask wallet Connect Confirm I have created my account here My money is $0 Portfolio is $0 For this tutorial, I will show you how to choose campaigns How to withdraw money But I will not directly participate I will withdraw money on the platform Click here to complete Connect to Metamask Click here to complete After connecting to Polygon Click here Click on Deposit You will need to deposit from the following methods Deposit Transfer crypto Paypal I will click on Deposit I will have options like BNB Or other networks For those of you who already have money, you can deposit through those networks Click here to complete In the Profile section, I want you to know a little There will be parts like Leaderboard Rewards, ABY Each network is very important I will talk about each part Click here to complete As you can see, there is a step to deposit I have deposited I will not deposit again Now we will join Start predicting Due to some factors of the video I will not directly predict on the video But I will guide you on how to predict For example, we will have topics News Breaking news Politics Sports Finance Crypto In each of these factors, there is a part to deposit There are only 2 main options 1 is YES 2 is NO What is YES Usually these deposits will start with a question For example, I will use a deposit method Let me show you Here we will have the deposit The first is bitcoin How much In October 2019 That is, we will have 9 hours We have 8 hours left To decide whether to eat or not There will be 2 main prices The first will be the price Up to 98,000 The second will be the price Up to 100,000 100,000 100,000 100,000 100,000 Bitcoin 113,428 Bitcoin 113,428 BTC Bitcoin 113,428 Bitcoin 113,428 Bitcoin 113,428 BTC BTC Bitcoin Bitcoin Bitcoin Bitcoin Bitcoin Bitcoin Bitcoin Bitcoin Bitcoin Bitcoin Bitcoin Bitcoin Bitcoin Bitcoin Bitcoin feature feature feature feature feature features feature feature feature feature feature feature feature feature feature feature feature feature feature feature feature feature feature feature feature feature feature feature feature feature feature feature feature feature feature feature feature feature feature feature feature feature feature feature feature feature feature feature feature feature feature feature feature feature feature feature feature feature feature feature feature feature feature feature feature feature feature feature feature feature feature feature feature feature feature feature feature feature feature feature feature feature feature feature we we we we we we we we we we we we we we we we we we we we we we we we we we we we we we we we we we we we we we we we we we we we we we we we we we we we we we we we we we we we we we we we we we we we we we we we we we we we we we we we we we we we we we we we we we we we we we we we we we"
7437363749230480648,https://www.tiktok.com/@iblockchainedu/video/7437363749230480648,"💥Nghi vấn thao túng cuộc bầu cử tổng thống mỹ, CEO Polymarket bị fbi thu giữ điện thoại và các thiết bị điện tử #iblockchain #iblockchainedu #polymarket ",2024-11-15T04:49:53.000Z,271,11,23,21,23500,73,"iblockchain, iblockchainedu, polymarket",user53608500375,2498,False,VN,polymarket senate,polymarket,"description, hashtags, transcript",YES,"Hot, the FBI is investigating PolyMarket, a market-based platform after the US presidential election because it is suspected of political manipulation. On November 7, when the US election market closed, PolyMarket announced that Donald Trump was the winner, with a total transaction volume of $ 3.6 billion. Interestingly, although the major polls showed a 50-50 support rate between Trump and Harris, PolyMarket showed a different result. Not long after, the FBI confiscated Shane Copland's phone and electronic devices, the founder of PolyMarket, at his home in New York. This move made many people doubt the true purpose of the investigation. According to the New York Post, the FBI is conducting this investigation under the pretext of manipulating the market and intending to make a favorable election result for Trump. Which this article describes as a political race from the current administration. Mr. Copland has spoken on social media, accusing the administration of falsely accusing their companies of not supporting him. He affirmed that PolyMarket always maintains a neutral stance and is proud of the value it brings to millions of users. Please leave your thoughts on this matter in the comments and don't forget to follow iBlockchain to update the latest information. Thank you for watching the video."
7432369137298541866,https://www.tiktok.com/@andrewawesome59/video/7432369137298541866,Polymarket #election #gambling #kamala ,2024-11-01T17:48:17.000Z,41,3,5,21,8864,76,"election, kamala",Andrew Awesome,41000,False,US,polymarket senate,polymarket,"description, transcript",YES,These gambling markets are one final grift to try to take as much money from MAGA people as possible. They're trying to convince you that he's a lock-in to win the president because even the polls are telling you it's neck-and-neck but yet these gambling markets tell you he has a 65% chance to win. And let's take a look at the Robinhood numbers so I can prove it to you. I mean on Robinhood you actually have to be human and use an ID and you can see here she's got millions of more contracts for her than Donald Trump does and this is four days out from the election. It's getting closer to 50-50. Hmm but let's take a look a couple days ago. If you take a look at like six days out you could see that they were charging way more for Trump support than her even though again she has a lot more people making contracts on her side. It's interesting that they're charging more for the Trump one. I wonder if it's based off of those poly market polls and those other gambling polls that are skewing it to one side. I think there's some tomfoolery going on here. It's really easy to put money on one side to skew it to try to bring people into that side and then suddenly make your big bet for Kamala Harris. One thing's for sure is people don't like to lose money especially really rich and wealthy people but they can use their money to try to influence us peasants to make simple decisions. So I'm not saying anyone should gamble. You shouldn't gamble at all but I'm against this. I think you should be careful about what you think about these polls. Also I saw another content creator talking about this. If you see that original video because I looked into this after he did this video please tag me or tag him here so I can give him credit. Thank you.
7599687508598820103,https://www.tiktok.com/@qubostream/video/7599687508598820103,"Cuidado con los gráficos que comparten los candidatos. 🚨 Polymarket es un CASINO, no una urna electoral. Te explicamos la trampa narrativa de esta campaña. 📉💸  #polymarket #elecciones2026 #peru #marketingpolitico #fakenews #qubo #tumejorversion #sermejores #fyp #parati #viral ",2026-01-26T15:08:58.000Z,20,1,1,2,783,106,"polymarket, elecciones2026, peru, marketingpolitico, fakenews, qubo, tumejorversion, sermejores, fyp, parati, viral",qubostreaming,3971,False,PE,polymarket congress,"betting_market, polymarket, prediction_market","description, hashtags, transcript",YES,"Lately, publications of candidates and other political actors are appearing, showing results of Polymarket as if they were public opinion polls. And here we have a very serious problem. Polymarket is not a pollster. Polymarket does not apply statistical methodologies, does not work with representative samples, does not segment by region, age, socioeconomic level, etc., etc. Polymarket is a betting platform, a prediction market where people bet money on future events, like who wins an election, if there will be a war, how much will the dollar cost, or who will be the next president of a country. Thus, what Polymarket shows is not a public opinion study, it is betting money, it is not an electoral preference. Let's look at the case of the presidential elections in Bolivia. This is what Polymarket showed a day before the elections. According to this betting platform, Rodrigo Paz did not exist electorally, he was irrelevant to the bettors, but that was not the reality. Because Rodrigo Paz went to the second round and won those elections, and today he is president of Bolivia. That is why we cannot use a betting platform as if it were a survey, because one thing is public opinion, and another thing is money betting futures. And its use is more of a narrative strategy, and every narrative strategy has a goal, build perception, create legitimacy, create a majority feeling, and condition a political behavior. As we see, Polymarket is a betting market, but the market does not vote. People do. I'm Carlos Helfer and this was Polidatos de Cubo. See you on social media."
7514941044715212037,https://www.tiktok.com/@republikrupiah/video/7514941044715212037,Polymarket adalah aplikasi konsumen tersukses di kripto. Twitter mengumumkan Polymarket sebagai pasar prediksi resminya. xAI juga menambahkan analisis Grok ke website Polymarket!,2025-06-12T06:09:30.000Z,198,8,63,2,10100,53,,Republik Rupiah,20000,False,ID,polymarket congress,"polymarket, prediction_market","description, transcript",YES,"Polymarket, the official prediction market of Twitter Polymarket is the most successful consumer application in crypto The market is the place where the results of political, economic, sports, entertainment, etc. The volume of trading rose in November 2024 because of the US Peel Price After that, the Polymarket remained relevant In 2025 alone, the volume of trading has exceeded 5 billion dollars The good news is that Twitter announced Polymarket as the official prediction market XAI also added AI analysis to Polymarket's website Combining Twitter data and Grogg analysis There is speculation that Polymarket can be directly from Twitter's UI This has the potential to increase the distribution of Polymarket users Because Twitter has 600 million users Half a billion accounts will be exposed to crypto Full details of Polymarket and Twitter's agreement Still not released, but this is big news for our industry"
7577872082730569015,https://www.tiktok.com/@betwithjosh/video/7577872082730569015,He predicted it like he had the script on @polymarketsports 😭⚡ this moment is actually insane 💀🔥#money #polymarket #politics #trump #sportsbet ,2025-11-28T20:14:28.000Z,20,1,1,0,901,9,"money, polymarket, politics, trump, sportsbet",betwithjosh,17,False,US,polymarket congress,polymarket,"description, hashtags",YES,Thanks for watching!
7529559061050772749,https://www.tiktok.com/@polymarket/video/7529559061050772749,2028 election markets are LIVE on Polymarket 🔥 #election #usa #news #politics #lebron #edit #fyp ,2025-07-21T15:35:20.000Z,152,17,10,2,9701,25,"election, usa, news, politics, lebron, edit, fyp",Polymarket,31400,True,US,polymarket congress,polymarket,description,YES,"We're in the White House right now, this is like..."
7613175046449696031,https://www.tiktok.com/@bloombergbusiness/video/7613175046449696031,NYSE President Lynn Martin discusses the partnership with Polymarket and how prediction markets are impacting traditional markets on the sidelines of the #BloombergInvest Conference in New York. #markets #investing #finance #money ,2026-03-03T23:27:38.000Z,823,40,90,11,31400,102,"bloomberginvest, markets, investing, finance, money",Bloomberg Business,1000000,True,US,polymarket congress,"polymarket, prediction_market","description, transcript",YES,"You have a poly market investment. Give us an update on how that partnership is going. And, and I'm curious if you would consider just doing prediction markets yourself. Yeah. I mean, if there's a regulatory framework that allows for us to do it, we absolutely would, would look at that as an opportunity, but our, to your question, your initial question is our investment in poly market. The partnership's going incredibly well. We announced an investment in poly market, about a billion dollars last fall. It was really focused more on the data side and giving transparency, particularly when you look at how the data is impacting your more traditional markets. As great example is, which I love to tell people is I was on the floor on election night and I remember looking up and you've been to the New York stock exchange. You see all the technology and market data that is, um, that is broadcast every day from there, and I saw the market starting to spike up. I said, well, what just happened? The S&P futures in particular started to spike up. I said, what just happened? And someone said, poly just called the election for president Trump. And that was more like a double click moment. Like, Oh, interesting that the prediction markets are influencing what is occurring in your more traditional markets. You look at everything that's gone on this past weekend, the Strait of Hormuz, which we've all been focused on. How is that impacting energy markets? Our parent company is the leader in energy futures contracts. So what you see on poly market around news and sentiment around the Strait of Hormuz is impacting what happens in our energy market."
7617884240289762580,https://www.tiktok.com/@leticiatijerinam/video/7617884240289762580,Continuación del bot de polymarket Aprendizajes: -Los mercados actuan diferente cuando este es alcista/bajista o esta choppy. El Bot por consecuencia necesita diferentes estrategias o ajustes. (De igual manera afectan las horas del día…cuando hay mas manipulacion es en el tiempo de Asia) -La latencia es sumamente importante aun con un bot necesitas un VPS….el humano no tiene la capacidad de hacer tantos trades por segundo o minuto. -El paper trading no siempre es real ya que cuando compras en polymarket lo compra en otro precio (aveces) y es aqui donde se tiene que arreglar (es por cuestión de segundos) Problemas  -Whales manipulan el precio cuando quedan 20 segundo en la vela y cambian las estadisticas en segundos (el reto es con con el kappa se pueda lograr prevenir o salirte de la posicion)  -Liquidez en cierto precio (aveces no hay y se tiene que testear)  Aclaración : NADA de esto es un consejos financiero. Do your own research #polymarket #bot #predictivemarkets #financetiktok ,2026-03-16T16:01:37.000Z,41,2,12,13,875,316,"polymarket, bot, predictivemarkets, financetiktok",Leticia,42500,False,MX,polymarket congress,polymarket,"description, hashtags, transcript",YES,"I'm going to explain more or less what I have managed to do with the bot, where I have had problems and how I am solving them. What happens is that what I started to do is to collect data to make an LSTM, which is a machine learning system. So first let's see what the predictive markets are, the 5-minute and the 15-minute bitcoin. There is also Solana, Ethereum and XRP. But I think 5 minutes is just bitcoin, the data has not been added. But keep in mind, there is a price to bid, which is where the candle opens. So if bitcoin ends up above where the candle started, that means it ended up up. And the same the other way around, if it ends below the price to bid, it's down. What these predictive markets do is to be with the probabilities of up, down, up, down. Everything I did, I added technical data like the RSI, the MACD to each of those minutes. Here you can see how in the candle 1214, here it says it is the time of Asia. Here I grab the bot, buy up, because machine learning was at 80%. Here it is telling you that the confidence of machine learning went down to 56%. So there is a probability that it is reverse. Here it won up, here are the seconds. Here it tells you the spot, minus 1 spot, how much was of each one. And the peak tells you that it was correct. So here it won $2.82. I had it running for a long time, it won $841, lost $291. It has a 74% win rate and $1,117. Remember that this is paper trading, this is not real. This is real, but no. I am collecting data, I am seeing how it works. And see everything I have here. This is the diagnosis it makes. So there it goes. Because what I realized is that it is very different when the bot trades in a market of the SISTA, in a market of the Bajista, and also when the market is choppy. Choppy means that Bitcoin does not move much. So the moment it goes up, I don't know, $30, $20. And it is $20 up, $20 down, $20 up, $20 down. So imagine the statistics, how they move in that scenario. They can go to $90 and then they go to $20. In addition to the strategy, the most important thing is latency. For us to be in Latin America and for not being close to the data centers, we have a disadvantage, or at least that is what I have investigated. The best thing you can do when you already have the bot is put it on a VPS and buy it online. So what I did was I bought a VPS that is in Amsterdam. I think they charge me about $20 a month. And the bot can be there 24 hours, 7 days a week without it falling. And the latency improves a lot. The resolution price is based on Chainlink. So my bot has had a 76% win rate and I have tested it in paper trading. Another of the big problems I have faced is that sometimes in these markets there is no liquidity. So if you buy or the bot tries to buy at 50%, it will still do it up to 60%. So I have seen that there are people who are putting little money, like cents, cents, just to see if there is liquidity or not. So what I am doing now is that I am collecting data from the Polymarket order book. Because even though I have a 75% win rate and it could look very nice in the bot, it is not the same in Polymarket. So what did I tell you? That if you buy, you buy at a different price. And then there is another factor. At the end of the 5 minutes, suddenly there are whales that manipulate the price. So you realize that there are 20 seconds left, the bot is doing well, and then out of nowhere everything changes. You realize that you are at 1%, a probability goes to 100%. I am using something called CAPA, which is a financial term, or mathematical, I don't know. And you realize that this is helping me to notice these anomalies. So if the whale buys a lot or something, let me know and save me the position because I'm going to lose."
7545918048289492231,https://www.tiktok.com/@successyd/video/7545918048289492231,"The *Commodity Futures Trading Commission (CFTC)* has officially granted approval for *Polymarket* to operate *crypto prediction markets* in the United States. This is a major milestone for decentralized finance and blockchain-based forecasting platforms. 🔍 *What’s the Big Deal?* Polymarket is a decentralized prediction market where users can bet on real-world outcomes—like elections, economic trends, or even celebrity news—using cryptocurrency. Until now, regulatory uncertainty kept platforms like this in a legal gray area. But with the CFTC’s green light, Polymarket can now legally offer its services to U.S. users under strict compliance guidelines. 💡 *Why It Matters* This move signals growing acceptance of blockchain-based financial tools by U.S. regulators. It could pave the way for more innovation in decentralized finance (DeFi), and it shows that prediction markets are being taken seriously as legitimate financial instruments. 🧠 *What’s Next?* Expect more platforms to follow suit, and for Polymarket to expand its offerings with increased transparency and user protections. This could also attract institutional interest and mainstream adoption. 📈 *Crypto Meets Wall Street?* With regulatory clarity, prediction markets might become a new frontier for data-driven investing, hedging, and even public sentiment analysis. #CryptoNews #Polymarket #CFTC #DeFi #PredictionMarkets ",2025-09-03T17:35:59.000Z,4,,0,0,201,,"cryptonews, polymarket, cftc, defi, predictionmarkets",user45361680071,4,False,MA,polymarket congress,"polymarket, prediction_market","description, hashtags",YES,Outro
7425088343102328097,https://www.tiktok.com/@electrictimenews/video/7425088343102328097,Part 3 SHOCKING NEW 2024 Electoral Map Based On Betting Markets#2024 #election #breakingnews #news #politics #democracy #trump #harris #trump2024 #foryou ,2024-10-13T02:56:47.000Z,52,1,5,2,5540,179,"2024, election, breakingnews, news, politics, democracy, trump, harris, trump2024, foryou",Electric Time News,45600,False,US,betting markets trump,betting_market,"description, transcript",YES,"have led in the Wolverine State in the betting markets since the end of July, nearly three months ago. And if you look at the odds just three weeks ago, Kamala Harris had a 68% chance of winning. She had nearly a 7 in 10 chance of winning Michigan in less than a month. And today, she isn't even the favorite anymore. So Michigan is also going to be tilt red on the map, a monumental flip for Donald Trump. And then in Pennsylvania, the last of the three blue wall states, it's not even going to be tilt in favor of Trump. It's actually a lean state where the former president has a 56% chance to win. It's not even close. And the colors on the graph are reversed, but that'll be fixed relatively soon. Donald Trump is the clear favorite in the Keystone State, which is probably the most important state on the map. It's very likely that whoever wins Pennsylvania is going to win the election entirely. And looking at the polls, Trump has also reached taken the lead in the average. He's ahead by 0.3% in leads in a majority of all the recent surveys. For context, at this point in 2016, Hillary Clinton led in Pennsylvania by 9.4%. In the end, she lost the state entirely. In 2020, Joe Biden led by 7.1. In the end, he carried Pennsylvania by just 1.2. So there's no doubt that Trump is in an unbelievably favorable position in must win Pennsylvania, which is going to be a lean Republican on the map. Coming down now to the lower Midwest, Iowa is going to be likely Republican. Trump has a 93% chance of winning just under the 95% threshold to be solid. It's going to be likely red on the map. Ohio is also going to be likely for the GOP. Trump has a 92% chance of winning, so once again, right under the 95 point threshold. And then Indiana and Illinois, they're obviously going to be solid for their respective parties. Illinois, solid blue. Indiana, solid red. Moving up now to the Northeast, virtually every single one of these states is going to be safe for Kamala Harris, New York, Vermont, Massachusetts, Connecticut, Rhode Island, New Jersey, Delaware, Maryland, and the District of Columbia, all solid blue, while New Hampshire is going to be likely blue. Kamala Harris has an 87% chance of winning. And then in Maine, her odds sit at 88, so both New Hampshire and Maine will be likely for the Democrats. The 1st District of Maine is going to be solid blue, and the 2nd District likely red. We're now going to come down to the South, where Trump is going to dominate. He's easily going to win Missouri, Arkansas, Louisiana, Mississippi, Alabama, Tennessee, Kentucky, West Virginia, and South Carolina. Only Virginia, North Carolina, Georgia, and Florida are even going to be remotely competitive. We're going to begin up in Virginia, where the Vice President has an 89% chance of winning. The state actually got very close at a moment in July."
7424886568927743264,https://www.tiktok.com/@electrictimenews/video/7424886568927743264,Part 1 SHOCKING NEW 2024 Electoral Map Based On Betting Markets#2024 #election #breakingnews #news #politics #democracy #trump #harris #trump2024 #foryou ,2024-10-12T13:52:05.000Z,162,2,14,12,7649,179,"2024, election, breakingnews, news, politics, democracy, trump, harris, trump2024, foryou",Electric Time News,45600,False,US,betting markets trump,"betting_market, polymarket","description, transcript",YES,"Trump is smashing Harris in poly markets new 2024 election forecast with 26 days left to go Trump has a Fifty five point four percent chance of winning He's flipped a number of key states in just the past two days and in this video We'll be taking a look at the 2024 electoral map based on poly markets new Projections will begin on the west coast where Washington, Oregon and California are all solid blue Kamala Harris has at least a 95% chance at winning these three states However, Nevada is going to be significantly more competitive Despite Joe Biden having won the state by over two points in 2020 today. We have basically a tie According to the markets Harris has a 52% chance at winning Trump at 49 In fact, this is the only state on the map where Kamala Harris is currently favored and she has just a three-point advantage So based on the betting markets, the silver state is going to be tilt blue but in the end it really could go either way next up in Arizona Trump has a two and three chance of winning the state isn't even close anymore Despite it having gone to Joe Biden in the last election He won it by 0.3 and Kamala Harris's performance in Arizona has been abysmal There's never been a point in time where she was the favorite in the state Even when she peaked during the Democratic Convention and so what we're seeing right now is that Democrats went through all the trouble to replace the nominee at the top of their Ticket and they're doing it just as badly as they were before Joe Biden dropped out Donald Trump has recreated the lead He was in before Harris became the nominee and he is on track to easily win Arizona at this time around According the polls he leads by 0.9% and as we all know Trump is never ahead in the polls And so Arizona is going to be lean red on our map moving on to Colorado and New Mexico Colorado is going to be solid blue with Kamala Harris at a 97% chance to win in New Mexico Her odds are at 91. In fact, the race got really close There was talk about Republicans potentially flipping the state before Joe Biden dropped out But now that Kamala Harris has replaced him as the nominee Democrats are in a better position So Colorado safe blue New Mexico is likely and then in neighboring, Texas The former president has a 90% chance at winning the odds here have been pretty stagnant throughout the entirety of the election cycle There's no doubt that if Donald Trump is going to win Texas for a third time in a row It is going to be likely Republican on this map and now to fill in all these states in the middle of the country Trump is easily going to win at Utah, Wyoming, Idaho, Montana, North and South Dakota all of Nebraska except its second district as well as Kansas and Oklahoma the second district of Nebraska is going to be likely blue Kamala Harris has an 89% chance at winning and then in a last"
7526726144280841527,https://www.tiktok.com/@qinoashi/video/7526726144280841527,"Betting on Trump not to fire Powell. Bought 300 “No” contracts at 82¢ — plan to scale up as the market overreacts to Trump headlines. Real-world forecasting, real money trades. #PredictionMarkets  #Kalshi  #TradingJourney  #HowToStartTrading",2025-07-14T00:22:02.000Z,22,3,5,2,779,61,"predictionmarkets, kalshi, tradingjourney, howtostarttrading",qinoashi,983,False,US,betting markets trump,"kalshi, prediction_market","description, hashtags, transcript",YES,"If Trump fires Jerome Powell, I'm going to lose a lot of money. This is day 6 of my prediction market challenge, and I've gone short to Jerome Powell out as Fed Chair contract. This means that I'm betting that Jerome Powell will stay as the Fed Chair. I've bought around 300 contracts so far at about $0.82 on the dollar, or around $250 worth of contracts. My view is that this contract is currently overpricing the risk of forced removal, and I think that the fair value is around $0.92 to $0.95 on the dollar. So here's why. First off, there's no real internal pressure from the Fed, and largely the International Monetary Community has rallied behind Powell, so I don't really see him voluntarily resigning before 2026. Now in regards to the potential removal, it's still up in the air if Trump has that ability to unilaterally remove the Fed Chair, but given that Powell's term ends within a year, and Trump has shown repeatedly that he is sensitive to sharp market reactions, I don't see Trump going ahead with an action that would definitely cause massive turmoil in the financial markets. I started this challenge with around $2,900 in the account, and this is what we look like now. Follow along for Day 7, I've got more positions coming on a bunch of different markets."
7559506291908005134,https://www.tiktok.com/@vivianasarrade/video/7559506291908005134,"Trump’s Nobel hopes fade despite Gaza deal: only 5% of bettors back ‘the peace president’.                                      Various betting markets shortened on Mr Trump’s chances with just hours to go before the announcement on Friday morning at 10am. In theory, the five-strong Norwegian Nobel Committee can change its decision up until the last minute. But in practice it is tricky, a source with knowledge of the process told The Telegraph. #trump #nobel #prize",2025-10-10T08:27:55.000Z,16,,2,14,1073,70,"trump, nobel, prize",vivianasarrade,466,False,US,betting markets trump,betting_market,description,YES,"And well, shortly after the announcement of the signing of the agreement between Israel and Hamas, the White House published a photo on social media, calling Donald Trump the President of Peace, highlighting that he has resolved eight international conflicts. On repeated occasions since his first term, Trump has insisted that he deserves to win the Nobel Peace Prize, which is granted tomorrow. I think I'm going to get a Nobel Prize for a lot of things, because they gave it out fairly, which they don't. I am asking them to give you the Nobel Peace Prize. I said, thank you. Many other people feel that way too. I'll probably never get it, but that's okay. They gave it to Obama. The Organization of Doctors Without Borders and the International Court of Justice with a 6%. And in fifth place, President Donald Trump with only 5% possibility."
7581244697214127390,https://www.tiktok.com/@dream.synth8/video/7581244697214127390,Betting markets suddenly surged to 80+% that President Donald Trump will declassify the UFO files ,2025-12-07T22:21:38.000Z,1,,0,0,559,,,Dream Synth,1588,False,US,betting markets trump,betting_market,description,YES,♪♪ ♪♪ ♪♪ ♪♪ ♪♪ ♪♪
7432345832596213034,https://www.tiktok.com/@ktrhnews/video/7432345832596213034,The betting markets say Donald #Trump will win the election. Listen to #KTRH for our election coverage on our free @iheartradio app. #Election2024,2024-11-01T16:17:50.000Z,109,8,4,5,1420,42,"trump, ktrh, election2024",KTRH News,17500,False,US,betting markets trump,betting_market,"description, transcript",YES,"The poll's finally catching up to the money. The betting market's been on Trump for a while now. Some platforms have Trump up as much as 64 percent to 34 percent against Kamala Harris. The people who are putting money on it can still be wrong, but they're much less likely to have another reason for telling you something. In other words, people don't bet against themselves. Political and economic analyst Jake Novak says the amount of money wagered on the election this year is significant too. I've seen a number around six billion dollars. The reason why that's going up is because the betting culture in America now has become incredibly pervasive. In the gambling market, Trump is also leading in a majority of the swing states. Our election night coverage next week kicks off at 7 p.m. Tuesday night on KTRH, KTRH.com and the iHeartRadio app."
7598249046184119565,https://www.tiktok.com/@oneminutewellness24/video/7598249046184119565,"Betting Odds Shift As Questions Rise Over Trump’s Time In Office Betting markets tracking political outcomes show shifting odds related to former U.S. President Donald Trump and the possibility of an early departure from office. Analysts note that betting odds reflect market sentiment and speculation, not verified outcomes, but the movement has sparked fresh political discussion. #BreakingNewsUSA  #PoliticalOdds  #BettingMarkets  #ElectionNews  #ForYouPage ",2026-01-22T18:07:46.000Z,13,2,6,4,7368,,"breakingnewsusa, politicalodds, bettingmarkets, electionnews, foryoupage",USA News Headlines,978,False,US,betting markets trump,"betting_market, betting_odds",description,YES,Thanks for watching!
7433905612926324010,https://www.tiktok.com/@wallstreetjournal/video/7433905612926324010,"Betting markets show former President Donald Trump has a slight edge over Vice President Kamala Harris in the election. Should they be trusted? More often than not, the presidential candidate with the best odds before Election Day goes on to take the White House. But there have been some glaring exceptions. 📷: Reuters, Associated Press, Getty Images Reporter: Alexander Osipovich Host/Producer: @jacob.ohara #election2024 #bet #politics #donaldtrump #kamalaharris #wsj",2024-11-05T21:10:34.000Z,243,3,11,5,27300,52,"election2024, bet, politics, donaldtrump, kamalaharris, wsj",The Wall Street Journal,1000000,True,US,betting markets trump,betting_market,"description, transcript",YES,"Betting markets show that former President Donald Trump has a slight edge over Vice President Kamala Harris in the election. The question is, should we trust them? Betting markets generally have been a good predictor of U.S. elections, but there have been exceptions. In 2016, some betting markets gave Hillary Clinton a more than 80% chance of beating Trump in the days before the election. But Trump won an upset victory. This election, the latest polls show Trump and Harris in a dead heat, and the accuracy of betting markets has become a politically loaded question. Harris supporters argue that the markets are vulnerable to manipulation, skewed to a right-leaning user base and distorted by a handful of huge bets. Trump supporters say the markets are reacting to polls tightening in his favor and signs of Harris slowing down. Today, betting markets say they're a more accurate predictor of election results than polls. Not only did most pollsters get the election wrong in 2016, but they're facing growing difficulties gathering information, as fewer Americans use landline phones and many don't answer calls from strangers."
7600826764041932046,https://www.tiktok.com/@npr/video/7600826764041932046,"The prediction market industry is booming in President Trump's second term. The administration has cleared the way for these services to allow people to bet on sports, policy, world events, even elections.⁠ ⁠ Go to the link in our bio for more.⁠ #NPR  ⁠",2026-01-29T16:50:37.000Z,8895,738,574,121,60900,139,npr,npr,1700000,True,US,betting markets trump,"polymarket, prediction_market","description, transcript",YES,"Imagine betting on what White House press secretary Carolyn Leavitt will say in her next briefing or betting on how many cases of measles there will be this year. These are real bets you can make today on prediction markets. These markets are booming during President Trump's second term, but financial experts have deep concerns. There are two main prediction market apps, Polly Market and Calshi, and they work in a pretty straightforward way. You make a bet, wait for an outcome, then you make money or lose money. These apps have been described as turning the entire world into a casino because, well, you can bet on just about anything. Right. These apps are increasingly popular. Billions of dollars are traded on them every week. And now CNN and CNBC have struck deals to incorporate Calshi prediction markets into coverage. The Wall Street Journal's owner, Dow Jones, is partnering with Polly Market, as did the Golden Globe Awards this year, with announcers updating viewers on Polly Market odds before every commercial break. If you think this sounds like straight up gambling, you're not alone. Many states that have banned sports gambling are saying the same thing. While sports betting is the most popular type of activity on these apps, they have successfully convinced regulators they are not gambling operations. They also say they're not like a stock market and so they shouldn't be regulated that way either. Instead, they argue they're a trading platform where people make bets on future events. And so they're regulated by the Commodity Futures Trading Commission. Under Trump, the CFTC has dropped an appeal of whether it was legal to bet on election outcomes on the app. So now people are betting millions on the midterms. Critics worry that turning election results into casino-like wagers could encourage wealthy donors to make bets that could artificially inflate one candidate's odds on the apps. That, in turn, could fuel the candidate's momentum, lead to a bump in news coverage and even influence voter behavior. A Calshi spokesperson, Elizabeth Diana, told NPR, data show that Calshi markets are moved by informed traders. It's not easy to manipulate markets when most traders trade on facts, strategy and real life odds. Earlier this month, a PolyMarket user wagered $32,000 that Venezuelan leader Nicolas Maduro would be toppled by the end of January, hours before Trump ordered the operation. That user made nearly half a million dollars in profit. Debate continues on whether the trader was just lucky or if they were privy to classified government information. This bet has sparked fears about the potential for insider trading on prediction markets. PolyMarket did not return requests for comment."
7605072027380206866,https://www.tiktok.com/@levicryptotikt0k/video/7605072027380206866,WTF!? Trump Tariffs Will Be REVERSED Tomorrow!?  $XRP,2026-02-10T03:23:43.000Z,3,,0,0,162,70,,Levi,950,False,US,betting markets trump,betting_market,transcript,YES,"Holy shit, betting markets are pricing in a 73% chance the Supreme Court is going to rule against President Trump tariffs and make them illegal tomorrow. And I can promise you guys, you are not ready for the mayhem that's going to go across all of the investment markets as a result of this. There are two massive examples of how Trump's tariff announcements have absolutely tanked the crypto market previously. You can look back to October 10, 2025, where he announced a 100% additional tariff on Chinese import and this caused the largest liquidation event in crypto history. Or you can go back to April 2nd or 3rd, and you can see when he talked about Liberation Day, this was also a tariff announcement, we saw massive crashes across the market. So the question I want to ask you guys is, what happens when Trump removes the tariffs or he's forced to? Right now, analysts' views on what's going to happen here is completely mixed. Some people think we're going to get an absolutely insane pump, other people think this is going to cause a lot of uncertainty and it's going to result in the markets crashing once again. So what do you guys think?"
7483518646279490871,https://www.tiktok.com/@polymarket.inside/video/7483518646279490871,🚀 Turn Predictions into Profits! Join Telegram for Top Polymarket Picks! 💰🔥 #polymarketinsider #politics #sneakers ,2025-03-19T13:54:27.000Z,12,,0,0,627,49,"polymarketinsider, politics, sneakers",user50205493530,157,False,UG,polymarket michigan senate,polymarket,"description, hashtags",YES,"You know, I've wanted to do this for a long time I have some incredible people that work with me on things and they came up with this and this is something I've been talking about for 12 years 13 years, and I think it's going to be a big success That's the real deal And we appreciate it we really appreciate more than anything else I appreciate the turnout Because they say they've never had a turnout like this and we're gonna do things that are terrific and you know, it's very important What's the most important thing to go out and vote, right? We got to get young people out to vote And you're gonna vote and we're gonna turn this thing around this country's not doing so well We're gonna turn this country around fast"
7557638903482567991,https://www.tiktok.com/@k448kz38/video/7557638903482567991,Is Tucker Carlson Running in 2028? Betting Markets Are Taking Notes 👀📈 #TuckerCarlson #2028Election #BettingMarkets,2025-10-05T07:40:15.000Z,57,7,5,14,1157,118,"tuckercarlson, 2028election, bettingmarkets",k448kz38,12700,False,US,betting markets election,"betting_market, polymarket","description, transcript",YES,"Betting markets now believe that Tucker Carlson is laying the groundwork for a 2028 presidential run. Now, this is something that you can literally bet on right now. These betting markets like poly market have quietly added Tucker Carlson to the list of candidates that you can bet on. And his name has slowly, but surely been climbing its way up the list. Now this is all happening because people are starting to notice that his speeches and messaging have shifted. He's now starting to hit themes that resonate across party lines and even into the socialist category, as crazy as that may sound. This all started about two months ago when Tucker Carlson spoke at a turning point USA event before the assassination of Charlie Kirk. And the things he was saying doesn't quite align with your traditional conservative audience. The first thing he said was the U S economy is not nearly as strong as our current leadership makes it seem. He said that our current leadership tends to point at the GDP to determine whether the U S economy is doing good or bad. When in reality, the average American can't even come close to affording a single family home. He said that alone should be a telltale sign that the U S economy is struggling and big change needs to happen. Now, what I found most notable in this speech was him talking about the banking industry in America and how it only appeals to the top 1%. I mean, where have we heard those talking points from before? Tucker said the way the banking industry works in America is if a uber rich individual borrows money from a bank, they can actually negotiate the terms because the borrower is in more position of power than the lender. But if your average day-to-day American maxes out a credit card at 30%, then they'll just take your house and put you in bankruptcy. And he actually said that the other 99% of people in America, the middle to lower class should be protesting credit cards and refusing to pay them back to send a message to the banking industry. Now, this is like Bernie Sanders socialist type talk, and he's doing this on stage at a turning point USA event. Now, this is why Tucker Carlson's name is popping up on these betting markets for a 2028 campaign run. This is classic pre-campaign rhetoric, populist, bipartisan, and focus on issues that voters care most about. So my question is, would you consider voting for Tucker Carlson in 2028, whether he runs as a Republican, a Democrat, or some third political party?"
7435528193869696263,https://www.tiktok.com/@zenthos.official/video/7435528193869696263,"French trader, known as Théo, recently placed bets exceeding $28 million on Donald Trump's victory in the presidential election through the trading platform @polymarket, and his successful wagers resulted in earnings of over $48 million. He predicted both the Electoral College and popular vote outcomes, elevating him to the top of the Polymarket all-time profit leaderboard.",2024-11-10T06:07:00.000Z,9,,3,0,3644,,,zenthos.official,62,False,PK,betting markets election,polymarket,description,YES,🎵 Outro Music 🎵 🎵 Outro Music 🎵
7434987567717600555,https://www.tiktok.com/@mandimellenishere/video/7434987567717600555,I knew people bet on elections but not like this! 🤯🤯🤯 #mandimelleb #polymarket #electionbetting #mindblown ,2024-11-08T19:09:10.000Z,20,1,4,2,7452,8,"mandimelleb, polymarket, electionbetting, mindblown",Mandi Mellen,22300,False,US,betting markets election,polymarket,"description, hashtags",YES,🎶 Music Outro 🎶
7437226502187617582,https://www.tiktok.com/@aamandaelizabeth9/video/7437226502187617582,#greenscreen #election2024 #polymarket ,2024-11-14T19:57:20.000Z,17,,1,0,441,42,"greenscreen, election2024, polymarket",Wholesomeamanda,1550,False,US,betting markets election,polymarket,"description, hashtags",YES,FBI raids apartment of election betting site Polly Market CEO and seizes cell phone. So before the election mainstream media told people not to trust this website but I don't know about you but I was definitely on this website looking at the election predictions. So this is Shane Copeland the CEO of Polly Market. The FBI raid against the founder was part of a criminal probe into whether the startup accepted bets from US users which would violate a deal the company had made with the government. Copeland was not arrested and hasn't been charged yet. I feel like if Shane was a true threat the FBI probably would have arrested him.
7405775871883218209,https://www.tiktok.com/@electrictimenews/video/7405775871883218209,Part 3 The Betting Markets Give Trump A 60% Chance At Winning The 2024 Election#2024 #electiontime #breakingnews #news #politics #trump2024 #trump #map #foryou #harris ,2024-08-22T01:53:27.000Z,126,6,12,9,14100,179,"2024, electiontime, breakingnews, news, politics, trump2024, trump, map, foryou, harris",Electric Time News,45600,False,US,betting markets election,betting_market,description,YES,"state where honestly they shouldn't even be worried about considering how blue it was four years ago, but this is a state that Kamala Harris cannot take for granted. Maine will be a likely Democratic state. And the final likely blue state on our map, the final state where Kamala Harris has an over 70% chance at winning, is the state of New Hampshire. She has a 3-in-4 chance, 76%, to Donald Trump's 24. New Hampshire can definitely also get competitive, as seen in 2016, when Hillary Clinton won it by just 0.37%. The granite state was less than half a percentage point from flipping in favor of the Republicans, a state that Republicans haven't won since 2000. So a Trump victory there in 2024 would be a pretty big deal. He definitely has a good chance. 24% is nothing to laugh at, but New Hampshire right now is still favored for Harris and it will be the final likely blue state on our map. And so with all of the solid and likely states filled in for Vice President Harris, she has 225 electoral votes. However, for Trump, we have one likely state, but many lean states that is going to help fill up that deficit. So in North Carolina, this is a state the GOP is heavily favored to win. Donald Trump has a 74% chance at winning. Now, if you really want to get a better perspective as to just how much better Donald Trump is doing this time than he did four years ago, compare states where he has a 75% chance at either winning or losing. North Carolina, a state that Trump has a 3 in 4 chance at winning, he won in the last election by just 1.3%. Compare that to a state like New Hampshire, a state that Joe Biden carried by 7%, but he only has, again, a 3 in 4 chance at winning. So Donald Trump, in a state that he narrowly, narrowly won four years ago in North Carolina, he is now by far the favored to win. 74 to 25, the former president is going to win the Tar Heel state. If Kamala Harris wins North Carolina, she'll win the election, but that is probably not going to happen. The state hasn't voted blue since 2008, and it's not going to do so in 2024. North Carolina is our only likely Republican state. And so with all the likely and solid states filled in, Trump will take back his lead with 235 electoral votes. We now have six states remaining as well as the 2nd District of Maine, but it really is in these six states that the election will be decided. Both candidates need to win most of these states at the very least to get to 270 electoral votes. We're going to begin though by filling in the 2nd District of Nebraska. Kamala Harris has a 66% chance at winning, so it will be lean blue. However, it can definitely still go red. Donald Trump did win the district back in 2016. Now, there are no remaining blue lean states on this map. All the other ones are either going to win."
7436472500147555639,https://www.tiktok.com/@niapodcast/video/7436472500147555639,Trung shares the history of election betting in the United States  #election2024 #polymarket #politicalmemes ,2024-11-12T19:11:28.000Z,151,,6,0,1965,69,"election2024, polymarket, politicalmemes",Not Investment Advice (NIA),567,False,US,betting markets election,"betting_market, betting_odds, polymarket","description, hashtags, transcript",YES,"the quick history of the betting market, uh, for elections. So it's been going on since the late 19th and early 20th century before the rise of modern polling, which is about a 1950s phenomenon. Newspapers used to just report the odds for like Democrats and Republican candidates. This is what, this is what the wall street journal wrote in 1924. Betting odds are generally taken as the best indicator of probable results in presidential campaigns. They provided unbiased reports on the psychology of the reaction of the audience. Right. It's just like at the end of the day, we all talk about it here. Do you have skin in the game? That's the, that's the most truthful thing that you can have. So the, so members like, uh, the betting, like you could just bet on presidents in the, during this time period. So in the 15th election, between 1884 and 1940, the candidate with the best odds and the odds were done by the news, the major newspapers, uh, as of mid October one, 11 times. So it's 11 out of 15. The other four were tied. Okay. Why did election betting decline after 1940? Uh, a lot of state anti-gambling laws combined with this new statistics and polling methodology that was developed."
7433182954165177643,https://www.tiktok.com/@politicalfixer/video/7433182954165177643,The #Election betting markets have shifted suddenly toward #KamalaHarris after a shocking poll. Are they predicting what will happen with the #vote ? #PoliticalFixer #PoliticalTiktok #Politics #fyp @Kalshi Exchange  A closer look at the #PresidentialElection including #Georgia #Pennsylvania and #Iowa after the Selzer poll.,2024-11-03T22:26:18.000Z,15700,995,804,448,169100,467,"election, kamalaharris, vote, politicalfixer, politicaltiktok, politics, fyp, presidentialelection, georgia, pennsylvania, iowa",Shawna Presley Vercher,258300,False,US,betting markets election,"betting_market, kalshi","description, transcript",YES,"We have looked at polls, field data, and media trends, but let's look at the election betting markets and what they have to say about the presidential race and what it all means. There are some surprising information points here that I think you're gonna wanna see, and there's also some ways that I believe the market still has Kamala Harris undervalued, so to speak. Hi, everyone, I'm Shawna Presley-Vircher, the political fixer, and many of you have been sending me questions about numbers that you're seeing on election betting sites. Now, having these types of sites that are centered around American elections is fairly new for us. They've only been legal in the United States for less than a year, and it's understandable that many of us had some questions and even a bit of confusion about how they work. I took a closer look at CallShe, the first and largest legal election betting market across the country. I wanted to see how this all worked, and also I wanted to see if I agreed with how certain races were being reflected in the marketplace. The first thing I wanna point out is that betting sites like CallShe are not polls. When we see these numbers, they are not set by the company as a reflection of how they feel about a race. Quite the opposite. Anyone who places a bet on one of these sites says how they think the race will turn out, and by law, CallShe and other companies cannot interfere with that. These numbers are a reflection of what the market, the people placing the bets on the site, believe will happen in the race. These numbers can also be confusing because it's not a margin of victory that we're seeing that they're predicting. But let's get to the fun part. Once I understood how sites like this worked, I realized that the people placing bets on CallShe are just regular people. They're not necessarily experts, which means that some of them are placing bets based on limited or bad information. So instead of getting anxious or even annoyed when I see numbers that I don't agree with in the marketplace, I realized that these are opportunities to educate and spread information that might help people understand the race better. There's a few races where I believe the market is currently underpricing the Kamala Harris campaign. For example, CallShe bettors only have a 42% chance, essentially two out of five odds that Kamala Harris will win Georgia. Guys, are you kidding me? 2020 was a high turnout year for Georgia and approximately 4.9 million ballots were cast. Already in 2024, over 4 million votes have been cast. That's over 80% of what they're expecting overall in this election. They have broken 2020 records and high turnout benefits Harris, especially when you're looking at a state that was previously won by President Biden. But on top of that, over a million of those votes were cast by black voters, a demographic which we know heavily favors Kamala Harris. And 800,000 of these voters have never before voted in an election. Now we know that there's an enthusiasm gap that favors Kamala Harris by about 10 points. So ask yourself who you think these new voters are casting their ballots for. I also think that CallShe bettors are missing the mark in Pennsylvania. We can see that this market has tightened up over the last week, but it still favors her opponent. I disagree with this. And to show you why, I'm gonna use something we call anecdata. These are stories that we're seeing out in the field that line up and can explain some of the independent data trends that we're seeing. Around three weeks ago, Pennsylvania was looking a little bit soft for the Kamala Harris campaign, particularly in Philadelphia, where we were seeing a slow return of mail ballots. But the campaign made some adjustments. They shifted their ad buys to focus more on Pennsylvania, and they put out a call for canvassers to come into the state and help them get out the vote. Their call for canvassers may have overshot. The campaign reported that just on Saturday, they knocked over 800,000 doors. That is an astounding average of over 2,000 doors per minute that they were canvassing. That ground game put the Kamala Harris campaign in a phase that we call deep canvassing. That means that they got through all of their lists of likely voters. They got through all of their lists of independent voters that they believed that they could persuade, and they were able to start knocking doors, some of which had not seen a human during an election cycle in years, and try to persuade those people to come out and vote. Since this shift in the strategy, over 79% of all of the early-in-mail ballots requested in Pennsylvania have been returned, and that includes 81% of Democrats who have returned their requested ballots. The Kamala Harris campaign was hoping for a firewall of 400,000 voters. That means they wanted to see that 400,000 more Democrats returned their ballots than Republicans in early voting, because more Republicans tend to show up actually on the day of the election. Well, not even counting this weekend's efforts, they are already at a firewall of 401,000. It might interest you to know that Philly bounced back. They are at a return rate of approximately 75% of their requested ballots. It's a few points lower than the rest of the state, but the rate of return of Democratic ballots to GOP ballots is 10 to one. Based on the math, if Harris is victorious in Pennsylvania and Georgia, there is only one path to victory for her opponent. He would have to sweep the board in every single other swing state. Personally, I'm enjoying watching the call she betters market for the presidential campaign overall, as it reacts in real time to events and news. A day ago, the call she betters were predicting that her opponent would win by odds of 55% over 45%. Then just yesterday, all of us watching this election received a stunning update. The Selzer poll in Iowa showed that Kamala Harris was leading by three points in Iowa. Some context here. The Selzer poll is not just considered a gold standard poll. It is considered to be one of the most accurate polls in the industry across the country. So if these numbers hold with a Kamala Harris lead of three, this would be an eight point swing from 2020, and it would be a nearly 10 point swing from 2016. Seismic. The market responded accordingly. It shifted this race to be neck and neck, closing the gap by eight overnight. Now, I still believe that Kamala Harris is being undervalued in this market, and I'm basing that partially on one of the things that I've spoken about before, crosstabs, the data beneath the polls. When we look at the crosstab data for the Selzer poll, we see that women in Iowa over the age of 65 favor Harris by a margin of nearly two to one, 63% to 28%. Based on what we're seeing across the country, I don't believe that that sentiment exists in a vacuum just in Iowa. And guess what? Seniors vote. But I guess we'll all see what happens soon enough. Bottom line, if you're gonna make a bet or even follow along with these election market sites, make sure you do so responsibly, both financially and for your own mental health. And maybe make sure that you don't undervalue the results of a good campaign ground game in the process. I'd like to thank Kalshi for letting me use their markets in this video. Until next time, everyone, I'm Shawna Presley Bircher. I'm gonna continue to bring you insights and intel into this historic moment. And I hope that you follow me at Political Fixer. I'll see you soon."
7428388291474394376,https://www.tiktok.com/@west_coast_wizard_chat/video/7428388291474394376,🚨BREAKING: Donald Trump is now favored by an astonishing 24% via Polymarket betting odds. The mainstream media would never show you this. #fyppppppppppppppppppppppp #goviral #tiktok #godblessamerika🇺🇸🙏 #peace #love #explor #trump2024 #MAGA #foryoupag ,2024-10-22T00:20:34.000Z,52,7,3,4,541,,"fyppppppppppppppppppppppp, goviral, tiktok, godblessamerika🇺🇸🙏, peace, love, explor, trump2024, maga, foryoupag",Axel Vasa,132100,False,NG,betting markets election,"betting_odds, polymarket",description,YES,Uhhh Ooohhh Uhhh Ooohhh Uhhh Ooohhh Uhhh Ooohhh Uhhh Ooohhh
7433859460809903391,https://www.tiktok.com/@hardfork/video/7433859460809903391,Are betting markets more accurate than polls? #polymarket #election @Casey Newton | Hard Fork ,2024-11-05T18:11:41.000Z,104,5,7,7,5960,59,"polymarket, election",Hard Fork Podcast,41900,False,US,betting markets election,"betting_market, polymarket, prediction_market","description, hashtags, transcript",YES,"If Kamala Harris wins, this will be the last segment we're doing on prediction markets on the show because we've done two of them now and I'm still not convinced that they're telling us anything we couldn't already find out from other memes. I think they do reflect this sincere belief that you can get better information by making a market around it, right? That people will have better research behind their views if they have money behind those views, and that if you want to look at the way things are going in the world and find out what's happening in the world, you shouldn't look at what people say, you should look at what they bet on. I think that is true in the case of the stock market where you have some of the smartest people in the world and vast sums of money who are trying to absolutely maximize their returns. I think it is less true on these rinky-dink platforms with a group of self-selected nerds who are betting relatively small sums of money on relatively few events. That I don't actually think you can get that much information from."
7411887537465134369,https://www.tiktok.com/@electrictimenews/video/7411887537465134369,Part 1 The 2024 Election Map Based On Betting Odds From ALL 50 STATES!#2024 #election #breakingnews #news #politics #democracy #trump #trump2024 #harris #foryou ,2024-09-07T13:09:12.000Z,104,,8,13,9652,177,"2024, election, breakingnews, news, politics, democracy, trump, trump2024, harris, foryou",Electric Time News,45600,False,US,election betting odds,"betting_market, betting_odds","description, transcript",YES,"With the election in just two months, Polly Market's 2024 election forecast gives Trump a 53% chance at winning to just 46% for Kamala Harris. And today, we'll be taking a look at the 2024 electoral map based on the individual betting markets from every single state. We'll begin by filling in the solid states for both candidates. These are states where Harris and Trump have a 95% chance at winning or more. And so, I'm going to start off with the safe states for the vice president. We have Washington, Oregon, and California. All the West Coast is going to be solid blue. Now, this is in terms of her odds of winning. She is very likely to win these states. In terms of her margin of the vote, she might win them by less than 15 points. But in terms of her odds of victory, they really are very high. These are states that have voted Democratic for four decades. We also have Hawaii, Colorado, Illinois, almost all of the northeast, with New York, Vermont, Massachusetts, Connecticut, Rhode Island, New Jersey, Delaware, Maryland, the District of Columbia, and the First District of Maine. While for Trump, he's going to win in quite a few states as well. Basically, all the states he's won by solid margins in 2016 and 2020. He's going to easily win Utah, Wyoming, Idaho, Montana, North and South Dakota, all of Nebraska except the Second District, Kansas, Oklahoma, Missouri, Arkansas, Louisiana, Mississippi, Alabama, Tennessee, Kentucky, West Virginia, Indiana, and South Carolina, giving him 122 electoral votes. We're now going to move on to filling in the likely states, states where either candidate has between a 75% to a 95% chance at winning. Now, these states are still going to heavily favor one candidate or the other, but they could vote the other way. Big surprises have happened before, and they can happen again. And so we're going to begin up in Minnesota. This is Governor Tim Walz's home state. If Walz was on Harris's running mate, Minnesota would be at least a lean state, probably even tilt. If Joe Biden hadn't dropped out, Democrats would have lost Minnesota, a state they haven't lost since 1972. But today, Kamala Harris, with the governor as her running mate, she has a 93% chance at winning. In fact, at one point, odds for Joe Biden went as low as 57, 56 even. Pretty abysmal for a Democrat in such a blue state. So Minnesota is going to be likely for Harris on our map, but it's definitely one to watch, considering Donald Trump almost won the state in 2016 when he lost it by just 1.5%. We also have New Mexico, five electoral votes, a state that went to Biden by a double digit margin four years ago. Now, Harris is not going to win that by that margin. She's probably going to win by seven points at most. It's going to be more competitive, but she is still the favorite. Kamala Harris has a 91% chance at winning. Moving on to Maine in the northeast, we have a state that barely."
7434025852624751918,https://www.tiktok.com/@beyorch.us/video/7434025852624751918,Just because your savings account isn’t giving crazy returns does NOT mean you should start GAMBLING on the ELECTION 🤦🏻‍♂️ #election #sportsbetting #polymarket #betting #elections2024 #kalshi #apy #apr #interestrates #investing ,2024-11-06T04:57:14.000Z,32,7,8,3,1789,61,"election, polymarket, elections2024, kalshi, apy, apr, interestrates, investing",beyorch.us,257,False,US,election betting,"kalshi, polymarket","description, hashtags",YES,"Yo, what is she doing? Dude, I'm trying to bet on the election. I'm making no money. Why are you betting on the election, bro? That's not a good use of your money. Okay, my bank account gets no APY, so I feel like this is the only way that I can actually get good returns. Dude, aren't you an accredited investor? Yeah, but I can't even get a good APY, so what's the point? Putting your money in a savings account as an accredited investor who actually has real money. Well, no, it's all in the election. Bro, have you heard of B York? No, what's that? B York, it's like they have 8% yearly returns, 2% quarterly returns, and it's backed on debt promissory notes, so it's actually consistent. Wait, yeah, wait, how do you spell that again? B York, it's B-E-Y-O-R-C-H. Wait, this looks sick. Thanks, dude, I'll actually check this out. Absolutely."
7612674114805026062,https://www.tiktok.com/@cheguerreroeng/video/7612674114805026062,"Posted March 2, 2026 #trades #kalshi #polymarket #insider #breakingnews ",2026-03-02T15:04:12.000Z,439,25,29,9,4193,87,"trades, kalshi, polymarket, insider, breakingnews",cheguerreroeng,342900,False,US,polymarket 2026,"kalshi, polymarket","description, hashtags",YES,"Did you see that 529 million dollars worth of bets were put on the U.S. and Israel striking Iran all before the strikes even happened? With one person making 553 thousand dollars on Iran's supreme leader dying. There had been signs and warnings of how these markets could be manipulated for insider trading. The reporter Chris Hayes talked about finding out about this in real time. He went on The Late Show with Stephen Colbert and this is pre-recorded. But after he did the interview and it hadn't aired yet, he saw that on a betting app his interview was getting bets. Bets on what he would talk about, what he would wear, things like that. Again, the interview had already happened. So if he wanted to, he could have gone on that app and bet on things that he knew was going to happen. And betting on Chris Hayes' interview went quickly from a niche market to almost a million dollar market. And this was all from a pre-recorded interview. People making money knowing what was going to happen already. But over half a billion dollars being bet on a war that didn't happen yet is the most egregious example of how this could be abuse that we have seen so far. So share this so people can see the new disgusting world that we are living in. With just the click of a button, you can make a few bucks off of other people's suffering."
7618384838026038551,https://www.tiktok.com/@newsupdate731/video/7618384838026038551,#BreakingNews #WorldNews #USNews #CryptoNews #Polymarket #Journalism #PressFreedom #FreedomOfSpeech #NewsUpdate #ViralNews #TrendingNow #GlobalNews #PoliticsNews #Media #Investigation #TruthMatters #Expose #NewsTok #TikTokNews #ViralVideo #FYP #ForYou #ForYouPage #Trending #TikTokViral #Explore #DailyNews #LiveNews #Crypto #Blockchain #Web3 #Journalists #MediaRights #DigitalNews #OnlineSafety ,2026-03-18T00:24:19.000Z,11,,1,2,415,111,"breakingnews, worldnews, usnews, cryptonews, polymarket, journalism, pressfreedom, freedomofspeech, newsupdate, viralnews, trendingnow, globalnews, politicsnews, media, investigation, truthmatters, expose, newstok, tiktoknews, viralvideo, fyp, foryou, foryoupage, trending, tiktokviral, explore, dailynews, livenews, crypto, blockchain, web3, journalists, mediarights, digitalnews, onlinesafety",🇸🇦The Philip Defranco🇸🇦,28600,False,US,polymarket 2026,polymarket,"description, hashtags, transcript",YES,"And so Manny's reporting that the missile hit the ground, wasn't intercepted, it made contact, it meant that people who bet no were about to lose big. And so they apparently decided that that was his problem to fix. And so with all this, you had Manny posting on Twitter, my message to you gamblers is simple, fuck off, stop harassing me, and find a better hobby than falsifying journalistic reports for financial gain. But that, it really didn't stop anything. A colleague from another publication reached out, a friend of his was asking him to convince Manny to change the article, called it a negligible update with a more favorable outlook. And when the colleague confronted that friend, the friend confirmed that it was about poly market bets. He even offered the colleague a cut of the winnings if he got Manny to change the report. And then it goes from ridiculous to terrifying, right? After Manny still refused, someone reached out on WhatsApp. First in Hebrew, then switching to English, saying you have no idea how much you put yourself at risk, saying today is the most significant day of your career. You have two choices, either believe that we have the capabilities and after you make us lose $900,000, we will invest no less than that to finish you, or end this with money in your pocket and also earn back the life that you had until now. And when Manny didn't respond, the person started listing details about his home, his neighborhood, his parents, and his sibling. Saying it took them less than five minutes to find out exactly where you live, how often you see your lovely parents, and exactly who your brothers and sisters are. And then there was a countdown, right? There would be a fatal mistake if he didn't respond in 10 minutes. And then when he still didn't respond, they said you have 90 minutes left to update the lie. If you decide not to correct it, you will discover enemies who will be willing to pay anything to make your life miserable. And saying, as far as I know, there are also some people who don't really care about the law and you're about to make them lose about 50 times what you'll ever make. 86 minutes left, you are the only one responsible for your life. Manny actually told the Washington Post that he almost gave in. Saying, I thought, do I just change it? Because it doesn't really matter. But then I thought, if I do this now, they're gonna come back to me again and ask for other things to be changed. They would have probably never stopped doing that if they knew that they could make money this way. And so instead, he filed a police report and he published the whole story. Every message, every threat, hoping that the publicity would deter bettors from targeting other journalists in the future. But even he admits that that's a."
7613385168233024790,https://www.tiktok.com/@clips_flips5/video/7613385168233024790,Polymarket2026 hits different #viralitypoly #Trump #american #gamble ,2026-03-04T13:02:57.000Z,27,,1,0,526,10,"viralitypoly, trump, american, gamble",Polymarket Clips,4,False,PL,polymarket 2026,polymarket,"description, transcript",YES,"Why doesn't Donald Trump just take the national debt, go on poly market and put it all on saying 6-7 this week, and then say 6-7, and then boom, no more national debt. Am I missing something?"
7597517041892920608,https://www.tiktok.com/@polymarketclipz/video/7597517041892920608,Is this the 2026 TJR way to make money? #money #trading #tjr #polymarket #powell @TJR ,2026-01-20T18:46:40.000Z,25,,4,0,904,60,"money, trading, tjr, polymarket, powell",TradingClipz,52,False,NL,polymarket 2026,polymarket,"description, hashtags",YES,"Boys, these are by far the easiest markets, especially as day traders, to be able to make money on. Again, because we are super fluent in the financial markets, okay, and we know pretty much like we hear Federal Chairman's Pat Powell speak every single month or multiple times every single month. So we have an overall good gist of what the Fed wants to do. And we already know that the Fed only wants to cut rates once this year. So do we think that the next round of rate cuts are going to happen after we get a triple back-to-back rate cut, rate cut, rate cut, and then boom, new year? Do we think that we're going to get rate cuts in January? No. Okay. So awesome. Like it makes sense that this is a 93% chance, but honestly, this should be a 99% chance. I don't understand why people wouldn't. And there's a shit ton of volume on this. Like again, I know that it's not much, but if you were to wait or I mean, bro, it's literally free bread sitting in front of, in front of you, granted, you have to put $10,000 up."
7575583148055055634,https://www.tiktok.com/@thecoinzone/video/7575583148055055634,Markets are a mess right now… but Polymarket just priced a December rate cut at 67%. Setup for 2026 is actually starting to look interesting. You seeing the same thing? #polymarket #predictionmarkets #fyp,2025-11-22T19:30:00.000Z,5,,0,0,224,27,"polymarket, predictionmarkets, fyp",TheCoinZone,3405,False,US,polymarket 2026,polymarket,"description, hashtags, transcript",YES,"The crypto markets are down right now, but here's one big catalyst that could change things. So far right now, according to PolyMarket, we have a 67% chance of a Fed 25% basis point decrease. Now, if TooLatePal continues to drop the rates in December, I think it will be pretty bullish for crypto and the stock market. Right now, almost all the leverage has been liquidated from the system, and I think it's setting up 2026 to be a big rally. Let me know what you guys think in the comments. Are we in a bear market, or is 2026 going to be the year of the bull?"
7616550417383705874,https://www.tiktok.com/@valueassettothemoon/video/7616550417383705874,🇺🇸‼️ Polymarket บอกว่า โอกาสที่ Fed จะ “ไม่ลดดอกเบี้ย” ในปี 2026 พุ่งขึ้นแรงสาเหตุหลักๆมาจาก ราคาน้ำมันกำลังพุ่งใกล้ 100 ดอลลาร์ต่อบาร์เรล#ข่าวหุ้นสหรัฐอเมริกาล่าสุด #fed #valueassettothemoon #ลดดอกเบี้ย #polymarket ,2026-03-13T01:45:44.000Z,672,36,35,15,32000,62,"ข่าวหุ้นสหรัฐอเมริกาล่าสุด, fed, valueassettothemoon, ลดดอกเบี้ย, polymarket",valueassettothemoon,17300,False,TH,polymarket 2026,polymarket,"description, hashtags, transcript",YES,"According to Polymarket's data, the chance of Fed not reducing interest rates in 2026 has increased by 17% in just two weeks. According to Polymarket's data, the chance of Fed not reducing interest rates in 2026 has increased by 17% in just two weeks in just two weeks. According to Polymarket's data, the chance of Fed not reducing interest rates in 2026 has increased by 17% in just two weeks in just two weeks. According to Polymarket's data, the chance of Fed not reducing interest rates in 2026 has increased by 17% in just two weeks in just two weeks."
7433181228586601758,https://www.tiktok.com/@upcloseinsights_/video/7433181228586601758,Have you voted yet? 🇺🇸 #polymarket #2025election ,2024-11-03T22:19:46.000Z,35,,1,9,986,12,"polymarket, 2025election",upcloseinsights_,25,False,US,polymarket harris,polymarket,"description, hashtags",YES,"Have you guys voted yet? We are only a couple days away out from this election and these are currently what the numbers are at on Polly Market as of today. It's crazy how much the numbers have changed, but I'm really curious to see how this all plays out."
7440473491599625502,https://www.tiktok.com/@johnny.harris/video/7440473491599625502,Did Polymarket Break the Law?,2024-11-23T13:57:46.000Z,9101,262,587,72,104500,66,,Johnny Harris,831500,True,US,polymarket harris,polymarket,description,YES,"The FBI just raided the home of a gambling website's CEO after the company correctly predicted the presidential election results. This is the gambling site, Polly Market. And they held an election prediction bet that put Trump's odds much higher than Kamala's, even though national polls predicted it to be a very close race. Polly Market brought in billions of dollars of bets on this election. And it started to become a question of who was making all these bets and was it influencing how people voted? Polly Market got sued a few years ago and settled the case and agreed to not allow US users to use their site. So Americans aren't allowed to use Polly Market. But it's apparently an open secret on social media that you can easily get around this if you're an American by using cryptocurrency. Big surprise. The shady part here is that Polly Market had been paying for targeted ads to American users who technically aren't allowed to use the site. They even paid US influencers to tweet about betting on the election. Almost half of the ads that Polly Market placed only had Trump's photo on them. Others had both candidates. None of them had just Kamala. Some with the tagline, don't trust the polls, trust the markets, which ended up being actually totally correct. The polls were way off in this election."
7430512067230125342,https://www.tiktok.com/@shopwithchris06/video/7430512067230125342,Some of these polymarket predictions are crazy😅 #trump #harris #election #greenscreen ,2024-10-27T17:42:05.000Z,22,1,3,2,2718,17,"trump, harris, election, greenscreen",Pol and Pop with Chris,9843,False,US,polymarket harris,polymarket,"description, transcript",YES,"This could be the biggest blowout in all of election history based on Polymarket's predictions of Trump winning by almost 64%. This never has been done in history. Outside of overall winner, there are so many smaller things in relation to this election that you can predict on Polymarket. Go check it out."
7611204645914037534,https://www.tiktok.com/@aljazeeraenglish/video/7611204645914037534,"As media outlets report on the probability of the US attacking Iran, many are instead turning to prediction markets to find out, and bet, on the odds.  . Al Jazeera's @Linh N. explains the rise in betting on war. #digitaldilemma ",2026-02-26T16:01:30.000Z,7756,371,649,147,188600,179,digitaldilemma,Al Jazeera English,14000000,True,US,polymarket odds,"polymarket, prediction_market","description, transcript",YES,"How much would you bet that the U.S. will attack Iran by the end of February? Or next month? Or the end of this year? While media outlets have been reporting on the U.S. military buildup in the Middle East, people have been turning to prediction markets to find out the odds of anything happening. On platforms like PolyMarket, millions of dollars are already pouring into the probability of this strike happening. Supporters of these platforms describe them as valuable sources of information that harness the wisdom of the crowd. After all, PolyMarket correctly predicted a win by Donald Trump in the 2024 U.S. presidential election before the polls did. But critics of prediction markets say they dehumanize conflict, since these are real-world events with human costs. When Israel, with the help of the U.S., attacked Iran in June 2025, hundreds of people were killed and thousands were injured during 12 days of war. But even before a single bomb was dropped, PolyMarket users were already making bets on when it would happen. One market predicted that Israel would hit Iranian oil infrastructures in June with a probability greater than 99%. Right now, PolyMarket and Caoshi are the two biggest in this space, and they're growing fast, but with differences. Caoshi is a regulated U.S. exchange and trades in U.S. dollars. It has banned bets involving war or assassination. PolyMarket, on the other hand, allows these sorts of bets and trades in cryptocurrency. It runs on the blockchain and its users are often anonymous. People bet on all sorts of future events on these platforms. There's the more benign, like the date of Taylor Swift's wedding, to the geopolitical, like the abduction of Venezuelan President Nicolas Maduro in January. One anonymous user made $400,000 on PolyMarket by betting Maduro would be out by the end of January, which raised some red flags about potential insider trading. The fallout from prediction markets doesn't end there. In one instance, Israel's internal security agency arrested and charged several people suspected of using classified military information on PolyMarket, although the agency did not clarify which particular bets allegedly took place on the platform. Another concern with sites like PolyMarket is whether they amount to gambling or are seen as financial markets. The answer varies depending on the country's regulatory body. Countries like the U.K., France and Singapore have blocked PolyMarket and classified it as gambling. In the U.S., opinion varies state to state, and there's at least 20 federal lawsuits against companies like Caoshi and PolyMarket. But the founders of these platforms disagree. The CEO of PolyMarket, Shane Copland, said that unlike a betting site where you make a bet and it's against the house, on PolyMarket you own a share. For Copland, prediction markets operate more like financial forecasting tools. They're information sources that could replace polls, pundits and media institutions. And many major news outlets have already signed partnerships with these platforms to gain access to their prediction data. But of course, there's a difference between predicting sports and betting on a wall, and the ethical concerns that come with that. So, do these platforms provide clarity, or do they turn human suffering into financial gain? These questions will become more pressing as geopolitical bets continue to rise."
7619927372707400980,https://www.tiktok.com/@hataclipper/video/7619927372707400980,polymarket #fyp #polymarketwiningstrategies #trump,2026-03-22T04:10:07.000Z,13,,1,0,561,13,"fyp, polymarketwiningstrategies, trump",hataclipper,0,False,PH,polymarket odds,polymarket,"description, hashtags",YES,Will Trump say Sleepy Joe this week?
7450054831777058091,https://www.tiktok.com/@ydjbpptkxy8/video/7450054831777058091,RT @Polymarket: Trump's odds just set another record high. https://t.co/ejxKM7ygSC,2024-12-19T09:38:02.000Z,0,,0,0,83,,,Nathan Audi,0,False,US,polymarket odds,polymarket,description,YES,"I rock like pebble, jump through your sheet You hear this beat, uh, coming like heavy metal If you got a business, bro, please Set it in stone like rock, rock I came with a brand new box Like man have guys who shock, don't like easy But this thing rocks, rocks, rock, rock, rocks I know you wanna hear some hi-hats Tick-tick-tack to the top Matter fact, play that bass Don't disgrace, let it embrace I know you like this new taste, look Don't let it go to waste, yeah Could've come clean like Mark See, this thing rocks Man had a dreadful year That's the reason why I cut off my locks God tested me just like mocks Decays while I trap like war Man's murking this just like storms I don't even like my veg While he talking round me about corn If you're mad, say it with your chest I'm really tryna check, man I'm tryna see you with your on So I know that you're off You might as well start, just press play And I'm quite cold Coming like a virtual cough Cause you're on the other side of the phone If I don't like the bass or the pitch or your tone I'll tell the man, leave me alone I rock like pebble, jump through your sheet You hear this beat, uh, coming like heavy metal If you got a business, bro Please, sandstone that rock"
7429454306295680298,https://www.tiktok.com/@frankcurzio/video/7429454306295680298,"How Polymarket works... Be an informed investor. Wall Street Unplugged - no B.S. market coverage, FREE",2024-10-24T21:17:11.000Z,151,7,41,2,10100,55,,Frank Curzio,7481,False,US,polymarket odds,polymarket,"description, transcript",YES,"So when you look at poly market right now, you can bet. And what I like about it is it says how it works. The market price is the probability. So right now, Trump, if you want to buy or bet on Trump winning, yes, it's 59.8 cents. So let's just round up to 60. So that means that there's a 60% chance. So if you put $100 and I'm going to do this now here just to show you, if you put $100 on Trump to win and he wins, you buy shares that go to a dollar. So your total would be $167.22 on 100. So you'd get back 67.22%. And the reason they say this is that these are, now I didn't see a study cited here, but they said, listen, this is real time people betting with real information and it takes a lot of courage and or beliefs to put your money where your mouth is. And I respect that because you can buy and sell these at any time. So if you buy this for 60 cents, let's say, and it goes to 75 next week, you can sell it."
7411233458002955526,https://www.tiktok.com/@recordstoxx/video/7411233458002955526,"BREAKING: 🇺🇸 Donald Trump is now leading Kamala Harris by 6 percentage points in 2024 election odds, according to Polymarket's prediction markets. Just one month ago, Harris was leading Trump by 10 percentage points on the same platform.",2024-09-05T18:51:04.000Z,0,,0,0,6,,,RECORDSTOXX,59,False,PE,polymarket odds,"election_odds, polymarket, prediction_market",description,YES,♪♪ ♪♪ ♪♪ ♪♪ ♪♪ ♪♪
7433860993823952133,https://www.tiktok.com/@wizardacademyofficial/video/7433860993823952133,"Polymarket, c’est quoi? 📊  #polymarket #crypto #blockchain #btc #eth #bitcoin #ethereum #investing #defi #polygon #fyp #foryou #foryoupage @Raphaël St-Cyr ",2024-11-05T18:17:32.000Z,78,20,37,5,4515,112,"polymarket, crypto, blockchain, btc, eth, bitcoin, ethereum, investing, defi, polygon, fyp, foryou, foryoupage",Wizard Academy,282,False,CA,polymarket odds,"polymarket, prediction_market","description, hashtags, transcript",YES,"What is PolyMarket? PolyMarket is a platform in Paris where users can create prediction markets by asking specific questions about future events. People can buy and sell shares in future results such as political elections, sports events, or economic development, and a little bit of everything. These shares represent a probability that the event will happen or not. Currently, we find a lot of Paris on the platform that concerns American elections. But there are also other Paris that are a little bit crazier. For example, is Elon Musk going to do a podcast with the Octa Girl? Or is Trump going to say what he said before the elections? So, obviously, people can bet on a little bit of any event. And all of this is a decentralized market that is based on the Polygon blockchain. In fact, PolyMarket has become very popular. It allows us to use a little bit of common knowledge, if you will, the wisdom of the crowd to try to predict the outcome of an event. There are some people who even go so far as to say that the results on PolyMarket can be considered to be more reliable than, for example, polls for several reasons. First of all, the participants use their own money to speculate on the results of an event, unlike people who answer a poll and who don't really have a consequence on what they choose. Then, there are more people who speak on PolyMarket than in most polls, which leads to what is called crowd wisdom, a phenomenon where the predictions of several people often turn out to be more true. Then, PolyMarket adjusts constantly according to developments. For example, if something happens with Rump or Kamala, people will react in real time on prediction markets like PolyMarket, unlike a poll that captures the opinion at one precise moment. Finally, PolyMarket is accessible to everyone, so it helps to reduce the sampling cost a little bit. If you are interested in learning more about PolyMarket and the other applications that are on blockchains, write us the word blockchain in the DM and subscribe to improve your social culture."
7433618610444127530,https://www.tiktok.com/@allthingsashlee99/video/7433618610444127530,"As of 9:35pm on election day, this is the polymarket odds. 🇺🇸❤️ #fyp #electionday #electionday2024 #trumptrain ",2024-11-05T02:36:50.000Z,36,1,2,0,1650,24,"fyp, electionday, electionday2024, trumptrain",ash 🏁🧡,15300,False,US,polymarket odds,polymarket,description,YES,"My message is that things have to change, and they have to change right now. It is time to show the whole world that America is back, bigger and better and stronger than ever before. The more people tell you it's not possible."
7619102943266049293,https://www.tiktok.com/@polly_talks_polymarket/video/7619102943266049293,polymarket says there is still a 10% chance the u.s. invades iran by march 31 — and a 92% chance military action is still going by then. that spread is the whole story. #polymarket #iran #geopolitics,2026-03-19T22:50:50.000Z,1,,0,0,26,30,"polymarket, iran, geopolitics",Polly | Polymarket Info,1,False,US,polymarket odds,polymarket,"description, hashtags, transcript",YES,"This poly market is basically a war alarm. Right now, traders give about a 10% chance the US invades Iran by March 31st. 10% sounds small, until you remember the thing being priced is an invasion. On the same board, traders also price military action continuing through March 31st at 92%. So the market is saying the conflict probably stays hot, even if a full invasion is still the underdog. That gap is the story."
7605529858520878356,https://www.tiktok.com/@oxrem1/video/7605529858520878356,Logan Paul tells Yatchy about Polymarket #viralitypoly,2026-02-11T09:00:19.000Z,24,,0,1,1104,88,,Salma Rem,88,False,NG,polymarket prediction,"polymarket, prediction_market","description, transcript",YES,"Polymarket, the prediction market, oh you don't know about the polymarket? You know what a prediction market is? So it's basically an aggregate of opinions and people can buy yes or no, whether or not they think an event is going to happen, like what, who's going to get elected, will Trump run for a third term, when is the Drake album going to be released, who's going to win the best Grammy rap album of the year, this is what people are saying by putting their money where their mouth is. So you bet, you pay, your bet is a pay, you would buy who you think is going to win rap album of the year, as if it were like a share. And then what happens if that person wins? Then the people who bought that share get the money. From the rest of the people. And there's no house. It's me versus you. This is a pot? All this money is going in? Yes, yes. And then whichever one wins gets all of it? Yeah, everyone who put it in the one that. But what about the other people's money? Do we get their money or they just lose? Yes. So it's one pot and then the winner takes all basically. Yeah, yeah. It's kind of crazy, crazy. And you could sell, you could sell your shares too, right? So like if you change your mind, like on Grammy day, you're like, damn, bro, Bad Bunny just ain't as hot as I thought he was. You know what I'm saying? You could sell your stock. You could sell. And if it went down or up, you could lose. Is this like a thing? This is like a big thing? Yeah, a huge thing."
7619628409404050709,https://www.tiktok.com/@kaiqiangxu1/video/7619628409404050709,🚨 Whale money tracked on PolyMarket today! Markets are split! 1. LoL: LYON vs JD Gaming (BO5) - First Stand Group B 2. Warriors vs. Pistons 3. Republican Presidential Nominee 2028 #PolyMarket #Predictions #Crypto #Trading #WhaleAlertfinal,2026-03-21T08:49:52.000Z,0,,0,0,93,46,,Michelin Odd Jobs K,3,False,SG,polymarket prediction,polymarket,"description, transcript",YES,"Stop betting on sure things. I just tracked where the real whale money is flowing on Polymarket right now. Event 1, LOL, LYON vs. JDGaming, BO5, first stand group B, 24-hour volume, $7,226,160. Event 2, Warriors vs. Pistons, 24-hour volume, $5,006,560. Event 3, Republican Presidential Nominee 2028, 24-hour volume, $4,576,193. These are the markets where fortunes are made. Drop your prediction in the comments."
7620096064284052757,https://www.tiktok.com/@mathh676/video/7620096064284052757,her prediction was so incredibly #polymarket #donaldtrump #fyppppppppppppppppppppppp ,2026-03-22T15:04:38.000Z,5,1,2,4,430,13,"polymarket, donaldtrump, fyppppppppppppppppppppppp",mattheo,9,False,PH,polymarket prediction,polymarket,"description, hashtags",YES,Will Trump say Barack Hussein Obama this week? Yes! Hell yeah!
7429848274787487018,https://www.tiktok.com/@worldupdatez/video/7429848274787487018,Try it out at Polymarket! #election #election2024 #currentevents #polymarket #predictions ,2024-10-25T22:46:02.000Z,23,1,2,2,2388,16,"election, election2024, currentevents, polymarket, predictions",World Updates 🌎,275,False,US,polymarket prediction,polymarket,"description, hashtags",YES,"You can now predict the outcomes of the election using an app called Polly Market. How it works is that if you go into the app's election feature and click on Presidential Election Winner, you can get real-time votes and updates on what people think is going to happen. It also has real-time polls and other comments from people. Make sure to check it out at Polly Market on the App Store."
7619571373240880398,https://www.tiktok.com/@wusa_9/video/7619571373240880398,The popular online prediction market company Polymarket is opening a pop-up bar in DC tonight.,2026-03-21T05:09:02.000Z,1,,2,0,68,30,,WUSA9,538,False,US,polymarket prediction,"polymarket, prediction_market","description, transcript",YES,"The popular online prediction market company Polly Market is opening a pop up bar in DC tonight. Online prediction markets allow users to wager on the outcomes of real world events such as elections and current affairs. Here's a look at the bar. Polly Market is calling it the situation room and says it will be the world's first bar dedicated to monitoring current events. The company says the space will feature live X feeds, flight radar, stock market data and other news sources. 60th Street Northwest near 21st Street."
7620066039597944095,https://www.tiktok.com/@holymarkett/video/7620066039597944095,ranking top 5 polymarket moments  #viralitypoly #prediction #trump #viral ,2026-03-22T13:08:38.000Z,302,24,27,7,4283,51,"viralitypoly, prediction, trump, viral",holymarket,487,False,US,polymarket prediction,polymarket,description,YES,"Bro, what? Will Trump say N-word in March? 7%? Bro, this doesn't make sense. The book mentioned the N-word. Yeah! Will GTA 6 cost $100 or more? Possibly 1% chance. Have they never heard of inflation? If I put $1 on this, I can just buy the game for free. Bro, what? Will Trump say Barack Hussein Obama this week? 25%? Bro, he has to. Seems to be a Democrat state in the way we turned it. Barack Hussein Obama. Yeah! Am I missing something? What do you mean, who will be the largest company by the end of March, and Nvidia has a 99% chance? Why don't I just put yes on Nvidia and no on every other company so I could just make some free Chipotle bowls? Bill Clinton charged by March 31st, 4% chance. I could just put $100. Three bands?"
7620212591402536213,https://www.tiktok.com/@viewworthyhq/video/7620212591402536213,He really called himself smart before sending $10k 😭 then Polymarket absolutely farmed him #polymarket #predictionmarkets #viralitypoly ,2026-03-22T22:37:01.000Z,15,,1,0,747,49,"polymarket, predictionmarkets, viralitypoly",viewworthyhq,0,False,MX,polymarket prediction,polymarket,"description, hashtags",YES,"October, most Googled person, Trump. September, most Googled person, Trump. August, most Googled person, Trump. July, Trump. June, Trump. May, Trump. April, Trump. March, Trump. Every single month, it has been Trump. Yo, 122K. This is a... Wait, wait, wait, wait. Google's official year in search list does not solely rely on total search volume. Instead, it emphasizes search interest growth? Yo, what? The rate at which searches for a person increases compared to the previous year? Fuck me. Bro, Trump won back-to-back years, so his growth is going to be a lot less."
7433820073229307167,https://www.tiktok.com/@zak.kimball/video/7433820073229307167,Election day: FINAL PREDICTION!! #election #election2024 #kamalaharris #trump #maga #voteblue #prediction ,2024-11-05T15:38:51.000Z,102300,2714,6756,2456,1100000,351,"election, election2024, kamalaharris, trump, maga, voteblue, prediction",Zak Kimball,363700,False,US,betting odds trump harris,betting_market,transcript,YES,"Who is going to win today? It's election day. Let's do our final prediction. We're going to go through every battleground state and talk about who's going to win and why. Let's start with Nevada. Right now, Trump has a 0.3% lead in the polls, so it's essentially tied. And 58% of people are betting on Trump to win the state. But I'm going to give Nevada to Kamala Harris. There are three reasons why I think this. Reason number one is polling is showing that Harris is doing a better job with Hispanic voters than she was, so I think that's going to play a big role in how this turns out, especially in the Las Vegas area. Two is that Harris really gained ground on Trump over the past couple months on economic messaging and who is more trustworthy on the economy, and in a tourism state like Nevada, that matters a lot. And three, this is a state, especially Las Vegas, that relies heavily on illegal immigration to keep their economy running. I think enough people know that a Trump presidency would be very bad for their economy. Now let's do Arizona. Trump is ahead by about 2% on average in the polls in Arizona, and you can't really find a high-quality poll that has Harris ahead at all. Now I do think the polls are underestimating Democrats across the board, but I think this has been such a consistent outcome that I have a hard time going against it. And the betting market is no different. 78% of people are betting on Donald Trump to win. So with all that in mind, I'm going to give Arizona to Donald Trump. Immigration messaging worked really well here. That is the centerpiece of Trump's campaign. I think that's why he wins this state. Let's move on to Georgia, my state. Trump currently has a .8% advantage in Georgia in the polls, and frankly, polls are back and forth. Some are showing Trump, some are showing Harris. It's really a coin flip state. The betting market doesn't reflect that. 68% of people are putting their money on Donald Trump, but I just don't buy that at all. I went back and forth on this a lot, but I'm going to give Georgia to Kamala Harris. I live in Atlanta. I see the enthusiasm she has in the city, and that is going to be the engine of how she wins the state. It was the same thing in 2020 with Joe Biden. Joe Biden only won because of the strength of his vote in Atlanta and the suburbs of Atlanta. Between the high level of enthusiasm for her campaign and the ratio of women to men in the vote so far, I think Harris squeaks out a win here, but it'll be less than 1%. Now let's do North Carolina. Trump has a .9% lead in the polls on average in North Carolina, but again, it's one of those states where it's a mixed bag. Some high quality polls are showing Harris with a lead, some are showing Trump with a lead. It's a toss up. The betting markets are favoring Trump with 67% of people backing him, but I've had an instinct since very early in this race. I've been calling North Carolina for Harris for months, and I'm sticking with it. Between demographic shifts in the state, the worst governor candidate I've ever seen in Mark Robinson, and then the hurricane response from Donald Trump politicizing a big disaster, I think those three things are going to come to bite him in the ass. I'm going to be honest, this is my least confident pick. However, I'm sticking with my gut. I think this goes blue for the first time since 2008. Let's jump over to Wisconsin. Right now, Kamala Harris has a 1% lead on average in the polls in Wisconsin. And even the betting markets are favoring Kamala Harris, 59% of people are betting on her. And although it's been pretty much impossible to poll the state accurately and figure out what they're thinking, I'm going to give this to Kamala Harris, and I'm going to give it to her for a couple reasons. Reason number one is Tim Walz. He's the governor of the neighboring state of Minnesota, and there is a lot of cultural overlap between these two states. But the thing that I like about it is Tim Walz is able to capture the attention and create some relatability among blue collar folks who live in this area of the country. That's what Trump was able to do in the previous two elections, because his contrast was against pretty elite East Coast folks. This is a very different dynamic. I think Tim Walz helps a lot here. I also see suburban women breaking pretty heavily for Kamala Harris, definitely more than they did for Biden in 2020, and I think that's what gets her over the finish line. I think it'll be close, but I think Harris will win. Let's talk about Michigan. Similar to Wisconsin, Harris has a 1% lead in Michigan in the polls. So similar to every other state, it's essentially a tie. But in the betting markets, Harris actually has a pretty substantial advantage. 65% of people are betting on Harris to win Michigan. And I'm going to agree with those bettors and give Michigan to Kamala Harris. To me, the only point of concern in this state for Harris is the Arab American population breaking less for her because of what's going on in Gaza. But I think at the end of the day, this is still going to be a Democratic stronghold because of the amount of turnout you're going to get from cities, especially Detroit. I think the margin will be very similar to 2020. And last but certainly not least, Pennsylvania. Going into the final day of the election, it is a 0.2% advantage for Kamala Harris in the polls. So again, statistically, we're tied. And 56% of folks are betting on Donald Trump to win this election in the betting markets. But I'm going to disagree with those folks. And I'm going to pick Kamala Harris to win Pennsylvania. Despite this being one of the closest states in terms of polling, I don't think this is going to be the closest battleground state. I actually think it's going to be won by about 3% to 5% by Harris. I think there are going to be two critical engines that drive it. One is going to be suburban women. And two is going to be Puerto Rican voters in Philadelphia. Philadelphia has a very large Puerto Rican population. And between what happened at Madison Square Garden and Pat Bonnie and all that, I think that is going to be some real fuel to the fire here. But in the end, I think the biggest engine is going to be the gender gap between female and male votes. And that is going to give Harris the big edge going into today. We've gotten to the end, and my prediction is a bit different from the betting markets prediction. 59% of people are betting on Donald Trump to win. I think they're wrong. Because my final result is Kamala Harris winning 308 to 230, becoming the first female president of the United States of America. Now just a moment of honesty. If I had to rate my confidence on this being the outcome, I would rate it pretty low. I'm just like every other analyst in this situation. I don't know for sure. I've gone into every other election going, oh, I know pretty well who's going to win this. I don't know who's going to win this. But my central thesis is that Democrats have been under-polled dramatically. And I think that's going to show up in a big way tonight. But I could be wrong. In my mind, anything is possible, all the way from a Trump landslide to a Harris landslide and anything in between. It's going to be a nerve-wracking day. It's going to be a nerve-wracking night, probably a nerve-wracking couple of days. But let's breathe in, breathe out. We're here. Let's see how it goes."
7411912202313059615,https://www.tiktok.com/@adw202599/video/7411912202313059615,Polymarket is showing a tight race between Donald Trump and Kamala Harris for the 2024 Presidential Election. With over $829M already bet:Donald Trump: 50% chance (Bet Yes 50.5¢ / Bet No 49.6¢)Kamala Harris: 47% chance (Bet Yes 47.5¢ / Bet No 52.6¢)The race remains competitive as market sentiment reflects shifting political dynamics.#Election2024 #PresidentialRace #BettingOdds #Polymarket #DonaldTrump #KamalaHarris #politicalbetting ,2024-09-07T14:45:04.000Z,9,,1,0,501,,"election2024, presidentialrace, bettingodds, polymarket, donaldtrump, kamalaharris, politicalbetting",Adrian,3406,False,US,betting odds trump harris,polymarket,"description, hashtags",YES,"I'm wasting my time with my son I'm trying to hold on to me Do you think I'm the man? I guess you don't understand Hold your hand, say I can't You're telling me yes I can Yes I can, yes I can I'm wasting my time with my son I'm trying to hold on to me Do you think I'm the man? I guess you don't understand Hold your hand, say I can't You're telling me yes I can Yes I can, yes I can I'm wasting my time with my son I'm trying to hold on to me Do you think I'm the man? I'm trying to hold on to me Do you think I'm the man? I'm trying to hold on to me Do you think I'm the man?"
7426796277804895520,https://www.tiktok.com/@electrictimenews/video/7426796277804895520,Part 2 Trump Odds SURGE 20% In The PERFECT Moment (2024 Election Forecast)#2024 #election #breakingnews #news #politics #democracy #trump #harris #trump2024 #fyp ,2024-10-17T17:22:43.000Z,174,7,17,26,14900,179,"2024, election, breakingnews, news, politics, democracy, trump, harris, trump2024, fyp",Electric Time News,45600,False,US,betting odds trump harris,betting_market,transcript,YES,"period of time during the Democratic convention when Harris took the lead, but the polling does suggest that the former president is on track to win Arizona back, and according to the betting markets, it is going to be a lean Republican state. Next up, in Texas, there's no doubt that Trump is going to win the state for a third time. We do have a competitive Senate race there with Ted Cruz on the ballot. He isn't always the best performer. He simply isn't that popular in his home state, but on the presidential level, Trump is the clear favorite. He had a 91% chance of winning Texas four years ago. The polls had Trump winning the state by 1% on election day. Ultimately, he won the state by nearly six times that margin, and today, Trump already leads by nearly six points. When all is said and done, he is going to win Texas by nearly a double-digit margin or potentially even 10 points or more, and so Trump should have no worries in Texas. Even if Kamala Harris is trying to spend money there, trying to make it competitive, she has absolutely no chance. And the Lone Star State is going to be likely red for Donald Trump. He is going to easily carry it once again. Moving up now to the Midwest, we have four states Kamala Harris absolutely must win. Minnesota, Wisconsin, Michigan, and Pennsylvania. She can't lose even a single one of them, and after we fill them in, you'll understand why she is in such a precarious position. As we're going to begin in Minnesota, where Kamala Harris made a huge mistake. She should not have chosen Tim Walz to be her running mate. It should have been Josh Shapiro, the governor of Pennsylvania. He probably would have been able to help Harris win the Keystone State, which is by far the most important state on the map. Now, Tim Walz is going to help Harris win Minnesota, but this is a state no Democrat has lost since 1972. It should be a state they have in lock, but today, Harris has just a 91% chance. She leads by less than five points in the polling, despite Joe Biden having won the state by 7% in 2020. And so yes, Walz is going to do good enough to make sure that Harris will win his home state, but he's not going to provide anything else. He's not really giving Harris a boost in neighboring Wisconsin or Michigan or Pennsylvania, which is what she really needed. Moving on now to Wisconsin, a lot of people thought that Harris would be able to win this state as Walz would be able to help her out in Minnesota's neighbor, but that is no longer the case. When she did have a 60% chance of winning, but today her odds have fallen down to just 47. In fact, Trump took the lead a few days ago for the first time in over two months. Basically, throughout all of August and September, Kamala Harris was the undoubted favorite to win Wisconsin in less than a month. But now with just 20 days to go, Trump is surging at the perfect moment. Looking at the polling average, this is the only battleground state where Harris leads. She is behind in every other one. However, her lead isn't going to last very long. Trump is probably going to take over in the next few days. The three most recent polls show a tie, but polling in Wisconsin has"
7430701519592344837,https://www.tiktok.com/@sethherrerab/video/7430701519592344837,La apuesta más grande del mundo. ¿Quién crees que gane? 🇺🇸 #apuesta #economia #finanzas #usa #elecciones #Millones #trump #kamala #trending,2024-10-28T05:57:17.000Z,26,2,4,1,552,31,"apuesta, economia, finanzas, usa, elecciones, millones, trump, kamala, trending",Seth Herrera,1515,False,MX,betting odds trump harris,polymarket,transcript,YES,"The biggest bet in the world is the Donald vs. Kamala race. On the Polymarket page, there is currently the biggest bet in the world with $2 billion at stake. Here you can see how the race was going, quite even, but here in the last month they separated. Donald Trump leads with 64% of bets and Kamala with 35%. But it's crazy what is being bet on in these elections. Tell me in the comments, who do you think will win the race for the presidency of the United States?"
7426197723319110942,https://www.tiktok.com/@davidgokhshtein/video/7426197723319110942,"🚨BREAKING: Trump just hit 58% on Polymarket, hitting a new high against Kamala Harris. Even with all the efforts to make him look “unfit,” the betting markets aren’t buying it. His numbers are only going up, with a recent NBC poll showing a five-point boost in the last month. Meanwhile, Harris is trying to get back in the game with Tim Walz pandering to male voters and rumors about a possible Joe Rogan interview.",2024-10-16T02:40:09.000Z,9251,595,480,650,712500,44,,David Gokhshtein,476800,True,US,betting markets harris,"betting_market, polymarket",description,YES,"I mean, just look at them side by side, and you can see it. Remember that poll we took a month ago that you see here? It was just after that first Trump-Harris debate. Since then, we've had the VP debate. There have been some campaign activities, some interviews, some things that have changed in that time. I think this might be the biggest for Harris. We just asked the basic image perception people have. Is it positive or negative of these candidates? The Trump number's always been somewhere in this territory. In fact, this is a little bit high for him, believe it or not, 43% positive. But look at Harris, 43% positive, 49% negative. The significance, we polled this a month ago. She was 48% positive and 45% negative. She was above water, as they say. That's completely reversed. It now looks very similar to Trump's. That's a pretty big shift."
7592393501896084791,https://www.tiktok.com/@impaulsive/video/7592393501896084791,Will Donald Trump run for a THIRD TERM? 🤔🇺🇸 @Polymarket odds say there’s a chance 👀  #poweredbypolymarket #loganpaul #donaldtrump #kaitrump @Logan Paul @Kai Trump @heybigmike ,2026-01-06T23:25:07.000Z,114000,706,3741,183,2000000,15,"poweredbypolymarket, loganpaul, donaldtrump, kaitrump",IMPAULSIVE,3600000,True,US,election odds,polymarket,"description, hashtags",YES,Have you seen the Polly market on whether or not your grandpa would run for a third term? I think it's maybe a 4%. Your grandpa is at 4.1%. Do you think that's possible? He's not running a third term. He's not. I feel like I'm still going to buy yes. A lot could happen until 2028. Not bad.
7564488484543630606,https://www.tiktok.com/@dailymail/video/7564488484543630606,Zohran Mamdani's odds of becoming the next mayor of NYC are currently 93% on Kalshi. Who do YOU think will win the election? #news #politics #zohran #cuomo #nyc ,2025-10-23T18:38:59.000Z,9741,99,392,240,228200,22,"news, politics, zohran, cuomo, nyc",Daily Mail,26100000,True,GB,election odds,kalshi,description,YES,"We're here with the next mayor of New York City, Salman Khan. Let's go, baby. Let's go. Bam, bam, bam. Ninety-three percent. On calci, right now. Yes. Chances of victory. Ninety-three percent. Yep. So, barring this doesn't go horribly, I think you're good. I hadn't spoken to this in high school. Text me, like, five days before the election goes, yo, bro, I just put a thousand on you, like, please, don't let me down."
7433942731631742241,https://www.tiktok.com/@newtonblogs_global/video/7433942731631742241,JUST IN: 🇺🇸 Donald Trump's election odds rise to 60.5% over Kamala Harris as Election Day continues.,2024-11-05T23:34:50.000Z,91,,6,3,4136,,,NEWTON BLOGS GLOBAL,26700,False,GH,election odds,election_odds,description,YES,"My message is that things have to change, and they have to change right now. It is time to show the whole world that America is back, bigger and better and stronger than ever before. The more people tell you it's not possible, that it can't be done, and the more you should be absolutely determined to prove them wrong. Treat the word impossible as nothing more than motivation. Never stop fighting for what you believe in and for the people who care about you. Carry yourself with dignity and pride. Demand the best from yourself. The more that a broken system tells you that you're wrong, the more certain you should be that you must keep pushing ahead."
7429366940596194606,https://www.tiktok.com/@upcloseinsights_/video/7429366940596194606,Who do you think it’s going to win?! #polymarket #2024election,2024-10-24T15:38:14.000Z,3,,0,23,870,16,"polymarket, 2024election",upcloseinsights_,25,False,US,election odds,polymarket,"description, hashtags, transcript",YES,"Who do you really think is going to win this upcoming election? According to polymarket polls, Donald Trump is most predicted to win by 61.5 percent, whereas Kamala is at 38.5 percent. These numbers are always changing, so stay updated by visiting their website."
7603208175768177951,https://www.tiktok.com/@mediaite/video/7603208175768177951,"CNN’s Harry Enten argued that Democrats’ chances of securing a landslide victory in this year’s midterm elections are skyrocketing thanks, in part, to gains they’ve made in Texas.",2026-02-05T13:10:00.000Z,30,29,1,2,2069,224,,mediaite,138900,False,US,midterm election odds,prediction_market,transcript,YES,"That's our hoping for a blue wave in the November midterms after overperforming in a series of recent special elections that we have covered. But what does this look like right now? CNN Chief Data Analyst Harry Enten is here with that. Let's look through some of the big states. You want to start with New York and what that means. Donald Trump made gains in New York. Yeah, Donald Trump made huge gains in 2024 versus 2020 in New York. But now we're looking at a huge Democratic rebound. What are we talking about here? Okay, so you go back Democrats' margins in New York. In 2024, Kamala Harris won New York by just 13 points, not a very wide margin at all. But take a look here for New York. Look at how the House Democrats or Democrats going for the House of Representatives are polling now for 2026. Look at that wide, huge advantage. That is doubling the margin that Kamala Harris had back in 2024. They're up by 27 points. And of course, there are a lot of Republican representatives in New York. You know, talk about Mike Lawler up in the Hudson Valley, right? When you see numbers like this, you have to be really worried if you're Mike Lawler because we're talking about a huge Democratic rebound in New York. And oftentimes Democratic majorities are built on states like New York, eliminating the few Republicans that actually represented in the House. So going from New York, go to California. I know you wanted to look at that too. You've got this. This is what it's looking like in New York. How about California? Yeah, okay, California has a ton of Republicans, right? And obviously there's a redistricting where Democrats want to eliminate as many Republicans as possible from the House of Representatives. Kamala Harris, again, she won, but this is actually a relatively small margin for Democrats. She won by 20 points out on the West Coast in the big state of California. But take a look at the 2026 House polling. Again, Democrats, a big rebound. This looks a whole heck of a lot more like 2020 than it does like 2024, with Democrats up by 28 points on the House ballot. Again, this is the type of thing that can help aid a Democratic majority. As I said, you go back to the big Democratic waves, 2006, 2018. Those House majorities were oftentimes built on getting rid of those few Republicans that exist in those big blue states. And this is the type of number, if you're a Democrat, you're giving two thumbs up for, because this looks like the type of number you want if you want a Democratic majority in the House. You've got New York, you've got California, but let's talk about Texas, which has been such a central focus when you look at redistricting efforts and just a lot that has been going on there, especially in just the last couple of weeks. Yeah, there's been a lot going on. You know, we mentioned, of course, that Texas ninth special election that happened on Saturday, right? That did not happen in isolation. That did not happen in isolation. Again, Republicans have been hoping to squeeze out more Republican seats from that state with the redistricting efforts, right? These are the types of numbers that should really worry Republicans. Okay, Republicans' margins in Texas. Trump won it by 14 points, but look at the generic ballot, the generic House ballot. Now we're talking about a Republican advantage of just one, two points. That was a big influence in terms of what happened in Texas nine. Yeah, they got a good candidate, but it was also the environment has shifted so much to the left, right? This looks a whole heck of a lot like what we saw in 2018 when Republicans barely won that House vote. You put this together with this, together with this, and all of a sudden you can see how Democrats can really ring out a lot of seats from the big states, the blue ones in California and New York, and of course the red one historically in the state of Texas. So what are the prediction markets saying about this? Yeah, okay. About the House. Yeah, so just take a look here. The chance of a blowout. This is the chance that the GOP wins under 193 House seats. Three months ago, it was just 8%. Look at where we are today, up to a 26% chance. Not just that Democrats win back the House, but that Republicans really fall through the floor. All right, Harry, thank you so much. Really appreciate it. Thank you. We'll be right back, lots of news."
7426733713783901473,https://www.tiktok.com/@electrictimenews/video/7426733713783901473,Part 1 Trump Odds SURGE 20% In The PERFECT Moment (2024 Election Forecast)#2024 #election #breakingnews #news #politics #democracy #trump #harris #trump2024 #fyp ,2024-10-17T13:20:00.000Z,480,28,34,28,25900,179,"2024, election, breakingnews, news, politics, democracy, trump, harris, trump2024, fyp",Electric Time News,45600,False,US,trump odds,betting_market,transcript,YES,"Donald Trump's chances of winning the 2024 election have risen again to an insane 58%. Today we'll be taking a look at what's been behind his incredible rise as Kamala Harris's campaign continues to falter. Just three weeks ago, she was the favorite to win the election, but today Trump has taken a commanding lead. And so we're going to take a deep dive into the 11 most competitive races on this map. We're not going to focus on all the solid and likely states, I mean really Donald Trump is unlikely to win states like New Hampshire and Maine, Kamala Harris has no chance in states like Iowa and Ohio, so we're going to focus on Polly Market's forecast in these 11 states that are not shaded in, as these are the races that will actually decide the election. And in these states we've seen a ton of movement, I mean just look at Michigan for example, Donald Trump's chances of winning the state went from 33% three weeks ago, now he's at 54%. And so returning to the map, we're going to begin in Nevada, where Donald Trump and Kamala Harris have exactly the same 50% chance of winning the state. Nevada couldn't be more of a toss-up, Kamala Harris has been leading throughout most of the last two months, but today Trump officially caught up, and Nevada is a pure toss-up between the two nominees. If you look at the polling average, Trump has actually pulled ahead, he leads by 0.5%, with the most recent Wall Street Journal poll having him up by 6 points over the Vice President. That really is very significant, especially as the Wall Street Journal is a left-leaning pollster. And if we look at the graph, Kamala Harris has been ahead since the end of August, she lost her lead just a few days ago, but Trump being ahead in Nevada is a pretty big deal. No Republican has won this state since 2004, but Trump very well could be the first to flip Nevada in 20 years. It's going to be tilt-red on the map, considering that we do have a tie in the betting markets, and the polling is going to decide the state in Trump's favor. Next up, in Arizona, Trump is the clear favorite. He has a 68% chance of winning a state, a state he didn't even win in the last election. In fact, Biden flipped Arizona in 2020, carrying it by 0.31%. And what's really incredible is that Trump's odds in the state right now are just as high as they were right before Biden dropped out in mid-July. Democrats went through all the trouble of replacing their nominee at the top of their ticket with less than four months to go until the election, and today Kamala Harris is performing even worse than Joe Biden was before he left the race. I mean, that is just abysmal on the part of the Harris campaign. If we turn to the polling, things don't get any better for the Vice President. Trump leads by 1.1%. This is one of three states where Trump leads by 1% or more. In fact, the most recent New York Times poll has the former president leading by 5%. Trump's always dominated polling in Arizona. There was only a very short"
7566700842179464461,https://www.tiktok.com/@sweeenie/video/7566700842179464461,Don’t trust Polymarket. Trust Sweeenie.,2025-10-29T17:44:32.000Z,540,19,16,34,10600,73,,sweeenie,30100,False,US,polymarket debate,polymarket,"description, transcript",YES,"All right, good afternoon. I am Sweeney. I am down here in Soho or Tribeca. I honestly don't know where the fuck I'm at. Sometimes you guys are in my comments like, Bro, that's not Soho, that's Tribeca. You know where I'm at? I'm in the fucking trenches, here, for you. And I want to come in and give you my take in 60 seconds on this. Do not trust Polymarket, and I'll explain to you why, all right? So, Polymarket is a company where you can bet on the odds of an upcoming election. And after the first debate, Zoan is predicted at 90% of winning on November 4th. But I can explain to you why that's based in fraud, all right? So let's say 100 people bet on this election, and 99 of them bet on Cuomo or Sliwog going to win. If even one person comes in and bets more than all those other 99, it skews Polymarket's result. So, what do we already know? We know that Zoan is funded by Soros, who gave him $37 million as soon as he declared his candidacy. Soros could come in there, drop a billion dollars, and then suddenly, Polymarket says Zoan's going to win by 99%. Why is that a bad thing? Because it generates this defeatism in New York City residents that this race is already called. Guys, this is the most important race in the history of New York City. This race is not called. It's anyone's to win. Go out there on November 4th and fucking vote."
7603099082801876242,https://www.tiktok.com/@usah725/video/7603099082801876242,Did You Know What Is Poly Market? #viralitypoly ,2026-02-04T19:47:38.000Z,76,3,1,0,4108,66,viralitypoly,Flash,4,False,US,polymarket debate,"polymarket, prediction_market","description, transcript",YES,"futures? Like on Polly Market? Polly Market. Oh, you don't know about Polly Market? You know what a prediction market is? So it's basically an aggregate of opinions and people can buy yes or no whether or not they think an event is going to happen. Like what? Who's gonna get elected? Will Trump run for a third term? When is the Drake album gonna release? Who's gonna win the best Grammy rap album of the year? And you can win money off it? Can you pull up like a- I don't get it though. Can that just be rigged? If I knew the inside on something, I could just like- So there's definitely that argument. What is this? Grammy's album of the year winner. So this is what people are saying by putting their money where their mouth is. You pay. Your bet is a pay. Like you would buy who you think is going to win rap album of the year as if it were like a share. And then what happens if that person wins? And the people who bought that share get the money. And there's no house. It's me versus you. This is a pot? All this money is in a pot? Yes, correct. And then whichever one wins gets all of it? Yeah, everyone who put it in the one that. But what about the other people's money? Do we get their money or do they just lose? So it's one pot and then the winner takes all basically. It's kind of crazy."
7588268786776657207,https://www.tiktok.com/@itsreallycameron/video/7588268786776657207,Talking about Polymarket and kalshi #trading #daytrading,2025-12-26T20:38:58.000Z,68,4,18,2,3856,66,"trading, daytrading",itsreallycameron,1861,False,US,polymarket debate,"kalshi, polymarket, prediction_market","description, transcript",YES,"A lot of you know I trade on PolyMarket for a living but a lot of you don't know why I chose PolyMarket over Calshi, so let me explain A lot of people choose Calshi because it's easy to access in the United States currently but, you know, that's why they invented VPNs Now I'm not telling you to break the terms of service, but let me tell you why PolyMarket is better than Calshi First off, PolyMarket has more volume, which is good You don't want every market to be so volatile that one person places a trade and it completely skews everything Secondly, with more volume on PolyMarket, that means more money opportunity I like the markets on there that have a lot of volume, specifically politics Calshi used to be biggest in sports over PolyMarket, but I think that's sort of changed PolyMarket has a lot of volume in the sports market, but that's sports is gambling, don't do that But for politics, way more volume in PolyMarket, which is good They both are prediction markets that do the same thing at the end of the day There are arbitrage opportunities between the two to make money by trading on both of the platforms But I primarily only trade on PolyMarket, so that's what I recommend to everybody"
7611637760499158285,https://www.tiktok.com/@bloombergbusiness/video/7611637760499158285,"Prediction markets have never been bigger — or more controversial. On this episode of the Everybody’s Business podcast, @Stacey Vanek Smith and @Max Chafkin sit down with Jacob Goldstein and Robert Smith of the Business History podcast to unpack how betting on real-world events went mainstream — and why platforms like Kalshi and Polymarket are reshaping the way people trade on everything from politics to pop culture. #betting #markets #money ",2026-02-27T20:02:33.000Z,206,12,40,5,8956,49,"markets, money",Bloomberg Business,1000000,True,US,polymarket debate,"betting_market, kalshi, polymarket, prediction_market","description, transcript",YES,"Five hundred years of prediction markets history in one minute. It starts in Italy in the 1500s, betting on who's going to be the pope. Did Cardinals insider trade? Yes. It got banned in 1590. In the 1800s, there's betting on presidential elections of the United States. And then in 2001, the Pentagon decides to have a market on betting on terrorism. It got banned. Now we come to modern day where betting markets have become a huge business. More than 100 billion dollars a year. Polymarket, Cali, leading the charge. You can bet on anything from how much snow is falling in Brooklyn right now to whether or not we are going to invade Iran. The question is for you all, are these things any good? Is this going to continue? Is it going to get bigger or is there going to be a backlash? You can hear the whole thing in the feed at Business History or Everybody's Business."
7576373355872357643,https://www.tiktok.com/@visionquant/video/7576373355872357643,Polymarket: Cuando las Noticias Tienen Precio #VisionQuant #Polymarket #Finanzas #Cripto #IA,2025-11-24T19:18:14.000Z,17,7,14,0,955,480,,VisiónQuantMx,67,False,MX,polymarket debate,"polymarket, prediction_market","description, transcript",YES,"Well, let's get into this. Let's get into the situation. It's November 5, 2024. Midnight. The news channels, well, they're like crazy, right? Analyzing data, dice to dice, without a clear winner. But in the meantime, in a corner of the Internet, a market already has a verdict. Well, yes, while the big TV chains doubted, a crypto platform called PolyMarket had already put a price on a winner. And not with a small margin, no, no, with a very high probability. And beware, this is not a simple betting house. This was the test of fire of a prediction tool, one that was about to change the rules of the game. And of course, behind all this, there is a person, Shane Copeland. His story is, well, it's almost a movie. Let's think, at 16 years old, he was already investing in Ethereum, one of the very first. Years later, in 2020, he launches PolyMarket, literally from a bathroom during the pandemic. And from there, things accelerate. Fines of 1.4 million from the CFTC. Geoblocking in the United States. And to top it off, a raid of the FBI in his apartment. Crazy. To understand well what PolyMarket is, we have to go to the idea behind it, to its core. Because, and this is key, we are not talking about a betting house, not at all. It is a financial information market. The idea is inspired by a rather radical concept, by the way, called Futarkia. Let's see, in essence, what is a prediction market? Well, it is a place where people buy and sell, let's say, shares on whether something is going to happen or not. And the interesting thing is that the price of those shares is not random, no. That price represents the probability that everyone, together, gives that event. It is like collective wisdom converted into a number. And here this quote from the economist Robin Hanson fits perfectly. It is really the philosophy behind all this. Think about it. When we vote, our values, our desires, ideology influence. But when we bet, when there is money involved, things change. There, people are forced to say what they think is going to happen, not what they would like to happen. Money, in this context, forces you to be honest. Okay, great. And how does this work inside? I mean, what is the mechanics of this machine of truth? Well, it is surprisingly simple and everything is based, of course, on the economy of smart contracts. The process is super direct. You take any event in the world, it does not matter, some elections, the launch of a rocket, if it is going to rain. And it becomes a question of yes or no. From there, people buy shares of yes or no. The price, of course, changes depending on what people buy. And in the end, when the event occurs, it is very simple. If you got it right, each share of yours becomes worth a dollar. If you missed, it is worth zero. That simple. It is a direct and very, very efficient mechanism. And here is the magic, the key point of the whole system. If a share of yes is worth, for example, 63 cents, what the market is telling us is that there is a 63% chance that this will happen. It is not the opinion of an expert, no. It is a probability that has money behind, that has liquidity, and that is weighted by the capital that thousands of people are risking. But of course, this leads us to the question of the million, right? Especially in a decentralized system. If there is no boss, a central authority, who decides the truth? I mean, who says, yes, this has happened, and closes the market? Who has the last word? Well, the solution is a quite ingenious system called the optimistic oracle of UMA. It is based purely on game theory. It works like this. It is assumed that the first answer that is given is the correct one. Unless someone is willing to put their money on the table to say, no, that is wrong. If someone disputes the result, then those who have the UMA token vote to decide. It is, deep down, a system to find the truth that works with economic incentives. And all this gear leads us to the great advantage of PolyMarket, to what makes it so powerful, its incredible precision. Because when people play with their own money, what we call skin in the game, suddenly all the noise, the propaganda, the baseless opinions, all that is filtered and disappears. And this is not just theory, it is that the data confirms it. A 2024 study, for example, revealed that the average precision of PolyMarket is around 90%. 90%. If we compare it with traditional surveys, well, the difference is abysmal. This perfectly demonstrates the difference between asking people their opinion and measuring what people really believe with their money as proof. So, what are the keys to this success? Well, there are several. First, the radical transparency of the blockchain. Everything is public. Second, real-time prices, probabilities, change to the second. Then, incentives. Here it is rewarded to be right, not to have a popular opinion. There is also collective wisdom, which adds information from all over the world. And finally, speed, because it reacts to news much faster than the media. And access, which is global and without barriers. But of course, not everything is perfect. A system so disruptive, which goes so far, obviously has risks. And well, some enemies have been won. Operating at the forefront of innovation always has a price. And it is essential that we also analyze the other side of the coin. To understand the regulatory risk that PolyMarket runs, it is best to compare it with its competitor in the United States, Calxi, which is regulated. There are two worlds. PolyMarket bets on global innovation and without permits, that is, maximum speed. Calxi, on the other hand, chooses the path of regulation, of prior approval, which implies security, but also much more slowness. They are, deep down, two totally opposite philosophies on how to innovate. And of course, the philosophy of PolyMarket has consequences. There we have the CFTC, which is the great regulator of derivatives in the United States. Its statement was devastating, accusing them directly of operating an illegal market. And from there came the millionaire fine and the blockade of EU users. This makes it very clear to us the legal Damocles sword that constantly hangs over the platform. But risks are not only legal, there are also internal vulnerabilities. For example, small markets with little liquidity can be manipulated by whales, large operators that move the price at their will. There is also the dependence of the oracle. If the oracle fails or is attacked, the whole system falls. And on top of that, there have been serious accusations of wash trading, which basically consists of inflating the volume of operations artificially to generate more activity than there is. Despite all these risks, what really defines PolyMarket is its vision of the future. The idea is very powerful. To put a price, a number, at each imaginable event. If we think about it, this could completely change our way of relating to information and the truth. And beware, because this vision is not a chimera. It has received a very powerful institutional validation. That Intercontinental Exchange, that is, the parent company of the very New York Stock Exchange, invests in PolyMarket is a brutal signal. It is telling us that the heart of traditional finances does not see this as a game, but as a possible key piece of the financial infrastructure of the future. What we are seeing is a total paradigm shift. We are moving from a world that moved by headlines, by narratives, by the subjective opinion of a handful of experts, to a future where events are measured with probabilities. Liquid probabilities that can be bought and sold and that are updated every second. And the potential of this is, well, almost infinite. We are talking about putting a price on everything. Elections, geopolitical conflicts, advances in climate science, macroeconomic decisions, the development of artificial intelligence, sports results. Anything that can be measured. The idea is that it becomes a kind of global price layer, but for news and world events. And with this we are going to finish. The question is no longer whether prediction markets work. That is already quite demonstrated. The real question that this leaves us is, what does it mean to live in a world where each future event has a real price? How would that change the way we make decisions, how governments act, or even how we perceive reality itself? We have to think about it."
7594497113736727811,https://www.tiktok.com/@labobarezka2/video/7594497113736727811,twitch: lagoda1337 #lagoda1337 #twitch #новости #polymarket,2026-01-12T15:27:39.000Z,172,14,9,1,8727,92,"lagoda1337, twitch, новости, polymarket",labobarezka2,25700,False,US,polymarket debate,polymarket,"description, hashtags",YES,"PoliMarket fired insiders from the United States and refused to pay for Venezuela's deliveries. Remember those people who won $400,000, leaving $20,000, $30,000 there? That's it, they won't get their win. The company said that the formal conditions were not met, because the events did not drag on the seizure and establishment of American control, as it is written in the rules of Paris. Because, as it were, they eliminated the president, but they did not squeeze the authorities under them, because Trump liked the new, so to speak, the new premiere, which is now performing the actions of the president. Trump said that, haha, he's funny, cool, cool, God grant him health, that's it, let him be the same. Let him be, I like him, he gives us oil for free. That's why Paris did not roll. But nothing, there is a new Paris, and the new Paris is whether the United States will bomb Iran until January 30 or 31. And there are also a lot of new accounts, well, now I'll remind you. A lot of new accounts are betting on the US strike until January 31, 2026 and the departure of Hamini's head. All accounts are new, and the stakes there range from $3,000-4,000 to $30,000-40,000-50,000. For a coefficient that is equal to 10%. That's why, well, nothing, there are still a lot of countries where you can go inside, so it's okay. Soon there will most likely be bets on Cuba, Mexico, Nigeria, somewhere else. There are also bets on Greenland, by the way. There are bets on whether Greenland will be annexed until November. In principle, the stake is also open."
7616821799099043102,https://www.tiktok.com/@mikelevinca/video/7616821799099043102,"Polymarket allowed people to bet on the assassination of foreign leaders, the timing of U.S. military strikes, and whether a nuclear weapon would be detonated, generating over half a billion dollars in Iran war contracts alone while credible evidence emerged of insider trading by people with advance knowledge of the strikes. I introduced the DEATH BETS Act along with Senator Schiff to ban such contracts permanently.",2026-03-13T19:19:05.000Z,90,2,4,7,1267,34,,mikelevinca,22600,False,US,polymarket debate,"polymarket, prediction_market","description, transcript",YES,"It's really broken when you've got people able to go on prediction markets and bet on war and on death. It's immoral, it's disgraceful, and it really needs to be illegal. And the reality is that the CFTC, the Commodities Futures Trading Commission, was supposed to come out with regulations. They were also supposed to do an investigation on PolyMarket. Neither of those things happened because when Donald Trump became president and Donald Trump Jr. joined the advisory board of PolyMarket, all of that stopped. And so if the CFTC won't act, we need to act in Congress, and we need to ban this once and for all."
7605499910053530911,https://www.tiktok.com/@ballabusiness1/video/7605499910053530911,How Polymarket is Changing the Way We Bet on Culture #viralitypoly #fyp #superbowl #badbunny #crypto #foryoupage #foryou #viral,2026-02-11T07:04:14.000Z,6,3,1,2,370,45,superbowl,PolyKing,1880,False,US,polymarket debate,"polymarket, prediction_market","description, transcript",YES,"Polly market, the prediction market. Oh, you don't know about Polly market? You know what a prediction market is? So it's basically an aggregate of opinions and people can buy yes or no, whether or not they think an event is going to happen. Like what? Who's going to get elected? Will Trump run for a third term? When is the Drake album going to release? Who's going to win the best Grammy rap album of the year? And you can win money off it? Can you pull up like a... I don't get it though. Isn't... Can that just be rigged? Like, if I knew the inside on something, I could just like... So there's definitely that argument. What is this? Grammy's album of the year winner. So this is what people are saying by putting their money where their mouth is."
7613904688601107743,https://www.tiktok.com/@jennyyangtv/video/7613904688601107743,"So Polymarket is just insider trading, right? Can I bet that Dump will poop his pants today? Catch this week's NEW episode of @whatshouldwepod with @tongsonator 👩🏻‍💻 jennyyang.substack.com LINKS What Should We Talk About drop Mondays, PODS drop Thursdays 😂 jennyyang.tv for standup comedy show tickets (LA 3/14, 3/21, 3/28) 🎧 jennyyang.substack.com for S2 of @whatshouldwepod #jennyyang #whatshouldwetalkabout #polymarket #predictionmarket #welosttheplot",2026-03-05T22:38:46.000Z,86,1,6,2,758,93,"jennyyang, whatshouldwetalkabout, polymarket, predictionmarket, welosttheplot",Jenny Yang,6653,False,US,polymarket debate,polymarket,"description, hashtags, transcript",YES,"Do you want to bet that someone's going to die? Make some money off of it. Do you want to bet that we're going to bomb Iran? Make some money off of it. You can almost bet on anything. Now, I haven't looked into this, so maybe you should too, but poly market just sounds like the worst of humanity. And it could be so nice, too. It could just be where poly couples go to find other people. No, that's not what poly market looks like. No, no, poly market does not mean... It's like a farmer's market for poly kids. Yeah, for poly kids, you know? No, that's much more delightful than whatever this is. The flip side of that was, who funds poly market? And is it good that a bunch of richy-riches, or a bunch of people in the know that are filthy individuals, went and found out that this was happening and bet a shit ton of money on it, and poly market had to give out millions in paydays or whatever now? I don't know. Maybe bankrupt those suckers then. I don't know the rules, but here's the thing. How are we in a world where we can make money off of predicting war? This is what's so... It's blowing my mind, and I don't think we're mad enough about any of this, obviously. If we are mad about any of this, then we would just be mad 24-7. But I feel like that's just one step away from what the stock market futures, like hedge markets, are about. It's essentially a kind of gamble around certain outcomes, right? So it's the Deadpool aspect of things. Isn't that how Deadpool gets named? There's a kind of betting situation. Who's going to die? Who's going to live? I miss that reference. Good job, Marvel nerds. I know. That was one of my pandemic projects, is watching the Marvel Cinematic Universe."
7615241480583761174,https://www.tiktok.com/@earlystageinvesting/video/7615241480583761174,"Polymarket made $17.9m in revenue in 2025 Polymarket is still Pre IPO, unlisted, with room to grow before it goes public.  Smart money is investigating into betting infrastructure. What are you doing?  #polymarket #preipo #earlystageinvesting #privatemarkets #privateequity",2026-03-09T13:06:19.000Z,1146,35,179,14,57800,82,,Connor | Early Stage Investing,2466,False,GB,polymarket results,polymarket,"description, transcript",YES,"529 million dollars was traded on where the US would bomb Iran. Someone knew something. A handful of brand new accounts, 529 million dollars in volume, Polymarket. Seems a bit fishy. Polymarket doesn't care. The volume just goes up. Controversy is the product. Every time it happens, the house wins. Polymarket keeps printing money, no matter what goes on in the world. Polymarket's happy. ICE, and no, not the one you're thinking of, the company that runs the New York Stock Exchange, put 2 billion dollars into Polymarket at a 9 billion dollar valuation. So while everyone's arguing about whether these bets are ethical or not, great investors and big institutions are writing checks and making money. But here's something that no one really talks about. Every single person that uses Polymarket and places a trade on there generates revenue. Win or lose, the house takes a cut either way. So while everyone and their grandmother are using flawed code to build the next great Polymarket bot, smart money is just backing the infrastructure. So you can try and outpredict a market that may or may not have insiders, or you can own a piece of the infrastructure. Polymarket is still private. That's the kind of asset that doesn't show up on your brokerage app. That's the real trade. That's the insider secret. So while your friends are sitting losing money on NFL bets, you can back the infrastructure that's taken the cut. That way, even when you lose, you win. This is what smart investors are doing."
7608593848733945110,https://www.tiktok.com/@0xpolytrader/video/7608593848733945110,"My friend said Polymarket was just gambling until I showed him this bot's numbers 📈 This trader turned $10K into $200K in 30 days. 94% win rate. Hit on Bitcoin $100K, US Election, Fed Rate Cut — all winners. I've been copying every trade. You can too. #polymarket #copytrading #cryptotrading #tradingbot #fyp",2026-02-19T15:10:10.000Z,0,,0,0,0,,"polymarket, copytrading, cryptotrading, tradingbot, fyp",0xpolytrader,0,False,BG,polymarket results,polymarket,"description, hashtags",YES,
7430168051229805867,https://www.tiktok.com/@upcloseinsights_/video/7430168051229805867,Poly market election number update! #polymarket #2024election ,2024-10-26T19:26:55.000Z,4,,0,9,319,15,"polymarket, 2024election",upcloseinsights_,25,False,US,polymarket 2024,polymarket,"description, hashtags",YES,I am back with a Polly market update. Let's see what's going on with these numbers today. Donald Trump is still showing the lead at 64.8% and Kamala Harris is at 35.4%. I am so curious to see what happens with this election.
7429803816578501934,https://www.tiktok.com/@upcloseinsights_/video/7429803816578501934,Do you agree? #polymarket #2024election,2024-10-25T19:53:31.000Z,4,,0,1,404,10,"polymarket, 2024election",upcloseinsights_,25,False,US,polymarket 2024,polymarket,"description, hashtags",YES,"Have you checked out Polly Market lately? Well, I have, and the popular vote has Kamala Harris at 58% and Donald Trump at 42%. Do you agree with these numbers?"
7431271476667419934,https://www.tiktok.com/@upcloseinsights_/video/7431271476667419934,I’m most intrigued with the election insights!! #polymarket #2024election,2024-10-29T18:49:02.000Z,2,,0,0,246,9,"polymarket, 2024election",upcloseinsights_,25,False,US,polymarket 2024,polymarket,"description, hashtags",YES,This app has been all over the news. It's in the New York Times and even Forbes. It had me so interested and now I can't get off of it. Have you checked it out yet?
7433935645719973153,https://www.tiktok.com/@lnformation_hub/video/7433935645719973153,Polymarket Election Forecast: Trump Leads Harris in 2024 Projections 🔴🔵 #Election2024 #PolymarketForecast #TrumpVsHarris #ElectionProjections #USPresidentialRace #SwingStates #RedBlueDivide #PoliticalForecast #Polls2024 #Trump2024 #Harris2024 #ElectionMap #PoliticalInsights #VoterTrends,2024-11-05T23:07:13.000Z,19,10,1,1,1537,8,,lnformation Hub,171,False,DE,polymarket 2024,polymarket,description,YES,.
7428708479759617323,https://www.tiktok.com/@worldupdatez/video/7428708479759617323,Go to Polymarket for more! #election #currentevents #polymarket ,2024-10-22T21:03:01.000Z,126,2,3,1,2203,19,"election, currentevents, polymarket",World Updates 🌎,275,False,US,polymarket 2024,polymarket,"description, hashtags, transcript",YES,"There's this new app in the App Store called Polymarket, and it is absolutely blowing up right now. Basically what it is is that it's a place where people can go to get up-to-date, real-time information about current events, like elections right here. Now see, if I click on who the presidential election winner is gonna be right up here, it gets up-to-date, real-time information, and they have comments from other people as well. Go check it out at Polymarket on the App Store."
7595099721371225366,https://www.tiktok.com/@user87088151465743/video/7595099721371225366,The 2026 Election Map Based On SHOCKING New Polls! part1#news #polls #2026,2026-01-14T09:30:00.000Z,0,,0,0,282,181,"news, polls, 2026",user87088151465743,311,False,US,election odds 2026,betting_market,transcript,YES,"Republican is very likely to succeed Laura Kelly. According to the betting markets on Cali, the GOP has a 76% chance of winning this race. And if we look at the field for the Republican primary, we have a ton of candidates running to succeed Kelly just because of how easy of a flip this would be. And so Kansas for now will be placed into the likely Republican column. It'll just be slightly more competitive than many of its neighbors. Now to finish off the western half of the continental U.S., we have the gubernatorial election in Texas, where Greg Abbott is seeking re-election to an unprecedented fourth term. No governor of Texas has ever served more than three. However, Abbott is very likely to win his re-election. According to a poll between a generic Democrat and a generic Republican, Republicans are ahead by six points, but with Abbott, the margin will be even larger. In 2022, Abbott won his last term by nearly 11 points. This race is not going to be close. The Lone Star State will be likely red. And then to get Alaska and Hawaii out of the way, Hawaii is very easily going to be safe. Blue, Josh Green will easily win re-election. While in Alaska, things are a little bit more interesting. Just like California, they don't have a two-party primary system. Instead, it's a top four primary rather than two, and the top four primary candidates will advance to the general election. And so the two front runners are currently Democrat Tom Biggich and Republican Nancy Dahlstrom. Dahlstrom is the lieutenant governor serving under Governor Mike Dunleavy. And in a head-to-head poll between the two candidates, Dahlstrom is ahead by 12 points. Now there is a good chance that Mary Peltola will jump into the race, but she hasn't announced that yet. She could also run for the U.S. Senate. And so for now, Alaska will be likely Republican on our map. We'll now shift our focus up to the Midwest. We have a ton of competitive races here, especially in Wisconsin, Michigan, and Ohio, but we'll begin in Minnesota where Tim Walz is running for re-election. He is seeking a third term in office. He was first elected back in 2018 and won his re-election by eight points in 2022. And Scott Jensen is one of the candidates vying for the Republican nomination. He was Walz's challenger in 2022. It is more likely than not that Jensen will not be the nominee again. However, he is the only nominee that we currently have polling data for. And in a matchup between Walz and Jensen, Tim Walz leads by 5%. Minnesota will just barely be placed into the likely blue category. And then in neighboring Iowa, Kim Reynolds will be term-limited. She will not be eligible to seek a third term. She was re-elected by 18 points in 2022. Iowa will easily elect another Republican governor. However, it'll probably be by less than 15 points, and so the state will be likely red. Wisconsin, though, will be more competitive as the 2022 race was decided by just three points with Tony Evers winning his re-election."
7611702717538438430,https://www.tiktok.com/@harryjsisson/video/7611702717538438430,02/27,2026-02-28T00:14:17.000Z,15600,285,991,285,144300,53,,Harry Sisson,2100000,True,US,election odds 2026,prediction_market,transcript,YES,"Here's where everything stands for the 2026 midterms, and completely unsurprisingly, it is not looking good for Donald Trump and the Republicans. So first and foremost, we have a poll from Emerson that has Democrats on a generic congressional ballot at 50%, Republicans at 42%, and they've pretty consistently stayed in that range, whereas Democrats have gone progressively up. On the prediction markets, it's actually much worse for the Republicans. The Democrats have an 85% chance of taking back the House of Representatives, whereas the Republicans are sitting at a measly 15%. And actually, I just saw this as well. The odds of Democrats taking both the House and the Senate has gone up pretty rapidly recently as well. And really, this just shouldn't surprise anybody. I mean, when Donald Trump has been covering up files that expose bad men who did bad things with Epstein, the economy is not any better. Matter of fact, it's much worse. People aren't going to like you. You're not gonna be popular with the American people. And so Republicans are going down, Democrats are going up."
7574268372850887967,https://www.tiktok.com/@jacksongosnell/video/7574268372850887967,PolyMarket is giving you early insight into the 2028 presidential race.,2025-11-19T03:09:48.000Z,7548,1296,2078,4,161500,50,,Jackson Gosnell,178800,True,US,polymarket north carolina senate,polymarket,description,YES,"2028 might feel far away, but the presidential race is already moving, and with Polly Market's presidential election winner 2028 market, it gives us insight into where things currently stand. Forget those polls or pundits, this is real-time information in action. Right now, JD Vance is leading, but look at this, Newsom is gaining traction as well, and some other names are on the list too. What's really interesting is how quickly things can change. Every major news story, political headline, and moves these politicians make are affecting the odds. That's what makes Polly Market a much faster meter of momentum than traditional polling. Do you want to see what the crowd really thinks? Check out the 2028 presidential market on Polly Market yourself and see who's rising, who's falling, and what surprises are brewing. It's a smarter way to follow the race. No spin, just crowd-driven prediction."
7606003672169991454,https://www.tiktok.com/@davidpakmanshow/video/7606003672169991454,"Millions are being traded on whether Trump makes it to January 2029. These markets are not truth machines, but the bigger story is the instability: once institutions plan for disruption, the environment becomes more volatile.",2026-02-12T15:39:04.000Z,618,26,23,17,7309,401,,David Pakman,1300000,True,US,prediction markets election,"betting_market, kalshi, prediction_market",transcript,YES,"Prediction markets are now openly pricing the possibility that Trump leaves office early. This is not like some fringe way. This is real money. Millions of dollars being traded about this. I wanna slow down. Let's look at what this means, because I think some people might. Might overreact or also dismiss this entirely. I think both reactions are wrong. Now, platforms like Kalshi have contracts where people can bet on whether Trump makes it to January of 2029 or doesn't even make it to 2028 or whatever. And these are legal prediction markets. This is people saying, I'm in a. I'm willing to put my money behind this. There are many opinions about whether these betting markets are good for society or an issue for problem gamblers. I'm not ignoring that stuff. But we have data about where people are on this particular issue that I think is really interesting. Now, recent trading puts the odds of Trump leaving office early roughly in these ranges. 19% believe that Trump will not even make it to 2027. One out of five believe Trump won't make it through the to the end of the year. 36% believe Trump won't make it to the end of 2027. In other words, by 2028, before January 1, 2028, Trump will be out. And then 45%, nearly half of the money being wagered, believes Trump will not make it in office until the day he is scheduled to leave, which is January 20th of 2029. Now, Uh, let's talk about the significance of this in plain English. The markets believe there is a non trivial chance Trump does not finish his presidency. That is not typical. Historically, sitting presidents usually do finish their presidencies, and they have very low early departure odds unless there's a major scandal or some clear health crisis. Now, very important point. Prediction markets are not predictions of truth. They are predictions of what the people betting believe will happen. They are sentiment plus risk pricing. They can be wrong, they are often wrong, but they're also not random. They're not disconnected from the reality on the ground. When you see millions of dollars moving, it usually reflects a real situation. And the uncertainty about Trump's ability to finish his term right now is different for different groups? Because so far I've mentioned nothing about why Trump wouldn't finish his term. Is it because of a health problem or is it because of a political problem? Now some people are betting Trump won't finish his term for political reasons. They think about impeachment scenarios, they think about election losses changing the congressional math, and then maybe the numbers would be there, or maybe there's a legal or a constitutional crisis. So institutional conflict. For other people, the reason they are betting on Trump not finishing his term is health related. Age stress, his health situation, the actuarial reality of the oldest president ever, questions about cognitive durability, physical durability. So there isn't Just one story driving these bets. It's the political risk traders and the health risk traders, and then the volatility people who are like, I don't know, the odds are interesting. I'm gonna take a shot at this. I do not believe, for all the possibilities, I do not believe anything short of death or true medical incapacity will remove Donald Trump from office. If you think about the political scenarios, there are not the votes to remove him via impeachment and Senate conviction. Even if Democrats take the house and impeach him, there are not going to be the votes to take him down with a conviction in the Senate. Even if Republicans lose the Senate, which we are talking about as a possibility, there are still not going to be the two thirds of the Senate vote required to actually convict Donald Trump. I don't think you're gonna see Republicans come over, so I don't think that the math is there on that one. Number two, constitutionally, I don't believe there is any path to a 25th amendment removal of Trump without overwhelming bipartisan buy in. And there is zero sign that Trump's Cabinet in any way would be willing to remove Trump via the 25th amendment. Third, and this is sort of like psychological and behavioral. People with strong narcissistic, ego, maniacal traits like Trump are not going to voluntarily give up power. So if we acknowledge, well, impeachments not going to work, 25th amendments not going To happen. Maybe Trump will decide this is becoming an embarrassment. I'm going to resign. People like Trump don't resign out of embarrassment. They don't resign out of pressure. It's just not how it works. So when I look at the leaving office early scenarios, I only am thinking about death. Trump dies and is no longer in office, severe medical incapacity or something unprecedented, something that's just never happened or occurred to us before, that removes him from office. Right now, what the markets are saying is this presidency has way more early exit risk than a normal presidency. And you can see that it spiked recently and the numbers continue to go up. Um, the bigger story, if we zoom out politically, is that this is about the instability that it causes. You know, Trump's leaving early or he's not, or the 25th amendments imminent. The real story here is that global and domestic actors are now modeling a scenario where the American presidency destabilizes in the middle of a presidential term. If you look at history, once institutions start planning for instability, the political environment itself becomes more unstable. And that's the feedback loop we're talking about. The odds of, of. Of climbing, that more and more people believe this is a possibility, generate headlines and behaviour and political momentum. But these are stunning numbers. I don't think I've ever seen numbers like these. We also arguably didn't have this level of position precision before. Um. And Now we have it, and this is a very interesting development. Let me know what you think. Do you believe one or another scenario is more likely? Is death or incapacity more or less likely than a political or constitutional scandal to take Trump down? And in general, do you think it's likely? Leave a comment. Send me an email info at davidpacman com."
7604989520458632461,https://www.tiktok.com/@yourbrainonmoney/video/7604989520458632461,"What happens when elections, news events, and everything else becomes a bet? #edutok #tiktoklearningcampaign ",2026-02-09T22:04:01.000Z,914,17,80,20,12300,142,"edutok, tiktoklearningcampaign","Hanna Horvath, CFP®",35600,False,US,prediction markets election,prediction_market,transcript,YES,"Prediction markets are unbelievably evil. And one of the best examples of how corrosive late-stage capitalism is, if you have ever seen any of my content, you've probably seen me talk about just how detrimental prediction markets are to our largest society and economy. And if you thought I was gonna stop talking about it, I am not going to. And I want to talk about this New York Times article that basically talked about how Polly Market and Kohl's Shee and these prediction markets, you know, really played a role in the presidential election. And it talked about how $2 billion was bet on this election. And it's interesting when you think about it almost on this like meta level of like democracy itself kind of being broken up into these contracts. And what does it say about a larger society when everything becomes financialized? And I'm not gonna pretend like elections didn't already have a ton of money in them and you can sway elections because of money. I think, you know, that's been slightly well-documented about how money can lead to political influence. But I do think it's worth talking about what happens when you can directly bet on the outcome of things. And I think we've seen a lot of recent examples of how much, you know, crime and insider trading and just bad behavior is incentivized on these platforms. And when you think about how that can potentially influence a political election, I think we should all be concerned about those implications. When you transform the outcome of something, whether it's an election, a natural disaster, a pop culture event, into a very specific tradable instrument, you are creating a financial incentive around an event that should have nothing to do with profit motives. That is the financialization of outcomes. And so what happens is, of course it's about predicting the outcome, right? But it's also about shaping perception. It's about shaping how people think about and respond to an event. And these platforms have really figured out how to monetize uncertainty. You know, the anxiety of not knowing becomes the product that you can trade. And I feel like we've spent the past few years watching financial engineering hollow out a lot of different industries. If you think about private equity, hollowing out the healthcare system, you know, this is just a good example of how this could be like the almost next frontier, taking things that used to be outside of profit motive and finding new ways to financialize them."
7618805888710692117,https://www.tiktok.com/@neekostalk/video/7618805888710692117,"Élections US 2024 : les médias annoncent un 50/50, mais le marché de prédiction parie sur Trump. Qui avait raison ? #Politique #USA #Elections #Trump #Polymarket",2026-03-19T03:38:00.000Z,13,,2,1,294,46,"politique, usa, elections, trump, polymarket",neekos talk,4013,False,TH,prediction markets election,polymarket,"description, hashtags, transcript",YES,"November 2024, the US presidential elections. The news channels go around in circles, the experts take over the platforms, the institutes publish their latest polls. The speech is simple, very tight elections, 50-50. Impossible to read, impossible to decide. But on PolyMarket, the atmosphere is different. Traders are starting to buy the leads massively on a victory for Donald Trump. The probabilities go up, 55%, 60%, 65%, then 70%. On the one hand, the media says, too tight. On the other hand, the market says, no, there is a favorite. And when the results fall, PolyMarket had just, not perfectly, not magically, but better, better than many comments, better than many polls, better than any industry supposed to measure opinion."
7615383993793432862,https://www.tiktok.com/@richhabitspodcast/video/7615383993793432862,"Prediction markets can be a powerful tool for investors. They aggregate real money bets on future outcomes, giving you a real-time view of what the market actually believes will happen. Smart investors don’t just follow opinions — they follow probabilities. 📊 #richhabits #investing #financialfreedom ",2026-03-09T22:19:36.000Z,21,2,3,1,632,73,"richhabits, investing, financialfreedom",Rich Habits Podcast,3457,False,US,prediction market odds,"polymarket, prediction_market","description, transcript",YES,"prediction markets like Polymarket and Calshi show you real probabilities backed by real dollar bills. This is the signal. This is not noise. This is not headlines. These are not tweets. It's not your uncle's opinion at the Thanksgiving dinner. If you want to know what's likely to happen, whether the Fed's going to cut interest rates, if we're going to have a recession, if SpaceX is going to IPO it at whatever trillion dollar valuation, check the prediction markets first. It will take 30 seconds. These markets are more accurate than polls and pundits because the people participating actually have skin in the game. Real money filters out the noise, the bias, and the spin. The 2024 election proved this on a massive scale. Polls tell you what people say. Markets tell you what people believe. So start paying attention to the gap in those two things. You now have access to the same kind of probabilistic thinking that hedge funds use to manage billions of dollars for free and right in your hand. Use prediction market odds to stress test your investment assumptions. If you think rate cuts are a sure thing, check the market. If you think a recession is inevitable, check the market. Position your portfolio based on probabilities, not emotions or headlines."
7603922136826252574,https://www.tiktok.com/@ritzamster/video/7603922136826252574,Prediction Markets aren’t gambling. There’s a big difference between how they are fundamentaly structured. Comment your opinion! #kalshi #polymarket #markets ,2026-02-07T01:01:50.000Z,608,55,83,63,27900,56,"kalshi, polymarket, markets",Ritz | Prediction Analytics,804,False,US,prediction market odds,"kalshi, polymarket, prediction_market","description, hashtags, transcript",YES,"Prediction markets aren't gambling, and here's why. When I bet on sportsbooks like DraftKing and FanDuel, I'm betting against the house. They set the odds, they take the other side, and they charge a VIG or fee on every trade. Prediction markets are very different. When I buy a $0.65 contract, the next Fed rate will have a 25 basis points cut. I'm not buying it from Cauchy. I'm buying it from another trader who thinks the outcome of that will be no. Cauchy's just like the New York Stock Exchange. They're just buying a buyer with a seller and executing that contract for us. This is the same reason Cauchy is CFTC regulated as a derivatives exchange. It's honestly pretty similar to when CME traders go and buy oil or corn futures. They're just both derivative markets. Instead of corn, you're just trading Fed rate cuts. Both are peer-to-peer, both are observable outcomes, and both are derivative markets. There's no bookie taking a VIG, just traders on opposite sides of the contract."
7433793336508452104,https://www.tiktok.com/@pegazeus8/video/7433793336508452104,🇺🇸TRUMP LEADS IN KALSHI ODDS FOR PRESIDENTIAL ELECTION Trump: 59% Kamala: 41% Kalshi’s latest prediction shows Trump with a significant 18-point lead over Kamala in the race. Stay tuned for updates as Election Day progresses! Source: Kalshi #trump2024 #elonmusk ,2024-11-05T13:54:51.000Z,67,1,2,4,5260,,"trump2024, elonmusk",PegaZeus,15400,False,PH,who will win election odds,kalshi,description,YES,"In my search for freedom and peace of mind I've left the memories behind I wanna start a new life But it seems to be rather absurd When I know the truth Is that I always think of you Someday, someway Together we will be, baby I'll take it and you take the time Please wait for our fate Cause nobody owns us, baby We can shake it, we can shake it wrong Try to throw the picture out of my mind I try to leave the memories behind Here by the ocean Waves carry voices from you Do you know the truth? I'm thinking of you too Someday, someway Together we will be, baby I'll take it and you take the time Please wait for our fate Cause nobody owns us, baby We can shake it, we can shake it wrong The love we had together Just fades away in time And now you've got your own world And it kills my mind The passion that you planted In the middle of my heart It's a passion that will never stop Someday, someway Together we will be, baby I'll take it and you take the time Please wait for our fate Cause nobody owns us, baby We can shake it, we can shake it wrong Someday, someway Together we will be, baby I'll take it and you take the time Please wait for our fate Cause nobody owns us, baby We can shake it, we can shake it wrong"
7429805784071998750,https://www.tiktok.com/@shopwithchris06/video/7429805784071998750,Wooof this is gonna be a close one #trump #harris #election #greenscreen ,2024-10-25T20:01:21.000Z,9742,819,481,407,432000,20,"trump, harris, election, greenscreen",Pol and Pop with Chris,9845,False,US,who will win election odds,polymarket,transcript,YES,The election is literally 10 days away. Here's where we're at. And you can see based on the polymarket predictions that Trump is up 65% up to Harris is 34.5% with many of the swing states going blue. Now you can also see the balance of power predictions. Now this is great news for some people and then bad news for some others.
7560679842098842911,https://www.tiktok.com/@alisoneagleemoji/video/7560679842098842911,The #nobelprize committee is investing the betting odds before the announcement that #potus #trump didn’t win the #nobelpeaceprize #news  ,2025-10-13T12:20:00.000Z,112,3,2,7,988,90,"nobelprize, potus, trump, nobelpeaceprize, news",Alison 🦅,38900,False,US,trump betting odds,betting_odds,"description, transcript",YES,"Sometimes I forget y'all are a bunch of heathens. What am I talking about? Well, I'll tell you. Apparently, a bunch of y'all were betting on who was going to win the Nobel Peace Prize. The Peace Prize Committee got a hold of it. Now they're going to have some investigation because some of y'all figured it out before they told us all. According to the article, it says officials of the Nobel Peace Prize are reviewing a burst of betting activity that occurred hours before this year's winner was revealed amid concerns that confidential information may have been leaked from inside the Nobel Committee. No, duh. It was probably Nancy Pelosi. The lady that won it, Maria Carina Machado, only had about a 4% chance of winning this thing, but the betting odds jumped up to nearly 73% by about 2 a.m. before the announcement. Yeah, before 2 a.m. the odds were in the favor of this lady named Yulia and Donald Trump, yet magically around 2 a.m. all those betting odds went to Maria Machado. Yeah, somebody ended up winning $65,000 betting that Maria Machado was going to win despite the fact that before 2 a.m. her odds were only at 4%. Apparently, the call is coming from inside the house because the head of the Nobel Committee said, the organization tends to be very good at keeping secrets. How on earth could this have possibly happened? Oh, if you are somebody who placed a bet on who was going to win the Nobel Peace Prize, I would just like to remind you that the most valuable thing in the whole entire world is inside information."
7560011607879830814,https://www.tiktok.com/@mrdividend_/video/7560011607879830814,Get rich in 2025 with polymarket  #businessnews  #finance #,2025-10-11T17:06:18.000Z,12,,0,1,410,71,"businessnews, finance",Dividends,336,False,US,polymarket election night,polymarket,"description, transcript",YES,"PolyMarket, Kaoshi, and all these betting sites need insider trading. Now let me explain. Take this guy right here for example. Yuri made over 300 grand, as well as probably his family and friends, on a bet that there would be a Super Bowl streaker. Obviously he knew there would be a streaker because he was the streaker. Now that you see how trader inside information works, let me explain why PolyMarket and these betting sites need it. Now take this for example. This is a bet regarding the election, something a lot more serious than the Super Bowl. Okay whatever, it was just a bet on the election, what's so special about it? What's special is that the data was a lot more accurate than other big names like Bloomberg. Accurate data like that means big numbers like this. But accurate data doesn't come unless there's insiders. And insiders won't come unless it's legal. Boom. There you go. PolyMarket allows legal insider information. They obviously don't say that anywhere, but who's stopping the insiders from not making this money? Maybe themselves from being too loud and yapping about it, but that's it."
7437177261469568302,https://www.tiktok.com/@dailymail/video/7437177261469568302,"The FBI raided the home of Polymarket’s 26-year-old CEO and seized his electronics after the election-betting platform successfully forecasted Donald Trump's win, according to the New York Post. An insider blasted the seizure as 'grand political theater at its worst.' 'They could have asked his lawyer for any of these things. Instead, they staged a so-called raid so they could leak it to the media and use it for obvious political reasons,' the source said. Shayne Coplan was reportedly neither arrested nor given a reason for the raid of his Soho home in New York, but it is believed to be linked to his accurate predictions, which outsmarted traditional polls. Coplan posted on X after the results were announced: 'Make no mistake, Polymarket single-handedly called the election before anything else. The global truth machine is here, powered by the people.' #election2024 #betting #newyork #trump #news #polymarket ",2024-11-14T16:46:14.000Z,84500,2272,2895,1728,2400000,9,"election2024, newyork, trump, news, polymarket",Daily Mail,26100000,True,GB,polymarket election night,polymarket,"description, hashtags",YES,Thanks for watching!
7428856605992570117,https://www.tiktok.com/@monica_anderson61/video/7428856605992570117,"Polymarket is scanning for US users as election odds skew toward Trump: Report Donald Trump now has 63.7% odds on Polymarket to win the US presidential election, but voter polls suggest otherwise.#everyone ",2024-10-23T06:38:01.000Z,7,,1,1,552,,everyone,user97560354566,699,False,NG,polymarket election night,"election_odds, polymarket",description,YES,"My message is that things have to change, and they have to change right now. It is time to show the whole world that America is back, bigger and better and stronger than ever before. The more people tell you it's not possible, that it can't be done, and the more you should be absolutely determined to prove them wrong. Treat the word impossible as nothing more than motivation. Never stop fighting for what you believe in and for the people who care about you. Carry yourself with dignity and pride. Demand the best from yourself. The more that a broken system tells you that you're wrong, the more certain you should be that you must keep pushing ahead."
7437129887829216555,https://www.tiktok.com/@ken_113098/video/7437129887829216555,#duet with @Matt #polymarket ,2024-11-14T13:42:26.000Z,19,3,1,2,328,21,"duet, polymarket","ken ""big redd"" scott",4471,False,US,polymarket election night,polymarket,"description, hashtags, transcript",YES,"The FBI seized the PolyMarket CEO's phone and electronics early this morning, about a week after the election betting platform predicted President-elect Donald Trump's win. The 26-year-old CEO was woken up at his home by U.S. law enforcement officers who demanded his phone and electronics, according to a source for The New York Post. A reason was not provided for the incident."
7437267394776681774,https://www.tiktok.com/@pdsbiz/video/7437267394776681774,Polymarket CEO Arrested in Election Betting Scandal #Polymarket #CryptoStocks #Business,2024-11-14T22:35:59.000Z,879,27,72,14,14100,57,"polymarket, cryptostocks, business",PDS Business,82200,True,US,polymarket election night,"polymarket, prediction_market","description, hashtags, transcript",YES,"Is it political retribution or an investigation into a violated agreement? That is a very public debate we're seeing play out right now because early yesterday morning, the FBI raided the home of Shane Copland, the founder and CEO of Polymarket. Which for those who don't know, Polymarket is the world's largest prediction market where you can make bets on future events using crypto. And in fact, and very notably, Polymarket exploded in popularity during the election. Because it placed Trump's odds of winning far and above Harris's, despite the polls having them neck and neck at the time, people were betting on the election. But despite the American election getting Polymarket so much damn attention, technically Americans aren't allowed to use the site. Because you see, back in 2022, Polymarket made an agreement with the Commodity Futures Trading Commission saying that they would prevent any US-based trader from making any transactions on their platform. And that agreement only came after they paid $1.4 million to settle charges saying that they had failed to register with the commission. But then with that, Bloomberg says that's exactly what landed them in hot water again, reporting that they are under investigation by the Justice Department for accepting trades from US-based users. But follow to stay in the loop."
7566773978405096735,https://www.tiktok.com/@yankeenews.1776/video/7566773978405096735,"The crowd thinks theres a 88.9% chance that Mamdani win, I saw this on Polymarket and had to show!                https://polymarket.com/event/new-york-city-mayoral-election ",2025-10-29T22:27:52.000Z,82,11,4,17,1323,66,,Nathan Remillard,9821,False,US,polymarket election night,polymarket,"description, transcript",YES,"It looks like Mamdani is going to win the New York mayor election. It shows right here, PolyMarket, he's at 88%, which should scare people, especially the people of New York City. He's anti-police, he's anti-school choice, he's anti-businesses, which is going to cause them to leave and make prices go up and make affordability not affordable whatsoever. And this should scare people because PolyMarket is very predictable, it has predicted previous elections. It's more accurate than these polling companies that you can't even trust because they're biased or even, for example, mainstream media that's absolutely biased, that myself alone, I mean, I think everyone doesn't trust the mainstream media anymore. I think it's disgusting that people are going to choose Mamdani, the people who are trading on him are choosing Mamdani over someone like Curtis Leewald, who would actually save New York City. And I guess it's just, it's honestly sad and scary to see the truth from this poll. And I guess I would just say the people of New York City need to strap themselves in because this is going to be a bumpy ride for them. But unfortunately, it's going to show a good truth here. It's going to show how socialism is going to be as destructive as we all know it is. And New York City is going to collapse because of Mamdani."
7462886114156694790,https://www.tiktok.com/@bigmitd/video/7462886114156694790,Donald Trump has his largest ever lead on Polymarket. Who do you think will win the election in 6 days? 👀 ,2025-01-22T23:29:47.000Z,70,,2,1,16200,,,bigmitd,6993,False,NG,polymarket election night,polymarket,description,YES,
7433938611587861806,https://www.tiktok.com/@alexanderelorenzo/video/7433938611587861806,"ELECTION DAY CRYPTO SHOCK With the 2024 presidential election around the corner, the stakes have never been higher for cryptocurrency. Depending on who takes office, we could see drastic changes in the crypto landscape, impacting everything from regulation to market stability. Whether you’re a seasoned investor or new to crypto, this election could shape your portfolio in ways you never expected. Get ready to see how the fate of crypto could be decided on Election Day.",2024-11-05T23:18:37.000Z,195,125,22,32,16500,80,,alexanderelorenzo,166300,False,US,polymarket election night,"polymarket, prediction_market",transcript,YES,"Depending on who gets elected will decide the fate of cryptocurrency in the short term and the long term. So if we look at poly market, which is a prediction market where people can bet on the presidential election with real money, people are betting that Trump is going to win. We have these other polls that are coming out that looks pretty even Kamala Harris winning, but that doesn't make sense to me because of this. We have an assassination attempt. Just think about that for a second. Somebody tried to kill President Trump. And if you combine that with the debate with Joe Biden, which was like humiliation for Joe Biden, it was horrible, eligible for what I've been able to do with the, uh, with, with the COVID, excuse me, with, um, dealing with everything we have to do with, uh, look, if we finally beat Medicare, thank you, President Biden, Kamala Harris supported that this dude is so old. He can't even walk down certain staircases. Just think about all of this in context, right? I think it's very obvious that Trump is going to win this election. And there's a lot of like, kind of like finessing of the numbers in the background. And so personally I'm betting on Trump winning. And I think it's obvious."
7607827749545315602,https://www.tiktok.com/@space4ktv/video/7607827749545315602,"Polymarket   को सनसनीपूर्ण खुलासा: नेपालको भावी प्रधानमन्त्री बालेन, गगन र ओलीको अवस्था के छ ? @sapanasinghthakuri4 #space4kTV #SpaceReport #PolyMarket #election2082 #falgun21",2026-02-17T13:37:16.000Z,97,58,23,2,1344,461,,Space 4K Television,126300,False,NP,polymarket live election,"polymarket, prediction_market","description, transcript",YES,"Do you know that in one of the most talked about markets in the United States, millions of rupees have been bet on who will become the next Prime Minister of Nepal? That too, in the world's largest D.C. Intelligence Prediction Market, the Poly Market. The market opened on February 16, which is Monday, has surprised the entire world. In a few hours, more than 236,000 dollars, which is 3.10 crore rupees, has been bought. And what is most surprising is that this market has shown an 8.6% chance of becoming the next Prime Minister. In today's special video, we are going to analyze who is the next Prime Minister of Nepal running in the Poly Market, what is the situation of Gagan Thapa, Ravi Lamishane and KP Sharmaoli, and do the facts of this game actually indicate the future of Nepal? What is the Poly Market and how does it work? Before going into the facts, let's understand what this Poly Market is. The Poly Market is a platform where people buy shares in the events of the future. This is called the wisdom of the crowd. Here, people do not just vote. They invest real money, especially cryptocurrency. When someone invests his money, he thinks a lot before making a decision. Therefore, many scientists believe that the truth of the Poly Market is more accurate than an opinion poll or survey. After the recent US election, Donald Trump's victory in the Poly Market was widely accepted by the world. And now, this market is seen from Nepal. Prime Minister Balen vs. Oli Now let's go to the main news. The Poly Market is playing a game to decide who will be the next Prime Minister of Nepal. In this game, which started on Monday, February 16, more than 3 crore rupees have been deposited in a few hours. In real time, according to the algorithm, the probability of the former mayor of Kathmandu Mahanagar, that is, the senior leader of the National Liberation Party, becoming the Prime Minister is 68%. Investors and investors from all over the world have come to collect more money than anyone else. What does this fact show? People now want outsiders like Balen to lead the country more than the leaders of the old party. And they also want to see their money safe. KP Sharma vs. Oli Nekapai Malek, who has been in power for decades in Nepal's politics, has only 11% chance of becoming the next Prime Minister. In Jhapa, when there is talk of fighting the election with Balen, the international market considers Balen Shah to be four times more powerful than KP Sharma-Oli. Similarly, in the third place, there is only a 10% chance of becoming the Prime Minister of the National Liberation Party. What is surprising is that the Prime Minister of the Nepali Congress, Gagan Kumar Thapa, is in fourth place. Even though Gagan is seen as a reformist leader within the Congress, Gagan's stake is very low compared to Balen Shah. Gagan has only 8% chance of becoming the next Prime Minister. Sushila Karki, Pushpa Kamal Dahal, Prachanda, Kulman Ghising, Harka Sampang and Madhav Kumar have also been named in the list. But the attraction of those above them is very low. Aam Nirbhasan vs. Kundal Pahilo PoliMarket has not only put a bet on the individual, but also on the party. In the last month's bet on which party will become the first party, a bet of $70,000 has been made. The result is very interesting. 66% chance of becoming the first party of the National Liberation Party. 26% chance of becoming the first party of the National Liberation Party. This means that the betters in the upcoming elections will be old parties' virtuous supporters and the National Liberation Party is expected to hit a big blow. Interestingly, small bets have been made for the second and third places. But people are not very interested in betting money on it. Everyone's eyes are only on who will be number one. Now the question arises, if someone bets money on PoliMarket, will the Prime Minister of Nepal, Balen and his colleague, Balen, win? There are two sides to this. Number one, when it comes to the positive side, prediction markets are almost better than observation. Because here people's feelings are not connected, but money is. If there is 68% chance of winning over Balen, this means that well-educated Nepalis and intellectuals have seen a wave of major political change in Nepal. Number two, the negative side. The PoliMarket users are mostly young, businessmen and Nepalis living abroad. The villagers of Nepal, who are far from the Internet and crypto, can't really relate to this. Is the anger of Balen and Rasopa in the city and the Internet the same in the old villagers of the village? This is a big question. Also, according to the law of Nepal, any kind of cheating or gambling is illegal. But since international platforms like PoliMarket run on the blockchain, it is difficult for any country's government to control it. Today we saw how Nepali politics has now reached the Wall Street and prediction markets of the United States from the streets of Kathmandu. Balen's 60% chance and Rasopa's 66% chance of winning have indicated the tsunami that is about to hit Nepal's politics. But remember, this is just a prediction. The final decision is in our hands. That is, on the day of the election, the election results will be announced."
7438114478757006634,https://www.tiktok.com/@meet.marco/video/7438114478757006634,Elon Musk On Polymarket Prophecy #elon #elonmusk #polymarket #prophecy #donaldtrump #election #fy #fyp #viralvideo #trending #foryou #viral #fbi #shaynecoplan ,2024-11-17T05:23:07.000Z,125,5,12,8,7771,5,"elon, elonmusk, polymarket, prophecy, donaldtrump, election, fy, fyp, viralvideo, trending, foryou, viral, fbi, shaynecoplan",Meet Marco,22100,False,US,polymarket live election,polymarket,"description, hashtags",YES,"We don't need the votes. I have so many votes. We don't need votes. I tell my people, I don't need any votes."
7433108781535431969,https://www.tiktok.com/@comunidadxrp/video/7433108781535431969,#election #usa🇺🇸 #donald #trump #vs #kamala #harris #polymarket #elections #presidency #president #2024 #forecast ,2024-11-03T17:38:33.000Z,13,1,1,2,3200,,"election, usa🇺🇸, donald, trump, vs, kamala, harris, polymarket, elections, presidency, president, 2024, forecast",XRP WORLD,33300,False,ES,polymarket live election,polymarket,"description, hashtags",YES,You
7574493232852110622,https://www.tiktok.com/@robsmithonline/video/7574493232852110622,When It Comes To Presidential Elections - Polls Get It WRONG: @Polymarket Gets It RIGHT! #polymarket #elections #presidentialelection #polls ,2025-11-19T17:42:43.000Z,483,10,21,10,8072,87,"polymarket, elections, presidentialelection, polls",Rob Smith,416500,True,US,polymarket live election,polymarket,"description, hashtags",YES,"Polls get it wrong all the time when it comes to who is on top when it comes to the presidential race. Right now, Polly Market has the odds that J.D. Vance will win the 2028 election by about 29 percent, which is huge. Obviously, Gavin Newsom is trailing. And there's even a chance, according to Polly Market, that Donald Trump could actually come in and win in 2028. But the reason that the markets are so important and the reason that Polly Market has proven itself is because, if you remember, in the last election season, before Donald Trump took it in 2024, Polly Market always had him ahead. If I'm not mistaken, that Polly Market always had the results that actually ended up being the truth, which is that Donald Trump became the 47th president of the United States. So if you look at Polly Market and look at the markets, the markets will tell you what is going on. It is not these stupid polls. It is not the cable news horse race. It is not all of this propaganda and mumbo-jumbo that comes from the cable news and the podcaster and the political commentary ecosystem. It comes from what the markets are actually saying. Right now, Polly Market and the markets have J.D. Vance as their top choice to become president in 2028. Like I said, it is the markets that are really deciding things nowadays, not the cable news pundits and not these silly polls."
7431991279182990638,https://www.tiktok.com/@stacymclean0/video/7431991279182990638,#Polymarket@Polymarket  live upfront information no partisan information trading and polling information #like #share #comment ,2024-10-31T17:21:58.000Z,49,34,2,10,670,175,"polymarket, like, share, comment",Stacy McLean,7979,False,US,polymarket live election,polymarket,"description, hashtags, transcript",YES,"Look, you can't have it that you pop it and they stopping. You can't have it that you pack it and they lacking. You can't have it that you great and they late. You happy and they crappy. Ain't got nothing to do with you now. That's a them problem. Okay, so here we have a map of what is going on with the election in real time. This is the poly market. You can download it. It's a app and you can find out what's going on right now. The popular vote is going to Harris. It looks like that she's at 60%, Trump is at 37%, but he's winning Georgia, Michigan, Nevada, Pennsylvania, and Wisconsin at this time. He is also leading in the polls at this moment. He is really reckoning some good, good numbers far as early vote is concerned. As you can see, the map is mostly red. There's some pink in there. So it's a few votes is off. And it also gives the trending markets. You can also go in and trade in on these markets as well. They've made it where you, it's very, very advanced. So you can trade in on here. They ask you different little questions and through the polls and whatnot, different questions they're asking. Will Kamara Harris support the tax on a realized gain? That's a big issue right there. And only 2% of the people are wondering about that. So yeah, this is cool. Recorded turnouts for 2024. I think it says it was like 24%. This is a very good app to try. It's called Polly Market and you get live information. Right now, the Republicans are leading far as the House, the Senate, and the presidency. We're at 45%. Yay, yay. Go Trump. That will be 54%. Go download the Polly app so you can get real-time information about the election. Bye."
7433945639261752622,https://www.tiktok.com/@tk40693/video/7433945639261752622,Updated  Polymarket.##Polymarket##Trump##KamalaHarris##Democrats##Republicans,2024-11-05T23:45:53.000Z,7,1,1,0,239,,"polymarket, trump, kamalaharris, democrats, republicans",Tom,1427,False,US,polymarket live election,polymarket,"description, hashtags",YES,"I am with you, I will fight for you, and I will win for you. We will make America strong again. We will make America proud again. We will make America safe again. I need you to believe, if you leave, we can save America. Anytime I take a knee, when I'm praying for America, I would never beg or plead. A death's not in my character, you would never tread on me. You try to blow me, I'll embarrass you. I need you to believe, if you leave, we can save America. Every morning that I wake up and I turn on the news, can't help but get that gut feeling that our country is doomed. They've got us feuding over left and right political views, and I am fuming on the edge, I'm close to coming unglued. I'm only human, so I tend to get frustrated with fools. How we supposed to win the game when they keep changing the rules? Create them."
7431600487528402206,https://www.tiktok.com/@emmyxtech/video/7431600487528402206,Election  betting used to be just as popular as horse betting 😳🐴 #kalshi #electionbetting #tech #history ,2024-10-30T16:05:35.000Z,598,11,66,31,18200,21,"kalshi, electionbetting, tech, history",Emma Steuer,71500,False,US,#kalshi election,kalshi,"description, hashtags",YES,"Election betting has been banned for a hundred years, but this company is bringing it back. Election betting used to be super popular in America, accurately predicting 14 out of 15 presidential races between 1884 and 1940. Cal State took the CFTC to court to grant approval for election trading, and they won. With Cal State, you can now invest in your predictions on political events. That matter? Literally any event. You're welcome."
7433835297873513774,https://www.tiktok.com/@cooler.cats4/video/7433835297873513774,Election day lock 🔑 #greenscreen #kalshi #election #trump #kamala @Kalshi Exchange ,2024-11-05T16:37:45.000Z,9,5,1,0,480,38,"greenscreen, kalshi, election, trump, kamala",coolercatss,29,False,US,#kalshi election,kalshi,"description, hashtags",YES,"Here's my favorite pick to make money on the election. Elon Musk nominated to the cabinet. I'm slamming the no on this one and, you know, you'll yield 28% on this. And when you think about it, a lot has to happen for this to occur. You know, first Trump has to win and then Elon Musk also needs to get nominated and approved to the cabinet. And we consider how busy Elon already is, you know, SpaceX, Tesla, I think it came out yesterday. He's a top 20 ranked player on Diablo 4. This is just not something that he has time for. And I just think this is a lock. I'm taking $28 on 100 bucks here every day of the week."
7560429578401893687,https://www.tiktok.com/@stocking_the_capitol/video/7560429578401893687,"Senator Sunday: Senator Dick Durbin from Illinois Sources: FEC, OpenSecrets, Quiver Quantitative, Kalshi #money #politics #kalshipartner ",2025-10-12T20:08:40.000Z,4894,78,151,72,47600,85,"money, politics, kalshipartner",Nico (Stocking the Capitol),237500,False,US,#kalshi election,"kalshi, prediction_market","description, hashtags, transcript",YES,"Is your senator a piece of s**t? Let's find out. Welcome to Senator Sunday. Today, we're going to be grading the financial integrity of Dick Durbin from Illinois, who has announced he will not be running for re-election in 2026. According to Cauchy's Prediction Market, the Democratic primary is a two-person race between Raja Krishnamoorthi from Illinois' 8th Congressional District, who took over $300,000 of corporate PAC money last cycle, but didn't trade any individual stock. And Julia Stratton, the current lieutenant governor of Illinois. I reached out to the Stratton campaign to get a commitment on whether they're going to be taking corporate PAC money or trading individual stocks while in office, but I have not gotten a response. But who will they be replacing? Well, Dick Durbin has been in office since 1997. Over the past six years, he's raised over $9 million, with 21% of those funds coming from PACs, 14% of those funds coming from small individual donations, and 36% of those funds coming from large individual donations. Moving to his personal finances, he does hold a small amount of individual stock, holding just $3,000 of Pfizer stock. Now, unlike most members of Congress, he's disclosed the exact amount of individual stocks that he holds. However, his financial disclosure was done by hand and it's quite extensive, so it's hard to get an exact net worth estimate. However, what I will say is it's in the range of several million dollars. Back to the campaign side, he has received a large chunk of corporate funds over the past six years, receiving over $450,000 of corporate PAC money from 105 different corporate PACs. Moving on to grading, while there's nothing too egregious here, there's also not one category that's really going to help out his score. Overall, Dick Durbin gets a D."
7572554229026442551,https://www.tiktok.com/@oddsonhistory_/video/7572554229026442551,"Kalshi is first legal prediction market in the US where you can trade and bet on the outcome of any event across broad categories. Mansour says the platform encourages voter participation, while also allowing Americans to make big bucks off of it, as political polls have become less trustworthy. Audio from: Motley Fool Money Podcast",2025-11-14T12:18:11.000Z,3,,0,0,197,55,,Odds on History,37,False,US,#kalshi election,"kalshi, prediction_market","description, transcript",YES,"A few things that led us to the election. So the history of Calshi is we first spent three years upfront getting regulated by the federal government to get a license from the Commodity Futures Trading Commission to operate the first derivatives exchange that can list prediction markets legally in the U.S. Then we operated for a while. We wanted to list the election market, but our regulator believed that we should not list it and blocked us from listing it. We sued our regulator and took them to federal court over this election market, and we won that lawsuit a few weeks before the presidential election last year. Once we won that lawsuit, we legalized election markets and really a broad suite of prediction markets, event contracts, in the United States. And for reference, election markets have been illegal since the Great Depression, and so we've opened up the ability to trade on the election based on our lawsuit. Once we won that lawsuit, we have grown at an unprecedented rate."
7432057658859097390,https://www.tiktok.com/@thesketchreal/video/7432057658859097390,Putting the hammer down! (Twitch-thesketchreal) @Kalshi Exchange #trending #election2024 ,2024-10-31T21:39:33.000Z,18400,960,519,87,237400,30,"trending, election2024",Sketch,2700000,False,US,#kalshi election,kalshi,description,YES,"We just put 4,000 on him. 4,000 on Trump to win the president. Should we have a watch party for that then? I do not do politics. Okay, Chad. Trump or Kamala, what do you think though? Because if it hits, we win. Do we deploy all units? I'm going to put $5,000. And if you go to Kalishi, you can do this too. Who loves Kalishi? How many contracts? I say $4,000. Reveal. I love this one. 4,000 on Trump to win the president. You can rip these as well. Go to this website, Kalishi.com."
7620151279779695903,https://www.tiktok.com/@rileysassanelli/video/7620151279779695903,like I'm just so sick of both of these companies bro 😭 #usa #politics #news #kalshi #polymarket ,2026-03-22T18:39:09.000Z,23,1,0,0,401,125,"usa, politics, news, kalshi, polymarket",Riley Sassanelli,1651,False,US,#kalshi election,"kalshi, polymarket, prediction_market","description, hashtags, transcript",YES,"Do you know what really grinds my gears? The idea of using prediction market odds as like actual odds of something happening. Now I know what you're thinking, Riley, everybody knows that the prediction markets are just what people think will happen, not the actual odds of something happening. I know, I know that that's how it works. I'm convinced that there's a lot of stupid people online who don't know that, or at the very least they are acting obtuse in a way to try to get other people into betting and thinking certain things will happen just for the engagement bait. And I am so sick and tired of us taking anything these prediction markets say even a little bit serious. Like the fact that now like you'll see like people on the news talk about what people are betting on prediction markets, stop legitimizing these prediction markets. They're so fucking stupid. And I am so sick of Kalashnikov, I'm so sick of poly market. Those are the two biggest offenders in this scenario. I also saw like MLB say like they're going to be partnering with poly market to have like that be the official predicting prediction market of the MLB. It's gambling. I'm going to be honest, shouldn't be legal. Shouldn't even be legal. It's so predatory. And I know that it is legal because oh, um, the fucking president of the United States son is an investor in, I believe both those companies, I know for sure Kalashnikov. It's so, I understand everybody should have the right to do whatever they want. And I agree most of the time, but it's so predatory. We need heavy regulations and as a whole poly market and Kelsey just pissed me off, man. I'm so, I hate him so much."
7604624816414510350,https://www.tiktok.com/@genghiskahn_/video/7604624816414510350,@Kalshi #kalshipartner ,2026-02-08T22:28:33.000Z,41,3,2,0,732,20,kalshipartner,genghis,49700,False,US,#kalshi election,kalshi,"description, hashtags",YES,"Dude, who do you think is going to win the Super Bowl? Is it going to be colder than zero degrees tomorrow? Bro, you have to help me out. What states are going to redistrict before midterms? What app are you using? I'm just using Calshi. What's Calshi? Calshi is an online trading platform where I can guess real world events and my picks go against other people's picks. And if I'm right, I profit. So anyway, I need you to help me out. What about these midterms?"
7615934979876326672,https://www.tiktok.com/@the.prediction.ma/video/7615934979876326672,Kalshi on CNBC news?? 👀👀 http://thepredictionmarket.xyz/ #CNBC #news #trump #china #prediction #predictionmarket #betting #kalshi #gambling,2026-03-11T09:57:38.000Z,22,,1,0,236,29,"cnbc, news, trump, china, prediction, predictionmarket, kalshi",the prediction market,5,False,CA,#kalshi election,kalshi,"description, hashtags",YES,"I saw people online, somebody tweeted this at me, people online are betting during the White House press briefing on the next word that Caroline Leavitt will say. And one guy had bet $700 that the next word was going to be China, and I asked her a question about China, and he was like celebrating online and tweeting it out and screaming, he was live streaming himself betting."
7583785537790594335,https://www.tiktok.com/@altleftmedia/video/7583785537790594335,I’m terrified of @Kalshi ,2025-12-14T18:41:27.000Z,104,1,3,9,2268,34,,Alt Left Media,23200,False,US,#kalshi election,kalshi,description,YES,"I'm very scared of caliche. The event predicting thing that you can gamble on, not only is it going to have a material impact on our youth that they're already struggling with gambling, but I worry it's just going to be easier to manipulate future events now. Someone could just push the odds in one favor, you get the perspective that that is the way to go, and then subliminally decisions are made to get to the outcome. And mind you, futures already existed, but on raw materials and things like that, not on who's going to win this election. We're screwed, guys. We're so screwed."
7616059663099972886,https://www.tiktok.com/@deezybtc2/video/7616059663099972886,#fyp ,2026-03-11T18:01:19.000Z,3,,0,0,20,11,fyp,deezybtc2,22200,False,US,#kalshi election,prediction_market,transcript,YES,"Breaking news, Marco Rubio is now the odds-on favorite to win the 2028 presidency, according to CallShe Prediction Market. But it's almost a three-way tie. Marco Rubio, Gavin Newsom, J.D. Vance, which one would you bet on?"
7618292388506668306,https://www.tiktok.com/@subversionw3/video/7618292388506668306,This prediction market trader already knew what Trump was going to say #Kalshi #PredictionMarket #Trumpspeech,2026-03-17T18:25:26.000Z,15,,1,0,399,13,"kalshi, predictionmarket, trumpspeech",Rising Streamer Clips 🎬,150,False,PH,#kalshi election,"kalshi, prediction_market","description, hashtags",YES,"Is he gonna call her a movie star right off the bat? It's gonna be interesting to see. Well thank you very much. Movie star, can you believe it? Can you believe it? Oh my god."
7433495190591130923,https://www.tiktok.com/@oldjewishmen/video/7433495190591130923,"On November 5th, the chickens will decide @Kalshi Exchange #election2024 #costco #rotisseriechicken",2024-11-04T18:37:59.000Z,2069,468,231,28,37000,54,"election2024, costco, rotisseriechicken",OJM,234100,False,US,#kalshi election,kalshi,description,YES,"I have the oracle! The chickens are telling me that I can bet live on Cauchy as the election is progressing. Tell the oracle! Tell the oracle! Paris or the Donald? Which one? Which candidate is going to protect the chicken? Tell me, chicken. Who's it gonna be? Who's it gonna be, chicken? Tell me! Which one? Louder! It's hurting my head. I don't know who's gonna win. Who will protect America? Shhh! Shhh! I know who's gonna win! The winner is... Who's gonna win?"
7619827272073137430,https://www.tiktok.com/@last24hourworldnews/video/7619827272073137430,"Here’s the last 24 hours in geopolitics: 🇺🇸 United States: Donald Trump warned NATO to secure the Strait of Hormuz or face possible US policy shifts, even mentioning Greenland. 🇮🇱 Israel: An Iranian missile struck Dimona, home to a nuclear facility, wounding dozens. 🇮🇷 Iran: Iran claimed it struck US-linked bases in United Arab Emirates and Kuwait as part of retaliation. 🇬🇧 United Kingdom: United Kingdom said it won’t use Cyprus bases for strikes on Iran after talks between Keir Starmer and Nikos Christodoulides. 🇨🇳 China: China ignored US requests regarding Hormuz involvement as tensions continue. 🇺🇸 United States: Middle East War Pushes U.S. Gas Prices Higher Global Oil Supply Fears Trigger Sharp Fuel Cost Surge. Meanwhile, on Kalshi, traders are actively pricing the likelihood of gas prices continuing to rise this week. 🇮🇷 Iran: Masoud Pezeshkian said Iran seeks no conflict with neighbouring Gulf states, calling them “brothers.” 🇰🇷 South Korea: A factory explosion in Daejeon killed 10 people and injured dozens. 🇱🇧 Lebanon: Israel carried out airstrikes in southern Lebanon as clashes with Hezbollah escalated. 🇸🇦 Saudi Arabia: More than 56 Iranian drones violated airspace in 24 hours, mostly targeting the Eastern Province. 🇺🇸 United States: Donald Trump said the US is close to key goals against Iran, including its missile, defense, and nuclear programs. 🇮🇷 Iran: Iran said the Strait of Hormuz remains open for non-hostile countries like Japan, with selective restrictions. 🇵🇸 Palestine: Palestinian police reported 198 rocket fragments have fallen, causing over a dozen casualties since the war began. Disclaimer: This content is for news reporting, educational, and informational purposes only. It does not promote violence, political agendas, or harm of any kind.#geopolitics #daliynews #breaking #news #worldnews ",2026-03-21T21:41:32.000Z,2842,95,218,18,103200,93,"geopolitics, daliynews, breaking, news, worldnews",LAST 24 HOUR WORLD,13100,False,PK,#kalshi election,kalshi,description,YES,"Here's the last 24 hours in geopolitics. In U.S., Trump warns NATO to secure the Strait of Hormuz or risk U.S. policy shifts, even on Greenland. In Israel, an Iranian missile struck Dimona, home to its nuclear facility, wounding dozens. In Iran, claims it struck U.S.-linked bases in the UAE and Kuwait as part of its retaliation. In U.K., won't use Cyprus bases for strikes on Iran after talks between Starmer and Christodoulides. In China, ignored U.S. requests regarding Hormuz involvement as tensions with Iran continue. In U.S., Middle East war pushes U.S. gas prices higher. Global oil supply fears triggers sharp fuel cost surge. Meanwhile, on Calci, traders are actively pricing the likelihood of gas prices continuing to rise this week. In Iran, President Pazeshkian says Iran seeks no conflict with neighboring Gulf states, calling them brothers. In South Korea, factory explosion in Daejeon killed 10 people, injured dozens. In Lebanon, Israeli airstrikes hit south as clashes with Hezbollah escalate. In Saudi Arabia, 56-plus Iranian drones violated airspace in 24 hours, mostly targeting eastern province. In U.S., Trump says U.S. close to key goals against Iran, missiles, defense industry, and nuclear program. In Iran, Strait of Hormuz opened for non-hostile countries like Japan amid selective restrictions. In Palestinian, Palestinian police report 198 rocket fragments fallen, over a dozen casualties since war began."
7546686961755458829,https://www.tiktok.com/@peakperformance40/video/7546686961755458829,Posted @withregram • @realbrettski Im down bad after Vegas. I need a Kalshi lock cmon Ruben I just learned your name but I LOVE YOU! #comedy #fun #election #kalshi #money,2025-09-05T19:20:21.000Z,13,,0,0,337,51,"comedy, fun, election, kalshi, money",TradeLogic,18,False,US,#kalshi election,kalshi,"description, hashtags",YES,"The rumors are true. I gained a fiancee in Vegas, but I got absolutely pummeled, but I never give up Listen, I'm here on Cal. She where everyone goes to bet the election almost 5 million wager because they got the most up-to-date odds But listen, I can't bet on a coin flip. I need something. That's a lock I don't know anything about Ruben Gaglio But if it says 89% I have to see one go in $1,000 to win $123 I am locked in Ruben Gallagher Let's go. I had never heard Ruben's name before today. I know nothing about politics I hate politics, but I like making money Ruben Gallagher. You are now my savior. I love you. Go bet on Cal. She"
7609050124492328223,https://www.tiktok.com/@bet_on_alex/video/7609050124492328223,Prediction markets exposed election polling in 2024 #polymarket #kalshi #predictionmarkets ,2026-02-20T20:41:02.000Z,64,1,2,5,1124,64,"polymarket, kalshi, predictionmarkets",bet_on_alex,9,False,US,#kalshi election,"kalshi, polymarket, prediction_market","description, hashtags, transcript",YES,"Forget the polls. In the 2024 election, the smartest money in the room wasn't calling voters, it was betting on them. While traditional polls called the election a 50-50 toss-up, prediction markets like Polly Market were screaming a different story. In October 2024, Polly Market odds for Trump surged to 60%, while Nate Silver's polling models still gave Harris a slight lead. The markets were also a total oracle for the Rust Belt. They correctly flagged that Trump was flipping those historically blue northern states weeks early. We aren't talking small change here. Over $3.6 billion was traded on Polly Market for the 2024 election alone. One French trader, known as Theo, bet $30 million on a Trump sweep and walked away with an $85 million profit. Now in 2026, it's not just politics. Kelshi and Polly Market are rivaling draft kings, with sports now making up most of their volume. With Trump administration support, these platforms are basically Wall Street official now. This new asset class has opportunities for profit everywhere. Hit follow and I'll show you how to find an edge and trade these events like a pro."
7517795020775197982,https://www.tiktok.com/@newyorkbyjenny/video/7517795020775197982,Do we think theyre right bc that’s tea #nyc #newyorkcity #manhattan #timessquare the website was called @Kalshi Exchange ,2025-06-19T22:45:28.000Z,127,8,5,6,4866,38,"nyc, newyorkcity, manhattan, timessquare",Jenny Narciso | NYC,67500,False,US,#kalshi election,kalshi,description,YES,"Okay, wait, so you know how the election's going on right now in New York? I was just walking on the street and I'm actually so confused as to how this is a thing. What is going on? What is this? What? Okay, so it's honestly kind of cool because it's showing right now what people think is gonna be like the outcome and people are spending like a lot of money. I mean like some people are spending like $4, but that's like a lot. It's honestly cool because it's showing what people think is actually going to happen. Real responses. Apparently, basically like a website where you can place bets on literally anything."
7564547567833451807,https://www.tiktok.com/@kracknado/video/7564547567833451807,It’s all an elaborate scheme but I can’t prove it #kalshi ,2025-10-23T22:28:09.000Z,289,11,40,8,14700,58,kalshi,Kracknado,2554,False,US,#kalshi election,kalshi,"description, hashtags",YES,"93% on Cal-She right now, chances of victory, 93%. Whoever is in charge of marketing and or strategy at Cal-She you have my fullest respect because it has become the de facto way to check how people feel about the chances of something, anything in the world happening. I've seen content creators name drop Cal-She everywhere, whether it be related to sports with like the college football playoffs or even politics where like you just saw, who's gonna be the mayor of New York is something you can actively bet on. Craziest part is most of these aren't even paid promotions. Cal-She just established itself as like the ultimate truth telling source as to what the general sentiment around X event in the future happening is. In the eyes of the law, they're not even treated like a betting slash gambling platform. They're treated like a marketplace where you can trade futures and derivatives the same way you would trade options on Robinhood. I don't know if it's just me, but something around it seems sus the same way I look at Klarna and think how are they making money? Like something around their business seems sus and it's gonna be revealed later, but I can't prove it. It's just like a gut feeling, I don't know."
7611193038668451085,https://www.tiktok.com/@itsreallycameron/video/7611193038668451085,Fed chair upset #kalshi #polymarket ,2026-02-26T15:16:35.000Z,7,,0,0,436,26,"kalshi, polymarket",itsreallycameron,1861,False,US,#kalshi election,"kalshi, polymarket","description, hashtags",YES,"There might be an upset in the Fed Chair market. Earlier this year, Donald Trump announced on True Social that he was going to nominate Kevin Walsh for the next Fed Chair. But right now, his odds are at the lowest they've ever been. Because in order for this market to resolve in his favor, he has to be formally nominated through the Senate. And a lot of things can happen in between then. And right now, his odds are only 93% chance. Is there going to be an upset? I don't know. We will see."
7574261741329206550,https://www.tiktok.com/@trueamericansclips1/video/7574261741329206550,kalshi on the top 🔥 #live #kalshi #trading #fyp ,2025-11-19T02:44:13.000Z,8,,0,0,879,22,"live, kalshi, trading, fyp",stream-ing🔥🔥,46,False,US,#kalshi election,kalshi,"description, hashtags",YES,"Twelve months later, Kelshi was the talk of another election. When you see the Kelshi odds that have our chances of victory in the 90s. This is not polling data. This is what people think is going to happen. Yes. Yes. It's people putting money on what they think is going to happen. And then the wisdom of the crowds in the markets come up with the probabilities of who is going to win."
7433649372757249323,https://www.tiktok.com/@andrewivx2.0/video/7433649372757249323,"Dear people, please vote the following 🥰 (Election awareness purposes) #andrewivx #election #trump #kamala #presidentialelection #kalshi #kalshipartner ",2024-11-05T04:36:13.000Z,19500,1766,945,152,142700,47,"andrewivx, election, trump, kamala, presidentialelection, kalshi, kalshipartner",Andrew,4100000,False,US,#kalshi election,kalshi,"description, hashtags, transcript",YES,"Dear people voting in this year's election, please vote for the following things. So I have $1,000 on Kamala Harris to win Virginia, so if you're in Virginia, please vote for Kamala Harris. $1,500 on Kamala Harris to win Minnesota, so if you're in Minnesota, please vote for Kamala Harris. Alright, so my Iowans out there, I want you to vote for Donald Trump, that way I don't lose my $2,500. If you're in Alaska, also vote for Donald Trump, so I don't lose $2,500, instead I win $215. If you're in New Mexico, vote for Kamala Harris. It's a pretty small bet, only about $340. If you guys also want to bet on this year's election, use Kalshi today. But remember, all that money I bet was my real money, not sponsorship money. So if you're in those states, please vote for the things I told you to vote for."
7578773045582515469,https://www.tiktok.com/@tim.makes.tiktoks/video/7578773045582515469,this dude is paying my bills😂😂 #kalshi #funny #relatable #politics ,2025-12-01T06:31:06.000Z,66,5,6,6,8182,9,"kalshi, funny, relatable, politics",Biohack City,14200,False,US,#kalshi election,kalshi,"description, hashtags",YES,each other and sitting on top of each other this is what we had under the biden administration that whole thing should have never ever happened he should have left too easy
7429040377509825838,https://www.tiktok.com/@emilysavesamerica/video/7429040377509825838,Follow @Kalshi Exchange for election updates! ,2024-10-23T18:30:58.000Z,1356,48,66,636,213900,28,,Emily Saves America,223600,False,US,#kalshi election,kalshi,description,YES,"Okay y'all I know we're getting really excited so this is the first and only way to legally bet on this election in America. Unlike a lot of the markets which have foreign influence, this one does not. It's more accurate than the polls because people are actually putting their real money behind it. Who is going to win this presidential election? Well right now Khalshi says Donald Trump is at 60 percent, meanwhile Kamala Harris is tanking every day at a solid 40 percent. And I assume after Trump goes on Rogan we are going to have an even bigger lead."
7433894694595087658,https://www.tiktok.com/@emilysavesamerica/video/7433894694595087658,@Kalshi Exchange women need to wake up #saveamerica2024 ,2024-11-05T20:28:13.000Z,4302,171,174,386,168400,42,saveamerica2024,Emily Saves America,223600,False,US,#kalshi election,kalshi,"description, transcript",YES,"It's wild to me the amount of videos I see of full-grown adults being like, I'm voting for my daughter's future, I'm voting for my daughter's rights. You're literally voting for your hypothetical daughter's rights to your future grandchildren? Make it make sense. Right now, Donald Trump is at 57% on Kalshi. I voted for the only candidate on the ballot who actually wants to protect women's rights, and that's the women who are currently here and exist and need protection, not the ones we're hypothetically talking about that apparently, according to the other side, will never be born anyways if it's up to them. Kalshi is the only legal way to be betting, so go ahead and place those bets and let's see what happens. It's going to be a wild day."
7608737262985039117,https://www.tiktok.com/@itsreallycameron/video/7608737262985039117,Mentions market on Polymarket ,2026-02-20T00:27:02.000Z,5,,0,1,603,14,,itsreallycameron,1861,False,US,#kalshi election,polymarket,description,YES,i'm not a big mentions market guy but donald trump is gonna be delivering the state of the union address and i feel like i just have to trade this market i'll try and follow some profitable mentions traders but yeah i feel like i have to it's the state of the union i feel like i have to
7595578498287226126,https://www.tiktok.com/@phils.tradestorie/video/7595578498287226126,Markets don’t trade truth they trade incentives and you can as well on Kalshi #moneytok #fyp #viral #trading #kalshi ,2026-01-15T13:24:07.000Z,3,,0,0,177,60,"moneytok, fyp, viral, trading, kalshi",phils.tradestories,41,False,US,#kalshi election,kalshi,"description, hashtags, transcript",YES,"This guy made $100,000, but not by trading stocks, but what Trump is going to say next. Let me explain. No leaks, no insider info, just pure human behavior. But here is really what people miss out. He didn't study market first, he studied people. Psychology, sociology, political science, and even how speechwriters engineer every single word. Because politicians must follow the script so they don't speak freely, but they signal. Then before the 2024 election, he joined Kalshi, when pretty much nobody was paying attention. Markets like, will Trump say recession? Will he talk about China or borders? Nobody knows. But he didn't care about the truth because he traded incentives. So when Trump says something wild like, I'm going to buy Greenland, does it even matter if it happens? No, it only matters that he says it. And that's how this guy traded $100,000 trading words, not even events. If you think trading markets is just luck, you're already too late, it's research. Follow me if you want edges that people don't see. Ciao, ciao."
7598682545860906253,https://www.tiktok.com/@tylerskitschen/video/7598682545860906253,IM SCARED #kalshi #news #comedy ,2026-01-23T22:09:30.000Z,449,,12,0,3316,28,"kalshi, news, comedy",Tyler’s Kitschen,47300,False,US,#kalshi election,"kalshi, prediction_market","description, hashtags, transcript",YES,"And if the fact that somehow we're allowed to bet on presidential elections didn't make you uncomfortable, get this. Recently, CNN and CNBC announced they are partnering with Calshi to integrate the company's prediction market data into its news coverage. That's literally like your doctor having a partnership with Marlboro Red. That breakthrough case with the election let Calshi just absolutely take off from there. And now, trading volume is expected to exceed $50 billion in 2025, up from $300 million in 2024."
7603104996665675039,https://www.tiktok.com/@ritzamster/video/7603104996665675039,Political markets are super inefficient due to political bias. Lots of opportunity for value trading! Do you agree? #kalshi #polymarket #politicalbetting ,2026-02-04T20:10:40.000Z,77,4,20,4,2644,83,"kalshi, polymarket, politicalbetting",Ritz | Prediction Analytics,804,False,US,#kalshi election,"kalshi, polymarket","description, hashtags, transcript",YES,"Political markets are mispriced because retail bets on what they want. Here's how to exploit it. Political markets attract way more retail than any other category. Everyone has opinions. Problem is, they're not betting on probability, they're betting on identity. Trump supporters overbid Trump outcomes. Democratics overbid Democratic outcomes. So I'm currently looking at Oddpool's 2028 presidential dashboard, and it kind of aggregates the views and probabilities across Cauchy and Polymarket so we can see them in one place. So we can see that JD Vance is favored to win the election by about 6% right now. And if we do a per-venue breakdown, we can see that Cauchy and Polymarket odds deviate by 2% at a couple spots, which is interesting. If we go down a bit, we can see the per-venue breakdowns for outcomes based on the Democratic primary and the Republican primary. Let's take a deeper look at the Republican primary. So if we order the outcomes by most likely, we can see JD Vance is number 1, Rubio is second, and Donald J. Trump is third. In fact, we also have Donald J. Trump Jr. as an outcome here. This is a great example of Trump supporters overbidding Trump outcomes. The odds of Trump having a third election is pretty low, much lower than what this chart exemplifies, because that's against the Constitution. And that's a great example of how political bias drives political markets."
7601336976758803725,https://www.tiktok.com/@wagerwaveinc/video/7601336976758803725,Hope you tailed pur @Kalshi play of the day. More to come 🔒 #trade #prediction #governmentshutdown #viral #fyp ,2026-01-31T01:49:58.000Z,38,2,2,4,2205,18,"trade, prediction, governmentshutdown, viral, fyp",WagerWaveInc,25700,False,US,#kalshi election,kalshi,description,YES,"Hope you guys tailed along when we gave you this government shutdown pick. Odds are close to 100% now, and with the recent news coming out, it looks like we're definitely gonna cash. Broke down our reasoning step by step of why we thought this would happen in our Discord for free, but glad the logic cashed out and hope we made you all some money."
7603480565723041037,https://www.tiktok.com/@dagopapi/video/7603480565723041037,2028 Erika Nicki ticket would be cinematic #kirk #nickiminaj #jester #barbz #kalshi @Kalshi ,2026-02-05T20:28:12.000Z,262,6,13,12,8569,27,"kirk, nickiminaj, jester, barbz, kalshi",spencer,17700,False,US,#kalshi election,kalshi,"description, hashtags",YES,"How am I supposed to take politics seriously when things like this are happening? Kelshi has Nicki Minaj listed as a potential option for the 2028 Republican nominee for president. And right above her there's Erica Kirk, which is not as crazy considering Nicki Minaj wasn't born in the U.S. so that's impossible. So you would think no would be the easy option, that would be free money, but stranger things have happened."
7580386312784514334,https://www.tiktok.com/@eyn.victor.2206/video/7580386312784514334,#kalshi #predictionmarkets #crypto #gambling #foryou ,2025-12-05T14:51:02.000Z,3,,1,0,290,187,"kalshi, predictionmarkets, crypto, foryou",Tichys Einblick,10800,False,US,#kalshi election,"betting_market, kalshi, prediction_market","description, hashtags, transcript",YES,"and just expressly saying what the goal is of this kind of betting marketplace that seems to be emerging. Mark, you've mentioned multiple times that you think prediction markets will be bigger than the stock market. What is it gonna take to become a trillion dollar asset class? It's pretty much already like a close to 100 billion a year of asset class, right? Like it's pretty easy to imagine a 10X from here. Like we haven't even started. It's been a year. I think a very large number of people care much larger than traditional markets. And I think retail as a pie has just been growing in the U.S. and I think it's gonna keep growing. It's growing in the stock market. It's going outside of stock market. The long-term vision is to financialize everything. When he says retail is growing, what that essentially means, yes, is people are increasingly desperate and gambling and going into debt at rates that we haven't seen because we do not have an economy that works for people. So people are sports betting, people are day trading, all of that GameStop stuff was a precursor to this kind of thing. And now they're gambling on things like elections and like if there will be a ceasefire in Gaza. And even if the economy was delivered for every people, gambling is pathological. And the people that own these companies know that. And they know that a large number of people are going to develop addictions that ruin their lives, but they don't care because they're gonna make fucking money out of it. And all these prediction markets, there are two winners in it. There's the people like this who own it and the people that win on the bets. Having two winners is gonna necessitate a lot more losers than that. But that's the thing is these people aren't placing any bets. They just own it. They're gonna skim off the top of everyone else's action. And the only thing that these things serve, they should be completely outlawed. All these markets, you should have to go to like fucking Vegas to even bet on a sports game in my opinion. Because like all this is, is one, like it's pure speculation and in my opinion, even if you know who's gonna win the fucking Superbowl or score the first touchdown, you shouldn't be able to like make a windfall out of that. But the real thing is, and why powerful people like these things is because it allows them to bet on insider information that if they did it through fucking stocks, they'd be put in prison. Exactly. No, that's exactly it. Like there's just this thing, this story sort of breaking online today that people are noticing. And that on, I think it was on Polly Market, there was the ability to bet on who would be Google's most searched artist of the year, Google's most searched person of the year, all that stuff. And someone discovered an account that bet correctly on every single one. So the implication there is that this person must work for Google and knows exactly who Google's gonna pick before the best of, the most searched list is released. And they made their bets accordingly. Like this is, like if you were gonna bet on, if you're gonna financialize everything like he said, that means there's going to be those insiders at the very top who, as usual, but more so now with something like this, will be able to take advantage of the little guy, everybody else."
7610452098064436494,https://www.tiktok.com/@carolineestout/video/7610452098064436494,We’ve really lost the plot with this one. The corruption is so blatant. #kalshi #polymarket #trump #antitrump #antifascist,2026-02-24T15:22:02.000Z,120,8,4,8,1286,99,"kalshi, polymarket, trump, antitrump, antifascist",carolineestout,93300,False,US,#kalshi election,"kalshi, polymarket","description, hashtags, transcript",YES,I was listening to a podcast yesterday and it starts playing an ad promoting calci not in terms of like betting on sports or betting on whatever it's literally promoting calci so that you can bet on the state of the union what sort of dystopian nightmare are we living in that there is this advertisement for us to place bets on what crazy Donald Trump is going to say at the state of a union address and what's even more interesting is that Donald Trump's son Don jr. is one of the I think one of the founders or is on the board of calci imagine the staffers that know what Trump is going to say placing bets on on calci and making a freaking fortune like this is the fraud abuse corruption that the right likes to say that the left is doing this ad literally was saying like will Trump announce new policy well this is a black mirror episode right like we are in a black mirror episode if there are apps heavily involving the son of the president that are trying to get people to place bets on what's happening if I see an influencer promoting calci or any kind of betting or sports betting or any kind of poly market app unfollow that's an unfollow for me we don't need that shit we don't need that shit like this is this is so dark and dystopian for us to be betting on bombing other countries and kidnapping world leaders and what our crazy dementia ridden president is going to say at the State of the Union tonight
7568796936921304350,https://www.tiktok.com/@arynnewexlerofficial/video/7568796936921304350,"Tomorrow is an insane day. If you are in NYc, NJ, or VA, make sure you go vote!!! #kalshipartner ",2025-11-04T09:19:01.000Z,58,,3,4,2256,37,kalshipartner,Arynne Wexler,12800,False,US,#kalshi election,kalshi,"description, hashtags",YES,"Tomorrow is the biggest election day we're going to have for a year. Three major elections. Of course, we have the most famous one, the mayor of New York City. Another big one is the governor of New Jersey. And also the governor of Virginia. Because there's just always something going on with Virginia. But what do you notice about all three elections? All three have the Democrat candidate way in the lead. And when I say Democrat, I mean leftist. I think there's a chance we see a lot of these converging tomorrow. Voter turnout, especially in New York, has been insane. Because everyone knows how serious this is. But if these results are really how things are going to turn out, then everything, and I mean everything, changes in U.S. politics tomorrow."
7618636926991535373,https://www.tiktok.com/@purpleroompolitics/video/7618636926991535373,"Arizona AG Kris Mayes filed 20 criminal counts against Kalshi, alleging it operates an unlicensed gambling business involving illegal election wagering and sports betting. Kalshi claims federal CFTC rules protect it and calls the charges meritless, while the state seeks fines up to $20k per count.",2026-03-18T16:43:10.000Z,0,,0,0,139,10,,PurpleRoomPolitics,4280,False,US,#kalshi election,kalshi,description,YES,You
7620163882153200909,https://www.tiktok.com/@itsallpolitics__/video/7620163882153200909,INSANE - @nickshirley exposes ANOTHER massive fraud scheme in gavin newsom’s state.  Why does @kalshi have him expected to win the presidency? Voters - you’ve been warned!!,2026-03-22T19:28:21.000Z,540,13,19,7,4495,137,,ItsAllPolitics,205200,False,US,#kalshi election,kalshi,"description, transcript",YES,"Why am I seeing this on Kalshi? Do y'all even know what that governor has done to his state? Besides telling black people that he, too, can't read? Well, Nick Shirley exposed the abysmal fraud taking place there and here are a few of his findings. Apparently there's been a 1,000% explosion in the number of licensed hospices in L.A. County. Where there used to be about 160, there are now 1,500. And now maybe you're wondering, why would that be? Are there more sick old people? No. No, there are not. There are minimal changes in the population or their end-of-life care needs. People have simply figured out how to scam Medicare, Medicaid, and Medi-Cal. That's California's Medicaid program and it's supposed to provide low-cost health coverage to poor people, poor families, seniors, elderly folk, people with disabilities, etc. So what people are doing are opening fake hospices in empty buildings, stealing seniors' Medicaid numbers or Medi-Cal numbers, enrolling fake patients, billing the government for care that does not exist, and then spending that money on luxury cars. Ha ha ha! In 2021, California providers received 15% of all national Medicare hospice payments. And Medi-Cal alone, spending reached $157 billion last year. So Nick Shirley investigated dozens of these hospices that were all listed under the same address. And these addresses would just lead him to abandoned buildings and strip malls. Like this Van Nuys building, where 100 hospices and home health agencies were registered at once. One woman in the video said that stealing someone's Medicaid number is more valuable than stealing a credit card. Because once you're over 65, you're assigned a number. And then you can bill services to the government. And fraudsters are paying people to give them their Medicaid number, so they can use them to get free money. Wow! Nick discovered $170 million in specific fraud. He'd go to a hospice center and find that either it was completely abandoned or that one or two people were working there and they often, or pretty much 100% of the time, refused to help him. This is all insane. California's government debt exceeds $1 trillion. They're projecting an $18 billion budget deficit this year. And a good chunk of the taxpayer dollars are being wasted on fake hospices and daycare centers. And meanwhile, instead of tackling this fraud issue, he spent $100 billion on a train that was never built, another $100 million on a wildlife crossing that leads to nowhere, and nearly $50 billion on a homeless program that's only gotten worse. No thanks. No thanks."
7618842838037531917,https://www.tiktok.com/@newsfishnow/video/7618842838037531917,"Arizona's attorney general has filed the first-ever criminal charges against prediction market Kalshi, accusing the company of running an illegal gambling operation without state approval. AG Kris Mayes says Kalshi offers gambling, not futures contracts, and violated Arizona law by taking bets on elections. Prediction markets now see roughly $5 billion in weekly trading volume across platforms like Kalshi and Polymarket. The criminal case was filed in Maricopa County Superior Court and marks a major escalation in the fight over how the industry should be regulated. #kalshi #predictionmarkets #arizona #gambling #regulation #breakingnews Source: CNN",2026-03-19T06:02:20.000Z,0,,0,0,58,37,"kalshi, predictionmarkets, arizona, regulation, breakingnews",newsfishnow,1998,False,US,#kalshi election,"kalshi, polymarket, prediction_market","description, hashtags, transcript",YES,"Arizona just filed criminal charges against Kelshi, the first time any U.S. state has criminally charged a major prediction market. Attorney General Chris Mays says Kelshi is running an illegal gambling operation disguised as a futures exchange and it never got state approval to operate. Prediction markets have exploded. Traders now spend about $5 billion every week on sites like Kelshi and PolyMarket. The industry already faces scrutiny over Iran war death markets and insider trading concerns. Now, Kelshi's executives face a criminal case in Maricopa County Superior Court and every other prediction market in the country is watching to see if their state is next."
7428332105903525162,https://www.tiktok.com/@salonofficial/video/7428332105903525162,"Thanks to a recent decision by the Washington, D.C. Court of Appeals, sites like Kalshi are now allowing people to place bets on the 2024 election.  Unfortunately, the proliferation of election betting may pose problems for the reliability of election odds reporting and our democracy. Music: Aves - “Time” #electionbetting #kalshi #election2024 ",2024-10-21T20:42:32.000Z,110,1,0,3,1018,401,"electionbetting, kalshi, election2024",Salon,98000,True,US,#kalshi election,"betting_odds, election_odds, kalshi","description, hashtags, transcript",YES,"Recently, you may have seen ads like these, popping up on various social media apps, telling you about the chance to bet on the upcoming presidential election. Or headlines like these, telling you that betting on elections is now legal. All of this comes down to an ongoing court battle between the Commodity Futures Trading Commission and the financial exchange Kalshi. But first, let's take a look at the strange history of election betting in America. Now, the idea of betting on elections seems foreign to many Americans nowadays. Elections are a sacred function of democracy and can have lasting consequences. So gambling on them feels like it's on the same level of morbidity as betting when your dog is going to die, or doing a parlay on which two of your wife's friends will divorce first. But this country has a long history of betting on elections, going back to the early 1800s. As these papers by Paul Rode and Coleman Strumpf explain, the tradition really intensified during the Jacksonian era, with up to $6 million being wagered in New York during the 1844 presidential election between Henry Clay and James Polk. The practice reached another peak starting in the 1880s and 1890s and lasting until the 1910s, with about $10 million in political bets wagered in New York in 1916. Newspapers regularly reported on the market odds for election bets, which allowed everyday people to keep up with how presidential races were going. In a time before reliable scientific polling, these gambling odds were the closest to consistent and reliable sources that many people had on which way the election might swing. Interestingly, for most people during this era, betting wasn't seen as a way to make money as much as it was just another way to support a candidate that you were going to vote for anyway, or a way to back your beliefs. Many of these bets didn't even involve money. Freak bets, as Rode and Strumpf call them, involved wild dares that you'd have to do if your candidate lost, like pushing your friend around in a wheelbarrow, or whatever kinky stuff this guy is doing. One estimate stated that there were half a million of these freak bets in the election of 1900 alone. And hey, let's bring that back instead of gambling money on the outcome. Wearing a dog collar and walking around on all fours seems infinitely more fun than just betting money online against a stranger. But if we look at sites like Kalshi, the idea of monetarily backing one's beliefs still seems to be the case with many of these recent election bets. People seem not to be betting on what they perceive to be the most likely outcome, but on the candidate they align with ideologically, including this person saying that no one is going to stop my little shorty from becoming president. I don't think those are the exact words that people would use while betting in the 1800s, but the sentiment is there. Eventually, election betting declined in the 1930s and 40s for many reasons, primarily due to the rise in more scientific polls like Gallup that could offer up-to-date electoral predictions without the social stigma of gambling. Other factors, like the suppression of illegal gambling and the legalization of horse racing, also drew people away from election betting. Yep, people stopped betting on presidential elections once they realized it was much easier and quicker to just bet on horses instead. So what brought the practice back? Well, the way that people can bet on elections now is through what's known as event contracts, which are agreements to buy or sell a commodity asset for a predetermined price at a certain point in the future, dependent on the outcome of a specific event. Basically, you buy in on a certain position, which is either yes or no to whether that event will happen, and if you're right, you receive money. These types of contracts are regulated by the Commodity Futures Trading Commission, which tried to prevent the trading of event contracts tied to the outcomes of elections by saying they were classified as election gambling. However, the District Court found that there was not sufficient evidence that this was gambling, and the Appeals Court agreed, allowing Kolschi to continue letting people place bets on elections. So there you have it. It's not gambling, it's just placing money on a discrete outcome that you have no control over in which you will receive more money than you put in. Very different from gambling. But the proliferation of election betting raises another problem, as more and more news outlets and even presidential candidates start using betting odds as evidence of who will win the election, there comes the question, how accurate are these odds compared to polling? I mean, why does 538 show Kamala Harris having a 54% chance of winning, and Kolschi show Trump having a 57% chance? If we look at how Kolschi determines their odds, we can see that the price and probability are assigned by continually assessing the collective sentiment of its users regarding the likelihood of an event resulting in a yes or no. Sites like Kolschi don't use external polling data to assess the likelihood of a Trump or Harris victory, and instead rely solely on the betting behavior of their users to determine who is more likely to win. This can make these sites subject to self-selection bias, where the odds represent the sentiment of people who choose to bet on elections rather than the sentiments of a randomized group of voters. For instance, according to Wired, three quarters of traffic to the betting site Polly Market comes from men, so that site's odds wouldn't be representative of the American electorate as a whole. And this might be fine if all of these bettors were trading rationally and betting solely on external information. But if election bets remain as a way to back one's beliefs, then these odds just represent the voting behavior of a non-representative section of voters. But at the end of the day, the biggest concern with election betting isn't how accurate it can be, but the danger it could pose to our democracy. In a system where the assumed odds of victory for a candidate are solely determined by the amount of money wagered on them, there's the possibility of large bets placed on certain candidates with the intent to change odds in their favor. For instance, in 1892, Republican campaign managers purposely bet large amounts at more favorable odds for their own candidate, leading newspapers the next day to report that that candidate was performing better in the polls than he actually was. More recently, in 2012, one single bettor on the site Intrade accounted for one-third of the total money placed on Mitt Romney to win the presidential election in the two weeks leading up to the election, single-handedly pushing up his odds of victory on the site. Market manipulation like this could have tangible effects on the election, influencing campaign morale, fundraising, and even voter turnout. So take any betting odds you see on the election with a grain of salt, because they're not as foolproof as some would have you believe. Also, instead of gambling your next three paychecks on Trump winning, make a bet with your friend to push them around in a wheelbarrow. That sounds so much more fun."
7613235914025798942,https://www.tiktok.com/@drawingconclusionsdaily/video/7613235914025798942,"Kalshi and Polymarket are going mainstream - but have troubles Traders wagered $529 million on Polymarket betting on the timing of US and Israeli strikes against Iran, sparking outrage over insider trading concerns and prompting Sen. Chris Murphy to pledge legislation banning such bets. Both Polymarket and US-regulated rival Kalshi faced controversy — Polymarket for allowing military conflict bets from offshore, and Kalshi for paying out bets on Iran's Supreme Leader being removed from power after he was killed in the strikes. #kalshi#AIAnimation #dallascowboysfans #polymarket #polymarketsports",2026-03-04T03:23:47.000Z,6,,1,0,285,15,"aianimation, dallascowboysfans, polymarket, polymarketsports",Drawing Conclusions,361,False,US,#kalshi election,"kalshi, polymarket","description, hashtags",YES,"You know I'm about a real war, right? Yeah, but the spreads are incredible. Uh, I'm not supposed to be here, but did the Supreme Leader one pay out? I thought you followed the rules."
7469260019809258783,https://www.tiktok.com/@iufc77/video/7469260019809258783,#election #election2024 #presidentialelection #kalshi ,2025-02-09T03:44:13.000Z,9,,1,0,345,60,"election, election2024, presidentialelection, kalshi",Feng7777,8164,False,US,#kalshi election,kalshi,"description, hashtags",YES,"So based on polling data, I predict this election will come down to voter turnout in swing states. So we analyze past trends. I mean, yeah, that sounds cool and all, but are you putting money on it though? Money on an election? Man, this is in Vegas. Bruh, it is 2024. You literally can bet on anything. I got this app called Calshi, and it's like the stock market, but for predicting events. I even got money on who's going to win the presidential election. Wait, what? You're betting on the election outcome? I mean, basically, I'm buying contracts. So if I buy 30 cents a contract, I'm going to get a dollar back if my candidate wins. You know what that means? I three times my money. Is this like some type of underground thing? No, bruh. It's 100% legit, bro. Calshi is the only place in all 50 states where you can trade stuff like this. So you can make some serious cash from this. Yep. And if you sign up with my code, you get a $20 bonus when you deposit a hundred dollars."
7536730838713617677,https://www.tiktok.com/@whatsnextpolitics/video/7536730838713617677,Who do YOU got winning the 2028 Democratic Presidential Primary? #kalshi #politics ,2025-08-09T23:25:31.000Z,113,1,11,43,5596,59,"kalshi, politics",What’s Next,74,False,US,#kalshi election,"kalshi, prediction_market","description, hashtags, transcript",YES,"Who will the Democrats nominate in 2028? It's never too early to take a look. Here are the six candidates most likely to win the nomination based off of Calhoun's prediction market. Don't forget to follow our channel to stay up to date on any market changes. At number six, we have the governor of Pennsylvania, Josh Shapiro, who won by double digits in 2022 and has a 6% chance. At number five, we have Kamala Harris. The 2024 Democratic nominee decided not to run for governor of California, leaving the door open for a 2028 run and currently has a 6% chance as well. At number four, we have Wes Moore, the governor of Maryland and former army captain, rising to a 7% chance. At number three, we have Pete Buttigieg, secretary of transportation and former mayor of South Bend, Indiana, who has a 9% chance of becoming the nominee. At number two, we have Alexandria Ocasio-Cortez, AOC, a congresswoman from New York who's raised the most money of any member of Congress this year and is at a 14% chance. And finally, at number one, with a 19% chance of being the Democratic nominee, with California governor Gavin Newsom."
7617551525920984351,https://www.tiktok.com/@politicalplaylist/video/7617551525920984351,#betting #gambling #kalshi #polymarket #politics ,2026-03-15T18:30:45.000Z,19,,1,3,518,123,"kalshi, polymarket, politics",PoliticalPlaylist,6371,False,US,#kalshi election,"kalshi, polymarket","description, hashtags, transcript",YES,"We had an incident last week that people had bet on Kashi, whether or not the supreme leader of Iran would be killed. And of course he was. And so this person, it's unclear who it's unclear if this is a member of the administration, if this is maybe Barron Trump or somebody who's a conspiracy theory, leave it out of this. All right, buddy, listen, it's possible that it was just somebody sitting at Joe's Stone Crab and overheard about all the attack plans, which was a real thing. There is a whole kind of debate and a negation on this now where Kashi is refusing to pay this person at the moment. And they're saying that, oh, the one thing you can't bet on is death and violence on the site. So this is a completely unregulated site. They're also making the argument that you can bet on whether or not a regime will fall. So the question is, all right, well, is that violent? So there's so many unanswered questions on this. What we're seeing right now is zero regulation on Kashi poly market at all. And the question is, OK, at what point is the government going to step in here and start to put some guardrails on this thing? Because there could be some really bad consequences that that come from an unregulated market like this. And Seth Magazine is very successful in building a bipartisan coalition around banning stock trading, which hasn't officially happened yet, but it seems like it will in some form. I'm curious to see who he will bring into the coalition. I think on the Senate side would be really interesting if someone like Josh Hawley gets involved in this, knowing how anti-tech and sort of data safety he has been. And then coupled with it, though, what I think is going to be really necessary is, will the public agree?"
7619744430647528734,https://www.tiktok.com/@newsuthr/video/7619744430647528734,#kalshi #trump #imigracion #bets #ice ,2026-03-21T16:20:18.000Z,0,,0,0,109,70,"kalshi, trump, imigracion, bets, ice",News,14900,False,US,#kalshi election,"kalshi, prediction_market","description, hashtags, transcript",YES,"A platform called Kalshi is operating a secret scheme of betting in elections and nobody is talking about that. What looks like just a prediction market is actually a system disguised as political bets, where people are putting money in electoral results as if it were a casino, but with real impact in the world. Experts warn that this can influence decisions, manipulate narratives and even create artificial pressure on the candidates. And the strangest thing is that all this would be happening under a supposed veil of legality, while the regulatory bodies avoid giving clear answers. Reports indicate suspicious movements, large numbers being bet on specific scenarios and anonymous users influencing trends as if they knew something before everyone else. In the networks, the debate has already become chaotic, some defend it as a financial innovation, others say that this is the beginning of a system where elections become a game of bets. And now comes the most intriguing part. There are those who believe that these platforms not only predict results, but also help manipulate them. The question is, are we witnessing the birth of a global political casino or is this already happening for much longer than we imagine?"
7586026842352667918,https://www.tiktok.com/@wagerwaveinc/video/7586026842352667918,Trading the next election🔥🔒 #election #trade #prediction #value #kalshi @Kalshi ,2025-12-20T19:39:18.000Z,505,63,42,9,22300,24,"election, trade, prediction, value, kalshi",WagerWaveInc,25700,False,US,#kalshi election,kalshi,"description, hashtags, transcript",YES,"Another high-value Kalshi trade lock for you guys that we keep finding in these low-liquidity markets. And that's trading yes to the presidential election happening in 2028. Now, this isn't a trade that we'd be holding out till 2028. We're going pretty heavy and then cashing out early when the odds boost in our favor. If there's no election in 2028, we're probably facing bigger problems than losing a Kalshi trade."
7567188538429656333,https://www.tiktok.com/@terrencekwilliams/video/7567188538429656333,NYC  are you seriously okay with Zohran being the Mayor. This is absolutely ridiculous. He shouldn’t be allowed to run any city in America His odd are ridiculously high on Kalshi,2025-10-31T01:16:45.000Z,6467,577,440,1404,98900,203,,Terrence K Williams,570900,True,US,#kalshi election,kalshi,description,YES,"New York, New York. I'm about to throw up from the flow up. 93% this man is leading at 93%. Do y'all New York City? Can somebody get somebody from New York City on the phone and tell them to call me? What the hell are y'all thinking? Y'all really want this man running the city? Do y'all really think that's the safest thing? Look at this photo. Do you really want him running the city? He is un-American and I heard there was some shady stuff going on with his citizenship paperwork. Anyway, he I don't even think he was supposed to be here. And y'all want him running the city cuz y'all want what? Because he's promising y'all a free bus ride. Y'all gonna put the whole city on the line for a free bus ride for some free food. Y'all not about to get no free food from this man. Free rent. Come on y'all. You can't y'all cannot be this dumb. Y'all can't be y'all can't be this gullible. Don't be this gullible. I need this video to reach everybody in New York City. Y'all bet not do this. And everybody around him. I don't live in New York City, but I'm concerned because New York City is an American City. And we should not let people like him take over. He should be running for office in Afghanistan. He should be the mayor of Afghanistan. Maybe the mayor of Pakistan. But not New York City. Not any city in America. He shouldn't even be qualified to run for office in this country. That's all I'm saying. But this man is at 93% right now on Cal sheet and I'm gonna tell y'all right now that these election predictions. On this site is normally right half of the time. They're right. Most of the time. I mean, this is scary that people actually want him to be. They're not going to stop with him. They are they are going to want thousands of Zoran's or hands or whatever, whatever his damn name is running all over the country running for office all over America. New York City. Don't be crazy. Don't be crazy. Do the right thing. Don't choose him to somebody else. You can choose. Hermit the frog. I don't give a damn. Okay. I'll trust one of the wild trust. I would trust one of those New York City sewer rats to run the country before I trusted to run the city before I trusted him."
7607980546060242190,https://www.tiktok.com/@maddoxs.middle.ground/video/7607980546060242190,3🔒s . . . #politics #kalshi #foryou ,2026-02-17T23:30:39.000Z,53,1,5,3,1957,76,"politics, kalshi, foryou",maddoxs.middle.ground,10200,False,US,#kalshi election,"election_odds, kalshi","description, hashtags, transcript",YES,"top three smartest political election odds on Cali sheet that I'd buy into right now. At number three, Nithya Rahman to win the LA mayor race. Karen Bass is the incumbent that is running again. And there's a bad stigma around LA with homelessness and corruption, whether it's all true or not. I think the city's ready for change. And just like New York City, LA is going to follow in New York City's footsteps and elect a socialist with Rahman. History repeats itself. At number two, James Tallarico to win the Senate primary for Democrats in Texas. I know the payout odds aren't the best for him. 63% is high. However, Democrats need Texas to win the Senate in 2026. The only way to do that is if they get Tallarico. Crockett will not do it. They are not going to put a socialist in Texas. Democrats, as long as they are like 20% smart, will put in Tallarico to possibly win the state of Texas. At number one, James Fischbeck to win the Republican nomination for governor in Florida. The moxie and the populist issues he is running on, in the state of Florida of any state there is, he's going to win. He is a Florida man. Byron Donalds is balled out. I promise you Fischbeck will win it. I know that is not what the experts are saying, but just watch. He is the Republican's mom, Donnie. Anyways, chat, follow for more."
7566081957914840333,https://www.tiktok.com/@wagerwaveinc/video/7566081957914840333,@Kalshi #wagerwave #politicstiktok #politics #fyp #viral ,2025-10-28T01:42:42.000Z,99,3,4,7,13700,31,"wagerwave, politicstiktok, politics, fyp, viral",WagerWaveInc,25700,False,US,#kalshi election,kalshi,description,YES,"We're down $120, tracking our Callistry portfolio and giving away a pick every day. So far, the only pick we're in the green on is Bad Bunny being one of the top five Google searches this year. For today's pick, we're deciding to enter the political arena, saying that Donald Trump will not be elected for a third term. The odds are obviously in our favor for this one, but think 91% is too much of a lock not to take. Trying to take advantage of what we think is biased in the odds right now, but follow along to see how we end up."
7613458056143326486,https://www.tiktok.com/@a_colker/video/7613458056143326486,Two big #PredicationMarket misses last night in the Texas primaries - #kalshi #polymarket #elections #politics,2026-03-04T17:45:46.000Z,129,5,9,8,7437,166,"predicationmarket, kalshi, polymarket, elections, politics",Arthur Colker,9572,False,US,#kalshi election,"kalshi, polymarket, prediction_market","description, hashtags, transcript",YES,"Prediction markets had two really big misses last night in the Texas primaries and this one in particular The first round winner in the Texas Senate Republican primary I think much more reflected conventional wisdom than actual polling so you can see here before polls closed They were giving Ken Paxton a 92% chance of winning as you can see after the polls closed and we started getting Results it quickly flipped to now a hundred percent chance of John Cornyn winning the first round of the primary before the runoff That was the general Twitters fear election nerds fear View on this race is that Ken Paxton would eke out a win in the first round? However, when we look at the polling at the end of the race The average was about 38 to 35 the last high quality you gov poll had this at a three-point race Well within the margin of error a margin of error race I do not think justifies a 92% chance for Ken Paxton to win the first round So I think this was very mispriced and if I was a betting man I should have put money on this one because you could have made a bank here The other big miss was the Dan Crenshaw Steve Toth primary So you can see here before polls closed and Crenshaw was at a 71% chance of winning Steve Toth at 29% Steve Toth actually won a pretty convincing victory here And then what I think is so interesting is Dan Crenshaw was the only Texas incumbent without a Trump endorsement and Ted Cruz was actively campaigning on Steve Toth's behalf Cutting campaigns ads for him and because this is a congressional race There wasn't any polling here that I could find but just based on those two factors I think Dan Crenshaw was probably more vulnerable than the 71% justified and going back to the Texas first round result We should also remember that John Cornyn spent over 90 million dollars on this race over 10x What Ken Paxton spent so I'm not surprised that he won the first round and I think this one in particular was very mispriced Given the polling the spending and I think this was really based on vibes and conventional wisdom Which is why I think we should look at prediction markets with a grain of salt The other thing I would just say here that I am worried about is that while we have a history of pollsters Hurting to other pollsters as in pollsters not wanting to release results that are that different than what other people are doing My particular fear is that pollsters will start hurting to prediction markets So if you get a result contrary to a prediction market as a pollster, are you gonna be afraid to drop those numbers? Are you gonna fiddle with the different demographic breakdowns a little bit to push it more towards the prediction market? So more hurting is just gonna put more false signals out there when it comes to elections And so I really hope we do not see hurting to prediction markets"
7614580748150000910,https://www.tiktok.com/@dominicraine/video/7614580748150000910,POLYMARKET IS A PSY OP AND I CAN PROVE IT. #Polymarket #kalshi #politics #fyp ,2026-03-07T18:22:48.000Z,80,8,11,3,930,101,"polymarket, kalshi, politics, fyp",dominicraine,268,False,US,#kalshi election,"kalshi, polymarket, prediction_market","description, hashtags, transcript",YES,"So, I've been holding off on making this video for a minute, but with the rise of popularity of prediction markets like Cauchy and Polly Market, I think this information is more important than ever. So this video is all about how the CIA invented prediction markets like Cauchy and Polly Market. So let me take you back to the late 1990s. An anarchist named Jim Bill makes an essay titled Assassination Politics, where he proposes an assassination market aimed specifically at politicians and world leaders. He had a theory. If you didn't want the president of your country doing something that would invade other human rights, what if you can just vote or maybe place a bet on the time of death of that world leader? If you want to read more about that concept, I strongly suggest you reading his essay. Yeah, but after this, the FBI pretty much pushed bro shit in. I mean, they raided his house and they threw him in jail for like two years. For writing an essay. And this is where something very interesting happens. In this short document show, Jim Bell claiming that CIA agents were stalking him and illegally monitoring what he was doing. If you look up his case in social media, it says that he went to jail for putting a toxic gas into an IRS agency. Now, this actually did happen, but there wasn't a toxic gas. It was just a stink bomb. And Jim Bell actually went to jail for stalking and outing known CIA agents that were living in his area. Jim Bell is jailed and the idea of prediction markets and assassination politics as we know it died. Fast forward to 2026. What do we see? Political markets targeting the death of world leaders in other countries. The CIA in America needed to make sure that this didn't get in the hands of the wrong people. They wanted to control it. Now, there's way more information I'm glossing over and I would love to do more videos on this. So if you're at all interested, just leave a comment below."
7429755262061350187,https://www.tiktok.com/@casinocompwallet/video/7429755262061350187,@Kalshi Exchange and Vegaspaulyceeeeeee together to tell you where to bet on the election. It’s legal and its fun 😄 #vegaspaulycshow ,2024-10-25T16:45:08.000Z,1652,612,106,106,61200,68,vegaspaulycshow,The Vegaspaulyc show,424700,False,US,#kalshi election,kalshi,description,YES,"Well, hello, hello, hello, it's VegasPolicy. Is it going to be Trump? Is it going to be Kamala? Someone just bet $1 million on Harris to win the election. Wow, you can make your wagers on the presidential election right here on CalShe.com, who is paying me to make you aware of their platform. If you follow me, send this to every player you know, because the better I do, the better we all do. You can wager on the popular vote, which may have a different outcome than the Electoral College. It's fast, it's easy, it's safe, it's regulated by the Commodities Futures Trading Commission. Your positions earn a 4% interest rate. That is incredible, really. What other company pays you interest on your wagers? It's a trading platform with everything. CalShe actually means everything. It's legal in all 50 states. It's just like Wall Street. But you can bet on the future on CalShe.com. There's $71 million in the pool, and right now Trump leads 61% to 39%. You can wager on who will win the great state of Nevada and most of the swing states. Michigan right now is extremely close. Will there be a Republican sweep? 45% say yes. It's CalShe.com. Vegas, Pauly C."
7569682813423717662,https://www.tiktok.com/@kholtbets/video/7569682813423717662,Light work 😮‍💨 #nycelection #zohranmamdani #kalshi ,2025-11-06T18:35:31.000Z,1126,83,79,11,49800,18,"nycelection, zohranmamdani, kalshi",kholtbets,12000,False,US,#kalshi election,kalshi,"description, hashtags",YES,"So Donald Trump, since I know you're watching, I have four words for you. Turn the volume up!"
7574147754407054647,https://www.tiktok.com/@ryanjpapi8/video/7574147754407054647,Excited to see what happens for prediction markets in the future! @Kalshi #fyp #billionaires #kalshi ,2025-11-18T19:22:36.000Z,16,1,3,3,469,80,"fyp, billionaires, kalshi",ryanjpapi8,31700,False,US,#kalshi election,"kalshi, polymarket, prediction_market","description, hashtags, transcript",YES,"Billionaires are piling into prediction markets because they believe it could be the next big thing. You got Henry Kravis, Charles Schwab, Brian Armstrong, all these guys are banking big on prediction markets like Cauchy. This platform basically turns any event in history into like a tradable asset where you can literally make money on it whenever you want. So instead of basically buying a company, you're buying like an idea and a question kind of like what will Trump say on this speech? Or who will win in this election? You're basically trading that online. And what's interesting is that prediction markets actually outperform polls by a lot. And that's because they're able to aggregate thousands of different beliefs into one number. And even Brian Armstrong, the guy who made Coinbase, literally spoke about how prediction markets can overthrow the New York Times in the very near future. And historically, only hedge funds or big corporations were able to actually bet on these world-like opinions. Now, with things like prediction markets, poly market, Cauchy, it makes it so easy for literally anybody to get a slice of that pie. And the craziest part is Charles Schwab himself literally walked into Cauchy's office and just like signed a contract, invested a bunch of money into them literally the first day he met them. And just in the past three months, Cauchy has surged over 62% in the whole global trading volume. Like this is insane."
7616624499579948318,https://www.tiktok.com/@musketeer.alpha/video/7616624499579948318,#greenscreen America really is a meme as prediction markets have the Dems almost even with the Republicans for control of the US Senate. Kalshi,2026-03-13T06:33:52.000Z,162,29,9,12,908,20,greenscreen,MonkeyMusketeer,4794,False,US,#kalshi election,"kalshi, prediction_market","description, transcript",YES,"This is a serious post. A hilariously serious post. That America is one big giant meme. The Democrats are finally catching up to the Republicans in the U.S. Senate race here, and these are the prediction market odds. Yep. One big giant penis. That's America. For real. This is the actual thing. You can go look it up."
7609798166057225494,https://www.tiktok.com/@predictionmarkets.stuff/video/7609798166057225494,Trump is betting on himself💀 @Polymarket #polymarket #market #prediction #trading ,2026-02-22T21:03:30.000Z,289,22,23,14,6460,17,"polymarket, market, prediction, trading",Polymarket Stuff,213,False,LV,#electionbetting,polymarket,"description, hashtags",YES,Will Trump say make America great again this week? I was saved by God to make America great again
7618957376023989518,https://www.tiktok.com/@cornel.downham/video/7618957376023989518,Meet the Front-Runners to Win the Democratic Nomination in 2028 — Betting Markets Speak #DemNominee #ElectionBetting #2028Election #PoliticalForecast #ElectionTrends #Polling #fyp #viral#BreakingNews #usa_tiktok #usa #America #TikTokScenesContest,2026-03-19T13:26:03.000Z,9,,1,4,552,73,"demnominee, electionbetting, 2028election, politicalforecast, electiontrends, polling, fyp, viral, breakingnews, usa_tiktok, usa, america, tiktokscenescontest",Cornel Downham,15200,False,US,#electionbetting,betting_market,description,YES,"favorites for who will become the 2028 Democratic presidential candidate. Coming in at number 8 we have ESPN legend Stephen A. Smith with a 5% chance of being the next Democratic candidate which he has recently said that he does have interest in doing so. Coming in at number 7 we have Wes Moore who is the Governor of Maryland and he's actually relatively popular. He won with 64% of the vote in the previous election and he has a 6% chance of being the next candidate. Coming in at number 6 we have Alexandria Ocasio-Cortez otherwise known as AOC. She also has a 6% chance of being the next candidate which is actually surprising I thought she'd be higher up on the list. She's actually recently made headlines campaigning with Bernie Sanders and they've been actually filling out some extremely large crowds so this is actually good value because I'm thinking that that percentage could actually go up in the near future. Coming in at number 5 we have Gretchen Whitmer who is the Governor of Michigan. Now she also has a 6% chance of being the next candidate. Now she only won her previous election with 54% of the vote but that is an improvement election she was in where she only won with 52% of the vote and Michigan is a battleground state so you're not going to get like a 65% plus unless you're extremely popular, but this one is kind of surprising, especially putting her ahead of AOC. Coming in at number 4 we have Kamala Harris also with a 6% chance to be the next nominee. She has"
7582701846779874582,https://www.tiktok.com/@tjr.style/video/7582701846779874582,Imagine losing 1672$ because of a word🥀 #tjr #tjrtrades #funny #polymarket #ViralityPolymarket,2025-12-11T20:35:55.000Z,11100,1280,1390,85,260600,39,"tjr, tjrtrades, funny, polymarket, ViralityPolymarket",TJR.style,27400,False,GB,#electionbetting,polymarket,"description, hashtags",YES,"Yo, this, you think he's gonna say good afternoon? Yo, should we take the under on this? You think, yo, yo, yo, yo, under, if we put 100 bucks on this, then we make 1,672 bucks, just by putting 100 bucks on that. Imagine he had a shit day, and he shows up, and he's like, fuck the good afternoon. I'm coppin' that, bro, the odds are too good. He's going to say, oh, there he is, there he is! Shh, shh, shh. ♪ É que quando vai jogar, não bate a ação ♪ ♪ Não bate não, não bate não, só para ter a nação. ♪ Good afternoon. Yeah! Let's go, let's go!"
7610185857756187918,https://www.tiktok.com/@quiverquant/video/7610185857756187918,SOMETHING’S COOKIN’! 🧑‍🍳 #quiverquant #geopolitics #military #investing #fyp,2026-02-23T22:08:27.000Z,3230,341,538,37,52000,36,"quiverquant, geopolitics, military, investing, fyp",Quiver Quantitative,1300000,False,US,#electionbetting,polymarket,transcript,YES,"We just caught an account on PolyMarket betting over $60,000 that the United States will strike Iran soon. They will win $108,000 if it happens by April, and in addition $131,000 if it happens by the end of the month. Now, when I saw this, I thought to myself, maybe someone just fat fingered their order amount. But that's when I noticed that the exact same account previously won $278,000 by betting on Israeli strikes on Iran earlier this year. Because of this, I decided to write code to track suspicious trades like this on PolyMarket. That way, you'll be able to get updated on suspicious trades before they turn into news. So stay tuned for updates and follow along for more."
7615381774427819277,https://www.tiktok.com/@itsreallycameron/video/7615381774427819277,Polymarket odds for midterms #polymarket #kalshi,2026-03-09T22:11:07.000Z,41,1,3,0,1197,26,"polymarket, kalshi",itsreallycameron,1861,False,US,#electionbetting,"kalshi, polymarket","description, hashtags, transcript",YES,"This is Benny Johnson saying this is getting too close. Republicans need to step up. This is the polymarket odds. Look at Republicans' odds drastically decreasing. My best tip of advice, if you want to make more money than the annual yield on the S&P 500, put all your money in Democrats winning the midterms in every seat and everything. They are in for a rude awakening. That is just the truth. These odds show it. Whether you like it or not, that's just the truth."
7619236767937629461,https://www.tiktok.com/@polystuff/video/7619236767937629461,He bet $2K on Trump saying this and won 💀 #polymarket #trump #prediction #fyp,2026-03-20T07:30:11.000Z,44,1,2,2,847,14,"polymarket, trump, prediction, fyp",Poly-Stuffer,606,False,PH,#electionbetting,polymarket,"description, hashtags",YES,Will Trump say Barack Hussein Obama this week?
7392368146977475883,https://www.tiktok.com/@bloombergopinion/video/7392368146977475883,The betting markets think a #Trump victory is almost undeniable at this point. Are they right? #Biden #politics #fintok ,2024-07-16T22:44:00.000Z,396,23,38,40,22000,196,"trump, biden, politics, fintok",Bloomberg Opinion,312800,True,US,#electionbetting,"betting_market, prediction_market","description, transcript",YES,"This chart has over a million views on social media, and I made it. This just compares all the Democratic candidates added together versus Donald Trump. The best estimate that the betting markets can come up with as to who is going to win the election. Basically what it says is that they think Donald Trump's chances of winning have shot up recently. He's plainly the favourite. They also, however, think they're still as high as a one in three chance that he doesn't get it. Betting markets are perhaps not quite as scurrilous or insalubrious or generally distasteful as they might sound. They're a fairly straightforward way to place bets in the same way that you'd place bets in a futures market on the price of oil, for example, on given political outcomes. It's not generally financial people who are doing it. It's more people who are taking a really great, geeky level of interest in politics. The market mechanism. People buy and sell. You're presented with 66% chance of Trump winning. Do I want to take the over? Do I want to take the under? Do I think that's about right? Obviously Trump's chances have just improved. You didn't need betting markets to tell you that. I think it's the discipline of a betting market that is quite useful because they are still nowhere near 100%. We still have four months to go. Lots of things could have happened. There is the risk that the Democrats change the election really radically by dropping Joe Biden. There's the fact if you look at the opinion polls, Trump is ahead. He's only ahead generally by two or three percentage points. He has never topped 48%. There is a very large body of people in the U.S. who will not vote for him in any circumstances. That doesn't mean he can't win. He's already won once. It does mean that it's never really a sure thing that he can win. People ask why bother looking at prediction markets because of course they can be wrong. The point is that they are as good an estimation of the probabilities that are embedded in real markets as we can find. If you want a good example of this, the prediction markets never thought that Brexit was going to win Britain's Brexit referendum in 2016. Britain really did vote to leave the EU. And indeed the reaction was about as dramatic as you could possibly imagine. The pound dropped 10% against the dollar in about an hour. Nothing like that has ever happened to a major currency before. I do think the prediction markets are as good a guide as any to trying to make those cold-blooded, dispassionate judgments about very moving, very emotive and upsetting events. I'm going to keep watching the odds. I don't know of a better way of assessing exactly what probabilities, what perceived risks are embedded out there. No, it's not perfect. Nothing is. It's the best we have and it is pretty good."
7431727518316629279,https://www.tiktok.com/@xiaoyang3416/video/7431727518316629279,"Did you know you can legally bet on the presidential election in all 50 states? 🗳️🇺🇸 @Kalshi Exchange makes it possible, and if I were betting, my money’s on Trump. His numbers are surging in the battlegrounds—who’s your pick?",2024-10-31T00:18:37.000Z,68,1,3,1,1091,27,,xiaoyang3416,22500,False,US,#electionbetting,kalshi,description,YES,"Alrighty guys, did you know you can actually bet on who's going to win the presidential election and it's 100% legal. Kalsha is the only American company right now where you can place a wager on the election in all 50 states. And if I were a betting woman, I'd be placing all of my money on President Donald Trump. He's pulling ahead in the battleground states and the momentum is only building. So if you're feeling confident about your pick, why not put a little bit of money on the line?"
7615592036753870111,https://www.tiktok.com/@polly_talks_polymarket/video/7615592036753870111,Who will win the 2028 presidential election? Polymarket seems to know. #polymarket #polymarketapp #election #2028election,2026-03-10T11:47:18.000Z,6,,1,0,327,21,"polymarket, polymarketapp, election, 2028election",Polly | Polymarket Info,1,False,US,#electionbetting,"polymarket, prediction_market","description, hashtags, transcript",YES,"People are already betting on the 2028 Republican nominee, and the market has a clear favorite. Right now, prediction markets give J.D. Vance about a 42% chance of winning the nomination. That's more than double the next candidate, Marco Rubio, at around 18%. And this market has already seen over $360 million in bets on the outcome. Do you trust them?"
7577603797598424375,https://www.tiktok.com/@benw1028_2.1/video/7577603797598424375,,2025-11-28T02:53:12.000Z,49100,6400,4955,5019,594700,337,,🇺🇸Benw1028_2.1🇺🇸,3294,False,US,#electionbetting,betting_odds,transcript,YES,"Hillary! Hillary! Hillary! Hillary! Hillary! Hillary! Was it all just a dream? This is my fight song. Take back my life song. Prove I'm alright song. It was the night before the election, 2016. Everything seemed to be going as planned. Amateurs and experts alike had already called the election months ago. There's not going to be a President Donald Trump. That's not going to happen. Donald Trump is not going to be President of the United States. Donald Trump will never be elected President of the United States. He's not going to be President. Is there a path to victory for Donald Trump at this point? No. Do you still think she has a 100% chance of winning the election? I do. I'm not sure the Republican Party is going to survive. I would like to introduce to you the next President of the United States, Hillary Clinton. Thank you all and thanks to Jay-Z and Beyonce. And thanks to Chance the Rapper and J. Cole and Big Sean. She had no idea who any of these rappers were. But it didn't matter. Hillary! Hillary! Hillary! Hillary! This is my fight song. The big day is finally here and it's time to vote. A giddy nation awoke that morning to the news in the New York Times that Trump had only a 15% chance of winning. You know, growing up as a little girl, I never thought I could be President. It's becoming very real. Congrats, Hillary, our first woman President. Hillary, all the way. All the way to the White House. I waited over an hour to vote. I'm so happy. In Rochester, New York, thousands put I Voted stickers on the grave of suffragist Susan B. Anthony. This is the most important election that I have ever voted in. I got to vote for a woman for President. We finally made it! Once the polls closed, before the votes were even counted, the champagne corks were popping at Hillary's victory party in New York City. This has a literal glass ceiling. A glass ceiling they're hoping to symbolically burst through tonight. Let's be one nation, indivisible, with a kick-ass President. Meanwhile, just 17 blocks away... It's a decidedly small venue. Perhaps the smallest one I've ever seen for an event like this. Things were looking bad for the other candidate. The crowd was glum. GOP officials now fear that if Donald Trump loses by a landslide, he could take down the congressional majorities with him. Fox News seemed relieved that they wouldn't have to support this man for the next four years. I think Hillary's going to win. The betting odds on the presidential race are 3 to 1 in favor of Secretary Clinton. Look at all these wins we're projecting for Hillary Clinton right now. She wins New Jersey with 14 electoral votes. Mrs. Clinton is also performing strongly on the East Coast. Massachusetts, Maryland... And Illinois with 20 electoral votes. Hillary Clinton projected the winner. No huge surprises thus far. Then, something strange began to happen. Big news for the first time tonight. Really big news in the presidential race. We can project that Donald Trump will win the state of Ohio. Donald Trump will carry the state of North Carolina. And that is huge for Donald Trump. This is exactly what he needed to do. Donald Trump will carry the state of Florida. State of Wisconsin. He will win Wisconsin. Trump doing very well in Pennsylvania right now. A cliffhanger going on here in Michigan. 56% of the vote is in. Look at how close it is. Right now, Donald Trump is ahead. It's completely flipped now. To make matters worse, Fox News was using my name. Michael Moore, who knows white working class voters, has made movies about them, grew up in Michigan, has been saying all along to the Democrats, dismiss him at your own peril. And he said, I'm warning you, I know the people who live in my state. And I know how they think, and I know what their concerns are. Everybody should head home. You should get some sleep. We're not going to have anything more to say tonight. This is a Fox News election alert. Donald Trump is the President of the United States. And he's the President of the United States."
6897055237455039750,https://www.tiktok.com/@mbabane_machine/video/6897055237455039750,and that’s how I lost my life savings #fyp #predictit #gambling #betting #fml #biden #trump #georgia @mrstonks69,2020-11-20T04:17:32.000Z,225,33,3,39,27500,20,"fyp, predictit, fml, biden, trump, georgia",user3819980842164,288,False,US,#electionbetting,predictit,"description, hashtags",YES,"What ever happens to the boy that I once knew? The boy who said it can be true Oh no, oh no, oh no, no, no, no, no Oh no, oh no"
7618151355026345246,https://www.tiktok.com/@lhx0002/video/7618151355026345246,#for#tik ,2026-03-17T09:19:34.000Z,2,,0,0,117,119,"for, tik",lhx0002,10500,False,US,#electionbetting,prediction_market,transcript,YES,"Something very interesting and potentially very big happened over the weekend that you might've missed, but I wanna flag it for you, and it's this. The political market, so basically places where you can gamble on political outcomes, the big ones are Polly Market and Cal-She. Both of them, over the weekend, for the first time in this 2026 election cycle, showed the odds at even or slightly better than even for Democrats to retake the Senate majority. So Polly Market, I checked this morning, has Democrats at a 51% Democratic chance after they've never been at 50 or above. Cal-She has it literally 50-50, but again, the trend is upward. More people betting on Democrats to win the Senate. So what does it mean and how much trust should we put in it and then is it borne out by the actual sort of races and numbers? Well, let's go through all of that. Before I do that, quick pitch. I want you to subscribe. Independent, authentic, and hear every day breaking down the big news that you need to care about in politics. All right, so let's go. Let's answer all these questions. First of all, these are not polls. I always like to emphasize that. This is not a poll that says Democrats are now more likely to win the Senate than they were a week ago. These are gambling and prediction markets. So they are swayed by lots of different factors, but the biggest one is people who are really into this stuff who gamble on politics. They see events happening out in the sort of wider world and they put their money quite literally where their mouth is. So what explains the broad move on Cal-She and Polly Market toward Democrats in the Senate? I think it's the sense that the political environment continues to erode for Republicans."
7528142775255158071,https://www.tiktok.com/@whatsnextpolitics/video/7528142775255158071,Will Trump fire Jerome Powell? Kalshi Market sits at a 22% chance #kalshi #trump #maga ,2025-07-17T19:59:01.000Z,49,1,3,4,854,57,"kalshi, trump, maga",What’s Next,74,False,US,kalshi trump,kalshi,"description, hashtags",YES,"is Donald Trump trying to fire Federal Reserve Chair Jerome Powell. According to Cali, the chances of Trump firing Powell rose to 22%, which is a 10% increase from just last week. Now, this is all coming as Trump has just held a meeting with House Republicans and asked them whether or not he should fire Powell. The Republicans resoundingly said yes, and Trump said he would follow through, according to a White House official. But since then, Donald Trump has said that he's not likely to fire Powell, even though he's reportedly drafted the letter to fire him already. Trump has claimed that he would only fire Powell if there was, quote-unquote, fraud. Now, here's the interesting thing. As we've seen from the DOJ efforts, this administration has a rather loose definition of what fraud is. Now, if Trump did follow through on his promise to the Republicans, he would be the first president to ever fire a Federal Reserve Chair, and this is something that Jerome Powell himself has called illegal. Now, of course, this is just heating up. We'll keep you posted."
7545727605375290642,https://www.tiktok.com/@onus.insights/video/7545727605375290642,Trump luôn là chủ đề nóng cho dân tình dự đoán và thậm chí là all in 😂 #trump #onus #donaldtrumpjr #polymarket #kalshi ,2025-09-03T05:16:58.000Z,131,5,4,3,3874,43,"trump, onus, donaldtrumpjr, polymarket, kalshi",Thị trường tài chính,3000000,False,VN,kalshi trump,"kalshi, polymarket","description, hashtags, transcript",YES,"Trump has been accused of having been in a relationship for more than 40 billion U.S. dollars. It's funny that the rumors are being spread on two platforms, the Polymarket and Cowsee, where his son, Donald Trump Jr., is a consultant. According to the number, there are more than 1.6 million U.S. dollars in Trump's rumors. Is it true or not? The topics surrounding the U.S. President Donald Trump are always very hot, even have their own side on the Polymarket. The recent rumors have also made the government doubtful and surprised. Even when answering the press, Trump did not forget to mention that former President Joe Biden also passed away and did not learn anything, but did not see as many rumors as he did. He just took a two-day vacation."
7610336245289389343,https://www.tiktok.com/@predictmoney/video/7610336245289389343,#sotu #kalshi #bet #locks #mcsneaky,2026-02-24T07:52:28.000Z,2,,0,1,202,72,"sotu, kalshi, bet, locks, mcsneaky",mcSneaky,1,False,US,kalshi trump,kalshi,"description, hashtags",YES,"All right, listen up. If you're betting this board, there are five absolute locks. And I mean locks. Number one, cartel. 78%. Border narrative? Security push? He says this almost every time. That's free. Number two, rare earth slash minerals. China tension. Domestic production. Economic strength messaging. 76%? That is a gift. Number three, Supreme Court? Major rulings this year? Constitution talk. He loves that framing. 74%. Smash. Number four, radical left. This is automatic. 73% is honestly low. He might say it twice. And number five, affordability. Inflation? Cost of living? Economic pain points. 71%? That's not a bet. That's insurance. If even four of these hit, you're printing. Don't overthink it. Take the law."
7584264642214595861,https://www.tiktok.com/@viralclipper_4/video/7584264642214595861,trump pardon diddy??? #kalshi #trump #shorts #barontrump #trending #hooks #growth,2025-12-16T01:40:31.000Z,1,,0,0,117,11,"kalshi, trump, shorts, barontrump, trending, hooks, growth",viralclipper_,5,False,PK,kalshi trump,kalshi,"description, hashtags",YES,doc makes him so radioactive he can't get a pardon because it looks so bad on the person that's in power yeah and he's only got one crazy pardon to go you know what i mean it's either diddy or galane yeah
7436380001341295918,https://www.tiktok.com/@user5301610488142/video/7436380001341295918,I asked Trump rally attendees who they would bet on in the elections. Use Kalshi to place your bet #kalshipartner ,2024-11-12T13:12:35.000Z,2,,0,0,752,92,kalshipartner,user5301610488142,8,False,US,kalshi trump,kalshi,"description, hashtags, transcript",YES,"What's your name? I'm Ava. Where are you from? I'm from Los Angeles. How long have you been in New York City? I've been here for like only a little bit over a month. How much money do you spend per month living in New York City including everything? $500 a month. And how do you spend it? A lot on like Ubers and just going out to dinner. But I would spend a lot on RoyalMatch but like it's free so I don't really spend a lot of money on it. So you spend it on Ubers, shopping and dinners but what is RoyalMatch? RoyalMatch is this like free app that you can download and it's just cool. What's your name? My name is Anna. Where are you from? I'm from Michigan but my family is from Romania. How long have you been in New York City? I started school four years ago in New York. And how do you like it? I love it. I think it's a great city and it's really fun. It keeps me entertained. How much money do you spend per month living in New York City including everything? That's a hard question but I feel like it's around, I want to say around $2,000 something per month. And how do you spend it? Mostly rent and food. And what's your occupation and what do you do? I am a student. And what do you study? On Kalshi.com Who would you bet on? Trump. Who would you bet on to win the elections? I would bet on Trump right now. And how would you bet on him? Like what would you use? Oh, Kalshi. 100%. Bet on Kalshi. Kalshi. Make it big. Bet on Trump. Use Kalshi. It's gonna be big. Do you know that Kalshi is the first legal platform that you can bet on in all 50 states? Gonna bet on Kalshi. Who would you bet on? Trump. 100%. 60% odds we're gonna be making the money. Who would you bet on? I would bet on Donald Trump and I would use Kalshi to bet on Donald Trump. Who are you betting on? Donald Trump."
7618733165053480223,https://www.tiktok.com/@graceatcandid/video/7618733165053480223,Check out markets on SAVE AMERICA on Candid! #trump #kalshi #polymarket #save #america,2026-03-18T22:56:05.000Z,2,1,0,0,296,,"trump, kalshi, polymarket, save, america",Grace | Prediction Markets 🔮,24,False,US,kalshi trump,"kalshi, polymarket","description, hashtags",YES,
7618732013910035743,https://www.tiktok.com/@graceatcandid/video/7618732013910035743,Check out DHS related markets on candid! Waitlist is open. #trump #kalshi #polymarket #dhs #candid ,2026-03-18T22:51:34.000Z,3,1,1,0,297,,"trump, kalshi, polymarket, dhs, candid",Grace | Prediction Markets 🔮,24,False,US,kalshi trump,"kalshi, polymarket","description, hashtags",YES,
7515647933023309098,https://www.tiktok.com/@samboninbets/video/7515647933023309098,#kalshi #bet ,2025-06-14T03:53:07.000Z,1,1,0,2,455,41,"kalshi, bet",samboninbets,17,False,US,kalshi trump,kalshi,"description, hashtags, transcript",YES,"This is not financial advice, but it is an absolute lock. All right, on Kalshi, we've got the Trump Gold Card. Now, it was just released on the All In podcast, which is the number one podcast in the world, that the Trump Gold Card's website is officially up. However, on Kalshi, it's only trading at 60%. So if you wanna lock in 40% of what I'm considering free money, well, I hope you saw this video first. Kalshi, the Trump, is how many gold cards will Trump sell before the end of 2025? All I'm putting is no one, zero. If this guy can get one card sold, I am locked in, baby."
7618273357015928094,https://www.tiktok.com/@graceatcandid/video/7618273357015928094,"Check out our fliers at at Doe, the eng buildings, and Haas and be one of the first 100 berkeley sign ups for founding user access!  #trump #kalshi #polymarket #berkeley #ucberkeley ",2026-03-17T17:11:43.000Z,11,1,1,0,384,,"trump, kalshi, polymarket, berkeley, ucberkeley",Grace | Prediction Markets 🔮,24,False,US,kalshi trump,"kalshi, polymarket","description, hashtags",YES,
7537766642709826871,https://www.tiktok.com/@whatsnextpolitics/video/7537766642709826871,What’s the post Trump plan for the Republicans? #kalshi #politics ,2025-08-12T18:25:18.000Z,42,,5,5,1780,50,"kalshi, politics",What’s Next,74,False,US,kalshi trump,"kalshi, prediction_market","description, hashtags, transcript",YES,"The Trump era can't last forever, or can it? Today we're going to look at the top candidates in the 2028 Republican presidential primary according to Calhoun's prediction market. At number six, we have Donald Trump Jr., President Trump's son with a four percent chance. At number five, we have Tulsi Gabbard, former Democrat and current United States Director of National Intelligence, with a four percent chance as well. At number four, we have Glenn Youngkin, the governor of Virginia, also with a four percent chance. At number three, we have the man himself, Donald Trump, who would need to get around the 22nd amendment, which according to the market, only gives him about a five percent chance of governing for a third term. At number two is Marco Rubio, former senator from Florida and Trump's current Secretary of State, with a nine percent chance. And at number one, with a massive lead, we have Trump's current Vice President, J.D. Vance, who has a 57 percent chance of being the nominee in 2028."
7579847888813968661,https://www.tiktok.com/@misinformedmedia/video/7579847888813968661,"Youngest self-made billionaire is  not self-made and has probably only been promised billions by the Trump Administration and its investors, who fund Kalshi. ",2025-12-04T04:01:09.000Z,45,1,6,3,736,55,,MisInformed Media | Zee Dollie,13900,False,AU,kalshi trump,kalshi,description,YES,"I think that all of their concerns were also, after the election, proved to not be true. We know now that the election was not manipulated by election markets. What a great headline, right? Youngest self-made billionaire, and she's a woman, and she's from Brazil, and she used to be a ballerina. There is no one who wants you to believe this story more than the people who manufactured it. This company, Koshi, is funded and staffed by the Trump administration. This company will become a propaganda tool for the Trump administration if it isn't already. That is why she has become a self-made billionaire. She isn't self-made. The company is funded by someone who has a private equity fund called KKR. Donald Trump's own son is the strategic advisor to this company."
7557854243810446623,https://www.tiktok.com/@locksylocks/video/7557854243810446623,making money on trump’s speech #kalshi ,2025-10-05T21:34:40.000Z,117,19,4,2,6953,9,kalshi,locksy🔒,1308,False,US,kalshi trump,kalshi,"description, hashtags",YES,"Donald Trump, despite the current Democrat-induced shutdown, YES! We're eating tonight, boys!"
7574563024674065678,https://www.tiktok.com/@cbssundaymorning/video/7574563024674065678,"Kalshi co-founders Tarek Mansour and Luana Lopes Lara say Donald Trump Jr. is one of many advisors helping them expand the prediction market industry, saying that his role centers on market and growth strategy. #kalshi #predictions  #donaldtrumpjr #market ",2025-11-19T22:13:40.000Z,54100,3499,3728,2549,784300,48,"kalshi, predictions, donaldtrumpjr, market",CBS Sunday Morning,831800,True,US,kalshi trump,"kalshi, prediction_market","description, hashtags, transcript",YES,"Why did you guys make Donald Trump Jr. a strategic advisor? We have a lot of advisors. And they span across the board, across different functions. But really, this is all about growing this industry, the prediction market industry, that a lot of people really believe in. What kind of advice does he give you? So it really is, again, about growing prediction markets. He believes in prediction markets. We believe in prediction markets. A lot of people believe in prediction markets. And it's really about go to market and expansion plans. Does he come to meetings? How much do you pay him? What's his role? I mean, this is the son of the president. We have a lot of advisors. And whether it's our investors, whether it's people that we trust and respect, whether people are- He's not just any advisor. He has a direct line to the White House. We have a lot of advisors."
7561242616650632462,https://www.tiktok.com/@ryan.10x/video/7561242616650632462,It’s unbelievable 👀 @Kalshi #blowthisup #donaldtrump #crypto #bitcoin #fypシ ,2025-10-15T00:43:19.000Z,79,5,12,1,1155,38,"blowthisup, donaldtrump, crypto, bitcoin, fypシ",ryan.10x,34100,False,US,kalshi trump,kalshi,"description, transcript",YES,"Omar Gaykeeping, I'm going to show you exactly how to make money based off what Trump will say. We all know that Donald Trump loves to say whatever comes to his mind. And whether you love him or you hate him, you and I both know that we'd want to profit off of what he has to say. It's on this new app called Kalshi where you can basically bet on what anybody has to say and whatever opinion you have, whether that be on sports, celebrities, or even the president. I mean, they even have one for how high Bitcoin will get, or even how long the government shutdown will last. It's super simple, and whether you're into gambling or not, this app is just really fun to use. If you want to get started on this app, there's a link in my bio. You can go check it out right there and get a free $10. Have a great day, y'all."
7584264403894160660,https://www.tiktok.com/@viralclipper_4/video/7584264403894160660,trump pardon his son?? #kalshi #trump #shorts #barontrump #trending #hooks #growth,2025-12-16T01:39:35.000Z,5,,0,0,125,15,"kalshi, trump, shorts, barontrump, trending, hooks, growth",viralclipper_,5,False,PK,kalshi trump,kalshi,"description, hashtags",YES,"Barron? What did Barron do? Nah, I need the comb, so I'll ask. 19% but it's going down since the documentary. Oof. Wow. So that's another thing, like, if the doc makes him so radioactive, he can't get a pardon because it looks so bad on the person that's in power. Yeah."
7606725301170654481,https://www.tiktok.com/@marcandreessen/video/7606725301170654481,"Kalshi Prediction market confirms White House official says ""trillions of dollars"" are waiting to enter crypto market #XRP #usa🇺🇸 #cryptonews #xrpcommunity #DonaldTrump ",2026-02-14T14:19:20.000Z,1,,0,0,66,,"xrp, usa🇺🇸, cryptonews, xrpcommunity, donaldtrump",Marc Andreessen 🇺🇸🔵,2341,False,NG,kalshi trump,"kalshi, prediction_market",description,YES,♪♪ ♪♪ ♪♪ ♪♪ ♪♪ ♪♪ ♪♪ ♪♪ ♪♪ ♪♪ ♪♪ ♪♪ ♪♪ ♪♪ ♪♪ ♪♪ ♪♪ ♪♪ ♪♪ ♪♪ ♪♪ ♪♪ ♪♪ ♪♪
7430205464694115615,https://www.tiktok.com/@reformthemedia/video/7430205464694115615,#trump2024🇺🇸 #trump #biden #politicstiktok #politics #fyp #usa #kamala #mcdonalds #polymarket ,2024-10-26T21:52:20.000Z,85400,1024,4576,3061,2600000,,"trump2024🇺🇸, trump, biden, politicstiktok, politics, fyp, usa, kamala, mcdonalds, polymarket",reformthemedia,4617,False,US,prediction market election,polymarket,"description, hashtags",YES,So just remember that never stop fighting for what you believe in and for the people who care about you Carry yourself with dignity and pride Demand the best from yourself and be totally unafraid to challenge entrenched interest and failed power Structures does that sound familiar? The more people Tell you it's not possible That it can't be done the more you should be absolutely determined to prove them wrong treat the word impossible as nothing more than motivation relish the opportunity to be an outsider Embrace that label being an outsider is fine embrace the label Because it's the outsiders who change the world and who make a real and lasting difference
7566666480801041678,https://www.tiktok.com/@vito.commerci/video/7566666480801041678,My game plan for FOMC #velocitytrading #fyp #daytrading ,2025-10-29T15:31:17.000Z,320,11,82,34,9493,44,"velocitytrading, fyp, daytrading",Vito,12100,False,US,#polymarket election,polymarket,transcript,YES,"This is how I'm going to make 100K off FOMC news today. No, I'm not full porting it, but with how big of a move this could be, I actually couldn't make $100,000 off this. Let's go over how I'm going to do it and exactly why I'm going to do it. So first, what's my prediction? My prediction is that we're going to go down, actually. As we can see on PolyMarket, there is a 99% chance of a 25 decrease. Before you say I'm copying TGR, I've been doing this for years. You can check back in my videos, I bet on the PolyMarket method. But back to common sense, if the majority of retail traders are betting on this thing going up, how are the banks, the hedge funds, and the market manipulators going to make money? By screwing all of them over and sending it down. And this is exactly what happened last time, and there was a lot of money to be made on this. I'm just completely betting on this thing going down. I wouldn't be surprised if we go up first and then go down, but if it goes down, I'm going to make a ton of money."
7613682471539903775,https://www.tiktok.com/@colepredicts/video/7613682471539903775,This is straight Polymarket game… #predictionmarkets #polymarket #kalshi ,2026-03-05T08:17:15.000Z,13400,1161,6572,712,250000,51,"predictionmarkets, polymarket, kalshi",colepredicts,883,False,US,#polymarket election,"kalshi, polymarket","description, hashtags, transcript",YES,"Here's how you can make a few thousand dollars on Polymarket within the next week. Now this might be one of the easiest ways to make money in 2026 when talking online. Now you do need to know it now before it becomes mainstream, because a lot of people do not know that Polymarket is fully on the blockchain. Yeah, so it's all public information what trades are being placed. Even the insider stuff. Take a look at this. This guy right here placed 1.8 million dollars on the US to strike Iran by February 28th, and he made $476,000 on it. And obviously, he knew what was going to happen. This dude has literally made millions of dollars on Polymarket. So if we were to just copy his trades, we would be making a ton of money as well. I personally follow this bot that shows me eight of the top traders slash predictors on Polymarket and exactly what trades they're placing right when they place them. This is absolutely the meta in 2026, and if you comment down below, I'll plug you in with the bot."
7429544587389111594,https://www.tiktok.com/@worldupdatez/video/7429544587389111594,Go to Polymarket for more! #election #election2024 #currentevents #polymarket #predictions ,2024-10-25T03:07:33.000Z,5,,2,1,1104,14,"election, election2024, currentevents, polymarket, predictions",World Updates 🌎,275,False,US,#polymarket election,polymarket,"description, hashtags, transcript",YES,This new app called PolyMarket can help you predict the outcome of the election. How it works is that there's a bunch of different categories for the election that people can vote on and cast their predictions. It also shows real-time polls and comments from people that fluctuate with the news. Make sure you check it out at PolyMarket on the App Store.
7423373694421962027,https://www.tiktok.com/@user864285349/video/7423373694421962027,polymarket election 2024,2024-10-08T12:01:27.000Z,2,,0,0,240,32,,user864285,913,False,US,#polymarket election,polymarket,description,YES,♪♪♪ ♪♪♪ ♪♪♪ ♪♪♪
7433293209247239466,https://www.tiktok.com/@trending_with_ty/video/7433293209247239466,T-minus 1 day and 30 minutes! #vote #election #polymarket ,2024-11-04T05:34:11.000Z,678,9,48,64,92400,12,"vote, election, polymarket",trending_with_ty,2727,False,US,#polymarket election,polymarket,"description, hashtags",YES,"Guys, as you can see here, we are an hour and 30 minutes away from the election. According to Polly Market, Trump is going to sweep Kamala Harris off the stage. But, I don't know. I guess we'll find out on Tuesday."
7427935120172027166,https://www.tiktok.com/@theprogressiveparamedic/video/7427935120172027166,I continue to lol at polymarket,2024-10-20T19:02:11.000Z,177,5,8,14,5069,135,,Dan,30900,False,US,#polymarket election,"betting_market, polymarket","description, transcript",YES,"This is a fun one. For the first time since Kamala Harris entered the race, every battleground state is shaded red in Polly Market. Wow. That's 312 electoral votes for Donald J. Trump. That would be fun in imagination land. So this is right now. Let's go on a little adventure. Let's explore Polly Market. And can I just share something about it? You start looking up Polly Market and you find some stuff. Yeah, it's not, this is not legal in the US. So in theory, in theory, their argument is that markets are the best way of telling, you know, making a prediction, but the people who are most involved in this aren't supposed to be betting on this. Isn't that weird? So like overseas people are betting on this or maybe people are using VPNs and things. Gee, I wonder. But yeah, this is the crypto world of just unregulated chaos. And yeah, you know, they keep saying it that the Polly Market is like showing odds. No, it's not. It's a betting market. I continue to say that. But yeah, look at this. Bunch of whales really controlling the market because there's not a lot of volume on it. So just like most crypto markets, like there are pump and dumps and there's manipulation and there's, you know, money laundering and washing and all sorts of shenanigans because it is a shady world. And yeah, they keep pushing new ones. So I don't know, man. But yeah, so again, this is a sketchy world that has nothing to do with polling or reality or anything. And he keeps doing this, this guy. So like for Fonzie, this is crazy. This is crazy right now. On this site, you would bet $100 to win 227. You would only need to win a 44% chance. Are you serious? Harris is a way, way better chance than 44%. So what I'm saying is smoke him if you got him, you know? This is one guy. This is one guy how much money they have in this, like on T-Rump. Polly market, God."
7619806861793021198,https://www.tiktok.com/@wonderwoman_rightfighter/video/7619806861793021198,"#polymarket#donjr In this compelling video, we dive into the monumental implications of Donald Trump Jr. joining Polymarket's advisory board. This isn't just another crypto news story it's a pivotal moment that blurs the lines between politics, finance, and public perception. Polymarket, a platform allowing users to wager on real-world events, has now become a major player in shaping narratives within the political landscape. We explore how prediction markets function, their accuracy compared to traditional polling, and how Trump Jr.'s involvement could amplify their influence. Join us as we unpack the thrilling and unsettling world of prediction markets, where truth, money, and power collide!  Don't forget to like and share this video! ",2026-03-21T20:22:47.000Z,14,,2,1,179,394,"polymarket, donjr",Wonder_Woman_Right_FIGHTER,28700,False,US,#polymarket election,"polymarket, prediction_market","description, hashtags, transcript",YES,"The announcement that Donald Trump Jr. was joining PolyMarket's advisory board wasn't just another crypto headline, it was a thunderclap that echoed across both political and financial landscapes. PolyMarket, a platform built to let people bet on the outcomes of real-world events, had already been controversial. But by pulling one of America's most recognizable political figures into its orbit, it instantly elevated itself from niche crypto curiosity to a national talking point. Prediction markets are about more than numbers. They shape narratives. And in politics, narratives shape power. Trump Jr.'s involvement signals that prediction markets are no longer confined to speculative circles. They are inching into mainstream influence. At its core, PolyMarket allows users to wager on questions that hover over our daily lives. Will inflation fall? Will a political party sweep the next election? Will a major celebrity headline an unexpected scandal? Unlike polls that rely on opinion, prediction markets rely on incentives. If you're wrong, you lose. If you're right, you win. This dynamic creates what many call the price of truth. Over time, PolyMarket has proven remarkably accurate at predicting outcomes, in some cases, outperforming traditional polling methods. It isn't simply entertainment, it is a pulse on global sentiment, an unfiltered mirror of what people believe will happen next. The decision for Trump Jr. to join PolyMarket's advisory board was both strategic and symbolic. As the eldest son of former President Donald Trump, his name carries immediate weight in political circles, commanding both loyal support and fiery criticism. By associating with PolyMarket, Trump Jr. provides the platform with a megaphone it never had before, pushing it beyond crypto insiders and, honestly, into broader political debates. His presence signals an intent to tie prediction markets not just to finance or technology, but to the machinery of influence in America. For PolyMarket, this is a gamble that visibility, despite controversy, could be its most valuable currency. Within Trump Jr.'s involvement lies another layer of influence, 1789 Capital, an investment firm co-founded by Omid Malik, where Trump Jr. serves as a partner. The firm has increased its stake in PolyMarket, intertwining political advisory power with financial backing. This isn't just a celebrity endorsement, it's a financial power play. When money and politics converge in crypto, the message is clear. This is not a passing experiment but a calculated move to position PolyMarket as a force within the evolving ecosystem of digital finance. Capital investment ensures the platform has the resources to expand, but political association ensures it has the clout to capture attention. You know, we live in an era where the concept of truth is constantly under fire. News cycles spin rapidly, narratives clash, and facts are often distorted. It's quite the challenge to navigate, isn't it? PolyMarket steps into this chaos with a bold proposition. Let money decide. If enough people are willing to stake their funds on an outcome, the odds become a reflection of belief weighted by consequence. It's a fascinating approach, don't you think? Unlike social media chatter where opinions are cheap, prediction markets force participants to put their money where their mouth is. It's a whole different ballgame, really. So this creates a kind of landscape where probability becomes a proxy for truth, a marketplace where, honestly, belief itself is quantified. It's an idea that's as thrilling as it is unsettling. You know, replacing polling with price signals in a world that's already pretty skeptical of facts. Prediction markets don't just reflect politics, they actually have the potential to shape it. When voters see that a candidate is favored with overwhelming odds, it can really influence how they perceive the strength of that candidate's campaign. Donors may be swayed to contribute to those seen as more likely to win. Media outlets may cover races differently based on the probabilities generated by markets like Polly Market. With Trump Jr. now tied to the platform, the perception of prediction markets as neutral observers is further complicated. They may not only predict the future, they may help create it by amplifying certain narratives over others. Polly Market's appeal extends far beyond the corridors of power. While political bets capture headlines, users can also wager on cultural events, sports outcomes and entertainment milestones. This diversity is what makes it addictive, the ability to speculate on everything from the World Cup to Hollywood awards ceremonies. For many, it gamifies current events, turning news into a participatory experience where being informed can be profitable. This expansion into sports and culture broadens Polly Market's audience, ensuring it isn't pigeonholed as just a political tool, but as a cultural phenomenon that touches multiple aspects of daily life. Polly Market's journey hasn't been without turbulence. U.S. regulators previously fined the platform and forced it to wind down certain markets, casting doubt on its future. But Polly Market has since clawed its way back, restructuring operations and repositioning itself to survive within regulatory boundaries. Its comeback is not just a story of resilience, it's a blueprint for how disruptive technologies adapt under scrutiny."
7610958954394340622,https://www.tiktok.com/@polytradingmedia/video/7610958954394340622,best trader does it again 😭🙏 #polymarket #money #trading #funny #viral ,2026-02-26T00:08:19.000Z,75,7,7,1,2940,14,"polymarket, money, trading, funny, viral",polytradingmedia,173,False,US,#polymarket election,polymarket,"description, hashtags",YES,"will trump say fuck, or fucking, or fucked in january?"
7593095452715650335,https://www.tiktok.com/@equalmenteporfavor/video/7593095452715650335,"The Polymarket odds showed a 98% certainty. The clock ticked to 64 minutes and 55 seconds. Then, Karoline Leavitt ended it. In the next 30 seconds, “NO” bettors watched their stakes grow 50 times over. #newsupdate #politicalnews #trumpadministration #democraticnews #breakingnews #republicans #chasebellnews #trumpadmin ",2026-01-08T20:48:31.000Z,35,20,8,2,3279,13,"newsupdate, politicalnews, trumpadministration, democraticnews, breakingnews, republicans, chasebellnews, trumpadmin",equalmenteporfavor,1248,False,US,#polymarket election,polymarket,description,YES,On November in November of last year and so I would encourage everyone to take a look at that website It's quite well done and thank you all very much. It's great to be back with you
7617900543746313502,https://www.tiktok.com/@nicky.moneyballs/video/7617900543746313502,#kalshi #polymarket #vegas #sportsbetting #daytrading,2026-03-16T17:04:59.000Z,7,,2,2,461,40,"kalshi, polymarket, vegas, daytrading",Nicky Moneyballs,7,False,US,#polymarket election,"kalshi, polymarket","description, hashtags",YES,"Okay, Donald Trump out, 14% chance before the midterms are even seeded. Is that free money? I mean, is it kind of just like he's never going to get impeached or resign? Basically no, that doesn't count. 14% chance. That seems high, actually, right? It seems like it's more like five. But no one knows. So what are you going to do, like back test this? Like, well, you didn't know, no, you can't back test this. You can't. Maybe."
7612416801988824334,https://www.tiktok.com/@unitingnow/video/7612416801988824334,📢 +$515K Minutes before a military strike became public. Coincidence? Or something that deserves investigation? #News #Iran #Accountability #Polymarket #greenscreen ,2026-03-01T22:25:21.000Z,13500,2341,1547,391,121300,87,"news, iran, accountability, polymarket, greenscreen",Devin,112700,False,US,#polymarket election,"polymarket, prediction_market","description, hashtags, transcript",YES,"A Polly Market account called Maga My Man turned $87,000 into over half a million dollars overnight by betting the United States would strike Iran about an hour before the news publicly broke. Here's their profile. As you can see under profit and loss on the right there, over $500,000 gained in just one day with their biggest win being nearly $200,000. And here are the bets they made. Notice how all of them involve Israel and the United States striking Iran by certain dates. Here's where it stops looking like a coincidence. This account placed their first trade about 71 minutes before the news broke publicly and when this person bought in, the market had this at about a 17% probability. It's important to remember that Donald Trump Jr. sits on Polly Market's advisory board and his firm invested multi-millions of dollars into the platform last year. And coincidentally, the DOJ and CFTC both had active investigations into Polly Market that were dropped after Trump took office. Of course, prediction markets are not allowed to be used as a vehicle for profiting off of advanced knowledge of military action that is extremely corrupt and illegal. And it's not the first time this has happened in 2026 either. A random account opened up days before Maduro was captured and placed major bets saying that he would be captured. They placed their final bet about five hours before the U.S. military operation began and they profited more than $400,000, a 12-fold return."
7614572255015701791,https://www.tiktok.com/@holymarkett/video/7614572255015701791,more like yahu would win...  #usaelections #polymarket #viralitypoly #iranwar,2026-03-07T17:49:42.000Z,1837,51,233,33,108900,10,"usaelections, polymarket, viralitypoly, iranwar",holymarket,487,False,US,#polymarket election,polymarket,"description, hashtags",YES,What is this website? Trump out as president for 2027 at an 18% chance? What would happen if I put 12 bands? I can make 12 bands? What the f-
7616546018431192351,https://www.tiktok.com/@ritzamster/video/7616546018431192351,"Cheap contracts are always an easy trap to loose money. We are here to strategically place bets, not gamble. #kalshi #polymarket #predictionmarkets ",2026-03-13T01:28:49.000Z,96,1,22,1,3711,69,"kalshi, polymarket, predictionmarkets",Ritz | Prediction Analytics,804,False,US,#polymarket election,"kalshi, polymarket, prediction_market","description, hashtags, transcript",YES,"People buying prediction market contracts under 10 cents lose 90% of their money in the long run due to a simple bias called long shot bias. It's basically when your brain overvalues low probability events because it feels like it's worth it. It's almost like winning the lottery. Let me go over an example on OddPool's website for the 2026 California governor election. This kind of just aggregates the odds against Cauchy and PolyMarket, so you can see there's any sort of alpha to trade on. So if we go here and we go down and sort the current odds, we can see that Eric's the heavy favorite. We see a lot of people sitting at 1% odds and one of them is Kamala Harris. And it's funny enough that Kamala Harris is on here because she has no campaign, has no filing, nothing at all says she's running for California election, governor election. Yet she's sitting at 1% odds. In fact, Cauchy is 1% odds, PolyMarket is 0.2%. So you might be like, okay, there's a 0.8% deviation. There's some sort of alpha to trade on. But I would say the opposite. Just because there's an alpha doesn't look very likely for there to be a catalyst for her to win. So before you buy anything under 10 cents, I always ask one question. Is there a catalyst, some sort of announcement, filing debate for anything to change these odds significantly? And I don't think so."
7577834239530454302,https://www.tiktok.com/@cbsmornings/video/7577834239530454302,"The popularity of online prediction markets like Polymarket is growing. In his first network TV interview this Sunday, the company's 27-year-old founder and CEO, Shayne Coplan, spoke with Anderson Cooper for 60 Minutes. ",2025-11-28T17:48:27.000Z,3173,62,178,38,152100,103,,CBS Mornings,3800000,True,US,#polymarket election,"polymarket, prediction_market","description, transcript",YES,The popularity of online prediction markets like Polly Market is growing. In his first network TV interview the company's 27 year old founder and CEO Shane Kaplan spoke with 60 Minutes Anderson Cooper. Kaplan says Polly Market's data can be used to forecast the future in the run up to the 2024 presidential election. While pundits opined and pollsters canvassed Polly Market posted a simple question for users to put money on who will be the presidential election winner in 2024. Donald Trump started pulling away in early October. I think one thing that's important understand about Polly Market is it is not a poll. That's not the function of Polly Market. Correct. Polly Market is trying to predict the outcome. The percentage of people who are going to vote for a candidate is not the same as who's likely to win. And you would look at Polly Market and would say 70 30 for Trump. And people are like no way it's gonna be 70 30. But he could win by one point. But he's 70 percent likely to win which is a different question. The pollsters are exactly. But it's the question people actually want to know. By the way we brought all Polly Market posted another question months before President Biden's disastrous debate. Biden drops out of presidential race. Early on the odds hovered between 10 and 30 percent. The market was pricing it that it was unlikely but that it was possible. And ultimately during the debate the price started skyrocketing. You could watch it during the debate. Exactly. And everyone was talking about it because by that point odds were exactly market. He's going to drop out. Yes. You can see Anderson Cooper's full interview with Polly Market CEO Shane Coplin on 60 Minutes Sunday night after NFL football right here on CBS and streaming on Paramount Plus.
7616490632604847391,https://www.tiktok.com/@cresspocrypt0/video/7616490632604847391,"🚨 Polymarket was banned in the Netherlands after similar actions in Portugal and Hungary. ‼️ Regulators argue that betting on elections, laws, and court rulings creates social and insider risks beyond normal gambling. 🃏 If money can influence outcomes people control… are prediction markets innovation, or a systemic vulnerability? #crypto #bitcoin #stocks #wealth #fyp",2026-03-12T21:53:54.000Z,0,,0,0,61,150,"crypto, bitcoin, stocks, wealth, fyp",Jose Crespo,8766,False,US,#polymarket election,"polymarket, prediction_market","description, transcript",YES,"Polymarket just got banned in the Netherlands. Before that, it was banned in Portugal and Hungary. And regulators in these countries are calling it what they believe it really is, which is illegal gambling. Now, whether you agree with that or not, we need to look at why this is happening. The Dutch Gambling Authority ordered Polymarket to immediately stop operating, threatening fines of €420,000 per week if it doesn't comply, and their reasoning was very clear. Users are staking money on uncertain real-world outcomes such as elections, political legislation, and even court ruling. The prediction markets themselves are trying to defend themselves in court by calling them event contracts, but the regulators are arguing that even if you call them that, the economic behavior looks like betting. And in many countries, betting on political events is simply illegal. Prediction markets have processed over $13 billion in monthly volume and tens of millions of transactions. Just for the Super Bowl alone, prediction markets hit a record $1.63 billion. That means serious money is involved, but now combine that with insider knowledge. We already see politicians in the United States accused of trading stocks with privileged information. We've seen crypto markets move around coordinated political announcements by presidential administrations. So what happens when an insider can bet on an election, what they will say during a speech, or even legislation that they directly influence? This creates a powerful incentive structure, and the danger isn't just financial. If a law, a court ruling, or an election outcome can be financially gamed by insiders, the consequences affect society, not just portfolios, and that is why some regulators in some countries are stepping in. They are prioritizing what they call systemic integrity over innovation. Now here is my honest view. I understand why countries are banning these platforms, but I do not believe that the United States will do the same. Not because the system is pure or they want free market capitalization or whatever, but because prediction markets align with the culture of financialization and constant stimulation. History has shown that crumbling societies often lean into distraction, and this whole situation reminds me of this quote, give them bread and circuses and they will never revolve. This Roman phrase described how leaders kept citizens occupied with food and entertainment during the decline of the Roman Empire. And now, in the United States and many other countries around the world, we are living in a time of rising costs of living, home unaffordability, and constant digital gambling. Does this not sound like bread and circuses? And that is exactly why I am still bullish on prediction markets, especially within the United States, because I simply do not believe that our governments and regulators give a damn about us and only want to keep us distracted. But what do you think?"
7389405850219171103,https://www.tiktok.com/@polymarket/video/7389405850219171103,"A trader named ""AnonBidenBull"" bet $2m on Biden to win the election on Polymarket. He's already down almost $1,000,000 since the debate 🤯🫠",2024-07-08T23:09:01.000Z,79,3,10,2,8048,9,,Polymarket,31400,True,US,#polymarket election,polymarket,description,YES,"If you can't give us, can't give us some financial support, okay, okay, please give us a credit and we will give you back money."
7585664562876173582,https://www.tiktok.com/@itsreallycameron/video/7585664562876173582,Prediction markets better than day trading #daytrader #polymarket #daytrading,2025-12-19T20:13:12.000Z,4375,378,1345,99,121100,81,"daytrader, polymarket, daytrading",itsreallycameron,1861,False,US,#polymarket election,"polymarket, prediction_market","description, hashtags, transcript",YES,"I'm a full-time poly market trader and a lot of people don't understand how you can make a full-time living on poly market But let me explain so poly market It's just prediction markets and a lot of people think prediction markets is gambling, but it's not gambling It's predicting based on news based on information and having an edge Let me give you a good example on a market that I am in right now. Here's one market I'm in will trump release epstein files by december 19th I have yes shares for december 19th And if you look at the rules the market will resolve to yes if the trump admin Publicly releases any files to the illegal activities of jeffrey epstein, which weren't previously public by the listed date Okay. Well, are they going to release it? Well, look every news article is saying that trump's doj won't release the full epstein files on friday as required by Legislation, but they will release a partial batch And so according to the rules if any files get released today that were classified and some other parameters whatever Then the market will resolve to yes And they're there are going to be files released today. Just not all of them, but easy easy 10 gain That's how easy it is. It's prediction markets You're just you're just placing trades based on the news and the information that you have and the information that we have currently is that They are going to release some epstein files today And then you just repeat that process with a bunch of different markets and you make a lot of money Join my discord if you want to learn more about poly market"
7430591253504478506,https://www.tiktok.com/@upcloseinsights_/video/7430591253504478506,Have you ever checked out poly market? #polymarket #2024election ,2024-10-27T22:49:11.000Z,1,,0,3,487,12,"polymarket, 2024election",upcloseinsights_,25,False,US,#polymarket election,polymarket,"description, hashtags",YES,"Polly market is a fun place to look at for election guesses. Right now on the will Trump win every swing state vote, people are saying that there's a 34% chance of that. So interesting. What do you guys think?"
7617553805470600479,https://www.tiktok.com/@jamesferrari007/video/7617553805470600479,It’s not even a conspiracy “   #polymarket #donjr #insidertrading #doj #corruption ,2026-03-15T18:39:38.000Z,4078,636,476,393,38200,37,"polymarket, donjr, insidertrading, doj, corruption",James Ferrari435,1091,False,US,#polymarket election,polymarket,"description, hashtags, transcript",YES,"Do you think it's a coincidence that Don Jr. is on the board of PolyMarket, the betting entity, before it was public knowledge that we were at war with Iran, somebody made $500 grand on PolyMarket. Don Jr. is on the board of multiple publicly traded companies. That's just publicly traded companies, drone defense companies. 71 minutes before the news broke publicly about the United States being at war with Iran, a PolyMarket account named MAGA My Man made a single day bet. A $70-ish thousand dollar bet turned into $550,000. Where are the investigators here? The DOJ had investigations into PolyMarket that were dropped once Trump took office."
7429087063523216682,https://www.tiktok.com/@worldupdatez/video/7429087063523216682,Try it out at Polymarket! #election #currentevents #polymarket ,2024-10-23T21:32:06.000Z,26,,1,0,990,19,"election, currentevents, polymarket",World Updates 🌎,275,False,US,#polymarket election,polymarket,"description, hashtags",YES,"There's this new app in the App Store called Polly Market, and it is absolutely insane. Basically, what it does is that it's an app where people can go to vote on real-time events, like sports or politics, and then you can predict what you think the outcome is gonna be. You can also track the popular vote, and you can even scroll down to see all the comments from other real people. Make sure to go check it out at Polly Market on the App Store."
7434026296721542431,https://www.tiktok.com/@worldupdatez/video/7434026296721542431,Guess the elections over #election #election2024 #polymarket #predictions ,2024-11-06T04:59:08.000Z,78,6,3,8,11600,15,"election, election2024, polymarket, predictions",World Updates 🌎,275,False,US,#polymarket election,polymarket,"description, hashtags, transcript",YES,"I think we can just call the election at this point because on polymarket it already shows that Trump's gonna win. You can see on the map the swing states which are a little bit lighter colored, but even if Kamala wins some of them, I don't think it's gonna matter. Although she's probably gonna win the popular vote, it doesn't really matter when it comes to the electoral college. So yeah, I guess Trump is gonna be the new president."
7610870305287851295,https://www.tiktok.com/@mattdagoat05/video/7610870305287851295,Wait… is this not free money?😭💰#fyp #polymarket ,2026-02-25T18:24:25.000Z,20,,0,7,881,14,"fyp, polymarket",mattdagoat,44,False,US,#polymarket election,polymarket,"description, hashtags",YES,"Correct me if I'm wrong, but will Elon Musk be the richest person on March 31st? At a 97% chance. What's stopping me from just putting 5 million dollars on? No. And winning 139 million? And I just keep doing that till I'm the richest person?"
7428756153888230699,https://www.tiktok.com/@worldupdatez/video/7428756153888230699,Try it out at Polymarket! #election #currentevents #polymarket ,2024-10-23T00:08:02.000Z,31,1,3,0,4626,16,"election, currentevents, polymarket",World Updates 🌎,275,False,US,#polymarket election,polymarket,"description, hashtags",YES,I can't believe I'm just finding out about the number one app on the App Store called Polly Market. What this app does is that it shows you real-time updates on things like sports or politics and it gives you feedback on what real people think about what's going to happen. And then you can decide on if you agree or disagree about what the outcome will be. Make sure to check it out at Polly Market for more.
7434554318482607403,https://www.tiktok.com/@cnbc/video/7434554318482607403,"""On Polymarket it looked like a done deal, and if you were just watching TV, you would think it's neck and neck,"" says Polymarket CEO Shayne Caplan on the platform's early call for Trump on Election Day. For more on what Coplan had to say, check out the link in bio.#linkinbio#cnbc",2024-11-07T15:07:56.000Z,3518,317,302,151,99000,40,cnbc,cnbc,1200000,True,US,#polymarket election,polymarket,description,YES,"The thing that is undeniable was the night of the election, Polly Market was the first destination to basically convey that Trump had won. And it was a good two, three hours ahead of media, so much so that people who were watching Legacy Media, you know, hours later were like, oh, wow, you know, Polly Market has Kamala so low. We were in the office and we were looking at the odds, you know, on Polly Market and it looked like a done deal. And if you were just watching TV, you would think it's neck and neck. And I think this is a complete shift in the Overton window. This is a, it is an inflection point in news, in politics where Polly Market is."
7618660406613052685,https://www.tiktok.com/@markus.markets/video/7618660406613052685,Here’s exactly what I do to get access to insider information to make guaranteed trades on polymarket #insidertrades #polymarket #kalshi #polymarketstrategy #polymarkettrading ,2026-03-18T18:13:53.000Z,43,2,21,3,990,106,"insidertrades, polymarket, kalshi, polymarketstrategy, polymarkettrading",Markus.markets,6225,False,US,#polymarket election,"kalshi, polymarket, prediction_market","description, hashtags, transcript",YES,"This is exactly what I've done to make over $60,000 in the past month on polymarket. Gonna give you literally everything right here in this video. So as long as you don't just save this video and think that you're somehow gonna come back to it later, you're literally gonna have 95% of what you need to start cooking on prediction markets. I'm just a normal guy. I'm not that smart. And like a lot of normal, not very smart guys, I used to spend a lot of time on Instagram reels, getting pissed off at the secret people who control our society. All these people who were going to islands, all these people that were in Trump's inner circle and had an unfair advantage of making money in this world, made a lot of excuses. And I thought the entire system was rigged against me, and the system is still rigged against us. But I just found out a way to make money using the exact same insider information that all of these politicians and secret members of our society are using. So many people that were close to Trump have been known to be in his circles, were exposed for making hundreds of thousands of dollars when he went and abducted Maduro. So what I did is I tracked those exact same people's wallets on polymarket. So this way, when he went and dropped that big over that one country in the Middle East, I was able to know 70 minutes before the entire rest of the world. Locked in three separate positions for over $100,000 total and profited over $76,000. How do I feel about this? Morally, I'm not really sure. And also, don't just take my word on that. You should never just blindly listen to someone who claims they made money on social media. My wallet has been leaked all over Twitter. I've been confirmed to be the owner of the wallet. I've been interviewed by the News. Go do your own research. The rest of the month of March, I've actually lost a bit of money. That's why my total was only at 60,000. But over the past 14 months, I've made over $600,000 tracking these insider traders on Poly Market. And I think for the everyday person, it's one of the easiest ways to make money online right now. So all I'm doing on this page is posting free videos, sharing strategies, leaking insider information to help you become better on these prediction market platforms. So that sounds valuable to you? You should hit my page with a follow."
7614716834314489104,https://www.tiktok.com/@polymarketupdates/video/7614716834314489104,This can’t be true😭🙏 #polymarket #viraltiktok #funny ,2026-03-08T03:11:20.000Z,28,,1,0,864,16,"polymarket, viraltiktok, funny",Polymarketupdates,199,False,CA,#polymarket election,polymarket,"description, hashtags",YES,"Will Trump say radical left lunatic this week? The bigger problem are the people from within, we have some very bad people, we have some sick people, radical left lunatics."
7433606778191121710,https://www.tiktok.com/@corbinmillet/video/7433606778191121710,@Polymarket will feed generations ,2024-11-05T01:50:56.000Z,115700,1399,8042,766,2300000,21,,Corbin,5200000,True,US,#polymarket election,polymarket,description,YES,Covering my parents' kitchen in pictures of Trump and Kamala.
7615756711294438663,https://www.tiktok.com/@mikadontlouz/video/7615756711294438663,Palantir and Polymarket have just teamed up 🤔 #palantir #ai #news #tech #polymarket ,2026-03-10T22:25:45.000Z,31,2,10,3,887,119,"palantir, ai, news, tech, polymarket",Mika,73900,False,CA,#polymarket election,polymarket,"description, hashtags, transcript",YES,"The government's favorite surveillance company just got access to where rich people secretly bet on world events. And nobody's talking about it. Okay, so let me explain it to you like you are a normal person and you aren't chronically online all the time. There's this website and it's called Polymarket and you can bet on real world things like will we be in a recession? Will Taylor Swift and her boyfriend break up? Politician, when will that company get acquired? And because actual money is on the line, it ends up being more accurate than polls or news. The last US election, Polymarket called the results way before CNN did. Basically where smart money goes to say what it actually thinks. Palantir. Okay, so Palantir is like, imagine if the CIA had a tech startup. Data and surveillance company backed by Peter Thiel and they work with the US military intelligence agency. They're basically the people the government call when they need to watch something. And so those two companies just announced a partnership. So Palantir is now going to monitor Polymarket for suspicious activity. Now here's why you should care about this even if you've never bet a dollar in your life on any of these platforms. These markets are basically a cheat code for knowing what's going to happen in the world and to also spot trends. Sometimes you could know what's going to happen in the world before it hits the news, just by looking on there. And people with insider knowledge have been using this for a while now, but like quietly. Now that Palantir is watching, the question is, are they going to be protecting the market or just learning from it? Either way, I'm gonna keep telling you about what's happening here because it's exactly where the money, the power, and the information all live. So follow if you actually want to stay ahead."
7618401087418027295,https://www.tiktok.com/@bruhworldnews/video/7618401087418027295,NEW: Gov. Gavin Newsom now favored to be elected president in 2028 according to betting markets ##polymarket##kalshi##robinhood##news##potus,2026-03-18T01:27:18.000Z,0,,0,1,797,5,"polymarket, kalshi, robinhood, news, potus",bruhworldnews,22800,False,US,#polymarket election,"betting_market, kalshi, polymarket","description, hashtags",YES,
7618798785489161503,https://www.tiktok.com/@spencersays/video/7618798785489161503,Polymarket bar coming to DC? #polymarket #monitorthesituation #dc ,2026-03-19T03:10:53.000Z,344,89,45,8,6707,83,"polymarket, monitorthesituation, dc",Spencersays,436,False,US,#polymarket election,"polymarket, prediction_market","description, hashtags, transcript",YES,"Polymarket is opening a bar in D.C. and it's kind of a mystery. All day people online have been trying to figure out this new thing called Situation Room. I started looking up liquor licenses, zoning ordinances, anything with Polymarket or Situation Room. No dice. I even reached out to Polymarket directly. I got no response all day long. And of course I'm not the only one trying to figure this out. And I see this post on X from Bard in D.C. And they hear a rumor that it's going to be at Proper 21 on K Street. There's even a partyful invite that says that there's like 300 spots. So I said, let's go there. I walked in, I asked for the manager, and he straight up told me, yes, it's happening here. For context, Polymarket is basically an online prediction market where people bet on real world events, politics, global news, even things like whether a government shutdown is going to happen. So this bar is about watching all of that unfold live. The manager told me they're closing Thursday night and Polymarket is coming in, adding a bunch of TV screens and turning this place into their Situation Room. I managed to get into the partyful, and so I'll be there on Friday night to see what this is all about. This isn't a permanent bar. It's a full pop-up takeover. But after a full day of internet sleuthing, we finally know where it is. So while some people will be watching March Madness on a Friday night, others will be monitoring the situation. I think it's about to get a little weird."
7605383496323910934,https://www.tiktok.com/@predictionmarkets.stuff/video/7605383496323910934,Will Trump say “fake news” @Polymarket #polymarket #market #prediction #trading ,2026-02-10T23:32:22.000Z,3357,462,416,31,69500,21,"polymarket, market, prediction, trading",Polymarket Stuff,214,False,LU,#polymarket election,polymarket,"description, hashtags",YES,"I can't lie, you might have to pay for this one."
7609351305932344590,https://www.tiktok.com/@itsreallycameron/video/7609351305932344590,Supreme Court ruling Polymarket ,2026-02-21T16:09:59.000Z,24,,6,2,958,25,,itsreallycameron,1861,False,US,#polymarket election,polymarket,description,YES,"Well, the Supreme Court ruled against Trump's tariff, so a lot of people made money, except for me. Including one user, Annoyin123, they're up 1.5 million dollars all time. And specifically on this market, he made 51 thousand dollars. And this user also has bets placed that we will not strike Iran before the end of February and before the end of March. And this user has been very profitable, so we will see if they are right."
7612362200597974302,https://www.tiktok.com/@guythattoks/video/7612362200597974302,"People are getting rich off of military operations, nothing new there, RIGHT?! #polymarket #magamyman #finance #news #politicstiktok ",2026-03-01T18:53:35.000Z,44,4,2,3,626,108,"polymarket, magamyman, finance, news, politicstiktok",GuyThatToks,23200,False,US,#polymarket election,polymarket,"description, hashtags, transcript",YES,"This dude made like $350,000 on PolyMarket predicting the bombing of Iran. The Financial Times reported that a user named DiceDiceDice cashed in nearly $150K on the wager that the US would attack Iran by the end of February 28th. Meanwhile, another gambler named MaggaMyMan made over $360,000. As I'm sure you're all aware, this is nothing new. This has been happening. People have been making a ton of money based on political knowledge. Anybody inside, anybody connected to any of these things can bet on this. I had friends that were working the Super Bowl halftime show, so I knew how long the national anthem was going to be, and you could bet on that, and that was even problematic. Let me tell you something. If that's more problematic than betting on real people dying, there's something extremely sick about all of this. I think it's the peak American consumerism, American gambling, and just corruption. All of those pillars are propping up our economy, it feels like. Maybe not entirely. That might be slight exaggeration. The prevalence and the recurring nature of these things, it's so gross, dude. I cannot... check this out. The US has executed a number of surprising and destabilizing military operations this year, including the capture of Venezuelan President Nicolas Maduro. For example, one gambler raked in nearly half a million dollars by predicting Maduro's ouster, sparking speculation about insider trading. Hot take, but I don't think it's speculation. I think it's just straight up insider trading, when you're able to nail the prediction of the US capturing Maduro and the details within. What?"
7613483661752585503,https://www.tiktok.com/@chaselockss/video/7613483661752585503,Polymarket infinite money glitch🤑,2026-03-04T19:25:13.000Z,28,1,13,0,1002,71,,Daddy Lock,654,False,US,#polymarket election,polymarket,"description, transcript",YES,"I think I just found an infinite money glitch on PolyMarket. I've already used this strategy to make over $1,000, and I know there is a ton of people making thousands every single week doing this exact same thing. This strategy is extremely simple. All you need to do is find insider traders on PolyMarket and just copy the trades that they make. And because PolyMarket's on the blockchain, everybody's trades are public. Take, for example, this insider who wins almost every single trade he makes on Political Outcomes made a trade on Ket Paxton not to win at 46 cents a share, right when it was right here. 10 minutes after he made that trade, it bounces all the way up to nearly 86 cents. Now, I was personally able to lock in that trade and hit that big swing and make 100 bucks. There's two ways to find these insiders. Number one, just go to PolyMarket, go to the leaderboards, find the wallets with the highest ROIs and see what they're trading. Number two is to use some sort of a bot that alerts you when these big wallets make trades. I personally use a bot called Prediction Radar, which has eight of the highest performing wallets on PolyMarket and alerts me every single time they make a trade so I can just copy it and print money."
7606869478361599262,https://www.tiktok.com/@xiandivyne/video/7606869478361599262,The Polymarket Free Grocery store is an intentional gimmick to avoid regulation #fyp #xiandivyne #politics #nyc ,2026-02-14T23:38:52.000Z,46200,821,2174,177,223200,48,"fyp, xiandivyne, politics, nyc",Christian Divyne,747500,False,US,#polymarket election,"kalshi, polymarket, prediction_market","description, transcript",YES,"Hi, I'm at Polly Market, the first free grocery store in New York City given to us by our gambling daddies out of benevolence because the dream of Mamdanistan is alive and well. If the idea of prediction markets giving back to the community out of pure benevolence sounds too good to be true, it's because it is. Places like Kalshi and Polly Market right now operate under different regulations than sports betting does. Right now, prediction markets are engaged in a heavy legal battle with sports betting agencies and casinos to avoid playing by the same rules. The Coalition for Prediction Markets, which is actually headed by Donald Trump Jr., is right now trying to lobby public support by doing things like the Polly Market grocery store. Right now, prediction markets are avoiding paying the same tax rates as traditional casinos, and giving out a few groceries for three hours a day will be infinitely cheaper than paying taxes on the billions of dollars they're raking in on getting people hooked in gambling. Don't fall for it."
7618637943741107470,https://www.tiktok.com/@markus.markets/video/7618637943741107470,Not hard to see why… incredibly sketchy but hey what isn’t at this point #kalshi #polymarket #trump #predictionmarkets ,2026-03-18T16:47:00.000Z,1319,23,161,16,37700,7,"kalshi, polymarket, trump, predictionmarkets",Markus.markets,6225,False,US,#polymarket election,"kalshi, polymarket","description, hashtags",YES,Thanks for watching!
7429153053363703083,https://www.tiktok.com/@worldupdatez/video/7429153053363703083,Go to Polymarket for more! #election #election2024 #currentevents #polymarket #updates ,2024-10-24T01:48:14.000Z,17,,0,1,1765,12,"election, election2024, currentevents, polymarket, updates",World Updates 🌎,275,False,US,#polymarket election,polymarket,"description, hashtags, transcript",YES,There's a new way to get updates on the election and it is so easy using Polymarket. What you do is go into the election tab and you can scroll down and see all the different current updates on what people think is gonna happen. It's real people voting in real time and with real comments so make sure to go check it out at Polymarket.
7433559173767367982,https://www.tiktok.com/@trending_with_ty/video/7433559173767367982,The polls are moving for Trump! #vote #election #polymarket ,2024-11-04T22:46:12.000Z,63900,3744,2199,3719,2600000,16,"vote, election, polymarket",trending_with_ty,2727,False,US,#polymarket election,polymarket,"description, hashtags",YES,"Guys, what is happening? In the last hour since I posted my last video, Trump has jumped up 4.5%. He's almost at 60% in the polls. Kamala, I think we're saying bye. I think so. Trump, we'll see you in office on Tuesday."
7619549757630909709,https://www.tiktok.com/@john.artunkal/video/7619549757630909709,Polymarket event in Washington DC…. #polymarket #kalshi #osint #monitoringthesituation #dc ,2026-03-21T03:44:55.000Z,693,19,22,5,4717,38,"polymarket, kalshi, osint, monitoringthesituation, dc",john.artunkal,92,False,US,#polymarket election,"kalshi, polymarket","description, hashtags",YES,"so I'm outside the Polly Market pop-up bar here in Washington DC and it hasn't been the most successful evening for Polly Market they've had to close early because of all of the screens failing the only working screen was the Globe and also almost all of the attendees tonight were men which was probably to be expected considering it's you know, OSINT and gambling but the drinks were free so I'll give them credit for that and the band played very good versions of Michael Jackson songs free drinks, Michael Jackson but all guys and none of the screens were really working five out of ten evening I think"
7618748385574571294,https://www.tiktok.com/@mnreformer/video/7618748385574571294,"Prediction markets like Kalshi and Polymarket allow people to bet on almost anything, including politics and war. They circumvent laws against gambling by claiming they sell a type of financial contract, not bets. Lawmakers are working to close these loopholes. You can read our full coverage with no paywalls at the link in our bio. #news #politicstiktok #predictionmarkets #polymarket #minnesota ",2026-03-18T23:55:08.000Z,945,33,44,10,6698,46,"news, politicstiktok, predictionmarkets, polymarket, minnesota",Minnesota Reformer,9327,False,US,#polymarket election,"kalshi, polymarket, prediction_market","description, hashtags, transcript",YES,"What are the chances that ICE agent Jonathan Ross gets charged for shooting and killing Renee Goode before the end of the month? According to people betting on Polly Market, they're lower than the chances of Jesus Christ returning before the end of the year. My name is Alyssa Chen and I'm a data reporter with the Minnesota Reformer. Prediction markets like Polly Market and Kalshi allow people to bet on almost anything, including sports, politics, and even war. They've been skirting state regulations on gambling, including in Minnesota, where sports betting is currently illegal. They're doing this by claiming that they're selling events futures contracts instead of bets, although they explicitly advertise as gambling platforms. State regulators around the country are now trying to close this loophole, including in Minnesota, where lawmakers this week introduced a bill to ban prediction markets. Let us know what you think and follow us for more coverage."
7613150009101438230,https://www.tiktok.com/@predictionmarkets.stuff/video/7613150009101438230,@Polymarket #polymarket #market #prediction #trading ,2026-03-03T21:50:23.000Z,123,9,10,1,4241,11,"polymarket, market, prediction, trading",Polymarket Stuff,214,False,LV,#polymarket election,polymarket,"description, hashtags",YES,"We can bet on the next US strike. Yemen, Somalia. Dude, I think they're gonna strike Iran. I hope not."
7203106697391377670,https://www.tiktok.com/@coverssports/video/7203106697391377670,"The US election board is heating up, here’s an update on all the odds 🇺🇸🇺🇸  #biden #trump #election #electionodds #joebiden #donaldtrump",2023-02-22T22:12:52.000Z,26,,2,3,780,43,"biden, trump, election, electionodds, joebiden, donaldtrump",Covers,2295,False,CA,#electionodds,election_odds,transcript,YES,"The U.S. election odds board continues to see plenty movement at the top, with current President Joe Biden now the favourite at plus 250, giving him an implied win probability of just under 29% for the 2024 election. Florida Governor Ron DeSantis is now in second place at plus 300, with former President Donald Trump in third at plus 350. Now keep in mind that Biden's popularity hasn't really changed much over the last few months, and this bump in his odds has a lot to do with the fact that it's becoming obvious that the Democrat party will be using him as their nominee moving forward, whereas the Republican party is still up in the air who will be their leader, with both DeSantis and Trump seeming like the best candidates. The Republicans are still the favourites to win the next White House at minus 140, with the Democrats coming back at plus 110."
7605102759859342622,https://www.tiktok.com/@danielexplainsx/video/7605102759859342622,Who Will Win California’s 2026 Governor Race?  Kalshi Odds on the Front-Runners #Kalshi  #PredictionMarkets  #CAGovernor2026  #ElectionOdds  #CaliforniaPolitics  @Steve Hilton @Sheriff Bianco @Mayor Matt Mahan ,2026-02-10T05:23:17.000Z,9,1,0,15,2515,18,"Kalshi, PredictionMarkets, CAGovernor2026, ElectionOdds, CaliforniaPolitics",Daniel Explains It,2162,False,US,#electionodds,kalshi,"description, hashtags",YES,🎵 Outro Music 🎵
7618255187249040653,https://www.tiktok.com/@khatuglr23b/video/7618255187249040653,The Shocking Truth Behind the Election Odds! 🚨 Is Kamala Losing Ground? 🗳️ #Election2024 #PoliticalDrama #ViralInsights,2026-03-17T16:01:10.000Z,43,,3,2,1148,68,"election2024, politicaldrama, viralinsights",khatuglr23b,12200,False,US,#electionodds,election_odds,description,YES,"To all the followers of Kamala Harris, hang in there, I'm going to take the stairs. Sit down, those who are not sitting. Yesterday I told you, well, and I keep it, it's not a lie, it was good news for Kamala, that it had been two days with good numbers in the surveys at the national level. And one came out of Queenie Park, which is fine in North Carolina. Well, those were obviously good news for Kamala. But maybe the followers of Kamala don't understand what's going on. They are good news because the last two weeks have been devastating for Kamala Harris. Why? It is true, she maintains an advantage in Pennsylvania, a key state. And curiously, I didn't tell you, that the African-American governor, Matt Robinson, with the mess of the black Nazi, that seems to be giving Kamala some air in North Carolina. He's giving a little more, better surveys than Tron in that state. Very important, but what happened to Kamala is serious. She lost the advantage she had both in Michigan and in Wisconsin. She lost it."
7406492313079352619,https://www.tiktok.com/@theadamcarollashow/video/7406492313079352619,Nate Silver gives his Harris vs. Trump Election odds. #election2024 #harris2024 #trump2024 #odds ,2024-08-24T00:12:58.000Z,621,10,32,123,52700,110,"election2024, harris2024, trump2024, odds",adamcarollashow,209400,True,US,#electionodds,election_odds,description,YES,"What do you think at this point, if you were betting on the election, what kind of odds would you lay down for Harris versus Trump? So we have a model that's about 54 or 46 Harris. I know we have people who are on the show who are probably gambling knowledgeable. So 54 or 46 is not quite 50-50, but it's probably effectively 50-50. In fact, there's one factor here, you know, RFK Jr. most people think is gonna drop out of the race and endorse Trump. And that might shift things back to 50-50 or something like that instead. So I'm not, this is not a cop-out. You can go and see what our model says. If it said 70-30 Trump or 70-30 Harris, I'd say that. But for the time being, it's really kind of a jump ball. A new broom sweeps clean, as my grandfather used to say. People sort of were on to Biden and they got Harris and they got sort of reinvigorated, I think, with Harris. And then the convention and everything. So she's riding high. At a certain point, she's gonna have to do some sit-down interviews, I suppose. And there's some, maybe some exposure. Look, I think she's been a better candidate than I would have thought. What I don't know is whether Trump will kind of get back on his game. I think Trump has been emphasizing the wrong themes when there are obvious things like concerns about the economy, immigration's a good issue for the GOP. She ran way to the left in 2020. And instead he's been kind of, you know, putting out some information that's of dubious quality or talking about her race, whatever else. He was not prepared for the switch that Democrats made. And he should have been. If you're preparing for an NFL game and the team has a backup quarterback with a very different skillset and you're not game planning for both, then you screwed up in your preparation. So they're catching up now. I think J.D. Vance has been negatively defined. That might be hard to undo. But I imagine he'll have a better period than he's had so far in August."
7617917766112218399,https://www.tiktok.com/@officialchriscillizza/video/7617917766112218399,🚨 Betting Markets Just Flipped: Democrats Favored to Win the Senate in 2026 #Senate #Democrats #Republicans #2026,2026-03-16T18:11:48.000Z,86,1,6,8,6571,68,"senate, democrats, republicans, 2026",Chris Cillizza,5228,False,US,#electionodds,betting_market,description,YES,"I do not think it is a 50-50 chance that Democrats win the Senate. I think it is somewhere between about 35 and 45%. I'd probably settle in at about 39 or 40%. They definitely have a chance, but they need to make real races out of these races, and they need a lot to go right. Because again, 21 of the 22 seats that Republicans are defending in the Senate in this election in 2026 were won by Donald Trump. Only Maine was carried by Kamala Harris. So I just think it's still an uphill climb. I think markets are maybe over-correcting. I actually thought that places like Polymark and Cali, had Democratic chances too low for a long time, in the low 30s or high 20s. I think we're over-correcting a bit. So I would, if you're looking to make money, I think I'd bet on Republicans at a 50 shot. But look, markets are indicative, I think, of where public sentiment is, and clearly public sentiment is starting to say, well, maybe the Democratic majority isn't such a triple bank shot, or the triple Lindy, if you saw Back to School with Rodney Dangerfield. Maybe it's not so rare an occurrence. Maybe it actually could happen."
7618518961683975455,https://www.tiktok.com/@user3441221751207/video/7618518961683975455,#Democrats #SURGE to 51% Odds to take back Senate as GOO Map Gets Riskier #republican #election2026 #politicalnews ,2026-03-18T09:04:51.000Z,8,3,0,2,324,114,"democrats, surge, republican, election2026, politicalnews",Zidan.zxa,74,False,US,#electionodds,prediction_market,transcript,YES,"What's going on everyone, welcome back to the show. So we have some big news when it comes to the Senate map. So we're gonna take a look at the prediction market. We're also gonna take a look at the map itself. We're now seeing Democrats have a 50% chance of taking back control of the Senate. Now just a few months ago, this is not something that we would even be talking about. And I was telling you, back then it's like a Hail Mary for Democrats to take back control of the Senate. But now it's looking more and more like Democrats have a real shot at taking back control of the Senate. And so first we're gonna take a look at the prediction market. Then we're gonna take a look at the generic congressional polling. And then I'm gonna show you the Senate map and I'll show you the pathway that Democrats have to take back control of the Senate. So we're gonna do all that in this video. But first off, you guys can do me a favor. Please like the video. If you're watching this video and you wanna see more content like this, please consider subscribing to the channel. So the first thing we're gonna take a look at is CalShoe. We're looking at the prediction market. And you see here, now this is fluid, this is gonna change. But as of doing this video, we have Democratic Party 51% chance, Republican Party 49% chance. And this is to take back the Senate. Okay, which party will win the U.S. Senate? Now when we look at the House, it's even better for Democrats. You have Democratic Party at 85%, Republican Party at 15%. And so we're seeing a big shift with Democrats having the opportunity now to take back the Senate. So not just take back the House, but take back the Senate as well. Let's take a look at the generic congressional ballot. And now looking at the generic congressional vote, we see RealClearPolitics, that's what we're using here. If we zoom in just a little bit closer here, you can see in yellow. This yellow signifies the average. Okay, so this is the RealClearPolitics average. And it's showing a plus 4.7. Now it's been around, it's staying around 4%, and we're seeing it 4.3%, it'll jump up to 4.7%. We haven't really seen it hit 5% and go higher than that."
7425377630540565806,https://www.tiktok.com/@fullarmorthreads/video/7425377630540565806,Betting odds per @Kalshi Exchange. Do you agree with this? #votetiktok #election2024 #election #trump2024🇺🇸 #trumpsupporters #Trump #voteblue2024💙 #votered ,2024-10-13T21:37:37.000Z,84,,0,12,798,11,"votetiktok, election2024, election, trump2024🇺🇸, trumpsupporters, trump, voteblue2024💙, votered",Full Armor Threads,59,False,US,#electionodds,"betting_odds, kalshi",description,YES,There you go! Yeah! Yeah!
7436892681235664174,https://www.tiktok.com/@realjennaryan/video/7436892681235664174,"FBI sees poly market, CEO, electronics and election prediction information #news #breakingnews ",2024-11-13T22:21:55.000Z,15500,1877,1292,1069,492700,15,"news, breakingnews",realjennaryan,48000,False,US,polymarket election,polymarket,description,YES,"Breaking news, the FBI, the DOJ, has just raided and sieged Polly Market CEO's electronics and post-election prediction information. I wonder what they're trying to do here. Hmm."
7569042791154601246,https://www.tiktok.com/@rpnowmedia/video/7569042791154601246,Las apuestas políticas apuntan a una derrota republicana en las próximas elecciones. Polymarket da a los demócratas hasta un 80 % de probabilidad de victoria….,2025-11-05T01:11:52.000Z,169,,5,5,2578,74,,RPNOW,29600,False,US,polymarket election,polymarket,"description, transcript",YES,"This does smell like a real debacle, the US voters are putting millions against Donald Trump and his party According to the Polymarket site, Democrats are the favorites to sweep in this Tuesday's elections In New York, New Jersey and Virginia, the odds are 90% advantage to the Democratic candidates While the Republicans sink into discontent and economic disaster With a 34-day government shutdown, the longest in the history of the country And an approval on the ground Trump faces a scenario where not even his own party believes in a victory The ironic thing is that after promising to regain the greatness The only thing he has achieved is to gather the voters but against him And if even the money is going to the opposite side Will the people be ready to end the show? I read you in the comments And don't forget to share this video so everyone finds out And follow me on my other social media See you next time!"
7620197125762141448,https://www.tiktok.com/@tilt.vote/video/7620197125762141448,"Have you heard of logic markets? Try them out yourself today at www.ravioli.live.  Curious what you guys think, comment below! #startup #predictionmarket #trading #founder #venturecapital ",2026-03-22T21:36:54.000Z,23,2,1,0,351,54,"startup, predictionmarket, trading, founder, venturecapital",tilt.vote,79,False,US,#predictionmarkets,prediction_market,transcript,YES,Basically what this is is a place where people can go and debate the most hotly Debated subjective debates things like are the ice raids justified or not should the US pull out of Iran? And the idea is that this is gonna fill in a kind of market intelligence that prediction markets got started with but they don't really Do a hundred percent effectively So imagine if you could get a quick rundown on the most logical well reason takes on any subjective debate It would provide a lot of clarity and show what the most logical path is So the way that we built this a lot of people are wondering is based off of the non-biased Non-partisan debate principles our CTO is a nationally ranked and Texas State champion debater So he's an expert at scoring discourse without bias. We'd love for you guys to go try it out at www.ravioli.live hope to see you there
7619613485223415070,https://www.tiktok.com/@jenny.abamu/video/7619613485223415070,"I just wanted to get a drink at the bar, but I ran into this interesting story about prediction markets. You know, the sports betting for everything and how Congress and states are rushing to regulate them. This pop-up bar was a little underwhelming since a lot of the screens were not working, but the general topic is interesting. #fyp #politics #sportsbetting #marchmadness #dmv",2026-03-21T07:52:43.000Z,48,1,3,2,562,102,"fyp, politics, marchmadness, dmv",Jenny Abamu Maryland Reporter,11300,False,US,#predictionmarkets,prediction_market,"description, transcript",YES,"So I just left this bar. It was originally my plan was just to get Happy Hour, but I ran into one of the most controversial companies in America. Let's talk about it real quick. We always need Happy Hours too, especially after these news cycles. My name is Janay Bamaud. I'm going to talk to you a little about this. So this is Pop-Up Bar that just opened in DC. It's only there till the, I think it's Sunday is the last day. So if you want to go, you can go then. But it's run by Polly Market, which if you don't know, is one of the biggest prediction market companies in the world. Think sports betting, but for everything. And some of the stuff you can bet on is pretty harmless, right? March madness brackets. Is the Fed going to cut the interest rates? Is Messi going to retire? But here's where things really get dark. People on the platform have been betting on when the US military strike is going to happen or whether world leaders will be assassinated. Someone made over half a million dollars betting on the Iranian Supreme Leader's death. And the reason news outlets were at this bar was because Congress is trying to catch up with all of this. Democrats have introduced multiple bills about these kind of prediction markets, trying to tie them, trying to restrict, you know, predictions that are tied to war, assassination, someone's death. And of course, some of this even targets insider trading. Now, here's why this matters. If you live in Maryland, Maryland is one of the states actively fighting these platforms in court. Maryland has like a group that monitors and regulates sports betting, et cetera. They basically want any sports betting in the state to be licensed and taxed. I want like if someone's doing prediction markets to get tax revenue from that. That's part of what they're using right now with the casinos to fund schools. And of course, all of the other challenges that come with prediction markets. And there's this big fight. Should the states regulate it? Should the federal government regulate it? Anyway, I'm out of time. Hit that follow button and share with your communities because this is super important. Bye, guys."
7533002712728784183,https://www.tiktok.com/@qinoashi/video/7533002712728784183,and… it’s all gone… #predictionmarkets #kalshi #tradingjourney ,2025-07-30T22:18:22.000Z,149,7,22,19,8895,138,"predictionmarkets, kalshi, tradingjourney",qinoashi,983,False,US,#predictionmarkets,kalshi,"description, hashtags",YES,"I just lost my rent for the month. So it's 5 a.m. in Korea, and I just got up, and I checked my Kulshu account, and I'm down $1,500. Let me explain. So over the past couple of weeks, I've been building a pretty big position that Powell wouldn't say Trump's name at the July press conference. Well. Some companies will certainly be taking advantage of the back of the tariffs and all the discussion of how they're gonna, you know, companies will raise prices when and as they can. And you saw it famously in the first administration of President Trump during those tariffs. Washing machines were tariffed, but dryers weren't. But what do you know, the price of dryers went up too, just like often just. Well, as you can see there, he said it. So I was wrong. But I wasn't wrong for the reason that I, or I think the market, expected. I think the market was expecting that Trump's pressure on Powell to cut rates, as well as all the renovation shenanigans lately, to be a driving factor in Powell saying Trump's name. We can see this because when Trump visited the Fed, the prices for these contracts shot up from about 7 cents all the way up to about a high of 17 cents. I thought this was wrong, and I think I was still right in that. That being said, I've made a lot of other mistakes. Here are the two biggest mistakes that I made and what I learned from them. First is that I sized my position way too aggressively. I'd been wanting to make a video on the Kelly Criterion, and I kind of just wanted to show this in practice, but in reality, my expected fair value was not very accurate. The second thing is the fact that my expected fair value was not very accurate. I put the fair value at around 96 to 98. Upon reflection, it's probably more around 92 to 94, maybe around the 90-ish mark. And this is because I neglected to take into account just the noise in the base rate. There's going to be times when Powell is going to refer to previous administrations, and when he has to refer to a previous administration, he's going to have to say the name Trump. So what am I trying to say here? I needed to not be super overconfident and say that the fair value was at 96 to 98 cents. I should have moderated my view and taken into account the market's view, and I should have sized my position more reasonably. I should have sized at probably 1 4th or 1 1⁄2 Kelly because of the uncertainty in my EV estimate. I made mistakes, but I'm not really sad that I lost. This is part of the game. This is the entire point of this journey that I'm trying to document, is me getting better at this, and hopefully eventually making my way up to a consistent profit. We're still in the black. We're still feeling pretty decent. This was my fault at the end of the day, and we're going to try to keep going. So follow along to see how this progresses."
7595352928165154079,https://www.tiktok.com/@predictitmarkets/video/7595352928165154079,"Wait… so you can trade a probability? 👀📊 Prediction markets work like a real-time forecast: people buy and sell shares on possible outcomes, and the price updates as news, polls, and headlines come in. Here’s the simple part: ✅ Higher price = the crowd thinks it’s more likely ✅ Lower price = the crowd thinks it’s less likely ✅ Prices change fast when new information hits It’s basically “the odds, updated live” — powered by what traders think will happen next. #PredictIt #LearnTok #Forecasting #Explainer #PredictionMarkets  ",2026-01-14T22:48:53.000Z,0,,0,0,130,49,"predictit, learntok, forecasting, explainer, predictionmarkets",PredictIt,369,False,US,#predictionmarkets,"prediction_market, predictit","description, hashtags, transcript",YES,"What are prediction markets? What do you do? What's going on? There's a group of people find out how likely an outcome is and they begin to take various bets on that. They say, hey, I wanna take Gavin Newsom to win the Democratic presidential nomination and I'll offer you 29 cents. And that's because they think it's less likely than 29 cents. The person who's buying that thinks it's more likely than 29 cents. But it should be really simple. If you think the probability and think of all this in probability, so it says 34 cents, but you can think of it as 34% chance to get the nomination. If you think that's low on Gavin Newsom and you think he is going to win this primary process, you should buy."
7615889123311684877,https://www.tiktok.com/@colepredicts/video/7615889123311684877,Doesn’t even feel legal.. yet somehow it’s public for anyone to see.. #predictionmarkets #polymarket #kalshi ,2026-03-11T06:59:44.000Z,71,1,28,6,2345,49,"predictionmarkets, polymarket, kalshi",colepredicts,883,False,US,#predictionmarkets,"kalshi, polymarket","description, hashtags, transcript",YES,"This is the best polymarket strategy that I've found explained in under 30 seconds. As you know, on polymarket, it's on the blockchain, meaning everyone's trades are completely visible in public for everyone to see. That means top whales who are doing insider trading, you can see exactly what trades they place. Just like when that whole Nancy Pelosi insider trading thing was going on, except these ones we can actually see right when they place the trades and not 45 days later, like with the Nancy Pelosi and the politicians insider trading. You don't have to do all this, but I personally follow a bot that shows me exactly what these people place right when they place them, what these top whales who are using these insider strategies. If you want me to plug you into the bot, just shoot me a DM or comment the word bot. Make sure you're following me so I can actually shoot you a message back. Again, the bot part is not 100% aided. You can copy their trades. It's just a lot easier to do it when you can see them actually come in in real time and get them at the same price that they're getting them at."
7620145654530067743,https://www.tiktok.com/@scripted.cinematic/video/7620145654530067743,he will say it. #market #viralitypoly #predictionmarket #polymarket ,2026-03-22T18:17:16.000Z,39,,6,0,4273,30,"market, viralitypoly, predictionmarket, polymarket",CinematicVibe,9,False,US,#predictionmarkets,polymarket,"description, hashtags",YES,"Oh, bro, this is some shit that I'm trying to put some bread on. What will Trump say at the Thanksgiving turkey pardon on Tuesday? Thanks slash thanks. 20 plus times. I bet no on that. 500 bucks on this. Bro, there's no way he says thank thank slash thanks. 20 plus times at the turkey pardon. There's no shot."
7620067489153666317,https://www.tiktok.com/@barryoptiff/video/7620067489153666317,Easiest Prediction I have seen 💯💫 #polymarket #betting #viral ,2026-03-22T13:14:50.000Z,1,1,1,1,29,12,"polymarket, viral",Market Thoughts✅,2,False,US,#predictionmarkets,polymarket,"description, hashtags",YES,"Bro, what? Will Trump say peanuts this week? 12%? Bro, that can't be right. What? Yeah!"
7618731635466571028,https://www.tiktok.com/@merhebtv/video/7618731635466571028,"The news is the trade. 🌍 Daily plays, live reads & trends on prediction markets. All on Lute. 🔔 #predictionmarkets #polymarket #lute  #trump #iran     ",2026-03-18T22:50:09.000Z,55,3,8,21,983,55,"predictionmarkets, polymarket, lute, trump, iran",merheb,259,False,LB,#predictionmarkets,"polymarket, prediction_market","description, hashtags, transcript",YES,"I'm gonna bomb the shit out of them. Yeah, that actually happened. Trump said it, did it, and still doing it. But here's what most people miss. Whenever there's chaos, there are people quietly making money off it. Not by guessing, by predicting. That's prediction markets. Real-time markets, where you trade on real events as they happen. Politics, wars, elections, sports, culture. Literally, whatever you like. Live, right now. In the series, I'll be dropping daily plays, live market reels, and trends before anyone else catches them. All on Flute. If you want to be the one who trades the news instead of just watching it, hit the follow button, because the market doesn't wait."
7619529230669368606,https://www.tiktok.com/@updooteverything/video/7619529230669368606,These odds don’t make sense… someone knows something 👀 #viralitypoly #polymarket #prediction #markets #fyp - ,2026-03-21T02:25:09.000Z,6,,0,0,269,15,"viralitypoly, polymarket, prediction, markets, fyp",BuzzerClips,0,False,US,#predictionmarkets,"polymarket, prediction_market","description, hashtags",YES,"Bro, what? Will Trump say restaurant this week? 8%?"
7618861328773451022,https://www.tiktok.com/@itsreallycameron/video/7618861328773451022,No interest rate change #polymarket #kalshi #predictionmarkets,2026-03-19T07:14:28.000Z,26,1,3,1,653,21,"polymarket, kalshi, predictionmarkets",itsreallycameron,1861,False,US,#predictionmarkets,"kalshi, polymarket","description, hashtags",YES,"I've not made a video on the FOMC interest rate decision that just happened, but this market resolved to no change and Polly Market Traders came to that conclusion back in December. When this switch happened, this was in December. So December people thought no change, no change, no change, and that came out to be true. For April it seems like it's going to be no change as well."
7596420396979686670,https://www.tiktok.com/@itsreallycameron/video/7596420396979686670,Full time prediction market trader #polymarket #fyp #daytrade,2026-01-17T19:51:20.000Z,39,2,21,11,1683,42,"polymarket, fyp, daytrade",itsreallycameron,1861,False,US,#predictionmarkets,"polymarket, prediction_market","description, hashtags, transcript",YES,"I'm a full-time prediction market trader on PolyMarket and the only way you can be profitable is if you have an edge. I made a full video on this, on different edge types, speed, knowledge, rules, overreaction, missed price, edge. As long as you have one of these, you can be profitable. One of the edge types, overreaction, headlines cause price to swing too hard in the short term. One of the examples of that is the US strike on Iran. At one point it was at 82% that the US would strike Iran and now it's sitting at 12% as a chance because people overreact to the headlines. So if you rode the mean reversion, then you would have made a lot of money if you paid attention to the substance of what was happening in the region. Feel free to join my Discord to learn more about prediction markets."
7610835087608925470,https://www.tiktok.com/@solestraveling/video/7610835087608925470,"Prediction markets are a scam. But, if you have inside info, you could probably make a lot of money.  #predictionmarkets #kalshi ",2026-02-25T16:07:56.000Z,70,1,3,9,1428,89,"predictionmarkets, kalshi",Elise,628,False,US,#predictionmarkets,"kalshi, prediction_market","description, hashtags, transcript",YES,"So are you familiar with Kalshi? It's the prediction market site. You can basically bet on anything. You can bet on sports, you can bet on world events, you can bet on like what song will be on the charts next week, you can bet on anything. And I see ads all the time that's like, I just got my coffee for free because I got $5 betting on, you know, the Bachelor or something. Anyway, so one of the things you could bet on last night was the State of the Union and you could bet on like, what would Trump say? What crazy things will he say? You could bet on how long it was going to be. You can bet on all these things. So that's weird in itself that you're like betting, but okay. So here are some of the things you could bet on. How long will it be? What places will he mention? Will all of his children attend? Will he mention Charlie Kirk? Will Nick Shirley be there? Things like that. So I'm watching the State of the Union and I saw that people were posting that they were betting on it and I was like, wait a minute, I remember something from last year. So I had to look it up this morning. So this is an Axios article from January of 2025. And oh yeah, Donald Trump Jr. is an advisor. So wouldn't Donald Trump Jr. kind of know the answer to some of those questions and be able to make that company a lot of money? So it's super weird that the people that are controlling the outcomes of the predictions are also the people that are asking for you to predict with them, but something's wrong here."
7620113771813457166,https://www.tiktok.com/@markus.markets/video/7620113771813457166,"Lots of great value in this video, I’m trying to explain it in a comprehensible way so that anyone watching this can understand the platform is better and see the pros and cons of using them. If you enjoy this video or have any questions you can drop them down in the comments. Make sure to follow my page to never miss any more free, prediction, market content #predictionmarkets #kalshiexplained #polymarketexplained #kalshi #polymarket ",2026-03-22T16:13:47.000Z,61,1,14,4,837,226,"predictionmarkets, kalshiexplained, polymarketexplained, kalshi, polymarket",Markus.markets,6225,False,US,#predictionmarkets,"kalshi, polymarket, prediction_market","description, hashtags, transcript",YES,"If there was one video that you needed to watch to understand prediction market platforms like calcium poly market, this would be it. If you don't have the attention span of a two-year-old in two to three minutes, I'm going to explain everything that you need to know about how these platforms work, how they compare to each other, how they're different than sports betting platforms or day trading. And the more you understand these platforms, the easier it is to find a strategy that actually works. So let's get right into it. Prediction market platforms like calcium poly market are a peer to peer exchange where you can essentially bet and buy positions on what's going to happen in different situations. So in the same way that you could bet on the Lakers or the Celtics in a sporting game, you can bet on yes or no for Trump to say immigrant at his next speech. Now for every share that you buy, it's going to pay you out a dollar. So if you buy a share for 10 cents, if you win, you'll make a 90 cent profit. And if you buy a share for 90 cents and it resolves to a win, you'll make a 10 cent profit. So the lower price shares are less likely to happen and the higher price shares are more likely to happen. Now it's a little bit more complicated than this, but functionally these platforms are peer to peer. Meaning if I want to buy this share at 40 cents, there has to be someone on the other side who was willing to sell that to me. So just like on the stock market, you have market makers and market takers. So on these platforms, you can do two different types of orders. You can create a limit order where you stake liquidity and say, Hey, I'm willing to buy this share at this price. And by doing this, you save on fees. When someone comes around and says, Hey, yeah, I'll take that at that price. Or you can just come in as a buyer and take from someone who has a limit order and pay a little bit more fees, but execute a trade immediately. Now, when it comes to strategy, it's really important to understand volume and how this affects different markets and how this affects getting different payouts at different price points. For example, let's say you want to lock in a position for who is going to be the president of the United States in 2028. There's going to be like 30, 40, 50, a hundred million dollars in total volume being traded on different candidates. But if you want to vote, who's going to be voted out next tonight on this one episode of Survivor, there could only be 20 to $30,000 of volume, meaning it's not possible to put a $50,000 bet on a market that only has $30,000 of total volume. And if you do want to place a big bet on a market that has low volume, you're going to get what's called slippage. Meaning there's not going to be enough people offering to sell shares for how much you want to buy at that price. So you might want to buy $10,000 at 50 cents a share, but there's not even close to being $10,000 worth of shares on the market maker side. So you would have to buy all the shares at 50, 51, 52, 53, 54, all the way up to 70 or whatever, to get that total volume of $10,000 that you're putting out, which ultimately would affect your payout and slip a little bit on how much you'd make. Now, depending on your strategy, some other benefits to using prediction market platforms compared to trading or sports betting platforms is they are open 24 seven. They don't close on the weekends and for sports betting, they never freeze the lines. They never lock the bets. So you can't place a bet towards the end of the game. Or if someone hits a walk-off Homer with prediction markets, if you can just act faster than someone else, you can, a lot of times steal liquidity on something that you shouldn't be able to. For example, if you're out of game live and someone hits a knockdown three to win the game, someone hits a walk-off Homer, someone gets knocked out at a UFC fight. A lot of times, if you can just place in a position at 10 seconds before everyone else even sees it live on television, you can literally steal all those limit orders and make pretty much guaranteed money. And again, these markets are open 24 seven, but you also don't have to hold your shares until resolution. If I buy Gavin Newsom to be the 2028 presidential nominee for 2028, let's say 20 cents a share. And over the course of the next three months, long before 2028, those shares go from being worth 20 cents to maybe 60 cents. I can just go sell those shares and make a 200% profit. You don't have to wait for the resolution to get the payout. These are some of the main key points to understand about prediction markets compared to other platforms. Maybe this video was a little bit all over the place, but hopefully you learned something new from watching this video. If you're still watching, I can tell that you're interested in prediction markets to watch a three minute and 32nd video about them. So if you're still watching, follow my page, because all I do is post free content like this. That's going to educate you and help you make more money on these platforms."
7619536064436358431,https://www.tiktok.com/@buzzedclips6/video/7619536064436358431,Market says one thing… but this feels off. #viralitypoly #polymarket #prediction #markets #fyp ,2026-03-21T02:51:45.000Z,12,,0,0,270,15,"viralitypoly, polymarket, prediction, markets, fyp",BuzzedClips,1,False,US,#predictionmarkets,"polymarket, prediction_market","description, hashtags",YES,"Bro, what? Will Trump say restaurant this week? 8%? Yes!"
7614934243692662038,https://www.tiktok.com/@thesmartmoneyshow/video/7614934243692662038,"Are prediction markets FINALLY getting the right recognition?! 🔮 '𝐖𝐡𝐲 𝐖𝐚𝐥𝐥 𝐒𝐭𝐫𝐞𝐞𝐭 𝐈𝐬 𝐖𝐚𝐭𝐜𝐡𝐢𝐧𝐠 𝐏𝐫𝐞𝐝𝐢𝐜𝐭𝐢𝐨𝐧 𝐌𝐚𝐫𝐤𝐞𝐭𝐬' To find the full article, tap the link in our bio and head straight to our 'Articles' page. You can't miss it! 💚 (Article written on 10/02/2026) 📆 #podcast #finance #students #episode #subscribe",2026-03-08T17:14:07.000Z,17,1,3,0,598,69,"podcast, finance, students, episode, subscribe",The Smart Money Show,314,False,GB,#predictionmarkets,prediction_market,"description, transcript",YES,"Can a market really predict elections, inflation and the outcome of geopolitical events in real time? Hi everyone, my name is Saad, I work at The Smart Money Show as the co-head of content where we break down financial ideas as well as career insights for students interested in finance. Now this question really sits at the heart of something new called prediction markets, where people can trade contracts linked to direct real world events and as traders react to new information, prices constantly adjust to reflect the market's new collective expectation. In a world shaped by geopolitical events, political uncertainty, these markets offer a brand new way to observe how expectations are forming in real time. If you'd like to learn more about how prediction markets work and why financial institutions are watching them, check out the link below at thesmartmoneyshow.co.uk to read the full article."
7615253249347702030,https://www.tiktok.com/@cnbc/video/7615253249347702030,"Jay Clayton, U.S. Attorney for Southern District of New York and former SEC chair, discusses regulating prediction markets. Watch more of his interview at the #linkinbio or the link on screen. #CNBC",2026-03-09T13:52:11.000Z,104,2,5,7,7447,33,cnbc,cnbc,1200000,True,US,#predictionmarkets,prediction_market,description,YES,Let's all recognize that we're not talking about what I would say is investment banks and users and sophisticated liquidity providers facing off against each other. We're talking about people who are retail players and we ought to recognize that we regulate retail markets different from institutional markets. And that is the that is the question right now. How do we how do we deal with this retail participation in these types of markets.
7619729735920274702,https://www.tiktok.com/@truevalueschannel/video/7619729735920274702,Prediction Markets Spiked Before The Rumor Dropped #breakingnews #news #fyp,2026-03-21T15:23:31.000Z,0,,0,0,100,104,"breakingnews, news, fyp",True Values,0,False,US,#predictionmarkets,prediction_market,"description, transcript",YES,"Absolutely. Now, what I will tell you is if it really is a Tulsi Kent thing, uh, I think, I think Joe Kent's statements to, uh, to Tucker were, um, C plus, uh, he praised the Trump. He says, Trump can stand up to the Israel lobby and push back. And they pressured us into this war. I think he's a little, it was a little heavy handed with how he described our involvement in this war. Uh, he had previously said that Iran was a threat to us and that it attacked our proxies in the region. And, uh, right. However, if he wants to be clear and says Iran poses no immediate threat to the people of the United States of America in the United States of America, I would agree largely. And, uh, uh, he's allowed to have that opinion. So, uh, you know, if he wants to resign, then so be it. Now, I don't know that a Tulsi Kent ticket is a real thing, but rumors have it rumor has it. So my friends, I, uh, I I've not, uh, placed a bet on whether or not a Tulsi Gabbard is going to resign. I think she is. I believe that Tulsi Gabbard is very likely to resign. Uh, I'm not going to make any prediction market contract wages or anything like that. Uh, but I do believe that, uh, and this is not insider information. I'm going to say it again. This is not insider information. Random DC people who work in various offices are telling people all of this stuff. So this is the crazy thing about these online markets that I've talked about quite a bit. If you live in DC, you already know this. That's why I'm saying like, when I say insider, that's not, it's not, I don't really mean like her staffers buying this. No people in DC are walking around going like, did you hear Tulsi might resign? So if you don't live there, you're not hearing it. And that's why these prediction markets are seeing these spikes because people are like, wow, I can't believe that makes sense. And they're making these moves."
7606042620158119181,https://www.tiktok.com/@urtheceo/video/7606042620158119181,Prediction markets are wild #predictionmarkets #fypシ ,2026-02-12T18:10:16.000Z,9,,2,0,295,57,"predictionmarkets, fypシ",URtheCEO (*Matt*),8579,False,US,#predictionmarkets,prediction_market,"description, transcript",YES,"Prediction markets are not exactly what they seem. So if you guys didn't know this, you can actually bet on who the 2028 nominees will be. You can bet on what's going to happen in Greenland. You can bet on whether the Fed is going to cut interest rates. You can bet on who's going to show up at the next big game. But just know that when you do, you're submitting to polls. It's the new form of polling. Think about how valuable taking millions of Americans from across the country and knowing what their opinion and predictions are, having a probability ratio for each one. It is the most dynamic poll you could have. This is going to change the landscape of how things are done, because that information is very important to governmental bodies, companies, parties, and will play a role in what happens in the country. Anyways, hope you guys have a good day. Bye."
7598387722805349645,https://www.tiktok.com/@ryanjpapi8/video/7598387722805349645,Replying to @Jacked Prediction Markets are the FUTURE🤯#fyp #kalshi #funny  ,2026-01-23T03:05:30.000Z,501,25,154,16,20800,60,"fyp, kalshi, funny",ryanjpapi8,31700,False,US,#predictionmarkets,"kalshi, prediction_market","description, hashtags, transcript",YES,"I'm down $1,200 on Kalshi, bro. It's because you're still thinking Kalshi's about betting. But the reality is, if there's a guy that can take $50 and turn it into 6.5K in 13 days doing something different, then you're doing something wrong. And the problem is all these normies are still using Kalshi as a sports betting app when you need to be looking at it from a broader time horizon. If it was me, I would start with a small portfolio, pick one topic that I'm interested in. Maybe it's politics, maybe it's speeches. Then I'll literally study, for example, Melania Trump and Trump, what they be saying and what they don't be saying. Then I'll do no on all the stuff that they would never say and yes on the stuff that they will. And the best part is you're not going against any of these big hedge fund guys. You're up against egos, group chats, and timelines. So best believe if this guy could do it, you can too. And if you like putting your money where your mouth is, my friend knows one of the developers at the Kalshi team. He gave me this one-time code that will get you a free $10 on a $10 deposit. The link is in my bio, you don't wanna miss out."
7605873988098624770,https://www.tiktok.com/@whopsaves/video/7605873988098624770,1000$ on trump to sake fake news 😭💔#viralitypoly #fyp #football #polymarket #viral ,2026-02-12T07:15:49.000Z,100,7,2,0,896,18,"viralitypoly, fyp, football, polymarket, viral",whopsaves,0,False,DE,polymarket trump,polymarket,"description, hashtags",YES,"I can't lie, you might have to pay for this one."
7437504375284583722,https://www.tiktok.com/@benjaminzamoraus/video/7437504375284583722,🚨FBI allana vivienda del CEO de Polymarket por apuestas relacionadas a las elecciones presidenciales,2024-11-15T13:55:38.000Z,563,6,41,7,87600,70,,Benjamín Zamora,177300,False,US,polymarket biden,polymarket,description,YES,"The FBI finds the home of Pauli Market founder Shane Copeland in connection to the bets made prior to the presidential election. This morning FBI agents broke into Copeland's apartment, founder and CEO of the company. According to the New York Times and Bloomberg, the search in New York is related to a criminal investigation led by the FBI and the district attorney's office in southern New York. It is suspected that Pauli Market could have operated as a commodities market without a license, allowing users in the United States to bet illegally despite a previous agreement with the federal government. Agents seized Copeland's electronic devices, including his phone, in search of evidence. Pauli Market gained relevance for its probabilities on the presidential election, where it greatly favored Donald Trump over Kamala Harris. Copeland denounced on social media that this he said is a political reprisal by the outgoing administration. What do you think? Follow me so you don't miss the news and until next time."
7581096901710417175,https://www.tiktok.com/@thenumbersgame1/video/7581096901710417175,📊How Shayne Coplan went from FBI raids in his apartment to the worlds youngest billionaire at 27. #founder #entrepreneur #tech #billionaire ,2025-12-07T12:47:57.000Z,6600,588,1217,25,126400,89,"founder, entrepreneur, tech, billionaire",thenumbersgame,172000,False,GB,polymarket biden,"polymarket, prediction_market",transcript,YES,"One year ago, the FBI raided his apartment. Today, he's the world's youngest self-made billionaire at 27. Meet Shane Coplin. Born in 1998 in NYC, he was obsessed with markets early. At 14, he emailed the SEC asking how to build a marketplace. At 16, he walked into Genius HQ, one invited, and got hired. Dropped out of NYU after studying computer science. Bought Ethereum at ICO prices in 2014. In 2020, at just 21, he founded Polymarket, a prediction market built on smart contracts. And on Polymarket, you can bet on literally anything. Who wins the election? Will the Super Bowl go to overtime? Will Taylor Swift get married? During the 2024 election, users wagered $3.6 billion, and Polymarket correctly predicted the winner when pollsters couldn't. Overall, it has processed over $3.2 billion in trading volume. Then came the hit FBI raid November 2024. Devices seized. By mid-2025, all investigations dropped. Right after that, the biggest investors in tech lined up. Intercontinental Exchange invested $2 billion for up to 25% of the company, joined by Travis Kalanick, Dylan Field, Mark Pincus, Glenn Dubin valuation, $9 billion. Copeland Stake, 11%. Net worth, $1 billion. And the wildest part? Polymarket hasn't even launched in the US, and it's never turned a profit."
7619728673968557319,https://www.tiktok.com/@incenzee/video/7619728673968557319,"Prediction Market trader didn't think Biden would come up like this but he made money Prediction markets are something else. Bought 500 BIDEN at 20 cents expecting the Afghanistan withdrawal angle — ended up hitting anyway. This is why you pay attention to prediction markets. Follow for the best macro, crypto & prediction market clips. #kalshi #predictionmarkets #biden #crypto #macro",2026-03-21T15:18:54.000Z,10,,2,0,488,18,,Incenzee | Crypto,42,False,SG,polymarket biden,"kalshi, prediction_market",description,YES,"He said, sir, would you like to rest for a while before we have a meeting? I said, I don't have to rest. My name's not Biden. Biden there. I got 500 Biden at 20 cents. Yes. I was, that was not how I thought Biden was going to come up, but I thought it was going to come up for the Afghanistan withdrawal, but there we go. We got the Biden."
7452875753273756971,https://www.tiktok.com/@political.popcorn/video/7452875753273756971,Replying to @Wertha #biden #trump #polymarket ,2024-12-27T00:04:23.000Z,18,,0,1,740,14,"biden, trump, polymarket",Political Popcorn,27,False,US,polymarket biden,polymarket,"description, hashtags",YES,"What's up my girl Wertha? Sounded crazy to me too at first, but most presidents will attend their successors' inauguration. Only three presidents haven't. And that list is including Trump, who didn't attend Biden's inauguration. We'll see what happens."
7560793327390428423,https://www.tiktok.com/@jimmy.rodriguezm/video/7560793327390428423,"🔥 ICE (sí, la dueña de la Bolsa de Nueva York) acaba de invertir $2,000 millones en una app que te paga por adivinar el futuro… 👉 Se llama Polymarket, y así funciona: 🎯 Es una plataforma donde puedes apostar sobre eventos reales: – ¿Quién ganará las elecciones? – ¿Cuándo caerá la inflación? – ¿Cuántos tweets pondrá Elon Musk esta semana? Sí, literal. 💸 No funciona como una casa de apuestas clásica. Las probabilidades no las fija un casino, se forman con la oferta y demanda del mercado. Compras acciones entre $0 y $1 dependiendo de cuán probable sea ese resultado. Si aciertas, te pagan $1. ✅ Ganas la diferencia entre lo que pagaste y ese dólar. ✅ Pierdes si te equivocas. ✅ Ellos ganan el 2% de las ganancias. 💡 Lo más potente es que Polymarket no es solo apuestas... es un nuevo tipo de mercado financiero donde lo que cotiza son las probabilidades. Y ahora, con el respaldo de Intercontinental Exchange (ICE), que controla la Bolsa de Nueva York, su valor ya supera los $8,000 millones 🚀 📲 Polymarket funciona con criptomonedas y está marcando un antes y después en el mundo de las finanzas descentralizadas. #Polymarket #BolsaDeValores #ICE #Criptomonedas",2025-10-13T19:39:43.000Z,64,6,25,4,4106,89,"polymarket, bolsadevalores, ice, criptomonedas",Jimmy Rodriguez,20000,False,PE,polymarket desantis,polymarket,"description, hashtags, transcript",YES,"Intercontinental Exchange, New York Stock Exchange owners, will invest $2,000,000,000 in PolyMarket. What is PolyMarket? PolyMarket is a platform that is basically a betting house where people can invest or bet in real life events, from sports betting to, for example, how many tweets Elon Musk will make in a week. How does it work? PolyMarket is not a regular betting house. The fees are not set arbitrarily as a house, but are basically determined by the interaction of supply and demand. Each stock costs between $0 and $1 depending on the probabilities, and if you get it right, they pay you $1. So your profit is basically the difference between 1 minus the probability for which you bet. So if you bet on an event where the probability that it happens is 87%, that 0.87 is what the stock costs you, and they pay you $1. So the difference of 3 cents is going to be your profit. But how does PolyMarket make money? They charge 2% of each transaction earned, and also when someone loses, they don't get paid anything, they get paid $0. PolyMarket works with cryptocurrencies, and this is an important milestone for the industry. In fact, after this investment, the investment of ICE, PolyMarket has reached the value of $8,000,000,000. And now, with the support of the company that owns the New York Stock Exchange, PolyMarket ceases to be a simple betting house, and begins to become a market where probabilities are what are traded."
7522811766607318295,https://www.tiktok.com/@maricatrading/video/7522811766607318295,Cos’è il Polymarket? Un sito di scommesse su eventi futuri…🤩💸 . . . #tesla #musk #maricatrading #tradingonlineitalia #tradingitalia #tradingita #mercatiazionari #mercatifinanziari #volumetrica #teslastocks #polymarket ,2025-07-03T11:11:51.000Z,20,8,2,4,2172,126,"tesla, musk, maricatrading, tradingonlineitalia, tradingitalia, tradingita, mercatiazionari, mercatifinanziari, volumetrica, teslastocks, polymarket",Marica Guglielmi Trading,1761,False,IT,polymarket desantis,"polymarket, prediction_market","description, hashtags, transcript",YES,"Today we are going to make a video a little bit different than usual We are going to talk about Tesla Yes, we always talk about Tesla In fact, it's a different video than usual because I changed the framing Usually it's this one Well, as I said, we are going to talk about Tesla The bromance between Trump and Elon Musk went down the drain because of the BBB Trump's Big Beautiful Bill Well, Musk said that if he will be approved, the day after the approval he will found a new political party And this triggered the bet on PolyMarket where the forecast went up to 46% that Musk will found a new party by the 31st of December What is PolyMarket? PolyMarket is a prediction market It's a market where forecasts are made on future events using cryptocurrencies For example, will Ethereum reach $4000 by August? Or will Tesla reach $500 by the end of the year? I think so, eh? I think so, with my eyes closed PolyMarket is based on Polygon blockchain and transactions are made with USDC, which is a stablecoin It's used to test the Wisdom of Crowd and it's much more reliable than traditional surveys But not only, it's also used to speculate Anyway, Musk also made a survey on his profile, which is one of the most followed on social media He asked if he should found a new party, the American Party and 80% of people said yes We'll see if it will happen, I hope not I hope he won't focus on politics, but on Tesla If you want to stay up to date on the most interesting volumetric levels and see where I'm investing follow us on YouTube and on social media"
7610431186120314126,https://www.tiktok.com/@boardroom/video/7610431186120314126,"Tarek Mansour explains how watching Wall Street incorrectly price Brexit and Trump sparked the idea for Kalshi. From a regulation-first path to becoming the first federally regulated U.S. prediction market, the Kalshi co-founder breaks down why markets beat polls, how trust is built, and what success looks like long term. #kalshi #predictionmarkets #regulation #finance #success",2026-02-24T14:00:37.000Z,13,,5,1,615,116,"kalshi, predictionmarkets, regulation, finance, success",Boardroom,507600,True,US,kalshi election,"kalshi, prediction_market","description, hashtags, transcript",YES,"Really, this is about like, how about we build something that can price simple questions about the future? So the story of Cauchy, I went to MIT and I wasn't a very social guy. I was a little bit of a math nerd. And by that, I mean like a super big math nerd. I've just like always was enamored with like objectivity of math. There was like something beautiful about probabilities and numbers. And I got into the sort of this theory around prediction markets and there was some theories. So really it started with this economist Hayek in 1945. We talked a lot about this idea that information is surprisingly dispersed, non-central. We often make decisions in a centralized way. So you have a group of people like a government or a company that has very small percentage of the information they need to make a decision. But if they could have all that information that could be sitting in Hawaii or it could be sitting in New York or it could be sitting in Queens, anywhere, they would make better decisions. And the best way to bring that information is via market, is incentivize people to come and trade and participate to bring whatever information they have about something. Some people may be following Brexit and they are figuring out how their neighbors are feeling and they may come and trade it. And some people are, I don't know, Trump fanatics and they are thinking about how their neighbors might vote and they might come and trade it. I really love the idea because if you could build that market, one, it could be bigger than any of the other markets because more people will care, right? And you're seeing how much people care about prediction markets now because you get it, right? It's not very hard. Will it rain tomorrow? How much is it gonna snow in DC? The second thing is it'd be very useful because if you believe in markets, they're a very good way to aggregate the crowd wisdom. If we could build this thing, it would make us a little bit smarter about the future. Instead of like climate change is real, 100% everybody else is an idiot and climate change is a hoax, 100% it's a hoax, everybody else is an idiot, we'd come somewhere in the middle. Markets tend to not like, they're not as polarized, they're not as aggressively subjective. I didn't really think about being an entrepreneur. I was really gonna go work at Citadel and be a trader. But then the idea wouldn't leave me. It was just like, I just realized after a year or two, it's like, if I don't start it, I'm just gonna regret it for the rest of my life. So we decided to start and that's when the whole journey started."
7530017384506150158,https://www.tiktok.com/@whatsnextpolitics/video/7530017384506150158,What will the National Debt be at the end of 2025? #kalshi #politics #money ,2025-07-22T21:13:51.000Z,5,,1,5,374,43,"kalshi, politics, money",What’s Next,74,False,US,kalshi election,kalshi,"description, hashtags",YES,"Is the US debt set to explode this year? Now here's what's driving the surge. Donald Trump's big beautiful bill will add $3.4 trillion to the national debt over the next decade, mostly in tax cuts to the rich. The current debt is already at $36.6 trillion. Now even before the big beautiful bill passed, the Congressional Budget Office predicted that the total debt is on track to reach over $37 trillion. Now this is coming as for the first time ever, all three major credit rating bureaus have downgraded US credit below their top rating. With the big beautiful bill becoming law and borrowing surging, Cali's odds are flashing red on America's fiscal trajectory. Stay tuned."
7562622751635180831,https://www.tiktok.com/@podcasthighlight2/video/7562622751635180831,The Owner of Kalshi said EVERYONE wanted Betting Legalized EXCEPT The Government 🤔 #kalshi #fyp ,2025-10-18T17:58:59.000Z,9,,0,0,758,24,"kalshi, fyp",Podcast Highlights,32400,False,US,kalshi election,"kalshi, prediction_market","description, hashtags, transcript",YES,"And then we realized that this was not allowed in the U.S. And we looked at the history of these markets and some of these true prediction markets are actually this notion that a lot of people have been excited about for a long time. People wanted these to exist. So what we decided to do is we wanted to address that elephant up front. We're like, if we wanted to build this company, we have to build everything regulated up front. We will literally go to the federal government and subject ourselves and say, we want to get regulated and we'll bang our head against the wall until you regulate us."
7433917455149370670,https://www.tiktok.com/@odaatgamblingawareness/video/7433917455149370670,"#stitch with @Daily Mail the reality of gambling on the election is that we are going to see many people believe that if they are not gambling, it is abnormal. We are raising a generation of addicted gamblers ##addictionrecovery##gambling##gambletok##kalshi##election2024##2024##gamble##casino##sportsbetting##addiction##fyp##viral",2024-11-05T21:56:32.000Z,62,6,5,4,3295,63,"stitch, addictionrecovery, gambletok, kalshi, election2024, 2024, gamble, addiction, fyp, viral",odaat_gambling_awareness,101200,False,US,kalshi election,kalshi,"description, hashtags",YES,"12,000 on Harris, 7,000 on Trump, 4,000 on Harris, 5,000 on Harris. My concern isn't that gambling on the election is a waste of money, because it is. And if you don't know that, then you're just lying to yourself. But that's with all kinds of gambling. My concern is that we're normalizing the idea that everything on our planet is to be gambled on. And people as young as 8, 9, 10 years old are seeing their family gambling on the election, and that's how they're growing up. To me, to people who have been alive for a while, this is really strange, right? We're taking bets on who's going to be the president of the most powerful country in the world. That's weird. But to someone that's growing up with it, it becomes normal. And when it becomes normal, it becomes expected that you will do it. Now all of a sudden, we're going to see a generation of addicted gamblers being raised, where everything has to be gambled on, or it's weird. And that is the underlying problem. Of course it's a waste of money. Who the hell knows what's going to happen? All I know is we're going to end up with a ton of gambling addiction over the next couple of decades."
7433587196390772014,https://www.tiktok.com/@cooler.cats4/video/7433587196390772014,OUR 🔒🔒🔒 FOR THE ELECTION #kalshi #election #kamala #trump ,2024-11-05T00:34:58.000Z,65,10,8,8,1225,178,"kalshi, election, kamala, trump",coolercatss,29,False,US,kalshi election,kalshi,"description, hashtags",YES,"Hey guys, here's our top 5 locks to make a little extra cash on election day. Okay first one we got Virginia. I'm slamming Kamala on this one. Trump, you know he outperformed polling both in 2016 and in 2020 and you know pollsters are really adjusting to that in you know all the states. Still they have Kamala winning Virginia pretty comfortably. You know only a 13% return but you know make 13% every day you'll be a billionaire. So I'm taking Kamala here. Next up we got Kamala popular vote. I mean this is pretty self-explanatory. The Democrats have won the popular vote the last four elections and also LeBron is endorsing Kamala so I feel like 25 cents to the dollar for that is pretty good value. This next one will Trump win a deep blue state? This is my lock for this election. I'm slamming the no on this one. If you look at the states that compromise this category Trump didn't win any of those states in 2016 or 2020. So if you pick the yes on this one you're thinking that he's you know going to do something that he hasn't done the past two elections and also in 2016 and 2020 pollsters were not adjusting their polls as much for Trump whereas now they are and they're also not really showing him winning in any of those deep blue states that this bet you know sort of describes. So this is my lock free 22% here taking this every day of the week. We're also going to be throwing no party is going to win or sweep all the swing states. Polls are saying this is one of the closest elections in a very long time so I just don't see Trump or Kamala sweeping all the swing states here. Okay so my home run of the election who will win North Carolina? I'm taking Kamala here. I think this is your best chance to make a 2x or 3x instead of like a 15 or 20% return. You know polls are showing that Stein is up against Robinson 15 in the governor race. So you know for Trump to win this state you're going to have to assume that there's a ton of split ticket Republicans which just might not happen. And you know he still might not he still might win the state but at these odds I think Kamala is looking really good as a bet especially when you consider New York Times Sienna just dropped yesterday saying that she's up 2 in the entire state. So if you're looking for a home run pick I'd take this one. I think the odds are really good. Also obligatory these are not our political opinions or financial advice. This is just this is just how we're betting on the election as we're trying to make some extra cash. But yeah best of luck best of luck. We're degenerates and this is EV positive plays in our mind. Exactly it's all EV. That's all. So yeah."
7615198227234835733,https://www.tiktok.com/@updates.daily7/video/7615198227234835733,"🔥✨Breaking News: An economist has turned a bold prediction into a massive payday. Alan Cole reportedly wagered his entire life savings — $342,195.63 — on the prediction market Kalshi, betting that Elon Musk would fail to reduce U.S. federal spending through his proposed Department of Government Efficiency initiative. The contract was designed to pay out if federal spending in 2025 exceeded fourth-quarter 2024 levels — which it ultimately did. After final spending figures were released on February 20, Kalshi paid Cole approximately $470,300, delivering a profit of about 37% on his original wager. The high-stakes bet highlights the growing influence of prediction markets, where participants risk real money on the outcome of political and economic events. 📊💰  #everyoneシ゚viralシviralシfypシ゚viralシalシ #viralnow #viralnews #viraltrend #viraltrending ",2026-03-09T10:18:35.000Z,17,,2,3,622,6,"everyoneシ゚viralシviralシfypシ゚viralシalシ, viralnow, viralnews, viraltrend, viraltrending",Updates Daily,437,False,NG,kalshi election,"kalshi, prediction_market",description,YES,"Breaking news, a man has bet his entire life savings of $342,000 on Elon Musk's chances of failure."
7560757759772232982,https://www.tiktok.com/@ordinary.academic/video/7560757759772232982,"Stop scrolling! Is this investing or just high-stakes gambling? Prediction markets (like the CFTC-regulated Kalshi and crypto-native Polymarket) are booming, allowing people to trade contracts on future events like elections, sports, or macroeconomics. These markets claim to aggregate information efficiently, leveraging the ""wisdom of the crowd"". Historically, prediction markets, such as the Iowa Electronic Markets (IEM), have proven to be more accurate than traditional polls, particularly for long-term forecasts. Key platforms have distinct structures: • Kalshi is regulated as a financial exchange under the Commodity Futures Trading Commission (CFTC), operating legally in the US with high liquidity and offering interest on cash balances and open positions. • Polymarket is a decentralized prediction market, using USDC stablecoin, which has previously operated outside US regulatory approval (though recent legal movements suggest changes are coming). Advocates argue that success in these markets relies on skill, research, and finding arbitrage opportunities, differentiating it from games of pure chance. What do you think? Are you betting on the future, or just betting? #PredictionMarkets #Kalshi #Polymarket #Investing #Betting  ",2025-10-13T17:21:40.000Z,10,1,1,0,413,399,"predictionmarkets, kalshi, polymarket, investing",An ordinary academic,39,False,GB,kalshi midterms,"kalshi, polymarket, prediction_market","description, hashtags, transcript",YES,"Today, we're diving into one of the most fascinating corners of the Internet. It's a place where people literally put their money where their mouth is to forecast the future. We're talking about prediction markets, and we're going to figure out, are they a powerful tool for finding the truth, or are they just a new kind of casino? Okay, let's just jump right in with a question that feels like it's ripped straight from today's headlines. Will we see a massive leap forward in AI this quarter? I mean, it's a question with a real, verifiable answer. Eventually. But what's the probability right now? Is it 30%? 60%? And that is where things get really interesting. What if, instead of just guessing, you could actually buy and sell shares based on what you think the answer is? Well, that's the core idea that powers everything we're about to explore. So let's start with the absolute fundamentals. Prediction markets, you know, they're not about some vague speculation. They're actually structured venues designed to turn future events into something tangible, something you can trade. So what is a prediction market exactly? Well, at its core, you're trading contracts tied to a very specific outcome. So imagine a contract for, yes, to our AI question, is trading at, say, 60 cents. That price isn't just a random number. It's the market's collective guess. It implies a 60% probability of that event happening. Now, if you're right, your 60 cent contract becomes worth a full dollar. If you're wrong, it's worth zero. It's really that simple. And this is a brilliant way to think about it. Instead of trading shares in a company like Apple or Google, you're trading shares in an outcome. Will inflation be above 3% next month? Will a certain movie win best picture? These real world events literally become assets with a price that moves as new information comes to light. All right, let's tackle the elephant in the room, the big question everyone asks. Isn't this just gambling? And look, it's a fair question. But when you look at the mechanics, you start to see some really fundamental differences. Let's break it down. OK, check out the key difference right here. In traditional betting, the house, the casino, sets the odds. You either take them or you leave them. In a prediction market, you, the participants, discover the price through your own buying and selling. But here's the real game changer. You are not locked in. If new information comes out, guess what? You can sell your position. This totally transforms it from a simple bet into a dynamic tool for gathering up information. This quote from a user really gets to the heart of this wisdom of the crowd idea. When there's actual money on the line, people tend to express what they truly believe will happen, not just what they hope will happen or what they think they're supposed to say. It has a way of filtering out all the noise. So where can you actually do this? Right now, the landscape is basically split into two main camps, and they're defined by how they deal with regulation and technology. So on one side, you've got platforms like Kalshi. It's regulated by the CFTC here in the US. That gives you legal clarity, a sense of security. But then on the other side, you have decentralized platforms like Polymarket, which are built on the blockchain. This opens the door to pretty much anyone, anywhere in the world, but it means you're operating in the world of crypto wallets and self-custody. It's a classic trade-off really, regulation versus freedom. So yeah, the bottom line is this philosophical divide. Your choice really depends on what you value more, the protections that come with a regulated system or the open global nature of decentralized finance. It's kind of like the difference between a traditional stock brokerage and crypto exchange. So let's zoom in on that decentralized side for a second. Why even go through the trouble of putting a prediction market on a blockchain? What's the actual advantage? Well, first, there's something called trustless settlement. It's a fancy way of saying a smart contract, which is just a piece of code, handles all the payouts automatically. No middleman needed. Second, you get global access. Using crypto tokens means anyone, anywhere can participate, even with tiny amounts of money. Third, user security. You hold your own funds in your own digital wallet. The platform can't touch them. You are literally your own bank. But of course, it is not a perfect system. Not by a long shot. Both regulated and decentralized markets face some pretty significant challenges that we need to be really clear eyed about. The biggest shadow hanging over all of these markets is regulatory uncertainty. I mean, the rules are still being written as we speak. Then there's the problem of thin liquidity in smaller markets. It's like trying to trade stocks in a ghost town. And of course, there's always the risk of manipulation. And finally, and this is a big one, how do you decide the final outcome? If the source for the final answer isn't crystal clear, the whole thing can just fall apart. But, you know, maybe the biggest hurdle of all is just perception. To a lot of people, this whole thing still just feels like a novelty, like a really complicated way of betting on the Oscars. Overcoming that image and really showing its value as a forecasting tool, that's the key to wider adoption. So what does the future hold? What's it going to take for these markets to move from being a niche hobby for finance geeks and crypto enthusiasts to being a mainstream tool that everybody uses? Well, I think it boils down to three main things. First, you need clear rules of the road from regulators. No more guessing games. Second, you'll need to see them integrated into the apps you already use every single day. And third, they have to be as dead simple to use as placing a bet on a sports game, but with all the power of a real trading platform underneath. And this quote is the perfect way to think about their ultimate purpose. The goal isn't to create some flawless crystal ball that never gets it wrong. The goal is to create a system that rewards people for finding and incorporating good information into the market price faster than anybody else. So here's the big takeaway. Think of it as a living, breathing pole, one that's constantly updating in real time as new information comes out. And the financial incentive, the skin in the game, that's just the mechanism that keeps the whole conversation honest and focused on what's real. Which brings us right back to our central question. As these platforms get bigger and more influential, are they going to become an indispensable tool for understanding the world and cutting through all the noise? Or do they risk becoming a new, powerful way to shape public perception itself? That is the billion-dollar question that the future is going to have to answer."
7459490483375492395,https://www.tiktok.com/@redfoxliz/video/7459490483375492395,Getting worried about the TikTok ban?? Well tune in to The Claman Countdown at 3PM ET today to hear all about the potentinal saving grace… Frank McCourt joins me live… See you soon! 📈📉🦊💰#fyp #stocks #stockmarket #fintok #investing #learnontiktok #tiktokban ,2025-01-13T19:53:02.000Z,464,19,14,31,8703,89,"fyp, stocks, stockmarket, fintok, investing, learnontiktok, tiktokban",Liz Claman,240300,True,US,kalshi odds,prediction_market,transcript,YES,"In fact, Congress passed a law in April that requires TikTok, which is China-based, to find a new U.S. owner by January 19th or, lights out, it gets shut down. Everybody calm down or I'll spray you with this compressed gas for keyboards. Right now, the Supreme Court, yes, those people who wear those long black gowns and look very important and make decisions about the law, they have agreed to hear arguments about the ban's constitutionality. The prediction market, called Cauchy, they let people make all kinds of bets on the odds of certain outcomes. For the moment, they're betting on this and things don't look that good for TikTok. Look right now, the odds the Supreme Court will rule in favor of TikTok on this Monday morning, just 14%. These numbers are constantly changing. However, at this hour, there are a couple of white knights who could swoop in and possibly fix this. Canadian venture capitalist and Shark Tank's Mr. Wonderful, Kevin O'Leary, has teamed up with billionaire Frank McCourt, who also, by the way, used to own the L.A. Dodgers. They potentially have the best shot at scooping up and perhaps saving TikTok because they have secured financing, they've gotten some investors, and the green light from the White House to at least try. One tiny problem, ByteDance, the parent of TikTok, says, thing ain't for sale. But Frank McCourt has a plan. Want to hear it? He joins me live, 3 p.m. Eastern, on my show, The Claimant Countdown on Fox Business. Tune in."
7434040638615637278,https://www.tiktok.com/@andy.the.banker/video/7434040638615637278,The robinhood election market has been so volatile yet so exciting this past days #election2024 ,2024-11-06T05:54:59.000Z,40,,8,1,1916,68,election2024,andy.the.banker,44300,False,US,betting odds election,betting_odds,transcript,YES,"In just one day, you can see how much the premiums have changed compared to yesterday and today for Trump and Harris premiums on their contracts. Now with this being said, I think one of the biggest reasons why Trump is in the lead is because of this particular state, Pennsylvania. Now Pennsylvania is special because Pennsylvania has a considerable amount of electoral college votes and it's a battleground state. Whichever candidate wins Pennsylvania, in my opinion, is going to win the presidency because when you don't have Pennsylvania, it becomes extremely difficult for each candidate to win and because right now Trump is in the lead for Pennsylvania, I can see why the betting odds on Robinhood is leaning more towards Trump as compared to Harris. Now what will change this? If for some reason the mail-in votes or there's more votes that come in to Harris, yes you can definitely see the betting odds swap the other way, but in my opinion, Pennsylvania state is the one that's going to make or break for this Robinhood betting odds."
7424950784229510432,https://www.tiktok.com/@electrictimenews/video/7424950784229510432,Part 2 SHOCKING NEW 2024 Electoral Map Based On Betting Markets#2024 #election #breakingnews #news #politics #democracy #trump #harris #trump2024 #foryou ,2024-10-12T18:01:16.000Z,30,,6,2,4616,180,"2024, election, breakingnews, news, politics, democracy, trump, harris, trump2024, foryou",Electric Time News,45600,False,US,betting markets election,"betting_market, polymarket","description, transcript",YES,"winning so the state is going to be likely red, while Hawaii is going to be safe blue. Moving up now to the Midwest, where Kamala Harris has to win a majority of the Rust Belt states if she wants to have any chance at getting to 270 electoral votes. She'll need Minnesota, Illinois, Wisconsin, Michigan, and Pennsylvania to win the presidency. And just a few weeks ago, the betting markets had her winning all three of these races, but today, that couldn't be further from the truth. Starting off in Minnesota, Kamala Harris has just a 91% chance at winning. That may seem high, but this is not where she needs to be. In fact, Minnesota is a state that hasn't gone red since 1972. It's a state that Joe Biden won by a likely margin in 2020, but today, Kamala Harris leads in the polling by just 4%, even though her running mate is literally Tim Walz, the governor of Minnesota. And so considering all the advantages she has here, a 91% chance is not high at all. So the state is going to be likely blue on our map, but Kamala Harris should be worried about her performance in the state. In neighboring Wisconsin, Trump has officially flipped the state. Looking at the odds, it's essentially 50-50, but you do see Trump's number appearing on top. This is the first time Trump has been ahead in Wisconsin since early August. If you look at the one-day graph, he's essentially been ahead throughout the entirety of the day, but of course, the market moves ever so slightly every few hours. But as of right now, Trump is in the lead in Wisconsin. Looking at the polls, Harris still maintains a 0.4% lead, but we have eight new polls from the state. Three of them show Trump ahead, three of them have Harris ahead, and the two most recent polls are projecting a tie. The polling average in Wisconsin is likely to flip back over to Trump soon, just like Michigan flipped to Trump yesterday and Pennsylvania about a week ago. And so on our map, Wisconsin is going to be tilt red, according to PolyMarket, for the first time in over two months. Before I continue, nearly 80% of you guys are not subscribed, so please take the time to subscribe right now for more content like this leading up to the election in November, and join my Discord server to chat with me personally. Link in the description below. Next up, in Michigan, things couldn't be worse for Kamala Harris. Keep in mind, this is the most liberal of all the swing states. Joe Biden won it by 2.8% in 2020. He didn't win any of the other six battlegrounds by a larger margin. And looking at the polling average, Trump has taken the lead. He's ahead by nearly 1%. Virtually every single new poll has the former president ahead. If Kamala Harris can't win Michigan, she is going to go down in a modern-day landslide. And according to the betting markets, Trump has taken the lead back. He is now the favorite, with a 52% chance to win against Kamala Harris's 49. And this really is monumental. It's the first time that Republicans have led in the Wolverine state in the"
7433940689144057118,https://www.tiktok.com/@shopwithchris06/video/7433940689144057118,Replying to @The candy wizard man there is a reason the election happens for the final say because lets face it.. there is no 100% way to project the outcome. But prediction markets have historically been close as to the outcome projections of a given election #trump #harris #election #greenscreen ,2024-11-05T23:26:51.000Z,179,8,18,17,17400,58,"trump, harris, election, greenscreen",Pol and Pop with Chris,9843,False,US,betting markets election,prediction_market,"description, transcript",YES,"We've gotten a lot of comments recently that prediction markets are not an accurate representation of actual projections. Let's debunk it. So as we know, last night, the election predictions closed with Trump in favor by about 63%. Now as we know, in relatively recent history, prediction markets like Polly Market have been historically accurate 10 out of 11 times. But this commenter is right. It is not a poll. So let's talk about polls. Let me ask you this. If you're an American citizen, has somebody ever came up and asked you, who are you voting for? I am recording this for a national poll. No one's ever asked me. Recent history has proved that polling is not necessarily the most reliable source, as it projected Hillary Clinton to beat Trump by 98%. We know that didn't happen. Similar to prediction markets, polls are an estimate. Think of it this way. You have a thousand people in your city. You have election officials that poll 100 people. Those 100 people now represent the 1000 people. Not necessarily 100% accurate. Follow me as we get through this election. Let's do it."
7556696519324306743,https://www.tiktok.com/@stevenrichardma/video/7556696519324306743,Tucker Carlson running for president in 2028? Betting markets believe Tucker is laying the groundwork for a presidential campaign & he is climbing up the list of names. #fyp #news #politics #tuckercarlson ,2025-10-02T18:42:34.000Z,855,102,73,96,16100,118,"fyp, news, politics, tuckercarlson",Steven Richard,32300,False,US,betting markets election,"betting_market, polymarket","description, transcript",YES,"Betting markets now believe that Tucker Carlson is laying the groundwork for a 2028 presidential run. Now, this is something that you can literally bet on right now. These betting markets like poly market have quietly added Tucker Carlson to the list of candidates that you can bet on. And his name has slowly, but surely been climbing its way up the list. Now this is all happening because people are starting to notice that his speeches and messaging have shifted. He's now starting to hit themes that resonate across party lines and even into the socialist category, as crazy as that may sound. This all started about two months ago when Tucker Carlson spoke at a turning point USA event before the assassination of Charlie Kirk. And the things he was saying doesn't quite align with your traditional conservative audience. The first thing he said was the U S economy is not nearly as strong as our current leadership makes it seem. He said that our current leadership tends to point at the GDP to determine whether the U S economy is doing good or bad. When in reality, the average American can't even come close to affording a single family home. He said that alone should be a telltale sign that the U S economy is struggling and big change needs to happen. Now, what I found most notable in this speech was him talking about the banking industry in America and how it only appeals to the top 1%. I mean, where have we heard those talking points from before? Tucker said the way the banking industry works in America is if a uber rich individual borrows money from a bank, they can actually negotiate the terms because the borrower is in more position of power than the lender. But if your average day-to-day American maxes out a credit card at 30%, then they'll just take your house and put you in bankruptcy. And he actually said that the other 99% of people in America, the middle to lower class should be protesting credit cards and refusing to pay them back to send a message to the banking industry. Now, this is like Bernie Sanders socialist type talk, and he's doing this on stage at a turning point USA event. Now, this is why Tucker Carlson's name is popping up on these betting markets for a 2028 campaign run. This is classic pre-campaign rhetoric, populist, bipartisan, and focused on issues that voters care most about. So my question is, would you consider voting for Tucker Carlson in 2028, whether he runs as a Republican, a Democrat, or some third political party?"
7568563461140188439,https://www.tiktok.com/@lh4nj089/video/7568563461140188439,Polymarket_Says_Trump_MAY_Say_The_N_BOMB_In_INSANE_Betting_Market_Tim_Pool_Part_3,2025-11-03T18:11:46.000Z,0,,0,0,104,252,,T>I>M>C>A>S>T>,9952,False,US,betting markets trump,polymarket,description,YES,"excluding written content or mispronunciation like nuclear amid Trump's public record, showing no verified instance of the term. X-reactions blend sarcasm confusion over nuclear references and widespread bet against the outcome highlighting the platform's role in politicizing wagering."" Okay, here's the problem. So if we, here's why this is interesting. In common parlance, we never actually say what the N-word is. It's wrong and it's offensive. And so what is the N-word? Why were you to ask our friends at ChatGPT, it'll just say N-word is a slur. Really? So if I said N-word like that, I'm sorry. No, no, no, no, no. The N-word is a reference to a word that begins with the letter N. Well, which is it my friends? Which word do you refer? Here's the problem. Thanksgiving, what will Trump say in November? Thanksgiving, what does that mean? What word does that represent? If the argument is that every single word or phrase in this list must be spoken verbatim, then N-word is not the slur, but the phrase N-word, which makes sense that people are buying shares of it because Trump says this. However, Polly Market wrote the N-word, which is a reference to the slur, to which X actually wrote, or I would argue this is probably Grok, uses the N-word and he must utter the racial slur. Y'all are in trouble. Polly Market, you gotta come out and clarify this and you gotta clarify what word is and is not included in this. But Tim, you say, that means Polly Market will have to actually tweet out the N-word. Indeed, they will have to. And that's the game that they chose to play. Polly Market, listen, I'm not gonna play this game. I don't buy this stuff, but I'm willing to bet there's gonna be people who bought this because they thought it was the slur. So they bought no at 80 cents. He won't say the N-word. I can't believe 22 cents to say he would say, that's crazy. That's a 0%. Trump's not gonna spit out a racial slur. It's not gonna happen. The problem is if I buy no, because there's no way Trump's gonna say a racial slur, and then Trump says N-word for nuclear and you tell me I lost, uh-uh. I am playing that game and I don't think many people would. They got themselves a problem. The point is this, on X they said the N-word, which if you ask any system, any AI, any dictionary, the N-word refers to the slur. However, Polly Market itself just says phrase N-word. And the rule is uttering the listed term. So IQ test, waitress, ice cream. Would ice cream resolve if, no, no, no, no, no. No, ice cream's a reference to chocolate ice cream. Doesn't say that, just says the phrase ice cream. Elon or Musk, Tylenol, Ethiopia, there's only one veiled reference. So I'm gonna say it like this. The problem we face in this country is that people will not say what N-word really means. Now, I'll be honest with you. I'm not gonna say it on YouTube and get the video just taken down because the ideas that I'm trying to convey to you wouldn't be conveyed to you. Polly Market is their own platform. They can publish the word and say, Trump will say this phrase. We can't live this way if you're not allowed to describe what the word is. And so I throw some shit at YouTube. I have no desire to insult a person based on their race. But the idea that you can't describe the word without getting banned, censored, or otherwise is problematic for trying to describe what's happening in this country. But hey, you do you, YouTube and Polly Market and whatever. And I'll tell you this. If Trump says nuclear, well, hold on, hold on. They wrote N-word, right? Trump says the N-word is nuclear. So the question is, is N-word on this list innuendo? If it is, whose? Because Trump has repeatedly said N-word means nuclear, not the slur. So which is it? That's why they in trouble when they go on X and they put the racial slur. We'll see what happens. I don't know, funny either way. Smash the like button, share the show. Thanks for hanging out. We'll see y'all in the next segment."
7424291584545524997,https://www.tiktok.com/@electorial_lens/video/7424291584545524997,#election2024 #donaldtrump #kamalaharris #maga #polling #vote #votered #voteblue #polymarket #jdvance #debate ,2024-10-10T23:23:20.000Z,21700,995,1225,959,184500,,"election2024, donaldtrump, kamalaharris, maga, polling, vote, votered, voteblue, polymarket, jdvance, debate",Electorial Lens,237,False,CA,who will win election odds,polymarket,"description, hashtags",YES,"I had a little, little love Yeah, I had it, couldn't be alone Yeah, but if we'd been real though Now I would never feel alone I said a German a gun, and I could do it for free I said a German a gun, and I could do it for free"
7433341786703105322,https://www.tiktok.com/@andres.mth7/video/7433341786703105322,What are we actually going to do #polymarket #trump #harris #election #Vote ,2024-11-04T08:42:59.000Z,40,,4,5,5749,14,"polymarket, trump, harris, election, vote",Andres Mth,60,False,US,polymarket election night,polymarket,"description, hashtags",YES,"In just a few hours, we went from this to this. About a week ago, Trump was predicted to win by over 80%. What are we actually going to do? There's less than a day left for the election."
7434055652500180267,https://www.tiktok.com/@hdjsjypsnif/video/7434055652500180267,"R; $1,468,777,947 Vol. D;$996,982,766 Vol. #Trump #Kamala #Marketing #Polymarket #presidentialelection #2024",2024-11-06T06:52:55.000Z,75,,2,12,6090,,"trump, kamala, marketing, polymarket, presidentialelection, 2024",🍯,1,False,US,polymarket live election,polymarket,"description, hashtags",YES,"[""Pomp and Circumstance""] [""Pomp and Circumstance""]"
7437252978911939886,https://www.tiktok.com/@kennyjames.co/video/7437252978911939886,Update In FBI Raid Of Polymarket CEO’s Home #Polymarket #fbi #trump #news #election #france #unitedstates ,2024-11-14T21:40:04.000Z,8004,1211,980,254,133600,111,"polymarket, fbi, trump, news, election, france, unitedstates",Kenny James,29000,False,US,polymarket 2024,polymarket,"description, hashtags, transcript",YES,"Okay, so this is a news update. We now have more information about the FBI raid yesterday. So as I reported yesterday, the FBI raided the home of the founder and CEO of Polymarket, which is an online betting and trading platform. To be very clear here, reports are saying that it was illegal for them to operate in the United States and people may have been using VPNs in order to wage bets. Now, reports are also alluding to why people felt so strongly that Donald Trump would win in order for them to wager bets in the millions. Reports are coming out that a gambler made $85 million betting on Donald Trump to win the presidency. Now, reports are also detailing information that while presidential forecasts had the race between Trump and Kamala Harris as a toss up, bets on Polymarket showed Trump favored to win, which the now president-elect boasted about on his truth social. Now, this is noted two weeks before the election. Now, getting back into the financial details, a man named Theo from France placed more than $70 million on bets that Trump would win the electoral college and that the popular vote across his 11 accounts, all of which he had unassuming names, is very concerning to authorities. The response coming from the corporate communications team at Polymarket is a little sus. Now, a spokesperson from Polymarket categorized this as political retribution by the Biden administration, and I quote, it's discouraging that the current administration would seek a last ditch effort to go after companies they deem associated with political opponents. That sounds to me like a hit dog will holler. And this is what people talk about when they talk about tech pro culture, opposed to releasing a normal corporate statement like, while we do not agree with the assessment, Polymarket strives to follow the rules and the laws and the territories that we operate in, period. So I don't know guys, I'll keep you updated when more information comes out. But as always, I would like to know what you think. Make sure to comment and share down below."
7595471527420661014,https://www.tiktok.com/@user87088151465743/video/7595471527420661014,The SHOCKING 2026 Election Map Based On The Newest Polls! part1#news #polls #2026,2026-01-15T09:30:00.000Z,2,1,0,0,678,180,"news, polls, 2026",user87088151465743,311,False,US,election odds 2026,betting_market,transcript,YES,"Wisconsin are not going to be nearly as close starting off in Minnesota. Tim Walls is on track to win a third term. He was, of course, Kamala Harris is running mate in 2024. He did not perform very well on the national level, but he is popular enough in his home state to win reelection. He leads by five points in the polls against Republican Scott Jensen. Minnesota is going to be likely for the Democrats. Wisconsin will also be likely blue. And here we have Mandela Barnes, the incumbent lieutenant governor, running for the governorship after serving eight years under Governor Tony Evers. He leads by six points against Tom Tiffany, his main Republican opponent. And Tony Evers narrowly won reelection in 2022 is a big surprise. Many people expected Tim Michaels to unseat him. However, Tony Evers was able to squeak out a 3.4 percent victory. Wisconsin remain blue. And according to the data thus far, it is likely to remain blue after the next midterm cycle. Wisconsin will also be likely for the Dems down in Iowa and Illinois. We have two incumbent governors that are not eligible to seek reelection. We have Kim Reynolds in Iowa and JB Pritzker in Illinois. However, they will be succeeded by members of their own party. Iowa will be likely red. Illinois will be likely blue, especially after Kamala Harris's disaster of a performance here in 2024, winning the state by just 11 points compared to Biden's margin of 17 just four years prior. And so we're not going to move on up to Michigan. This is the big race that we have in the Midwest. Wisconsin and Pennsylvania are not likely to be overly competitive. Michigan, though, is going to be the closest of them all. And like I said earlier, Republicans just took the lead in the battle for the governorship in the Wolverine State. John James now leads by 0.2 percent against his main Democratic opponent, Jocelyn Benson. We also have Mike Dugan, an independent, in the race. His odds here are very low. But John James is a current member of Congress. He also ran for the U.S. Senate in 2020. He actually came very close to winning, almost unseating incumbent Gary Peters, who is actually retiring now. And a big reason for that is probably because of how well John James performed five years ago. But on the Democratic side, we have Jocelyn Benson, the current secretary of state of Michigan. And ultimately, Republicans are in a very good spot for now. However, Democrats do have the upper hand. It is generally more of a left-leaning state. And looking at the betting markets, Democrats have a 65 percent chance of winning, Republicans at 19. The odds are a little messed up right now. That's why they don't add up to 100. However, Republicans do have around a one in four chance generally. This is going to be a very competitive race. But for now, Republicans are in a good spot and based solely on the polling data. Michigan will be the second flip on the map for the GOP, as incumbent Governor Gretchen Whitmer will make way for Republicans."
7612437327213808909,https://www.tiktok.com/@bet_on_alex/video/7612437327213808909,Did you bet the SOTU parlay? #polymarket #kalshi #predictionmarkets ,2026-03-01T23:45:10.000Z,65,1,3,4,1419,70,"polymarket, kalshi, predictionmarkets",bet_on_alex,9,False,US,#polymarket election,"kalshi, polymarket, prediction_market","description, hashtags, transcript",YES,"Forget the pundits and the polls. If you want to find out what actually happened at Trump's State of the Union, follow the money. We just saw over $17 million wagered on Trump's speech across Cali-Sheehan Polymarket. This wasn't just a speech, it was a big money parlay. If you bet the over for duration of the speech, you had a very good night. Markets priced a 78% chance the speech would break 100 minutes. Trump didn't just break it, he shattered the record. One hour and 47 minutes. That officially beats Bill Clinton's year 2000 record by almost 20 minutes. Then there were the word mention bets. Because the US men's team just took Olympic gold, hockey was an 89% favorite for a mention. Trump gave the shout out, bidders cashed out. Now let's get weird. One of the most active markets? Whether Trump would drink water. 81% said no shot. They were right, not a single sip. And for the long shot hunters, someone bet $62,000 on whether Trump would say the word discombobulator. He didn't. Sorry to that yes holder. Meanwhile, viewership tanked to 27.8 million, just like the markets predicted. For this year's State of the Union, prediction markets were the ultimate spoiler alert. Did you trade on any of these markets? Let me know in the comments."
7433562682336251178,https://www.tiktok.com/@trending_with_ty/video/7433562682336251178,Calling the election right here first! #vote #election #polymarket ,2024-11-04T22:59:48.000Z,2174,124,163,112,131000,19,"vote, election, polymarket",trending_with_ty,2727,False,US,#polymarket election,polymarket,"description, hashtags, transcript",YES,"All right, guys, less than seven hours left. I can call the election right here, right now. And we're gonna have to give it to Donald Trump. 60%, he's been marching through the polls today, according to Polymarket. I think, sorry Kamala, I think we're gonna see Trump in office tomorrow. That's my prediction."
7429466954194357547,https://www.tiktok.com/@worldupdatez/video/7429466954194357547,Go to Polymarket for more! #election #election2024 #currentevents #polymarket #predictions,2024-10-24T22:06:18.000Z,28,,4,1,1665,15,"election, election2024, currentevents, polymarket, predictions",World Updates 🌎,275,False,US,#polymarket election,polymarket,"description, hashtags, transcript",YES,Predicting the U.S. election just became so easy with this new app called PolyMarket. It shows real-time predictions of what people think is going to happen on live events like the election. And it has real poll numbers from over the past year and has comments from people that gives you insight on how they're going to vote. Make sure to go check it out at PolyMarket in the App Store.
7613094618229476639,https://www.tiktok.com/@itsreallycameron/video/7613094618229476639,Polymarket predictions ,2026-03-03T18:15:39.000Z,3,,0,0,242,29,,itsreallycameron,1861,False,US,#polymarket election,polymarket,description,YES,here are the latest senate nominations on march 2nd 2026 and there's still no sign of kevin warsh the person trump allegedly is going to nominate he put out a true social post but now his odds are all the way down to 93 if he doesn't get nominated as fed chair this will be an insane upset because i know so many people have all their money tied up and kevin warsh being and being nominated look at half a billion dollars in volume on this market alone that is crazy
7426448104817380654,https://www.tiktok.com/@jenidean/video/7426448104817380654,#greenscreen #polymarket #trump #harris,2024-10-16T18:51:38.000Z,60,2,5,40,2880,80,"greenscreen, polymarket, trump, harris",Jeni Dean,63800,False,US,#polymarket election,polymarket,"description, hashtags, transcript",YES,"I'm seeing this all over the internet. So I thought I'd post it here and ask your opinion. What do you think? Do you think this is true? You think Trump's ahead? 59.5% to 40.3% on Harris. I don't know man. That seems uh, that seems pretty crazy to me, but I think it has something to do with Betting maybe I'm not sure what poly market is. Um, yeah, I am so uninformed on this post. Trust me I just saw it a few times if you're I bring it up here to see if you guys have an opinion on it I mean, why not? That's what tick-tock is all about. I'm not the expert on this all the time I mean if I look into something I'll come on here and give my hardcore opinion on it But on this particular one, I just saw it about ten times something. Is this real? My phone is going off. Excuse me. Is this real? I have no idea if this is real or not now I'm not necessarily a Trump supporter, but I am voting for him because he's Better of the two candidates, right? He's the better president. But what are your thoughts man? Give me some comments on this Would you guys mind reposting that the heck out of this for me? I'm just curious. I'd like to get as many people's opinions and comments on here I try to read everyone on every post and man, it can be grueling sometimes I'm starting to get a little bit more of a following and a lot more comments and stuff. I love it more and more comments Man, that's what I want. So what are your thoughts on this? Let me know. Oh and Do better"
7434330530545503519,https://www.tiktok.com/@jacksongosnell/video/7434330530545503519,@Polymarket got it right despite the polls. ,2024-11-07T00:39:39.000Z,4193,22,113,12,166800,49,,Jackson Gosnell,178800,True,US,#polymarket election,"betting_market, polymarket","description, transcript",YES,"Once again, the polls got it wrong. Donald Trump will be the 47th president. But the betting markets, led by Polly Market, got it right. I had posted about all of this last week. The betting markets single-handedly proved why the relevance of the polling industry has really lost credibility. The unbiased markets, where people put their money where their mouth is, is the best way of understanding the real trends and current impacts that our world is facing. Plus, it's a fun way to follow the news. It's just so interesting, because regardless of the outcome you wanted, there were many haters who doubted the betting markets in terms of the election, and much of it has come true. Look at the forecast on October 25th, and then these are some of the actual results. If you haven't already, check out Polly Market right now."
7617162604926061855,https://www.tiktok.com/@scripted.cinematic/video/7617162604926061855,most search person...This is straight Polymarket game... #predictionmarkets #polymarket #viralitypoly ,2026-03-14T17:21:30.000Z,46,1,2,2,1014,56,"predictionmarkets, polymarket, viralitypoly",CinematicVibe,9,False,US,#polymarket election,polymarket,"description, hashtags",YES,"October, most Googled person, Trump. September, most Googled person, Trump. August, most Googled person, Trump. July, Trump. June, Trump. May, Trump. April, Trump. March, Trump. Every single month, it has been Trump! Yo, 122K, this is a guaranteed lock on this one. Top five most searched people on Google, 2025. He was the most searched person on Google every month up until October. This is fucking free bread, bro. Why are people doing this? Are they stupid? Yo, dude, are they stupid? And then I can just cover my bet. Bro, I'm just gonna cover my bet on the other one. Bro, this is the freest dub ever. Yo, this is the freest bread ever."
7426772618126167338,https://www.tiktok.com/@defaultnick95/video/7426772618126167338,"Polymarket so far! Looking good, looking good. Can't wait! November 5th is atound the corner. #polls #election #kamala #trump #trump2024 #meme #fyp #xyzbca #fypシ #fyp ",2024-10-17T15:50:55.000Z,171,5,9,7,8152,27,"polls, election, kamala, trump, trump2024, meme, fyp, xyzbca, fypシ, fyp",Defaultnick,60,False,US,#polymarket election,polymarket,description,YES,Trump 2024 Ooooooooh Fuck yo body Fuck yo body Ooooooooh Fuck yo body Fuck yo body
7431267772937850158,https://www.tiktok.com/@realjennaryan/video/7431267772937850158,"#greenscreen Trump is doing well in the poly market polls, climbing higher every day #Ttump2023 #election2024 #electionpolls ",2024-10-29T18:34:28.000Z,6103,475,314,385,173100,59,"greenscreen, ttump2023, election2024, electionpolls",realjennaryan,48000,False,US,#polymarket election,polymarket,"description, transcript",YES,"Well, well, well, what have we here? Great polling. This is in the poly market where people are actually betting real money on who will win the presidential election. And it looks like Trump is climbing 66.9 percent to Kamala Harris, 33.2 percent. Apparently, she's having difficulty with the Hispanic vote. I'm not really sure what's causing this, but I'm trying to watch it in real time. You guys, what do you think? Do you think this poly market is going to be accurate or do you think that something's going to happen and it's all going to go the way of Harris? That's a huge question we all have and we all want to know. Do you think it's actually going to go in Trump's favor? The most important thing is that everyone get out to vote. Bring your friends. Vote, especially in the swing states, but everywhere else as well."
7535092193028033806,https://www.tiktok.com/@americana.syndrome/video/7535092193028033806,🚨 Polymarket just changed the game. Over $1B processed—now they’re: 🔹 Launching a stablecoin (DeFi yield + reserve profits) 🔹 Returning to the U.S. post-CFTC clearance 🔹 Offering 4% yield on 2028 election positions This isn’t politics—it’s a DeFi app outcompeting TradFi on: ⚡ Speed 💸 Yield 🌍 Adoption U.S. clarity + crypto-native rewards = massive growth runway. This is what real Web3 product-market fit looks like. #polymarket #defi #realworldassets #cryptoapps #cryptoadoption                          ,2025-08-05T13:27:06.000Z,48,1,10,4,1799,48,"polymarket, defi, realworldassets, cryptoapps, cryptoadoption",americana.crypto,9217,False,US,#polymarket election,polymarket,"description, hashtags, transcript",YES,"decentralized betting app processed over a billion dollars this year and now it's launching its own stablecoin rewarding users and returning to the United States. Here's what just changed. First, PolyMarket is launching its own stablecoin to capture yield from 8 billion in USDC and betting pools. Inspired by Circle's model, they'll internalize reserve profits and return some of it to users. Second, they're back in the United States. After a $112 million acquisition and DOJ investigations drop, PolyMarket is set for a full return to the United States. And finally, they're offering 4% annualized rewards for users holding 2028 election positions. Funded by PolyMarket's own treasury. All of this on a product that's already getting 16 million monthly visits. This is what adoption looks like. A killer app with scale, yield, and a path to U.S. compliance. If you want to know how I'm positioning based on the adoption this cycle, just comment SBS and I'll send it to you for free."
7611009341923134733,https://www.tiktok.com/@wagerwaveinc/video/7611009341923134733,Our Feb 25 @Kalshi play of the day #politics #trump #president #election #fyp ,2026-02-26T03:23:58.000Z,25,,0,2,1204,41,"politics, trump, president, election, fyp",WagerWaveInc,25700,False,US,#kalshi election,kalshi,"description, transcript",YES,"We think there's free money on this Kalshi market. We've profited over 10 units giving out these Kalshi free plays for you, and most of that strategy is trying to find irrational public opinions or overreactions to current news. And a few months ago, we told you to take Donald Trump not to be elected for a third term at around 9.5%. Now, today, it's down to 3%, but we still consider there to be significant value here. He even said, as you can see in the New York Times and The Economist, that he can't run for a third term. We'll be taking this hopefully free money, but only trade what you're willing to lose and tune in for more picks and results."
7567496600352820494,https://www.tiktok.com/@whatsnextpolitics/video/7567496600352820494,Election Day is November 4th! #politics #kalshi ,2025-10-31T21:12:13.000Z,46,1,2,2,2090,31,"politics, kalshi",What’s Next,74,False,US,#kalshi election,"kalshi, prediction_market","description, hashtags, transcript",YES,"Election day is Tuesday across the United States. Have you been paying attention? Here are the odds. Following Calhie's prediction market, first up we have the New York mayoral race. Following a small dip last week, Zora Mamdani is now at a 94% chance of victory over Andrew Cuomo and Curtis Leigh White. Next up is New Jersey, who will be electing a new governor. Calhie currently has Congresswoman Mickey Sherrill extending her lead with an 84% chance of winning the race. And finally, Virginia's electing a new governor right now and it's not close at all. Calhie's prediction market has Democrat Abigail Spanberg at a 94% chance of winning."
7556236454448450847,https://www.tiktok.com/@locksylocks/video/7556236454448450847,president parlay #kalshi ,2025-10-01T12:57:08.000Z,19,2,2,3,1274,5,kalshi,locksy🔒,1308,False,US,#kalshi election,kalshi,"description, hashtags",YES,Maron Trump has been re-elected as the 50th President of the United States.
7571598456502979871,https://www.tiktok.com/@kholtbets/video/7571598456502979871,Don’t win them all 🥀 #governmentshutdown #kalshi #USgovernment ,2025-11-11T22:29:24.000Z,35,5,1,1,2608,12,"governmentshutdown, kalshi, usgovernment",kholtbets,12000,False,US,#kalshi election,kalshi,"description, hashtags",YES,"On this vote, the yeas are 60 and the nays are 40, three-fifths of the Senate duly chosen and sworn having voted in the affirmative. The motion, upon reconsideration, is agreed to."
7618318784859753742,https://www.tiktok.com/@markus.markets/video/7618318784859753742,"My FULL explanation on kalshi vs polymarket. Which is better for what strategy, which has better fees, differences in markets, as well as what strategies fit which platforms. Watch this video and you’ll 100% understand the differences, pros, and cons between kalshi and polymarket… #polymarket #kalshi #kalshivspolymarket #predictionmarkets #polymarketus ",2026-03-17T20:07:56.000Z,45,1,19,0,1070,626,"polymarket, kalshi, kalshivspolymarket, predictionmarkets, polymarketus",Markus.markets,6225,False,US,#kalshi election,"kalshi, polymarket, prediction_market","description, hashtags, transcript",YES,"Alright boys, no long intro. You want to know the differences between kalshi and polymarket? That's exactly what this video is going to explain. The pros and cons of using each platform. Which situation should you use one platform over the other? I'm gonna go over everything right here in this video. And if you're wondering why, you should listen to me. My name is Marcus. I made over $600,000 on these two platforms in just a little bit over a year. So I don't wanna glaze myself too hard, but I know what I'm talking about. Let's get right into the differences between these two platforms. So first, I'm gonna go over the big differences. The big differences are how you can get money in and out of the platforms, how they're regulated in different regions, and which ones are situationally better depending on what your strategy is. So first, Kalshi is a CFT regulated exchange, meaning you can use your bank account, you can use your debit card, and just take money just like you're venmoing a friend, and send it from your bank account to Kalshi. Now, Poly Market is a completely crypto based platform. Sure, you can deposit with your credit card, you can sign up with your Paypal, but that's just gonna turn into crypto, which then gets deposited into a crypto based platform. So Poloniex uses crypto, Kalshi uses traditional banking. Now, the pros and cons of both of those is that Kalshi is Regulated in the US especially. So if they take your money or they don't let you withdraw, you can legally go sue them and you have legal rights to get your money back. Now, not that I've ever seen this issue with Poly Market. No one's ever had this issue that I've seen. But you technically have no protections anytime you deposit your money into Poly Market. Now, in the same way, Poly Market has the advantage of being crypto based because I can deposit $100,000 or withdraw $100,000 in 60 seconds or less, where with Kalshi there's gonna be a lot more fees associated, or it could take one to three days to get any money in or out. And that kind of leads me into my next point, which is the legal status of both platforms. Now, this is going to change depending on what country you are in, what region you're in. So you need to do your own research on this. But I think the biggest one is that ploy market is not technically legal in the United States, and Kalshi is fully legal and certified in the United States. Now, I don't recommend that you be a naughty boy and do this, but many, many people in the United States will still access Poly Market by using a VPN. But this is technically a violation of their terms of service. I haven't heard of anyone actually getting in trouble or getting funds frozen for this, but do your Own research and make your own decisions if you're going to try to use Point Market in the United States right now, they do have an app that you can use, but it's actually only sports. So it's not the full suite of every single position in every single market. It's only sports. So it's basically just a sports gambling app that you can get on a waitlist on. So, again, kind of going off the legality and how each of the two different platforms are structured, how she requires you to have KYC verification, which stands for know your customer, meaning in order to stay compliant with US laws, anti money laundering, tax code, stuff like that, they require you many times to put in your driver's license, Social Security number, your address, all that sort of information that they can use to then report to the government. On the flip side of things, because Poly Market is purely crypto based, they do not require any KYC. You don't have to put in your social, you don't have to put in your driver's license. But again, depending on what country or region you're in, this can be a great area. So you need to do your own research and you need to be more responsible in terms of reporting your income, reporting your earnings and that sort of thing. Again, this is definitely not financial advice or legal advice on which platform you should use. I'm just breaking them down. Factually, and how each of the platforms work. Now, the next thing that I want to get into is probably the most important for actual professional traders, and that is fees associated with the two different platforms. And the big takeaway here, I can explain it in a lot of detail or a little bit of detail, but the big takeaway here is Kalshi has significantly more trading fees. Now, ploy market has always been better on fees. They used to have almost no fees on platform and they're slowly introducing fee. He's on take your fees. But really the best thing that you can do in terms of comparing both platforms is just to compare both platforms. If you're looking at a position on Kalshi, go look at it on polymarket, look at the fees that they're taking and see how that affects the payout that you get on the position that you're taking. And then one more pro that polymarket has is they do offer incentives. So in the same way that they offer fees for people who are doing market orders and taking liquidity out, they offer fee incentives for maker markets and people who are staking positions on the platform. Now, this next comparison is situational, but this is also going to be incredibly important depending on what your strategy is on prediction markets. And again, I'm explaining this in the most simple way possible, but here we go. The main category that's going to be Better to use on Kalshi, it's going to be sports. Almost everything else is going to be better on a poly market, whether that be politics, mention markets, crypto 5 minute up or down, crypto 15 minute up or down. All of these type of things are going to be better on poly market in terms of fees, in terms of total volume, Kalshi has really tried to compete with sports betting platforms like Fanduel and Draft Kings. So they've really marketed and done all their ads to sports gamblers. I kind of made an estimated chart showing the different volume and liquidity between both platforms. So in terms of politics and really anything else, point market is going to usually have three to five times as much volume as Kalshi. And the only market where Kalshi has an edge, but it's a significant edge, is going to be sports. They almost have five to seven times more volume on Kalshi than they do on Poly market. Now, if you're a serious prediction market trader, you probably shouldn't even be taking sports positions in the first place unless you're doing some really serious strategy. With live betting. You have people in games or in person at the game, but that's kind of for a separate video. So kind of the big takeaway here is unless you're only doing sports, polymarket is going to be a better platform with more volume, with more liquidity and more action on any Position that you're looking to take. I'm not gonna explain too much why more volume is better, but just take my word for it. More volume is going to be better for your strategy. And make it so you lose less money on juice. Kind of already went over these deposit methods here, but let's get into platform reliability. And in terms of these websites crashing, in terms of these websites glitching, in terms of these websites not letting you cash out on your positions, both of them are absolutely terrible. If you take prediction market seriously, over the course of the next few months, I guarantee that you will lose money, that you will miss out on a trade because one of these platforms glitched on you. Especially if you're being a naughty boy and you're using a VPN on Poly Market. That increases the chances of the website not refreshing properly, of it not canceling a limit order that you have. There's not really one platform that is way more consistent and never gonna crash on you, but there's issues across both platforms. This isn't really a good deciding factor on which platform to use, but that could change in the future. Now, this is something else that I want to talk about real quick before we get to the end of the video, where I kind of go over the final pros and cons. And this is kind of explaining a good rule of thumb that you Should be using if you're comparing both platforms and how you can even look for arbitrage opportunities between the two different platforms. Let's say on a politics market, it says Marco Rubio is going to be the 2028 presidential nominee. And there is a yes on poly market at 42 cents for him to be the nominee. And there was a no on Kalshi at 55 cents for him to be the nominee. The combined cost is less than a dollar. This is what you call arbitrage. This strategy has been around for a long time, since the early sports gambling days. But this is a way that you can mathematically guarantee a profit by taking advantage of two separate platforms having two different price lines. there's a little bit of fees on polymarket, there's a little bit of fees on Kalshi. So you wanna make sure that you're still going to be profiting even after all the fees. But this is definitely something that I wanna go more in depth on and make a video on, because especially for beginners, having a way to guarantee a profit is so big for growing your starting trading volume. So if you wanna see that video, go check out my page. It might already be posted. Subscribe so you don't miss it when I do post it. It's kind of more situational again what I have here. But edge matters in terms of prediction markets. So how can you decide Whether you want to use kalshi or player market, a lot of times it's like, hey, maybe these people, these insiders already hammered this line on kalshi, but there's still an opportunity to get good value on polymarket or vice versa. But for example, when Trump dropped a big over there in that one place, maybe the opportunity to make money and snipe a position on poly market goes away, but there's still, you know, 7 8% of value over on Kalshi. That is when you should be looking at the two platforms and comparing the two. That is probably the number one example of when you're gonna be looking at the two different platforms and using both simultaneously. Literally just based off of which platform is going to give you a bigger payout. So let's hit the TL DR. Let's look at the final comparison between Kalshi and polymarket. And again, I'm not 100% recommending that you use one platform or the other. Do your own research. Figure out what laws you have to follow, what makes most sense for your strategy. Let's get into the pros on each platform. Polymarket. Pros if there's more markets that you can access to and more volume in every other market except for sports. It says higher political volume, but that's higher volume in everything but Sports. Pro is that it's crypto based. If you don't think this is a pro, I guess you could say that this is a con. But This is, in my opinion, an absolute benefit because you get faster withdrawals, faster deposits, everything super quick and easy with no fees. And then again, obviously, in terms of actually trading in your positions, there's significantly less fees than Kalshi. Now, in terms of cattle you post, it's fully legal in the United States, so you can feel good about this. Your account is going to understand it. They're going to send you all the proper documentation and forms. It uses traditional banking, and there is stronger sports liquidity. Even though we talked about if this, is that really a pro or not? Because do pro traders really trade on sports? Not really, but if you're interested in sports, Kalshi is definitely the better platform. And this is the final pro that I want to get into about Kalshi, and that is APY for position holdings. And this is something that polymarket does not offer. A lot of times there could be something that could be 10 months out or a year out. But the position is priced at ￠95. So it doesn't really make sense to lock up, you know, $1,000 to only make $50 over the course of the year. You're better off just depositing your money into a high yield savings account or money market account, and you can get five and a/2 or 6% with no risk. But on Kalshi, they offer anywhere from 3.5 to 4% APY on your holdings. So you can combine that return that You get of that 95 cent share that will resolve in a year, as well as the three and a half to 4% of APY that you get from holding that position for a year as well. So it's closer to 8 or 9%. Now, Kalshi's APY has changed a lot, so you should look into what it currently is at. This is definitely one of the most significant pros about Kalshi over polymarket. But again, this is very situational. If you're not taking super far out, super high price positions, this isn't really that much of a pro. And then we almost kind of went over this between the pros of two platforms. But the cons and poly market is it's not officially available in the United States. And between it not being available in the United States and there's a crypto learning curve, it's not as intuitive as just, you know, putting in your debit card, depositing money. And then the kalshi cons is there's more personal information that they require from you. Again, with that K Y C. A lot of times, your driver's license, your passport, your Social Security number. And then again, probably the biggest one is that there are significantly higher trading fees across all markets. Again, this is something that could change in the future, but this probably won't change. Just keep up to date on how the fees are looking between both platforms. This is kind of the big overview between the two platforms. I hope this video is helpful to you guys. If you have any questions, drop them down in the comments below. All I do on this page is post free educational videos that are going to help you become better on prediction market platforms. So that sounds valuable to you. Make sure to subscribe! I also go live almost every single day at 10 a. M. Going over what positions I'm taking for the day or if there's any sort of insider information that was leaked. you definitely want to subscribe so you can get on those live streams. Alright, sounds good boys. I'll see you in the next video."
7602631139165015317,https://www.tiktok.com/@seantrades09/video/7602631139165015317,fuck a 9-5 i’m copying Trump’s son’s kalshi bets 😭😭 #kalshi #Kalshi4992,2026-02-03T13:31:49.000Z,10,1,1,0,840,5,"kalshi, Kalshi4992",Sean Trades,0,False,CA,#kalshi election,kalshi,"description, hashtags",YES,We got you! We got you!
7566083205300833550,https://www.tiktok.com/@thatskaizen/video/7566083205300833550,"Zohran Mamdani's association with Imam Wahhaj, who has defended multiple terrorists, is a serious problem. Dismissing all of the concerns as all Islamophobic doesn’t solve it. More videos on substack, link in bio",2025-10-28T01:47:37.000Z,1004,49,139,68,44100,247,,thatsKAIZEN,209400,False,US,#kalshi election,kalshi,transcript,YES,"The picture of you with the imam and the New York Post put in the front page and I'm like, holy shit This looks bad. And then I look him up and like Bloomberg campaigned with them and Mary and Mayor Adams campaigned I'm like wait, okay So what exactly is going on here? Unindicted co-conspirator is translation for man who has not found guilty of anything what zoran and andrew said Is misleading the man zoran is pictured with is imam siraj wahaj He was named as an unindicted co-conspirator in the 1993 world trade center bombing Now zoran is right. That's not proof of guilt An unindicted co-conspirator is a person who was named in an indictment As one who might have taken part in a conspiracy to commit a crime But who is not charged in the indictment? Basically, it's an accusation not proof But wait, there's more the imam testified as a character witness in defense of omar abdel ramad Who was convicted of plotting to bomb the world trade center? He also raised legal defense funds for the man who assassinated rabbi mir kahani This imam has defended multiple terrorists and instead of acknowledging that Zoran is deflecting. He said That same imam met with mayor bloomberg met with mayor de blasio Campaigned along eric adams and the only time it became an issue of national attention was when he met with him because of the fact of his faith and because he's on the precipice of winning this election, but That's misleading too bloomberg didn't meet the imam Then he said he regretted doing so and didn't know the man's background eric adams met the imam at an interfaith event as a brooklyn borough president Alongside a jewish and a christian leader He did not campaign with him and none of those meetings are on the same level as appearing arm in arm With the imam who endorsed you but i'll say this Zoran is getting more scrutiny over this because he's a muslim and some of this is driven by islamophobia And completely out of line like this incident where andrew cuomo went along with a radio host statement That zoran would be cheering if 9-11 happened god forbid another 9-11. Can you imagine mandami in the seat? Hey, you know I could he'd be cheering Another problem uh It's not fair to label all muslims as terrorist sympathizers now Zoran didn't create the islamophobia, but he does have to deal with it. Some of that islamophobia is fear-mongering Like when cuomo's campaign vendors photoshopped a picture of zoran to lengthen his beard, but some people Are just scared because that's what a phobia is It's just fear just like muslims fear being mistreated because of 9-11 Some non-muslims fear allowing in ideologies that lead to 9-11 look Zoran is all but inevitable now Kalshi lists his odds of winning at over 90 So he has an opportunity here to take a stand against hatred and also assuage people's fear But that can only happen if he reflects instead of deflects is dismissing all of the concern as islamophobia healing the phobia Or hurting it for some people Nothing zoran says will ever change their mind, but zoran has an opportunity to say Yeah That guy defended terrorists That's a bad look because when you're asking new york to trust you as their first muslim mayor You can't ask them to ignore what they see with their own eyes You have to show them that you See it, too The noise around zoran has been deafening If you want clear content about zoran that fairly addresses both the positives and the negatives I have more videos on my sub stack link below"
7430562134074936618,https://www.tiktok.com/@casinoqueenvegas/video/7430562134074936618,@Kalshi Exchange ,2024-10-27T20:56:09.000Z,6,,1,0,1305,12,,Casinoqueen,3279,False,US,#kalshi election,kalshi,description,YES,Donald Trump is coming in with a whopping 61% chance of winning the presidential election. Do you think Kamala can make a comeback? You can wager on the election live on CalShe. Go make yourself some money.
7433555477998456096,https://www.tiktok.com/@lnformation_hub/video/7433555477998456096,2024 Election Poll: Trump Leads Over Harris in Key States 🔴🔵 #Election2024 #TrumpVsHarris #USPresidentialRace #PollingUpdate #KalshiPoll #SwingStates #ElectionPolls #USPolitics #RedVsBlue #VoterSentiment #PoliticalTrends #Trump2024 #Harris2024 #PoliticalNews #ElectionMap,2024-11-04T22:31:59.000Z,2648,496,274,393,404900,8,,lnformation Hub,171,False,DE,#kalshi election,kalshi,description,YES,.
7584205737233042719,https://www.tiktok.com/@paninidood/video/7584205737233042719,#stitch with @POV Motivator #politics #kalshi #fyp ,2025-12-15T21:52:07.000Z,16,1,1,3,405,91,"stitch, politics, kalshi, fyp",Panini,50500,False,US,#kalshi election,kalshi,"description, hashtags",YES,"Uber ride. I got you these because you work hard. Have you heard of calci? It's a prediction mark. Okay, so not only has my for you page turned into non-disclosed ads from random people, it is now non-disclosed ads for like the worst companies imaginable. For those of you who don't know, calci is a gambling app or website that I've been seeing all over the place now that allows you to gamble on the aspect of whether you think Palestinians are going to starve or not. And here's the kicker. They just partnered with CNN. Think about that. Think about that. And the part of it, like that all is terrible. But the part of it that really gets me mad is that all the comments, they're all just saying, oh, we made the right person famous. He's doing such a good thing because, you know, he's like giving these items to all of these like workers, like all these airline workers. He's giving them like Apple headphones and stuff. It's because it's an ad for calci. It's an ad for calci and it's just not disclosed. So thankfully, TikTok, you can like report that if you see it in a video. So on that video, you can click. I think it says undisclosed branded content. So if you do that and report it, then we should be set. I've been doing it for a while, but I think it's just because it's me doing it. Nothing ever happens. So I think if it happens in mass, like the videos will probably actually get taken down. I'm just ranting because it's been irritating me. I keep seeing stuff like this on my feed and it's driving me nuts."
7602704917538688286,https://www.tiktok.com/@ryanjpapi8/video/7602704917538688286,This is WILD😭 #fypシ゚viral #kalshi #trending #trump ,2026-02-03T18:18:36.000Z,36,1,9,3,753,50,"fypシ゚viral, kalshi, trending, trump",ryanjpapi8,31700,False,US,#kalshi election,kalshi,"description, hashtags",YES,"There is now a 67% chance Trump will get impeached. With the government being shut down, all these ICE raids happening, people getting mad, what do you guys think is gonna happen? You guys let me know in the comments, because a lot of people are extremely unhappy about what's going on in the country. You guys remember last year what happened. Our government got shut down for a long ass time and nobody thought it was coming. People are saying 4 days, maybe 5 days, maybe over a week. It's all on CalSheet, it's like this app where you can predict things, it's pretty cool. There's even guys on Twitter talking about how they're hella sick, but they're making 210k in a month. Just by literally trading on CalSheet. Like isn't that crazy? But yeah, if you're one of those people that loves to argue or you really believe in your opinion, CalSheet is gonna be for you. It's where you can basically bring your opinions and make money off of it. And the good news for you is, I linked it in my bio, you'll get a free $10 on a $10 deposit. Have a great day."
7572032968227556622,https://www.tiktok.com/@wagerwaveinc/video/7572032968227556622,@Kalshi #aoc #politics #prediction #election #president ,2025-11-13T02:35:32.000Z,19,1,6,0,1746,32,"aoc, politics, prediction, election, president",WagerWaveInc,25700,False,US,#kalshi election,kalshi,description,YES,"Week three of tracking our CalStreet portfolio and adding a pick every single day. Today we're saying no to AOC running for Senate in 2028 because we think she's going to run for president. There's some rumors spreading around, not too much as Newsom's another big name getting tossed around, but we got this at 50-50 odds, so thought we would take a chance and might sell if some positive news comes out boosting our portfolio value. Quick recap, we're round even so far, but tune in to see how the results progress."
7613837998668434701,https://www.tiktok.com/@ibdinvestors/video/7613837998668434701,The next phase for prediction markets.,2026-03-05T18:20:54.000Z,2,,1,0,203,59,,Investor’s Business Daily,83400,True,US,#predictionmarkets,prediction_market,"description, transcript",YES,"I think you would have more regulation and you'd have more oversight. If somebody like NASDAQ gets into the game, by definition, they're going to want it to be heavily regulated because that's something they're set up to be able to operate under, and they would want everyone else to have to follow the same rules. So, you know, from a, from a strategic corporate development point of view, like that's a pretty good bet for someone like NASDAQ to make that they could get in and say, Hey, okay, the adults are here. And, you know, let's work with regulators and basically carve out a spot for themselves. That makes a lot of sense. Probably does protect consumers more. It probably does harm innovation more, both on the good sides of it and the bad sides of it. So you'd probably see a little bit of reduction in the pace of innovation around things that might be cool and good about prediction markets, but you would obviously see a big dampening of a lot of the abuses and insider trading and, and kind of scandalous behavior. That's already pretty rife in the space."
7579106322591862029,https://www.tiktok.com/@khaospunk999/video/7579106322591862029,#kalshi #polymarket ,2025-12-02T04:03:53.000Z,78,1,13,4,1563,59,"kalshi, polymarket",KhaosPunk,5047,False,US,#predictionmarkets,"kalshi, polymarket, prediction_market","description, hashtags, transcript",YES,"The next future wave of millionaires will be people who know the future. And when I say know the future, I mean this in like a prediction market sense. I don't know if you guys are familiar with sites like Cowshe now, but this is not a promotion for them, but it's literally a site or poly market where you can literally predict on what's going to happen next. There are many smart people out here. There are many people that are, that's where they're psychic and can foresee things and they understand patterns. Okay. The next wave of future millionaires will be people who have accurate predictions on anything from cultural events. And this is bigger than like sports betting or, you know, knowing who the next president is going to be the governor of New York. That was a big one on poly market. There are already people out here with 10,000 predictions that have made a million dollars off of just predicting things that that's going to happen next. I think we're living in a very pristine and a very crazy time period, 2025, where you can become a millionaire tomorrow. In history, nobody's ever been able to have the wealth of a King overnight."
7570104532575800607,https://www.tiktok.com/@burbforecasts/video/7570104532575800607,why prediction markets are accurate #fyp #foryou #predictionmarkets #polymarket #trading ,2025-11-07T21:52:09.000Z,413,36,104,8,11900,52,"fyp, foryou, predictionmarkets, polymarket, trading",burb,74,False,US,#predictionmarkets,"polymarket, prediction_market","description, hashtags",YES,"How does the production market even know the odds of something happening? And the answer is, it doesn't. You do. Here's how it actually works. Take a look at this market. Will Trump visit North Korea in 2025? Right now, it's trading at 5 cents. That means, based on the people betting, the market thinks there's a 5% chance it happens. But it's not a poll. That price comes from actual money being traded in real time. If I think the odds are way higher, say 50%, I can buy yes shares. If a bunch of people do that, the market moves. And if I'm wrong, I lose money. So people only really push the price when they're confident they know something everyone else doesn't. And that's what makes production markets so wild. The odds are a live scoreboard of what the internet actually believes, weighted by risk. Not just what people say, but what they're willing to bet on. Not only that, these markets are often more accurate than polls. Because if you're not confident enough to risk losing cash, your opinion doesn't move the market. Only the people with real conviction and skin in the game actually shift the odds. Tomorrow, I'm breaking down why the price isn't just an average of everyone's opinion. It's who bets the hardest. Stay tuned and follow for more."
7618565160378125582,https://www.tiktok.com/@value_rise/video/7618565160378125582,The Prediction Market Party May Be Over,2026-03-18T12:04:06.000Z,2,,0,0,177,31,,Valuerise,43,False,US,#predictionmarkets,"kalshi, polymarket, prediction_market","description, transcript",YES,"Arizona just went where no state has gone before. Criminal charges against a major prediction market company. Kalshi and Polymarket move $5 billion every single week. Arizona says that's illegal gambling. Kalshi says the charges are paper-thin, and that states simply don't have the power to regulate a federal exchange. A dozen other states beg to differ. Someone is about to be proven very wrong."
7426421754760842527,https://www.tiktok.com/@american.hoochie/video/7426421754760842527,Potus-election chances-2024-UPDATE BETTING ODDS #trump #harris,2024-10-16T17:09:55.000Z,19,,1,1,425,18,,American Hoochie Man,9510,False,US,#electionodds,betting_odds,description,YES,♪♪ ♪♪
7561091093736000823,https://www.tiktok.com/@ericnomics/video/7561091093736000823,"Wall Street just poured billions into one of the most unconventional ways to make money, prediction markets. Intercontinental Exchange (ICE) the same parent company behind the New York Stock Exchange just invested $2 billion into Polymarket, valuing it at $9 billion. @polymarket lets users bet on everything from elections to sports to how many times Elon tweets. It’s degenerate, data-driven, and shockingly accurate often predicting outcomes before traditional media does. So why would Wall Street care? ICE isn’t gambling it’s buying data. The firm plans to package Polymarket’s event-driven insights, probabilities, odds, and sentiment indicators — and sell them to hedge funds, institutions, and market makers looking for an edge. When real money’s on the line, opinions get honest and that makes this data gold. As always, be responsible and don’t risk what you’re not willing to lose.",2025-10-14T14:55:18.000Z,51,40,8,2,2132,89,,Eric | Personal Finance,94600,False,US,#electionodds,"polymarket, prediction_market","description, transcript",YES,"This is one of the most unconventional ways to make money, and it's through prediction markets, which used to be illegal in the US. Now Wall Street is pouring billions backing it. So here's why you wanna pay attention. Intercontinental Exchange, otherwise known as ICE, a different kind of ICE, just invested $2 billion into PolyMarket, giving them a $9 billion valuation. PolyMarket is the largest prediction market exchange, allowing users to bet on everything from presidential elections, sports to how many times Elon tweets. Probably the most degenerate platform out there that I personally love throwing money into. PolyMarket has often provided more accurate data than most traditional reports or metrics, just like how it accurately predicted the presidential outcome before official mainstream media called it. So what business does the world famous New York Stock Exchange have with a gambling platform? Well, ICE is in the business of data, and they're going to act as the global distributor of event-driven data generated by PolyMarket. So what does this mean? In practical terms, ICE will package and provide the data to institutional clients. Some of these data are probabilities, odds, and sentiment indicators, which are all extremely valuable for people looking to gain an edge like hedge funds and market makers. I absolutely love prediction markets like PolyMarket because one, I may or may not like gambling, and two, it gives people real skin in the game. When money's on the line, people's opinions get suddenly a lot more honest. And quite frankly, I'm just tired of the endless debating, and I say put money on the line because talk is cheap. And as always, be responsible and don't risk what you're not willing to lose."
7618619188550094110,https://www.tiktok.com/@user3441221751207/video/7618619188550094110,#Democrats #SURGE to 51% Odds to take back Senate as GOO Map Gets Riskier #republican #election2026 #politicalnews ,2026-03-18T15:33:58.000Z,14,,2,2,831,133,"democrats, surge, republican, election2026, politicalnews",Zidan.zxa,74,False,US,#electionodds,prediction_market,transcript,YES,"have predictions changed about whether or not Democrats can take back Congress. Yeah, okay. So, you know, look, we've been talking about the House and pretty much every historical market, all the prediction markets, all the polling indicates that the Democrats are in the catbird seat when it comes back to taking back the House. But how about combining it with the United States Senate? That is taking back the whole enchilada, taking back all of Congress. And what we see is the Democrats' chance of doing that has been rising, rising, rising on a stairway to heaven, my dear friend. And what we see there is that Democrats at this particular point have been increasing those odds. It's not yet at 50 percent, but it is clearly rising. And that is something I think is quite shocking, because a lot of folks like myself thought Democrats would take back the House. But the idea of taking back the Senate as well, well, that is a pretty big deal. And so that is what we're seeing today. Now, this could change. It could change in favor of Republicans. It could change more in favor of Democrats. We could see some of these other states that show, you know, in Montana, we don't know exactly what's going to happen there. They have an independent that's going to be running. We now have an open seat because the current senator has decided that he is going to retire. And so we have other states. We have Nebraska. We don't know what's going to happen with the independent in Nebraska. Iowa, we still don't know what's going on in Iowa. We'll have to see how that develops. That's going to be an open seat as well. And so there's some other states. South Carolina is another state. You have Lindsey Graham doubling down, tripling down on this war in Iran. We don't know what's going to happen in that situation as well. And so there's still some races where we can see some changing in the future. But now looking at our current map, we're seeing Democrats moving into position that they could potentially take the Senate. So I want to know what you guys think. Do you think Democrats have a chance of taking back the Senate in 2026? Let me know in the comments below. If you like this video, please give me a thumbs up. Please subscribe for more. And remember, stay informed, stay engaged, and I'll talk to you in the next one. Bye. So that's all we have for this video. Make sure if you guys want to send me an email, you can do that. David at the TEC show dot com. Like the video, subscribe for more and check out these videos over here for some more great content. Talk to you later. Bye."
7620221968670805279,https://www.tiktok.com/@charles85955/video/7620221968670805279,Wait… Democrats Are Favored to Win the Senate in 2026?!  #news #democrats #fyp #usa #politics ,2026-03-22T23:13:24.000Z,20,,0,0,328,179,"news, democrats, fyp, usa, politics",Charles,8735,False,US,#electionodds,prediction_market,transcript,YES,"Something very interesting and potentially very big happened over the weekend that you might've missed, but I wanna flag it for you, and it's this. The political market, so basically places where you can gamble on political outcomes, the big ones are Polly Market and Cal-She. Both of them, over the weekend, for the first time in this 2026 election cycle, showed the odds at even or slightly better than even for Democrats to retake the Senate majority. So Polly Market, I checked this morning, has Democrats at a 51% Democratic chance after they've never been at 50 or above. Cal-She has it literally 50-50, but again, the trend is upward, more people betting on Democrats to win the Senate. So what does it mean, and how much trust should we put in it, and then is it borne out by the actual sort of races and numbers? Well, let's go through all of that. Before I do that, quick pitch, I want you to subscribe. Independent, authentic, and hear every day breaking down the big news that you need to care about in politics. All right, so let's go, let's answer all these questions. First of all, these are not polls. I always like to emphasize that. This is not a poll that says Democrats are now more likely to win the Senate than they were a week ago. These are gambling and prediction markets. So they are swayed by lots of different factors, but the biggest one is people who are really into this stuff, who gamble on politics. They see events happening out in the sort of wider world, and they put their money, quite literally, where their mouth is. So what explains the broad move on Kelshey and Polly market toward Democrats in the Senate? I think it's the sense that the political environment continues to erode for Republicans. So Donald Trump is obviously not popular outside of the Republican base. He's at 41, 42% approval overall. Maybe, maybe lower. The economy and affordability, Republicans are losing that argument. They were losing it before the war in Iran started. They're losing it even worse now with gas prices having gone up 24 cents on average already in the last week, and now up to 369, 379 on average, according to AAA. So I think people, smart people looking at the political environment and who wanna gamble on the political environment are looking and saying, man, if the bottom is falling out on Republicans, I wanna get in now while I can still make money off of it. So are they right? Now that's a whole other question, and let's go through it, because there's sort of perception and reality, and yes, perception can influence reality, but not exclusively when we talk about Senate races. So the big numbers are this. In order to retake the Senate majority, Democrats need to net, net four seats. That means, Republicans currently control 53 seats in the Senate. If it was 50-50, so if Repub-"
7582475651739929886,https://www.tiktok.com/@i.owe.jules/video/7582475651739929886,HUGE Betting scam with the Kalshi App! This is how you get paid 💰 #classactionlawsuit #gambling #kalshi #sportsbetting ,2025-12-11T05:58:53.000Z,1372,185,315,53,80500,60,"classactionlawsuit, kalshi",Jules,312,False,US,#electionbetting,"kalshi, prediction_market","description, hashtags, transcript",YES,"They're literally letting people bet on elections, natural disasters, even inflation. And now that betting app Kalashi, yeah, it's being sued. Kalshi is this app that markets itself as a prediction market, but let's be honest, it's just gambling for the finance bros. And supposedly, it's not supposed to feel like a real sports betting app, but in my eyes, if it walks like a duck, looks like a duck, quacks like a duck, in this scenario, bets like a duck, then it's a duck. So, Kalshi is now in a serious class action lawsuit for violating gambling laws by targeting vulnerable users and disguising high risk betting as financial predictions. It's predatory, it's manipulative, and people are already reporting huge losses, thinking they were investing, in reality, they were really gambling. If you've ever used Kalshi or placed a bet with them, you might be eligible for a payout, possibly in the thousands. And I'm tracking this lawsuit through the SettleMate app, so as soon as it opens up, I'll be able to update you guys. Be sure to save this post so you don't forget to file for this and share this with someone who uses Kalshi to gamble and follow for more class action lawsuits."
7393156420293692715,https://www.tiktok.com/@mylespolitics/video/7393156420293692715,All about the 💸 #betting #election #presidentialelection #biden #trump #kamalaharris #usa #politics #gambling #money #odds #opinion #prediction #polls #news #cnn #foxnews #mylespolitics #republican #democrat,2024-07-19T01:42:54.000Z,48,,2,2,778,66,"election, presidentialelection, biden, trump, kamalaharris, usa, politics, money, odds, opinion, prediction, polls, news, cnn, foxnews, mylespolitics, republican, democrat",mylespolitics,22,False,US,#electionbetting,betting_odds,transcript,YES,"Here we have the betting odds for President of the United States. In first place, the betting favorite, it's Donald Trump. You have to bet $135 just to walk away with $100 in profit. Second place is no longer Joe Biden, it's actually Kamala Harris now. If you bet $100, you get $400 in profit. Third place we have the Democratic nominee, incumbent President Joe Biden. You bet $100 and he wins the presidency, you're walking away with $1,100 in profit. There are other names on here that likely don't have a chance of becoming president, including Gavin Newsom, Nikki Haley, Michelle Obama, the names go on and on. But in reality, there's probably three people that actually have a shot at being president. This is my current election prediction, I do have Donald Trump winning the presidency. And I would recommend that you put money on him because it seems like a lock right now. However, throwing some money on Biden does not sound like a bad idea because imagine you win 11 times the money you put down on the incumbent president. Now I will say it is currently illegal to bet on US elections if you live in the US. I got this from a friend in Italy. So if you want to bet, bet offshore."
7432329724937899294,https://www.tiktok.com/@zak.kimball/video/7432329724937899294,Are the betting markets right about the election? #election #election2024 #prediction ,2024-11-01T15:15:31.000Z,11100,370,733,516,174300,211,"election, election2024, prediction",Zak Kimball,363700,False,US,#electionbetting,betting_market,"description, transcript",YES,"Let's talk about betting markets, and if I think they're right. I'm just going to use Calshi because they're the only federally approved company to actually bet on politics in this country, so we'll look at their odds. It's important to know from the jump that these numbers are not based on data or polling analysis or anything like that. This is a reflection of what the public thinks is going to happen. You have to look at these betting markets like Las Vegas. If a lot of people bet on Donald Trump, the line is going to change and the payout's going to change. It's really just a reflection of who is betting on who. But the question is, do I think they're right? Let's take a look. Let's start with the big question. Do I really think Donald Trump has a 60% chance of winning this election? Hell no. Based on all my analysis across polling and early voting data and enthusiasm data and all the different things you look at, I would flip this and add 5 to 10% for Harris. I'd give her a 65 to 70% chance of winning this election. So I think Kamala Harris is majorly underpriced. And I think the mistakes really start to show when you look at the swing states. 55-45 for Trump in Pennsylvania, I just don't see that happening. I think Kamala Harris probably has a 70% chance of winning Pennsylvania. I would bump Harris up 10 to 15 points in both Michigan and Wisconsin. But the real mistakes start down here. And let's talk about Nevada first. Nevada hasn't gone red in 20 years, which means Donald Trump has never won it. And Donald Trump is also trailing in the polls here. So this ratio does not make sense to me. Next is Georgia, which they have at 72 to 28. And I live in Georgia. There's no way that's accurate. This state is going to be a coin flip. 50-50, there's no question about it. I live in the city of Atlanta, and the vibes for Harris are crazy in this city right now. But the vibes for Trump in the suburbs and the small towns and the rural areas are very high as well. This is going to be a down-to-the-wire race. People think Trump is going to win Georgia, and that's why you see it as the betting market odds. But the truth is, you flip a coin here. I do think that Arizona's numbers are actually pretty close to correct here. I haven't seen any polls that put Harris ahead recently. I've been giving Arizona to Trump in most of my predictions for a while now. I'm sticking with that. It's possible they could be wrong. They're running a really good Senate campaign right now, and Lake is definitely going to lose. So if she can kind of grab on the coattails there, she could do well. But I think in the end, this might actually be right. So just to wrap up, I'm going to go Harris, Harris, Harris, Harris, Harris, Trump. But I'm just another guy. I'm not saying this is what's going to happen. I don't think these numbers are right, but hey, they could be, and I could be wrong. The last thing to talk about is the Congress odds. I think it's an important conversation that I honestly haven't talked enough about, so let's talk about it. 81 to 19 for Republicans to win the Senate. I agree with that. There are some paths for Democrats to win some surprise elections like Texas or Florida or Nebraska, even Montana, but they're very unlikely outcomes. The most likely outcome to me is 51-49 for Republicans. The House odds, I would just flip. I would give Democrats a 55, maybe 60% chance of winning, and Republicans about a 40% chance of winning. As it stands right now, there's about 214 guaranteed seats for Republicans and 213 guaranteed seats for Democrats, only about eight toss-ups. Of those eight toss-ups, Democrats to me have the edge in five of them, which would make them have a win of 218 to 217, a very close race. So that's reflected in this percentage, but I do think it's flipped. So when you put all that together, these are my predictions. Democrats win the House, 218 to 217. Republicans win the Senate, 51-49. And Kamala Harris wins the election, 292 to 246. I just want to stress that these are only my predictions. I don't know this is what's going to happen. This is just what the data is telling me is going to happen. The betting markets don't know what's going to happen. They're just a reflection of what people think is going to happen. So in the end, we just have to hold our breath for a little bit less than a week and see"
7432923364882173214,https://www.tiktok.com/@mayberry__/video/7432923364882173214,All the Maga waving around your “betting markets” bs for the past couple weeks - see you on Monday 😂😂😂#harriswaltz2024💙💙💙 #polymarket #politics #,2024-11-03T05:39:15.000Z,101,5,4,7,10100,,"harriswaltz2024💙💙💙, polymarket, politics",CORNBERRY,1905,False,US,polymarket election,"betting_market, polymarket","description, hashtags",YES,"There's something very important I forgot to tell you what don't cross the streams Why it would be bad. I'm fuzzy on the whole good bad thing. What do you mean bad? Try to imagine all life as you know, it's stopping instantaneously and every molecule in your body exploding at the speed of light Total protonic reversal. All right, that's bad Okay. All right important safety tip. Thanks you guys"
7617848759145352470,https://www.tiktok.com/@elmartdesign/video/7617848759145352470,"Why did traditional polls FAIL to predict the 2024 election results? 🗳️📉 In this episode of Deep Dives, we go beyond the headlines to explore why decentralized prediction markets like Polymarket are becoming the new ""Oracle of Reality."" We’re breaking down: ✅ The psychological failure of traditional polling vs. the power of putting real money on the line. ✅ How Smart Contracts, Polygon, and Oracles are replacing legacy data gathering. ✅ The AI revolution: How LLM-based agents are now trading crypto and shaping market trends. ✅ The regulatory showdown: Polymarket vs. the CFTC and the future of decentralized finance. Is this the future of how we process information and forecast global events? 🌍 🎧 Listen to the full deep dive here: https://www.spreaker.com/episode/79-crypto-betting-power-is-polymarket-the-new-oracle-of-reality--68932208 Don’t forget to follow for more insights into the intersection of Crypto, AI, and Macro-Finance. 🚀 #Polymarket #CryptoNews #PredictionMarkets #AITrading #USPolitics #DeFi #Podcast #DeepDive #FutureOfFinance #TechNews",2026-03-16T13:43:56.000Z,0,,0,0,244,53,,elmartdesign,2,False,IT,polymarket election,"polymarket, prediction_market",description,YES,"the predictive failure of 2024, it really highlights a critical psychological distinction that traditional surveys just routinely miss. Polling methods are, I mean, they're fundamentally designed to capture preference or intention. They ask, who do you intend to vote for? Or, you know, what is your opinion on this candidate? So, the polls are capturing the want. They capture what the voter would prefer to see happen in the world. But a voter's intention or their desire, it isn't necessarily linked to their actual hardened belief about the reality of the outcome. A voter might, you know, intensely dislike a candidate, but based on local sentiment, campaign momentum, or just trends they're observing, they might be extremely certain that candidate is going to win anyway. And that conviction, the objective forecast, regardless of personal feeling, that's the information that traditional polling just..."
7619075259802602765,https://www.tiktok.com/@leaderjeffries/video/7619075259802602765,This national nightmare will come to an end 🔜🇺🇸🗳️,2026-03-19T21:03:26.000Z,744,25,39,150,11000,28,,Leader Jeffries,132900,True,US,prediction market election,prediction_market,transcript,YES,"A growing number of your members are introducing legislation to regulate prediction markets, saying that they're basically unregulated gambling markets. I know that you have a lot of priorities on your plate, but I'm wondering how much urgency you think this issue demands right now? Well, first question, what did the prediction markets say about Democrats taking back the House in November? It's actually pretty good. I don't know if that skews you at all."
7412080674192084256,https://www.tiktok.com/@electrictimenews/video/7412080674192084256,Part 3 The 2024 Election Map Based On Betting Odds From ALL 50 STATES!#2024 #election #breakingnews #news #politics #democracy #trump #trump2024 #harris #foryou ,2024-09-08T01:38:49.000Z,261,11,33,27,46200,179,"2024, election, breakingnews, news, politics, democracy, trump, trump2024, harris, foryou",Electric Time News,45600,False,US,election odds,betting_odds,description,YES,"is doing better in Iowa and Ohio than Alaska in Alaska's entire history as a state and only voted blue once in 1964 for Lyndon B. Johnson. Every other time since Alaska gained statehood, it has voted Republican, and so there's no doubt Trump is going to win it, but his odds are just slightly lower in Alaska than in two other states that have only recently joined the Republican column. We also have the state of Texas, another state that it has a very long history of going Republican. The last time a Democrat won it was Jimmy Carter in 1976, and today Trump has an 89% chance at winning. There's no doubt he is going to win Texas in 2020. There was some talk that maybe Biden could pull off a victory here, but in the end, it wasn't really that close. Trump still won by nearly six points. This time, he's probably going to win by a double-digit margin. The Lone Star State is also going to be likely red, the second largest state in terms of electoral votes. We also have Florida, which has the third largest at 30 electoral votes. The state is no longer competitive. It used to be the ultimate battleground, the most important state in the country just because of how competitive it was. Just look at the 2012 map. Florida was the only tilt state, and then in 2016, it was once again tilt in favor of Donald Trump. Looking at the odds for Trump today, it's really surprising to see that he has an 86% chance at winning. He is the undoubted favorite to win the Sunshine State for a third time. He won it by an even larger margin in 2020 compared to 2016, and he's probably going to improve off of his margin four years ago once again this November, winning the state by somewhere around seven to 10 points. Florida is going to be the last likely state on this map. We're now left with the seven key battleground states. These are the seven states that are talked about the very most. With all the other states filled in, Donald Trump has 219 electoral votes, Kamala Harris at 226, basically a dead heat before we get to these ultra-competitive battlegrounds. Fortunately for Trump, though, he has a pretty strong grip on quite a few of them, especially the competitive states in the Sun Belt. I mean, Arizona, Georgia, and North Carolina, since 1996, they've only voted for a Democrat once. For North Carolina, that was in 2008 with the election of Barack Obama, while for Georgia and Arizona, it was for Joe Biden in 2020. The only times that these states have gone to a Democrat were under very good circumstances. First in 2008 when George W. Bush was basically the most unpopular president in recorded history, and then in 2020, Donald Trump wasn't doing too well because of the economy, and basically it was the year of COVID before the election that costed Trump his second term. Now, today, that is not at all what is happening. Trump is in a much better position than he was in four years ago. Now Democrats are in power, and with inflation and the economy really not doing that great, it is Joe Biden and Kamala Harris that are going to be blamed for the issues. And so these three swing states, Trump has a significant advantage."
7426956782053985569,https://www.tiktok.com/@electrictimenews/video/7426956782053985569,Part 3 Trump Odds SURGE 20% In The PERFECT Moment (2024 Election Forecast)#2024 #election #breakingnews #news #politics #democracy #trump #harris #trump2024 #fyp ,2024-10-18T03:47:08.000Z,99,1,5,8,9369,179,"2024, election, breakingnews, news, politics, democracy, trump, harris, trump2024, fyp",Electric Time News,45600,False,US,trump odds,"betting_market, polymarket",transcript,YES,"Harris lead. She is behind in every other one. However, her lead isn't going to last very long. Trump is probably going to take over in the next few days. The three most recent polls show a tie, but polling in Wisconsin has been known to be incredibly inaccurate in terms of overestimating Democratic support. In 2016, Hillary Clinton was on track to win Wisconsin by six points based on the polling. Spoiler alert, she lost the state entirely. In 2020, Biden was supposed to win by 6.3. He won it by just 0.6. And so Harris may technically have a lead. Nobody thinks she is actually winning. That is why Wisconsin flipped in favor of Trump on polymarket. And so on our map, it is going to be tilt Republican. In Michigan, I have an even more interesting graph to show you guys. I mean, just look at how far Harris has fallen. She went from nearly a 70% chance, that's more than two and three odds down to just 46. Trump also took the lead in Michigan for the first time in over two months, just a few days ago. He's become the clear favorite. And what has been the most liberal of all the swing states, none of the battlegrounds voted for Biden by a larger margin than Michigan, which voted blue by nearly a three point margin in the 2020 election. Looking at the polling average, Trump leads by a whopping 1%. And yes, that is significant. I mean, just look at 2016. Clinton was supposed to win the state by 11.4. It was not even supposed to be close. In the end, she lost Michigan entirely. Joe Biden also heavily underperformed expectations in 2020. Looking at the graph, Michigan was supposed to go to Harris for basically all of August and September going into early October. But Trump is now the favorite. The betting markets are reflecting that. And if Trump wins Michigan, it is absolutely game over for Kamala Harris. The state is also going to be tilt red on our map with Trump at a slight advantage. And then in Pennsylvania, if Trump could win here, the election is basically over. Trump doesn't need Michigan. He doesn't need Wisconsin or Nevada. All he really needs is Pennsylvania. And looking at the odds, he is the favorite with a 56% chance of winning. He's been ahead basically since the beginning of the month, taking the lead away from Harris, who was the favorite throughout most of September. And looking at the polls, things don't get any better for the vice president. Trump leads by 0.3% and is ahead in the vast majority of surveys conducted over the last three weeks. If we look at how the average has changed over the last few months, yes, Trump was ahead by quite a bit when Harris first entered the race. But the election in Pennsylvania has always been competitive, even when Joe Biden was still in the race. But considering just how much Trump has been underestimated here in the past, with him now leading in the polls, it is extremely likely that he is going to win Pennsylvania. And based on the betting markets, it is currently a lean Republican state. Moving down to the southeast, we're going to begin"
7428659044468018462,https://www.tiktok.com/@charliemc654/video/7428659044468018462,Poly Market polls #2024  #2024election  #electionpolls  #Trump  #TrumpVance ,2024-10-22T17:51:40.000Z,74,2,0,8,768,,"2024, 2024election, electionpolls, trump, trumpvance",Charliemc654,18000,False,US,polymarket election night,polymarket,description,YES,"Love this country, love this land, but we spiro Gotta give her back to God and the Bible Need a red, white, and blue revival Make America great again Dirty politics will put you on trial Try to take our free speech and our rifles Turn a red wave to a tidal Make America great again Make America great again Inflation's wrecking our pay The border's wide open and our vets need help But we're turning them away Make America great again Yeah, back to United States Where your word means something and your dollar means more And we ain't messing around with other countries, whoa Love this country, love this land, but we spiro Gotta give her back to God and the Bible Need a red, white, and blue revival"
7614190679601745165,https://www.tiktok.com/@itsreallycameron/video/7614190679601745165,Judy Shelton on Polymarket ,2026-03-06T17:08:51.000Z,5,,0,0,371,22,,itsreallycameron,1861,False,US,#polymarket election,polymarket,"description, transcript",YES,"Okay, we know Kevin Walsh was nominated for the Fed Chair from Trump on True Social a long time ago, and yesterday he was formally nominated, sent to the Senate. Here's Kevin Walsh. But now there's a poly market for if he will be confirmed, and look at this, Judy Shelton's at 3% still. Still, still at 3%. At this point, this is just like a joke. I don't even understand it."
7597566855728893197,https://www.tiktok.com/@itsreallycameron/video/7597566855728893197,These predictions are getting out of hand 😭 #polymarket #kalshi #daytrade,2026-01-20T22:00:11.000Z,392,27,22,7,25600,18,"polymarket, kalshi, daytrade",itsreallycameron,1861,False,US,#polymarket election,"kalshi, polymarket","description, hashtags",YES,"Free money? Will Trump say gay in January? Obviously not. $10,000, free money. Overwhelming enthusiasm that I am declaring that anyone who protests or interferes with ICE and their operations is officially gay. No! No!"
7617914668853497102,https://www.tiktok.com/@polymrpxztp/video/7617914668853497102,He could win $430k 💀#viralitypoly #tjr #trading #polymarket #trump ,2026-03-16T17:59:48.000Z,28,,0,0,940,16,"viralitypoly, tjr, trading, polymarket, trump",polymrpxztp,7,False,US,#polymarket election,polymarket,"description, hashtags",YES,"Connor Senna is the number one top holder with $170,000 on Donald Trump out as president by March 31st. Now you might be wondering, why would I do this? Because bro, you win 429,000 dollar w"
7616771403181755662,https://www.tiktok.com/@markus.markets/video/7616771403181755662,Prediction market dilemma SOLVED #polymarket #kalshi #polymarket #kalshitrading #polymarketstrategy ,2026-03-13T16:03:42.000Z,71,,20,5,1864,41,"polymarket, kalshi, polymarket, kalshitrading, polymarketstrategy",Markus.markets,6226,False,US,#polymarket election,"kalshi, polymarket, prediction_market","description, hashtags, transcript",YES,"If you're trying to figure out if making money on polymarket and kalshi when Trump goes and bombs another country, or if there's a recession or the price of diapers goes up, maybe don't think so hard about is this super ethical or not and just focus on making a few hundred thousand dollars and figuring out if it was ethical later. Then if you decide that it was unethical to make all that money on people suffering war politics, then donate all of that money to charity, it's a win win situation. Making money on cash and poly market has literally never been easier. Figure it out now, make the money now and figure out if you want to donate it later or just be rich and buy a mansion. I'm joking a little bit, but my name is Marcus. All I do is post free prediction market content right here on this page. So if you want to see more videos from me and you want to become good on these platforms, hit my page with a follow."
7615523487561583885,https://www.tiktok.com/@colepredicts/video/7615523487561583885,This Polymarket glitch is crazy work #predictionmarkets #polymarket #kalshi ,2026-03-10T07:22:01.000Z,464,32,334,15,13400,27,"predictionmarkets, polymarket, kalshi",colepredicts,883,False,US,#polymarket election,"kalshi, polymarket","description, hashtags, transcript",YES,"Bro, how is this even legal? You got a polymarket, you find one of these different categories, for example, bitcoin up, down or something on iran and US. You go to this site right here. Then you claim access to the bot and you see all of the whales on polymarket and exactly what trades they're placing, exactly when they're placing them. Go back to polymarket, you find those trades, you place them. Easy money."
7578220403781356814,https://www.tiktok.com/@cameronkasky/video/7578220403781356814,DONATE at kaskyforcongress.com #YesWeCam ,2025-11-29T18:46:13.000Z,841,16,44,30,12500,30,yeswecam,cameronkasky,13400,False,US,#kalshi election,kalshi,transcript,YES,"People are betting that I'm going to win my congressional race on Kalshi or whatever the fuck it's called. And I have a very simple message. Don't bet. Donate. At caskeyforcongress.com. I am a human being, not a racehorse. And we can win this race and send a message all across the country that human rights is going to win, that woke is back, we're all going to be woke again. And that's a great thing. That's a beautiful thing. It's just a very expensive process. I'm going up against people with a lot of money. Donate now at caskeyforcongress.com. And don't do the sports betting, all right? That's not good for you. Thanks so much."
7538851497623211295,https://www.tiktok.com/@market_maven777/video/7538851497623211295,Have you guys seen this app??! #makemoneyfromyourphone #makemoneyfromhome #kalshi #financialindependence #sidehustle ,2025-08-15T16:34:17.000Z,18,13,7,4,1867,70,"makemoneyfromyourphone, makemoneyfromhome, kalshi, financialindependence, sidehustle",Market Maven | Money Mentor,31100,False,US,#kalshi election,kalshi,"description, hashtags, transcript",YES,"heard of this app called Kalshi? Apparently you can go in there and place a bet on almost anything. It's like politics, real-world news, crypto, financial like stock market, pop star news about Taylor Swift, the president's decisions on certain things, will the Fed rates get cut, all these different things that you know and most of it's like a yes or no, this or that type of bet and you can see the percents that they're leaning towards. I mean how many have voted for each side and then it tells you the amounts that you would make if you're right. I'm not big into gambling but I did see some things on there that I feel pretty confident in that I would feel comfortable waging a bet on. So like Fed rates getting cut in September, I think yes. Will Bitcoin hit 125 this year? I think so. We already hit 123 this week so I'm not working with them to make this advertisement. I just legit found it and thought it was very interesting and I'm always about ways to make money and side hustles even though this is more of a gamble. I thought I'd share."
7531860880254848269,https://www.tiktok.com/@whatsnextpolitics/video/7531860880254848269,What’s their next move going to be? #kalshi #politics #maga ,2025-07-27T20:27:27.000Z,48,,3,2,934,40,"kalshi, politics, maga",What’s Next,74,False,US,#kalshi election,"kalshi, prediction_market","description, hashtags, transcript",YES,"The chances of the Epstein files being released have reached an all-time high, and that's not my opinion. Cal State's prediction market is showing a 60% chance that previously unreleased files are made public by the Trump administration, and that's up from a 13% chance two weeks ago. Now the big question is, what exactly will they release? It's been reported that Trump's name is in the files, meaning that it's highly unlikely that the entirety of the files get released. However, if the Trump administration does not make some relevant information public soon, they could continue to face backlash from their own base. Now Congress is going to be in recess for the month of August, so if Donald Trump can't find something to release soon, Republicans in Congress may be forced to take a tough vote about releasing the files themselves, which will either anger their base or Trump."
7538556514269809933,https://www.tiktok.com/@whatsnextpolitics/video/7538556514269809933,Do YOU think this will happen? #kalshi #politics ,2025-08-14T21:29:41.000Z,30,,1,1,1305,49,"kalshi, politics",What’s Next,74,False,US,#kalshi election,"kalshi, prediction_market","description, hashtags, transcript",YES,"Could Donald Trump reschedule marijuana? Now for context, currently marijuana is a Schedule 1 drug, meaning the federal government holds it has no medical use and is a high risk of abuse. Other Schedule 1 drugs include heroin, LSD, and ecstasy. According to Calhoun's prediction market, there's a 61% chance that marijuana will be rescheduled before 2026, and a 77% chance it gets rescheduled before 2027. But why the big shift? Donald Trump has said in a press conference that his administration is looking at rescheduling marijuana and that a decision will be coming in a matter of weeks. According to the Wall Street Journal, the administration is considering dropping marijuana down to a Schedule 3 drug, which are defined as moderate to low potential for physical and psychological dependence. This change would be massive for medical research institutions, as it would make studying the effects of marijuana more possible. It would be great if research institutions weren't defunded, but a win is a win."
7602795623535906079,https://www.tiktok.com/@real.benshapiro/video/7602795623535906079,Kalshi markets and polls show bad signs for Republicans ,2026-02-04T00:10:17.000Z,1405,7,35,53,33200,35,,Ben Shapiro,2900000,True,US,#kalshi election,kalshi,description,YES,"Republicans are beginning to pull every alarm that they can find about the 2026 elections. The Calhoun markets right now, they say 63% of people say the Republican Party is going to retain control of the US Senate. 37% say that they believe the Democrats will take control of the Senate, but those are the worst numbers for the Republican Party this cycle. So those numbers seem to be converging and the hopes for the Democratic Party in this election cycle are going up. The Calhoun markets also suggest 78% of people saying Democrats are going to win the House, only 22% saying that Republicans will retain control of the House. And so the question becomes, what exactly can Republicans do about it?"
7606098593472056589,https://www.tiktok.com/@nick.predikts/video/7606098593472056589,Trump said the n word??? #polymarket #predictionmarket #kalshi #predictionmarkets  ,2026-02-12T21:47:23.000Z,19,,1,1,703,31,"polymarket, predictionmarket, kalshi, predictionmarkets",nick.predikts,387,False,US,#kalshi election,"kalshi, polymarket, prediction_market","description, hashtags, transcript",YES,"Nah, hold up. So you're telling me there's a 5% chance that our president, Donald Trump, says the N-word on live national television? Honestly, if anything, he's going to say hard R at the end. People fall for this shit all the time. They want to see a big payout, so they take crazy odds, and then they lose their money. Don't fall for this trap. Trump is not saying the N-word, bro. I promise you. And in case you're new here, my name's Nick. I make my entire income from prediction markets, and in 2025, I made over a million dollars. I give out free game every single day, so if you guys want to stay up to date on prediction markets and find profitable trades, toss me a follow."
7429044937460583722,https://www.tiktok.com/@nolanknowsmma/video/7429044937460583722,Someone just put up 250k on Donald Trump to win the Election on @Kalshi Exchange 😱 #donaldtrump #trump #kamalaharris #kalshi ,2024-10-23T18:48:40.000Z,339,72,30,22,12200,55,"donaldtrump, trump, kamalaharris, kalshi",nolanknowsmma,80100,False,US,#kalshi election,kalshi,"description, hashtags, transcript",YES,"During Kamala Harris's interview with Fox News, someone put down $250,000 on Donald Trump to win the election. My first question was who in the hell is taking quarter million dollar bets on politics until I realized it was an exchange called Kalshi. Kalshi is currently showing Donald Trump having a 59% chance to win the election. All that means to us degenerates is that $1,000 would win us $694. I've also seen people that are confident Harris is going to win and $1,000 would return over $2,300 if you put it on her. But on this app Kalshi, it's not just politics you can bet on. You can bet on things that you probably would have never guessed you could throw some money at. But right now we're 15 days away from the election. Money is coming in left and right on this thing. Kalshi is the first fully regulated elections market in the United States, which means it's legal. So if you want to throw your money on Donald Trump, Kamala Harris, or anything having to do with politics and many other things in pop culture, go to Kalshi.com or download the app right now."
7619559892554124567,https://www.tiktok.com/@silentmelodiees/video/7619559892554124567,Murphy Accuses Trump Allies of Insider Gains as Iran War Sparks Prediction Market Scandal#usanews #viralnews #todaynews #usavsiran ,2026-03-21T04:24:22.000Z,46,30,7,1,2232,75,"usanews, viralnews, todaynews, usavsiran",Daily Report HUB,17100,False,US,#predictionmarkets,prediction_market,description,YES,"1147 p.m., the night before the first American missiles crossed into Iranian airspace, on a screen somewhere, a cursor moves, a bet is placed, then another, then another. 150 accounts, all activated within the same window of hours, all pointing to the same prediction, that the United States military would strike Iran the following day, not in a week, not sometime this month, tomorrow. Most of these accounts had never placed a single bet before that night. By morning, one of them had cleared nearly half a million dollars, half a million dollars, from a war that had not yet been announced, from a decision that was supposed to be locked inside the most secure room in the most powerful building on earth. Someone knew. The question that is now shaking Washington to its foundation is not whether insider information was used. The question is, who gave it? This is not a story about gambling. Let that sink in for a moment. This is not about a few reckless traders getting lucky on a volatile market. This is not about a loophole that slipped through the cracks of a regulatory system. What you are looking at, what Senator Chris Murphy stood up and described in explicit detail, is a potential blueprint for"
7619540182928248095,https://www.tiktok.com/@polyvviz/video/7619540182928248095,Everyone’s piling in on this side… that’s usually the warning sign. #viralitypoly #polymarket #prediction #markets #fyp,2026-03-21T03:07:41.000Z,8,,1,0,292,15,"viralitypoly, polymarket, prediction, markets, fyp",polyvviz,0,False,US,#predictionmarkets,"polymarket, prediction_market","description, hashtags",YES,"Bro, what? Did Trump say restaurant this week? 8%? Oh my god Oh my god Oh my god Yeah!"
7619545495320481055,https://www.tiktok.com/@glitchvviz/video/7619545495320481055,Odds say one thing… but something’s off here. #viralitypoly #polymarket #prediction #markets #fyp,2026-03-21T03:28:20.000Z,3,,0,0,96,15,"viralitypoly, polymarket, prediction, markets, fyp",glitch,0,False,US,#predictionmarkets,"polymarket, prediction_market","description, hashtags",YES,"Bro, what? Will Trump say restaurant this week? 8%?"
7430403501974441259,https://www.tiktok.com/@simpleblacktheory/video/7430403501974441259,@Xaviaer DuRousseau you are tripping #foryoupage❤️❤️ #fyp #elections #polling  ##election2024,2024-10-27T10:40:56.000Z,16800,169,1207,341,249500,88,"foryoupage❤️❤️, fyp, elections, polling, election2024",SimpleBlackTheory,495700,False,US,#electionbetting,kalshi,transcript,YES,"I promise you, by the end of this video, I will be laughing. Kamala, what are you doing on the floor? Mind you, I don't trust any of these mainstream election polls. They're usually biased and have terrible test groups. But I just learned from my future VP, Jadarius Vance, that if you want accurate looks at the direction of our country, you need to look at Kalshi. That makes no f***ing sense. For those of you who don't know, Kalshi is basically a betting platform. And recently, it became legal for people to bet on the election. Don't ask me why I think it's stupid. Because Donald Trump is the favorite to win the election in the betting polls, a lot of Trump supporters are using this as an accurate sign that Donald Trump should win the presidency. Not only am I going to prove you wrong, but I won't be surprised if you guys use this as proof that Donald Trump should've won if he loses. First, in order to gamble, you would have to be 20 years of age. There are some states that allow you to be 18, but most of them do say 21. Now, we know that the legal age to vote in the United States is 18 years old. Also, not all 50 states are participating in online betting. Studies also show that the majority of the demographic that bets online are young men. So it has restrictions with age, location, and there's a big gender gap when it comes to betting online. I was supposed to laugh at this moment, but it's just really sad to see you guys really try hard to fight for something you're not going to win."
7618344174424706335,https://www.tiktok.com/@highlightclicks/video/7618344174424706335,"🚨 According to reports, Democrats have introduced the BETS OFF Act which would prevent government officials from placing bets on prediction markets when they have insider knowledge of outcomes 🇺🇸🏛️ This is actually a really important piece of legislation that affects how our leaders operate 👀 But here is the big question — do you think this law would actually be enforced fairly across BOTH parties OR do you think it would only be used selectively? 🤔 Drop your take below 👇🍿 #fyp #viral #breakingnews #trump #uspolitics",2026-03-17T21:46:28.000Z,9,,1,4,548,20,"fyp, viral, breakingnews, trump, uspolitics",IShouldn’tBeHere,104,False,US,#electionbetting,prediction_market,description,YES,Breaking!
7615706962247929101,https://www.tiktok.com/@cnbc/video/7615706962247929101,"Luana Lopes Lara, co-founder and COO of Kalshi, discusses how she and her co-founder set out to build something fundamentally different: a platform where people trade on real-world outcomes, not stocks. Listen to the full interview on the CNBC Changemakers and Power Players podcast at the #linkinbio or the link on screen. #CNBC",2026-03-10T19:13:17.000Z,30,1,2,11,1819,82,cnbc,cnbc,1200000,True,US,kalshi midterms,kalshi,description,YES,"What is the origin of Calshi? What was the original idea? It really started when me and my co-founder, we were working on Wall Street. And what we learned at the time is that most trading happens when you have some view about the future and then you try to put it in the markets, but there isn't a very good way to do it. So an example, for example, is when Brexit was happening in 2016, a lot of people were trying to get exposure to it, but there wasn't a good way. You try to build a portfolio of maybe shorting the pound, go long some European stocks, but there wasn't a direct way to just get exposure about what was going to happen. And we saw the behavior happen a lot, a lot of times. So we saw it again when the Trump 2016 election, that there wasn't a way to really get exposure to it. So people were trying to short the S&P and try to find a play in the markets. But what we wanted to do from that moment on was we wanna create an exchange where people can trade directly on what's gonna happen in the future and just hold exposure, just hold a share of what's going to happen in the future. And of course, the big question at the time, the big problem was how do we make this in a legal way? Because it was illegal in the US. So we went for a four-year regulatory journey to convince the regulators that these markets are good, that they should be regulated and legal in the US for us to be able to launch and go from there. And yeah, in the past two years, since we started listing the election markets, it started growing so much and it's been a blessing."
7544872788792823070,https://www.tiktok.com/@bigswol/video/7544872788792823070,Do you think DJT is gonna win the appeal at the Supreme Court? I think it’s a cake walk for him imo🤧🦅🦅Lmk in the comments!❤️🤍💙#donaldtrump #tariffs #fyp #politics #kalshi ,2025-08-31T22:00:10.000Z,719,9,92,86,7895,86,"donaldtrump, tariffs, fyp, politics, kalshi",Bigswol💪🏾,111400,False,US,kalshi trump,kalshi,"description, hashtags",YES,"Donald Trump's tariffs are not illegal, he declared a national emergency! There are two main reasons he declared this emergency, and the first being our trade deficits. Donald Trump doesn't want America depended on foreign countries for supply chains and manufacturing, he wants Americans to get on that grind! Also, if other countries have high-ass tariffs and more trade barriers, why not us? We're America! Ow! It doesn't stop there, the second reason was for our border security. Do you know how much drugs they've confiscated so far? Canada and Mexico was just letting the drugs hop right over the border! Donald Trump said, uh-uh, if y'all niggas don't help me clean this shit up, I'm slapping tariffs down! And did! And he was well within his right to do so under the International Emergency Economic Powers Act! Damn, that was a mouthful! Donald Trump is not worried about that little ruling from the Federal Appeals Court, he's gonna take it to the Supreme and win! He's caught 16 doves in the Supreme Court this year so far! The ruling to make Trump's tariffs illegal wasn't even unanimous! Do you think Donald Trump's gonna win this appeal? Make sure to let me know in the comments! Let's say the impossible happened and he lost this appeal, does he just give those billions of dollars back? According to Kostra, y'all think there's an 18% chance the court would order a tariff refund, but again, how would that work? President Trump has until October 14th to appeal this ruling, but until then, the tariffs are gonna remain in place! Keep it up, Donald Trump! I can't wait to tell y'all about another dove Donald Trump catches! Ow!"
7559256640898288910,https://www.tiktok.com/@sunnyywuu/video/7559256640898288910,"Basically treat prediction markets as a live sentiment indicator. Example, you can track polymarket odds for macro events (Fed rate cuts, inflation, election, oil prices etc) then use that as additional confluence to manage your trades #tips #stocks ",2025-10-09T16:16:45.000Z,106,23,50,2,4251,5,"tips, stocks",Sunny 🪽,21800,False,US,prediction market odds,"polymarket, prediction_market",description,YES,♪♪
7523616657030368520,https://www.tiktok.com/@bettingcommuntiy/video/7523616657030368520,Feeling sad for today’s generation 🥲@Polymarket #polymarket #sadstory #america #charliekirk #us ,2025-07-05T15:15:12.000Z,51,,4,9,906,35,"polymarket, sadstory, america, charliekirk, us",bettingcommuntiy,719,False,US,polymarket debate,polymarket,"description, hashtags",YES,"Have you ever watched an abortion? It is one of you. Have you? Yeah, actually, I have. And I encourage every human being to watch one to know what you are fighting against, because when you see abortion, your life will be changed. That we allow the massacre of a million and a half babies a year under the guys of woman reproductive health, we are allowing babies every single year to just say, you know, we're gonna discard them. Why? Oh, they're smaller, they're not humans. You're using dehumanizing language saying, oh, it's an embryo. No, that's a baby made in the image of god, deserving of Protection."
7595123328780733718,https://www.tiktok.com/@polycrunch/video/7595123328780733718,Logan and Kai trump argue over 3rd term. #kaitrump #loganpaul #polymarket #podcast #trading ,2026-01-14T07:57:41.000Z,3,,0,0,302,81,"kaitrump, loganpaul, polymarket, podcast, trading",polycrunch,1,False,GB,polymarket debate,polymarket,"description, hashtags, transcript",YES,"Have you seen the poly market on whether or not your grandpa would run for a third term? I think it's maybe a 4%, right? 4%, can we bring up the poly market? Here's the poly market, we have the poly market right here. 4%. Don, that's the winner. Presidential election winner for 2028. Your grandpa is at 4.1%, says the poly market. Do you think that's possible? I don't, he's not running a third term now. He's not, he's said it so many times. Sadly not, no. He's not running. I feel like I'm still gonna buy yes. I mean, who knows? What would pay out? A lot could happen until 2028. Not that, that's like one thing that cannot happen. I feel like J.D. Vance is also a good buy. He's really nice, yeah. Yeah? Yeah, like I've met him a few times, really cool guy. His wife is super nice. Oh, yeah. I'm gonna be honest, man. Out of that squad, dude. It's J.D. Vance. God, I don't think it might happen. It's J.D. Vance. Is this like our locked competitors? Like there can't be any like side people that just like pop in? I mean, I think so. I think there's some, right? Like what happened to like Rubio? Is he just cooked? Oh, J.D. owns him now. He's like J.D.'s bitch. All right. No? Well, I'm just asking. I don't know. I don't know how all this works. And by the way, I hate politics. Why do we pull this up?"
7434055987113299206,https://www.tiktok.com/@thetypicalliberalusa/video/7434055987113299206,BOOM 💥 Trump is winning on @polymarket trading markets right when it matters most. Trust the money markets. Hit the link in my bio to see the latest live election forecasts that refresh in response to all the information traders gather. I’m checking it every 10 minutes😬👆🏼 Trump will get a second term if everyone VOTES🫡🇺🇸 #PolymarketPartner,2024-11-06T06:54:21.000Z,1,,0,0,8,,polymarketpartner,Grant Godwin 🗣🇺🇸,765,False,NG,polymarket election night,polymarket,"description, hashtags",YES,♪♪ ♪♪ ♪♪ ♪♪ ♪♪ ♪♪
7564810939845987598,https://www.tiktok.com/@anthonypomplianoofficial/video/7564810939845987598,Polymarket called all 50 states.,2025-10-24T15:30:56.000Z,1,4,2,0,227,22,,Pomp,6689,False,US,polymarket election night,"polymarket, prediction_market","description, transcript",YES,"Polymarket, as a prediction market, functions far better than the CME, but the real breakout was the 2024 election. The prediction market for Polymarket called 50 of 50 states correct. Nate Silver's model, New York Times, none of these models were even close. Only Polymarket called the election in 50 of 50 states."
7613449613768396062,https://www.tiktok.com/@cryptodylnews_44/video/7613449613768396062,JUST IN: Polymarket now shows a 74% probability that the Clarity Act could be signed into law in 2026 ✍🏻 #cryptonewsdaily  #trumpsupporters ,2026-03-04T17:13:09.000Z,1,,0,0,126,,"cryptonewsdaily, trumpsupporters",Cryptodylnews,14200,False,US,polymarket 2026,polymarket,description,YES,
7595099938619428118,https://www.tiktok.com/@user87088151465743/video/7595099938619428118,The 2026 Election Map Based On SHOCKING New Polls! part2#news #polls #2026,2026-01-14T10:30:00.000Z,1,,1,0,243,181,"news, polls, 2026",user87088151465743,311,False,US,election odds 2026,betting_market,transcript,YES,"election over Tim Michaels. This was an over-performance by Democrats as many polls had predicted that Michaels would actually unseat the incumbent Democrat. And so, Wisconsin is likely to nominate Mandela Barnes as the Democratic nominee and Tom Tiffany as the Republican. And according to the latest polls, Barnes is ahead by 6%. He was Tony Evers' Lieutenant Governor for his first term before running for the U.S. Senate in 2022. He lost that race very narrowly to Ron Johnson by just 1%. But in a race for Governor, Mandela Barnes will fare slightly better. He is currently the favored in this race. Wisconsin is likely blue. Next up, in Illinois, incumbent Democrat J.B. Pritzker is running for re-election. He is running for a third term and leads Republican Darren Bailey by 20 points. Now, Pritzker likely does have presidential ambitions. He is going to have to win this race if he ever wants to be the Democratic nominee in 2028. Whether or not he wins that is irrelevant here in terms of the gubernatorial race alone. He is in a very good position. Pritzker has actually started losing weight recently, which is something that many candidates commonly do before big elections. But for now, just for the 2026 race, Pritzker is on track to win by at least 15 points. Next up, in Michigan, the governorship is currently controlled by Democrats, but Gretchen Whitmer is term limited. She is ineligible to seek a third term. And so this is probably the second best opportunity for Republicans to flip a governorship on this map, second only to Kansas. And so according to the latest polling data, Republicans are actually ahead with Republican John James leading Jocelyn Benson, the Democrat, by 0.2%. Benson is the Michigan Secretary of State. Meanwhile, James is a current member of Congress. John James is a pretty strong candidate. He came very close to winning a U.S. Senate seat in 2020 in a race that nobody expected him to even get close to winning. We also do have a third party candidate here, that being Mike Dugan. He's probably going to take an equal number of votes from both candidates. He's probably also not going to win at 20% when all of the votes are counted. But for now, Republicans are in the lead. And so the GOP will take their second flip on our map. Michigan will be tilt red. Ohio is also a pretty competitive, even though Republicans should be performing a little better here, as this is a state that Trump carried by 11 points in 2024. The problem for the GOP is that Amy Acton, the presumptive Democratic nominee, is pretty popular. She's a former director of the Ohio Department of Health. Meanwhile, Republican Vivek Ramaswamy is more of a national figure. He is mainly known for his presidential run for the Republican nomination in 2024. According to the polls, though, Ramaswamy is still slightly ahead. He leads Acton by 2.6%. And according to the betting markets on CalShie, Republicans have a 58% chance of winning. The race is close, but the GOP does still have a clear edge. And according to the polling data, Ohio will be a lean Republican. And then to finish off the Midwest."
7450994491143621934,https://www.tiktok.com/@upcloseinsights_/video/7450994491143621934,Only time will tell 🕦 #polymarket #trump ,2024-12-21T22:24:07.000Z,17,1,1,20,887,20,"polymarket, trump",upcloseinsights_,25,False,US,polymarket michigan senate,polymarket,"description, hashtags",YES,"Who else is excited about Trump taking office in 29 days? These are some of his promises and policies and what people are betting will happen with them. There's a 90% chance on his deportation action, a 7% chance that he'll end the Ukraine war, and an 81% chance that he'll end the Gaza war. These numbers are all over the place and people are making good money on these markets."
7610642467171454221,https://www.tiktok.com/@chasebetzzz/video/7610642467171454221,Someone just won big #polymarket #america #sotu ,2026-02-25T03:40:11.000Z,0,1,0,0,12,8,"polymarket, america, sotu",ChaseBetzzz,69,False,US,#polymarket election,polymarket,"description, hashtags",YES,
7615685067989470495,https://www.tiktok.com/@holymarkett/video/7615685067989470495,no way he just did that 😭🙏🏻  #viralitypoly #polymarket #trump ,2026-03-10T17:48:11.000Z,17,,1,0,383,12,"viralitypoly, polymarket, trump",holymarket,487,False,US,#polymarket election,polymarket,"description, hashtags",YES,"Bro, what? Will Trump say Jesus this week? 6%? Bro, that can't be right. What?"
7437634495789944106,https://www.tiktok.com/@dogmama4democracy/video/7437634495789944106,"When Shayne Copland, CEO of Polymarket, bet on election results but forgot to hedge against the FBI...Looks like the real market crash happened in his apartment! #ShayneCopland #PolymarketRaid #electiondrama #PoliticalUpdates #Trump2024 #2024Election #trumpnews #followthemoney #PresidentialElection #2024Candidates #SwingStates #raid #fbi #fbiraid #Voting2024 #gambling #betting #bettingtipster #bettingodds ",2024-11-15T22:20:39.000Z,16600,7101,2198,5,130100,147,"shaynecopland, polymarketraid, electiondrama, politicalupdates, trump2024, 2024election, trumpnews, presidentialelection, 2024candidates, swingstates, raid, fbi, fbiraid, voting2024, bettingtipster, bettingodds",dogmamafordemocracy,22500,False,US,#polymarket election,polymarket,"description, hashtags",YES,"The thing that is undeniable was the night of the election, Polly Market was the first destination to basically convey that Trump had won. And it was a good two, three hours ahead of media. Crime does not pay. You're gonna get caught. You're gonna get found out. And that's just the way it is. Case in point, Shane Copeland. If you don't know who Shane Copeland is, he is the CEO of this app called Polly Market. Shane Copeland's house was raided on Wednesday morning. The feds came in, the FBI came in like gangbusters and seized all of his electronics. His phone, his computers, his girlfriend's phone and computers, all of it. They got all of it. Why, you ask? Because of the fact that Shane and his Polly Market app was taking bets on the US election. It's illegal to bet on elections here in the US, but people were using VPNs in order to place bets, knowing that it was illegal for US citizens to place bets on the US election. They did it anyway. Now, what are the odds that this app perfectly predicted every single state that was gonna be red and every single state that was gonna go for Trump? Every US poll that predicted the election said this was gonna be a tight race and every US poll had Kamala Harris favored to win, not Donald Trump. Not only that, a major Trump supporter by the name of Peter Thiel is a backer of Polly Market. And who's Peter Thiel's boy? None other than Elon Musk. That's right, Dr. Evil Elon Musk. This is the second rate in the last two weeks. Do not be surprised when the shit hits the fan and stuff starts going down. Because I'm telling you, just like I've been telling you all along, something is not right. The feds are building a case right now and they're just collecting all of the players. This is better than a John Grisham novel. It's better than anything on Netflix right now. So make sure you stay tuned because there's definitely more to come."
7581873027659369783,https://www.tiktok.com/@sammicohentalks/video/7581873027659369783,"Luana Lopes Lara is officially the world’s youngest self-made billionaire. Luana co-founded Kalshi by building infrastructure around prediction markets. Kalshi is the first regulated U.S. exchange for event contracts. In this episode, we dive into the process to build Kalshi, their competitive edge, and why prediction markets will ultimately shape the way that humans think about risk and uncertainty. This episode is now live wherever you get your podcasts.",2025-12-09T15:00:25.000Z,32,1,8,2,2262,62,,Sammi Tannor Cohen,82600,False,US,#kalshi election,"kalshi, prediction_market",description,YES,"The elections actually have a funny background story. It took three years to get regulated. And when we got regulated and launched, there was actually still another elephant in the room, which were the election markets. And we worked with the CFTC for one to two years, and they were saying, no, no, no, no, no. The CFTC did not let us list it. So we had to sue them, because we knew we were right on the law. Legally, you're able to offer and trade election markets. And we won the lawsuit, actually, one month before the election. There had been a ban for over 100 years in the US. Election day used to be bigger than the stock market trading volume back in 1920s. The last two weeks, we had over $2 billion traded, millions of new accounts, number one in the App Store. And it was really this vindication moment, because a lot of the critics, again, were saying that it would destroy democracy, it was very bad for everyone, and things like that. And actually, if you look at what happened, markets were the best way to forecast what was gonna happen. The entire time, we were saying Trump was around 65% chance of winning, while the polls were saying it was 50-50. And it was that insane moment that we saw the value of these markets are here. You can see why the markets were better at forecasting what was going to happen."
7432025676942691626,https://www.tiktok.com/@nynext/video/7432025676942691626,"Lydia Moynihan sat down with the founders of @kalshi_markets the first legally regulated election prediction market in the U.S., who view their platform as a powerful tool for strengthening democracy and the most reliable indicator of electoral outcomes. Discover how Kalshi became the first legal election prediction market in the U.S. and the impressive volume of money flowing in. Learn more at the link in bio. #NYNext",2024-10-31T19:35:26.000Z,19,2,2,2,534,83,nynext,New York Next,18300,True,US,#kalshi election,"kalshi, prediction_market","description, transcript",YES,"What do you think this means to finally have, in a century, the first legal election prediction market? What kind of impact do you think that's going to have on the election? It actually enhances democracy in a way. There's a lot of research that says that when people are putting money behind their predictions, they actually do more research, it increases voter engagement, it does all of these things. And you also get a single number, a better forecast for the election, because people are putting money behind their positions. It's very easy to say, I think this candidate's going to win, but when you're actually backing it with real money, you get better forecasts. What it means is, I think, two things. People can now participate and engage a bit more meaningfully with the election. People have had this sort of feel of, like, I don't have control of who wins, and I'm just going to take the impact and the consequence, no matter what it is. And now you can actually do something about it. You can make money off of it if you have a conviction about who is going to win, or you can hedge against an outcome that is negative for you, which I think is a very powerful thing. The second thing, and I think this is a big topic of conversation right now, is that these markets are a mechanism for truth. There's been a lot of misinformation in the last 10 years, and it's rampant. It's actually getting worse and worse. Polls are getting less and less accurate. It's actually the best mechanism to get more truth about who's actually going to win. We're letting the market speak instead of pundits, pollsters. Markets don't lie. Just ask people to put money where their mouth is, have some skin in the game, and when they do, it becomes unbiased, it becomes more truthful, and I think that's our approach to basically delivering more truth to the world."
7580347548527856898,https://www.tiktok.com/@whatintheworldweekly/video/7580347548527856898,Quick Kalshi update; you can  bet on whether or not people will starve to d*ath 😳🧎🏿 #fyp #kalshi #gaza #uktiktok #us ,2025-12-05T12:20:03.000Z,45,3,2,5,733,75,"fyp, kalshi, gaza, uktiktok, us",AJ,5472,False,GB,#kalshi election,kalshi,"description, hashtags",YES,So yesterday I did a video on Kaoshi explaining what it was and I made a joke in that video that oh I wonder if we will be able to bet on whether or not how many people are going to die in Gaza or whether or not Gaza is going to you know collapse or how many people are going to be falsely ethically cleansed from it etc etc. I found out after doing some quick searches on there that there was already a Gaza bet on there but it was about whether or not the IPC would declare famine in Gaza. Now the IPC didn't declare famine in Gaza so that bet resolved to yes so all the people that put money on the fact that they will be starving in Gaza I guess it didn't take a genius to work out that it could be true given that Israel was deliberately blocking anything going in as part of their genocidal policies but just the fact that Black Mirror no longer has anything on society. There was an episode of Black Mirror I actually remember where people were betting on whether or not you know someone was going to get unalived and you know everyone was watching them being chased around by different people trying to unalive them. I don't know if you guys remember that episode I'll try and find a screenshot of it I'm gonna put it in the video um that looked hellish we kind of have our own version of that um life imitating art is simply beautiful isn't it just just amazing stuff.
7612123984716385549,https://www.tiktok.com/@casinocompwallet/video/7612123984716385549,The prediction markets are out of control @Polymarket ,2026-03-01T03:29:09.000Z,1471,381,87,96,37300,73,,The Vegaspaulyc show,424700,False,US,#predictionmarkets,"polymarket, prediction_market","description, transcript",YES,"Well, hello, hello, hello, it's Vegas Policy and it appears that a PolyMarket account called MAGA My Man made $515,000 in a single day betting on last night's U.S. strike on Iran. This is from Mike Levin on X. The first trade was placed 71 minutes before news broke. When the person bought in, the contract was at 17% probability and they turned $87,000 into half a million dollars overnight. Mike Levin then reminds us that Donald Trump, Jr. sits on PolyMarket's advisory board and his firm invested double-digit millions into the platform last year. I'm not doing any politics, I'm just giving you the facts. Mike Levin then adds that prediction markets cannot be a vehicle for profiting off of advanced knowledge of military actions and he calls for transparency and oversight. Betting on war, something I bet you never thought you would see, but the gambling is off the charts in America right now. Vegas Policy."
7603552908432444685,https://www.tiktok.com/@mr.intuitive888/video/7603552908432444685,#polymarket #kelshi #robinhood #federalreserve,2026-02-06T01:09:02.000Z,195,40,77,21,4545,15,"polymarket, kelshi, robinhood, federalreserve",Mr.intuitive,84800,False,US,#predictionmarkets,"polymarket, prediction_market","description, hashtags, transcript",YES,"If you are into betting prediction markets, you guys should go to WhoWillTrumpNameAsTheFedChair and hit Judy Shelton because y'all gonna be able to pay off your bills in a few weeks."
7593866740287786270,https://www.tiktok.com/@buzzlinebriefs/video/7593866740287786270,"BREAKING: Odds Trump is impeached again rise to 57%, an all-time high.  Will these new numbers get republican voters out to vote in the midterm elections to prevent this?   Comment with your thoughts and let us know if the Republicans or Democrats will do better in the 2026 midterms. #midtermelections #2026elections #trumpimpeached #republicansoftiktok #democrats ",2026-01-10T22:41:37.000Z,10,,0,7,359,36,"midtermelections, 2026elections, trumpimpeached, republicansoftiktok, democrats",Buzzlinebriefs,3120,False,US,#electionodds,prediction_market,transcript,YES,"Breaking U.S. politics news, the odds that Trump gets impeached again just hit 57%, an all-time high. Prediction markets are saying there's now a 57% chance President Trump faces another impeachment. That's higher than ever. So let us ask MAGA conservatives watching this. Why do you think the odds are this high? Is it non-stop pressure from Democrats, media narratives, or are some campaign promises not moving fast enough? Looking ahead, what does this mean for the midterm elections? Does impeachment talk help Republicans rally the base or does it create distractions heading into November? Drop your thoughts in the comments below."
7620110508573691149,https://www.tiktok.com/@twistflic/video/7620110508573691149,Marco Rubio's 2028 presidential odds are soaring! From 7% to 27% in 4 months. Talk about a rocket. #MarcoRubio #POTUS #Politics #2028Election #PredictionMarkets,2026-03-22T16:01:11.000Z,0,,0,0,24,29,"marcorubio, potus, politics, 2028election, predictionmarkets",SilentEvidence,619,False,US,#electionodds,prediction_market,transcript,YES,"What's happened to Marco Rubio's stock over the last few weeks? Marco Rubio is hot, hot, hot, like a summer heat wave. I mean, just take a look here. Over the last six months, Chance Rubio's the 2028 GOP presidential nominee. He was just at 7% six months ago. Hello, up like a rocket, 27% chance. Now, what is that? That's quadrupling his chances in four months' time. Marco Rubio's chances, according to the Cowshed Prediction Markets, way, way up."
7619836896067194125,https://www.tiktok.com/@wearedigitaldiplomacy/video/7619836896067194125,"It’s unclear whether US Secretary of State Marco Rubio, a former US Senator from Florida who ran against Trump in 2016 for the Republican presidential primaries, will seek the White House in 2028.  US President Donald Trump still has about 3 years remaining in his term — his second term, which makes it improbable he would run again unless he challenges the US constitution.  Potential successors are already jostling for position, and those include, on the Republican side, Vice President JD Vance and Rubio himself — who however already said he won’t run if Vance runs. Rubio, however, seems to have become Trump’s to advisor, always standing at his side.  Just yesterday, Trump was accompanied by Rubio as he was addressing the press before heading to Mar-a-Lago in Florida.  The President told reporters before their questions: “I though I bring our great Secretary of State out and he’s doing a fantastic job. So we have Marco.”  Rubio — who has been praised by a Trump numerous times this past year, including in his State of the Union address most recently — did not take the spotlight away from Trump as he was questioned by reporters on the South Lawn. He only briefly mention Cuba.  Meanwhile, prediction markets are paying attention to the top contenders, and it’s currently a three-horse race between Vance, Rubio, and, on the Democratic side, California Governor Gavin Newsom. According to betting platform Kalshi, Rubio is at 15% (up from 4% in October), Vance at 19% (down from 33% in October), and Newsom stable over time at 20%.  With two-and-a-half years before Election Day 2028, the upcoming 2026 midterm elections will offer a better picture on the next presidential race. As of now, the Democrats increasingly confident that they will take control of both the House — all but guaranteed by election betting odds — and the Senate.  This could kneecap Trump and his agenda and directly impact two key players in his administration, Vance and Rubio. #diplomacy #digitaldiplomacy",2026-03-21T22:19:00.000Z,59,1,1,4,5808,9,"diplomacy, digitaldiplomacy",#DigitalDiplomacy,134000,False,US,#electionbetting,"betting_odds, kalshi, prediction_market",description,YES,"The President has joined our great Secretary of State out, and he is doing a fantastic job. So we have Marco."
7619359201483115789,https://www.tiktok.com/@itsreallycameron/video/7619359201483115789,Polymarket trading #polymarket #kalshi,2026-03-20T15:25:22.000Z,14,,1,0,648,24,"polymarket, kalshi",itsreallycameron,1861,False,US,,"kalshi, polymarket","description, hashtags, transcript",YES,"The war in Iran feels like it's going to be pretty long and I think the Trump administration would like for an off-ramp especially with the midterms coming up but on polymarket the odds that the United States has boots on the ground in Iran is sitting at 59% for the end of next month so that is very likely according to polymarket traders. We'll see how accurate that is, we'll see how the Strait of Hormuz develops over the next few weeks and we'll see what their decision will be."
7597104474229869879,https://www.tiktok.com/@ravioron/video/7597104474229869879,#trump #funny #barrontrump #polymarket #tradingtips ,2026-01-19T16:06:07.000Z,209,20,21,4,5070,13,"trump, funny, barrontrump, polymarket, tradingtips",OffsetActivity,3,False,US,,polymarket,"description, hashtags",YES,
7618587804406156557,https://www.tiktok.com/@markus.markets/video/7618587804406156557,They have an unfair advantage… you can copy them and use it for yourself #trump #polymarket #polymarketrading #insidertrading #predictionmarkets ,2026-03-18T13:33:00.000Z,39,3,18,6,1394,95,"trump, polymarket, polymarketrading, insidertrading, predictionmarkets",Markus.markets,6225,False,US,,"polymarket, prediction_market","description, hashtags, transcript",YES,"Yes, the system is rigged against you and it's only going to get more and more unfair. Fourteen months ago I made a decision that changed my life and I hope that somebody watching this video right now could make the same decision. That was that I decided that I'm not going to complain about everyone that was going to secret, sketchy islands. And I wasn't going to complain about what Trump was doing to boost everyone's portfolios and his inner circles. And I was going to also use the same unfair advantage that all of these elite members of our society are using. And not by being a creep or a P3DO, but by just copying the trades that these insiders were doing on poly market. People inside of Trump's cabinet made hundreds of thousands of dollars when Maduro got captured and many made millions when he went and dropped that big on that one place in the Middle East. And what I've done is I've been able to track what these insiders are doing on these prediction market platforms like poly market. So I can literally steal the information that the members of our elite society are using to make millions of dollars and use it to benefit myself as morally ambiguous as I feel about it. I also made $76,000 when Trump dropped a big on that one place. Don't just take my word for it. My wallet on poly market has been leaked all over Twitter. I've had news interviews done on me. Never just listen to someone who claims they made money on social media, but I was able to do this not because I knew when Trump was going to drop a bomb, but because I just copied the people who did know. Anyways, there's such an opportunity to copy the elite members of our society on these prediction market platforms. It's what I do. It's what I've been doing for 14 months. I made over $600,000 in the past 14 months doing this. The world isn't going to change. It's not going to get any more fair, but if you're interested in doing the exact same thing as me, you should follow my page because all I do is post free content that's going to help you on these platforms and every now and again, I leak some of this information on my page as well."
7561496309304200470,https://www.tiktok.com/@shuyao_kong/video/7561496309304200470,Prediction markets are the next social networks #predictionmarkets #socialnetworks #educational #web3 #cryptonews ,2025-10-15T17:07:36.000Z,74,5,9,6,1040,36,"predictionmarkets, socialnetworks, educational, web3, cryptonews",Shuyao Kong,1382,False,US,,prediction_market,"description, transcript",YES,"Everyone is talking about prediction market right now, but here's my take. They're not just the next crypto thing. They're the next social network. Sable coins were crypto's first bridge to Web 2.0. Prediction market will be the next, but their final form will take more like red notes than an exchange, a place where everyone joins, stays, and shares opinion through predictions. The power comes from people. The more diverse the users, the smarter the results. It should be something even your mother can use. Zero barriers, fund just grow, driven by the likes and reputation, not just money. So imagine a social feed where people predict everything. Will Trump win? Will this movie blow up? Will that restaurant survive? That's the end game. Not about being right, but about being seen."
7580097986391313677,https://www.tiktok.com/@jerocont0/video/7580097986391313677,What are predictions markets ? #crypto #finance #kalshi #predictionmarkets #polymarket ,2025-12-04T20:11:50.000Z,43,1,7,7,1057,58,"crypto, finance, kalshi, predictionmarkets, polymarket",Jeronimo Contreras,74,False,US,,"kalshi, polymarket, prediction_market","description, hashtags, transcript",YES,"What is a prediction market like Kaohsiung or Poland market? They're basically like the stock market, but you're trading on questions. You're trading on whether Bitcoin is going to get to 70,000 and whether Donald Trump is going to be chosen as the president. And the price of each prediction market is going to be the probability of that outcome happening. For example, last year in the elections, prediction markets had Donald Trump as the winner hours before any news outlet in the US had even announced a winner. But how do they work? A lot of people say prediction markets are kind of like gambling, but it doesn't work like gambling. On gambling, you're most of the time bidding against the house. On prediction markets, you're bidding against other people, bidding on the same outcome. You can think of prediction markets more like a tool, a tool that helps you predict the future and the outcomes that are going to happen based on math and crypto technology. So what can you use prediction markets for? You can use them for anything. You can use them for sports. You can use them for crypto prices. You can use them for election winners. You can use them for practically anything."
7615295220955024654,https://www.tiktok.com/@thealyxgreen/video/7615295220955024654,"These betting markets should not exist, but if we do allow them we need to heavily regulate them to prevent shady tactics like this #kalshi #predictionmarkets #gambling #politics #liberal ",2026-03-09T16:35:06.000Z,75,,2,1,886,73,"kalshi, predictionmarkets, politics, liberal",Alyx,6645,False,US,,"betting_market, kalshi","description, hashtags",YES,One of the interesting takeaways about this headline of Kaoshi quote-unquote scamming their customers is first on a top line level they didn't really scam them in a certain sense because if you read the fine print it was clear in the fine print that him dying was not covered. I know because I read it before he died because I was curious if it was covered and so I looked at it it was it was evident that they'd set it up in a way where it would only pay out if he was ousted through like traditional means while alive but in a certain other sense they did scam their customers because they intentionally worded it vaguely to make it sound like it would cover it and then put the fine prints where no one would read it and where the average American doesn't have a media literacy the basic literacy to to read contract terms and understands that it would not pay out if he died and I think it gets to the heart of why these betting schemes are so bad for American consumers is not just that they're wasting money on these things is that they are being directly victimized by their own lack of literacy and lack of education they are intentionally riding these contracts in such a way that it will deceive their customer base and because it's in the fine prints I guarantee no courts gonna rule against them on this it's just another way there's they're stealing from poor underprivileged Americans more than anybody else
7430895814442077482,https://www.tiktok.com/@upcloseinsights_/video/7430895814442077482,Todays numbers on Polymarket   #polymarket #2024election ,2024-10-28T18:31:05.000Z,5,,0,10,359,13,"polymarket, 2024election",upcloseinsights_,25,False,US,,polymarket,"description, hashtags, transcript",YES,"Let's check out the election numbers on PolyMarket today. Trump is coming in at 66%, whereas Kamala Harris is following behind at 34%. These numbers have been changing quite a bit. I'll keep checking back in."
7580458160431926559,https://www.tiktok.com/@julesbonss/video/7580458160431926559,Replying to @Vykie Syck 🔻 love gambling on whether or not we can afford food don’t you? #cnn #gambling #kalshi #americanpolitics #fyp ,2025-12-05T19:29:45.000Z,355,7,34,27,2091,170,"cnn, kalshi, americanpolitics, fyp",Jules,82100,False,US,,kalshi,"description, hashtags",YES,"Oh my god, I forgot about this and I wanted to talk about this. Let's fucking talk about this. So people may or may not have seen this, but essentially, Kalishi is a media gambling like system, very similar to what you see with I think it's like what prize bets or something like that, something picks like you could do this for sports. And now they're starting to do this for the news. And when I tell you this is some of the most dystopian, like literally late stage capitalist shit I've ever fucking seen, because we got to understand what this does. Citizens United allowed for corporations to be seen as entities that can put like at pretty much as human beings, they're able to donate as much money as they want to, to campaigns. Once we saw that take place in American politics and honestly was happening before just more so behind closed doors. But once politicians became directly like tied to corporations, like their ability to raise funds became so deeply entrenched in corporations. It was only a matter of time before shit like this started happening. This I believe is really setting up the tone for even less trust of mainstream media. And the reason why I say this is that let's say like, I don't even know who's still on CNN anymore. I don't like, I think Anderson Cooper left. I think Jake Tapper left. I don't even remember who's on CNN anymore, but let's say someone like them is talking about the news and actively trying to like push for a certain like media outlook. Like they're actively trying to push for a certain idea around a pressing issue that has the ability to sway how people, people putting down money on news policy issues, like things that impact our day-to-day lives are now being further impacted because you can bet on this shit. You can gamble on this shit. And to make matters worse, Donald Trump Jr has been named as the strategic advisor of this company. So I just think that like, ultimately they are setting us up to, to be okay with so much. And I think that that is the problem that we're running into. We're not recognizing that we are being set up to accept that there is so much money that is flowing through American news, through American politics to the point where it deeply impacts policy decisions. When there is money involved, as opposed to people being at the center of politics of policy, like we have very bad outcomes when it comes to healthcare, when it comes to housing, when it comes to access to food, to water, when it comes to like education, all of these things are impacted once money becomes the center and not the people. More people should be alarmed about this. And honestly, this should be fucking illegal."
7433960657185164574,https://www.tiktok.com/@predictionswithshi/video/7433960657185164574,#greenscreen #election2024 #predictions2024 #trump #harris ,2024-11-06T00:44:15.000Z,339,28,25,43,32600,23,"greenscreen, election2024, predictions2024, trump, harris",predictionmarket22,592,False,US,,prediction_market,transcript,YES,"I've got the latest in the prediction markets, y'all. We've got Harris at 39.1 percent and Trump at 61 percent. With our current comparison, we've got Indiana, Kentucky, and West Virginia that have submitted their electoral votes already. All are for Trump and we've got Vermont who is blue. Follow me to continue comparing market predictions with election results."
7413827479187574058,https://www.tiktok.com/@los.trece/video/7413827479187574058,"A federal judge's ruling could pave the way for Americans to legally bet on U.S. elections for the first time. U.S. District Court Judge Jia Cobb struck down a decision by the Commodity Futures Trading Commission (CFTC) that had previously barred New York-based Kalshi from offering election outcome bets. The judge's ruling paused further action until an upcoming hearing, where the court will likely explain the decision. Kalshi argues that they and the public should have access to these betting contracts, which have been blocked by the CFTC, especially with elections approaching. The CFTC had previously expressed concern that such bets could undermine election integrity by creating financial incentives to vote for specific candidates. Betting on U.S. elections remains illegal in all U.S. jurisdictions, though it's common on foreign betting sites and in Europe. If allowed, Kalshi could potentially offer contracts on Congressional and possibly presidential elections, which U.S. sportsbooks have shown interest in offering if legalized. #ElectionBetting #LegalGambling #Kalshi #USPolitics #FederalRuling #CFTC #PoliticalBets #BettingOnElections #Election2024 #RatedRed #fypシ゚ #4upageシ #LosTrece😈 #fypviralシ #fypシ゚viral",2024-09-12T18:37:11.000Z,59,14,4,3,6511,,"electionbetting, legalgambling, kalshi, uspolitics, federalruling, cftc, politicalbets, bettingonelections, election2024, ratedred, fypシ゚, 4upageシ, lostrece😈, fypviralシ, fypシ゚viral",LosTrece😈,72700,False,US,,kalshi,"description, hashtags",YES,
7436381282508082474,https://www.tiktok.com/@user5301610488142/video/7436381282508082474,I asked Trump rally attendees who they would bet on in the elections. Use Kalshi to place your bet #kalshipartner ,2024-11-12T13:17:32.000Z,312,3,15,0,2882,31,kalshipartner,user5301610488142,8,False,US,,kalshi,"description, hashtags",YES,"Trump! Trump! Trump! Trump! Trump! Trump, baby! Who are you voting for? Trump. Why Trump? I just love his vibe. He's just got good energy, dude. Who are you voting for? Donald J. Trump. And why Trump? Because we're going communists otherwise. Under Trump, I didn't have to deal with no school, tell him, ask my daughter who she identify as. No, that was the problem for me. Don't ask my 10-year-old daughter at the time who she identify as. She's a child. Who are you voting for? Trump. Why Trump? Because he was willing..."
7593500570262981943,https://www.tiktok.com/@straightarrownews/video/7593500570262981943,"Turns out betting on politics is a lot more complicated than it seems. A $10M bet was placed on whether the U.S. would ""invade"" Venezuela by Jan. 31. After Maduro's capture, bettors who voted ""yes"" are looking for a payout, but Polymarket says it doesn't count. What do you think? Are the bettors stretching it, or is Polymarket being too strict?",2026-01-09T23:00:53.000Z,10,4,2,1,316,97,,Straight Arrow News,75100,False,US,#politicalbetting,"betting_market, polymarket, prediction_market","description, transcript",YES,"Okay, I've been trying to make sense of this whole situation, and the more I go through it, the more it gets jumbled. So, here's what I ended up telling a friend. Some people put over $10 million into a prediction market about whether the U.S. would invade Venezuela by January 31st. Not just for Reddit karma, an actual betting market where you can put money on an outcome. Then something related actually happened. Venezuelan President Nicolas Maduro was captured in a U.S. operation, and President Trump publicly said the U.S. would be running Venezuela. Now, if you were someone who bet yes, that probably sounds like the exact scenario you were waiting for. But the platform running the bets, PolyMarket, said it didn't qualify. They argued this wasn't a full-scale military invasion, more of a targeted mission to remove Maduro. So, in their view, the conditions of the market weren't met, and honestly, I could see where that set people off. Some bettors pointed to the dictionary definition of invasion and said the U.S. action clearly fits it. Others argued the platform is doing exactly what prediction markets have to do, stick to extremely specific wording or risk backlash. And then there's the twist. Someone placed a $30,000 bet specifically on Maduro being removed and walked away with over $400,000. That's where people started wondering whether this was just a lucky call or someone had early information. And to add another layer, Donald Trump Jr. is now advising the platform and one of its competitors. That does not prove anything on its own, but it definitely adds context to why people are paying deeper attention to who's involved. So now the whole debate comes down to this. If the U.S. captures Maduro and announces it will be running Venezuela, is that an invasion or is PolyMarket right to stick to a strict technical definition? And of course, what do you think? Are the bettors stretching or is the platform being overly rigid? Let me know in the comments."
7564871596423400735,https://www.tiktok.com/@whosbraz/video/7564871596423400735,Now a 99% chance 😭 #whosbraz #crypto #stocks ,2025-10-24T19:25:48.000Z,2455,523,696,162,50500,46,"whosbraz, crypto, stocks",whosbraz,52500,False,US,#politicalbetting,prediction_market,transcript,YES,there is now a 99 percent chance that donald trump will announce uscr on november 12th uscr is already sitting at five cent at 50 million market cap and the prediction market went through the fucking roof after a while he called trump bought one million dollars worth of the coin one million one fucking million dollars worth of uscr and look trump's official team even launched the official trump token on meteora guess what uscr is launched on nigga meteora this coin could go crazy in just two weeks from now and there is literally a 99 percent chance that this happens my nigga do not fucking miss out
7621705768512851230,https://www.tiktok.com/@deltatrendtrading/video/7621705768512851230,Our own politicians are our counterparties in rapidly growing prediction markets. #politics #news #polymarket #insidertrading #geopolitics ,2026-03-26T23:11:10.000Z,29600,1053,3120,130,331200,74,"politics, news, polymarket, insidertrading, geopolitics",Thomas,93400,False,US,#politicalbetting,"polymarket, prediction_market","description, hashtags, transcript",YES,"PolyMarket, the biggest prediction market in the world, updated its rules on Monday. That update was to ban insider trading. It said that people cannot trade with stolen classified information. You're not allowed to bet on an event if you have the ability to influence its outcome. That rule did not exist before this week, and the reason it had to be created was because of things like what happened in January, where a brand new PolyMarket account created one week earlier bet $32,000 on a 5% chance bet that President Maduro would be captured. Just hours later, that happened, and the person cashed out $436,000 from the 5% bet. That one seems strange enough, but CNN reported earlier this week that there's another PolyMarket account that's been open since 2024 and has made nearly $1 million since then, accurately predicting US and Israeli strikes against Iran. That account's win rate on five-figure bets about undisclosed military operations is 93%. And then also on Monday, just before Trump's Iran post, there were $580 million worth of oil futures and $1.5 billion worth of S&P futures that accurately predicted the direction that they were going to go. When you trade, somebody else is taking the opposite side of that trade. They think they have better information than you, and you think you have better information than them, so you have to ask yourself the question, what do I know that they don't?"
7624605686776810782,https://www.tiktok.com/@whynewstoday/video/7624605686776810782,"Trump's son advises BOTH of the biggest betting platforms in America, where people wager on his father's military strikes to things he will even say. Donald Trump Jr. is a strategic advisor to Kalshi and sits on Polymarket's advisory board. His venture capital firm, 1789 Capital, invested tens of millions in Polymarket. On these platforms right now, you can bet on military strikes in Iran, whether a nuclear detonation happens, the extent of famine in Gaza, what words Trump will say, and which White House official gets fired next. Bondi was fired yesterday. Traders have made hundreds of thousands off bets tied to strikes in Iran and Venezuela. His father started the war with Iran. His administration controls the classified intelligence about when strikes happen. This week, Trump's government sued states to stop them from regulating these platforms as gambling. Arizona had filed criminal charges. Lawmakers are pushing legislation to stop officials from profiting off classified intelligence on these platforms. Think about why that bill is necessary. AI generated avatar - sources of news below. Sources: NPR, AP News, CNN, PBS NewsHour, Quartz, Politico Follow @whynewstoday for the stories nobody else fully explains. #PredictionMarkets #Kalshi #Polymarket #DonaldTrumpJr #ConflictOfInterest",2026-04-03T18:44:34.000Z,7,,1,1,282,62,"predictionmarkets, kalshi, polymarket, donaldtrumpjr, conflictofinterest",News Today Explained,1037,False,US,#politicalbetting,"kalshi, polymarket","description, hashtags",YES,"Trump's son advises both major betting sites in America, where people bet on his father's military strikes in Iran. He can bet on whether a nuclear bomb goes off, on famine in Gaza, on what words the president will say, on which White House official gets fired next. Traders made hundreds of thousands off bets on Iran and Venezuela strikes. Donald Trump Jr.'s firm invested millions in the balling market. His father started the war. Does administration control to classified intelligence about when strikes happen? This week, Trump's government sued three states to stop them from regulating these platforms as gambling. Arizona had filed criminal charges. Lawmakers are pushing legislation to make sure government officials can't profit off classified intelligence on these platforms. Think about why that bill exists. Trump administration's position? These aren't bets. They're a financial product called a swap. A law professor told NPR, I think it's very hard to say they are finance."
7615578772980387103,https://www.tiktok.com/@ketanji.brown.jack0/video/7615578772980387103,🚨 THE WAR PROFITEERS: Who Bet $87K on the War & The Attack on Veterans! #USPolitics #BreakingNews #WashingtonDC #Veterans #Corruption #NewsCommentary #PoliticalDrama #TruthExposed,2026-03-10T10:55:50.000Z,276,84,47,19,3395,209,"uspolitics, breakingnews, washingtondc, veterans, corruption, newscommentary, politicaldrama, truthexposed",Ketanji Brown Jackson,24400,False,US,#politicalbetting,prediction_market,transcript,YES,"Stop scrolling. One of the most horrifying political scandals in modern history is unfolding right now, and it involves people making millions of dollars off the exact moment American bombs started dropping. This isn't just about defense contractors. This is about outright insider betting on human lives. Hours before the US launched its first strikes in the Middle East, a massive, unexplainable spike occurred on online prediction markets. More than a dozen newly created anonymous accounts placed perfectly timed bets that the US would go to war. One trader, using a heavily political username, placed an $87,000 bet exactly 71 minutes before the first strike hit, walking away with over half a million dollars. How did they know? Veterans and military experts are absolutely sickened. A combat veteran explicitly pointed out that while soldiers are preparing to risk their lives, political insiders are getting rich off secret information. Reports allege that top administration officials were literally getting drunk and loudly discussing the top secret invasion plans at a seafood restaurant just one block from the White House. Because of this extreme negligence, a celebrity gossip podcast host actually knew about the war before the United States Congress did. Veterans are now demanding a full FBI investigation, arguing that the security of the nation is being compromised by sheer incompetence and corruption. But will the current Justice Department actually investigate their own inner circle? And while the political class cashes in on war, look at how the administration is treating the actual soldiers who come home wounded. In the dead of night, the Department of Veterans Affairs tried to quietly pass a catastrophic rule change that would strip millions of disabled veterans of their financial benefits. The proposed rule would rate a veteran's disability based on their symptoms after medication, meaning if a veteran with severe PTSD is finally stable because of therapy and medicine, the government would say, you look fine now, so we are cutting off your disability checks. It's the equivalent of taking away a soldier's compensation for losing a leg just because they learned how to walk with a prosthetic. The outrage from the veteran community was immediate and explosive. Vets were terrified they wouldn't be able to feed their families and were actively considering stopping their medications just to keep their benefits. The backlash was so intense that it forced the administration to temporarily retreat and claim they wouldn't enforce the rule. But don't be fooled. Veterans advocates are warning that the administration is still actively fighting in the courts to push this exact same policy through by judicial order. They want to gut the VA and pass the blame to the judges. The message from the veteran community is clear. Never again will one generation of veterans abandon another. From insider trading on bombings to actively trying to defund disabled heroes, the hypocrisy is staggering. Do you think the FBI should investigate the war bets? And what are your thoughts on how veterans are being treated? Let me know in the comments and hit that follow button for the real truth."
7566614629732846878,https://www.tiktok.com/@abcnews/video/7566614629732846878,"President Trump's social media company announced it will soon launch a prediction betting marketplace on Truth Social, allowing users to gamble on sports and politics directly on the platform. #news #trump #crypto #betting ",2025-10-29T12:09:25.000Z,9701,3019,1238,550,210700,61,"news, trump, crypto",ABC News,15100000,True,GB,#politicalbetting,"betting_market, prediction_market","description, transcript",YES,"President Trump's family business is now expanding into the betting markets. The Trump Media Company announcing that true social users will be able to trade prediction contracts related to major events and milestones, like political elections, interest and inflation rate changes, commodity prices on gold and oil, and events across all major sports leagues. Prediction markets have been booming in popularity since the 2024 election, and they are mostly unregulated, which has already raised red flags with some regulators. How this works is that you are betting against other people online, instead of placing the bet at a sports book, for example. And in this case, people will get paid out in cryptocurrency, the latest example of Trump's family business deepening ties in that space. As his administration has rolled back crypto enforcement, the family business has reportedly generated hundreds of millions of dollars from their own crypto ventures. The White House denies any conflict of interest, but ethics experts point to the reality that foreign governments or investors can easily put money into these ventures and could expect something in return."
7619533084282735903,https://www.tiktok.com/@maurafornh/video/7619533084282735903,It's time to ban prediction market betting on national security before it gets people killed. We don’t gamble with American lives. #NHPolitics,2026-03-21T02:40:52.000Z,24,4,2,3,361,78,nhpolitics,Maura Sullivan,33,False,US,#politicalbetting,"betting_market, prediction_market","description, transcript",YES,"at least half a dozen trades came in right before the U.S. struck Iran, hours before saying yes, there would be strikes on February 28th. This is incredibly disturbing to see, that somebody who clearly had insider information about the timing in the upcoming events of us striking Iran utilized that information to not only enrich themselves, but to be clear, endanger our troops and risk the national security of the United States. Anyone looking at those betting markets could see that we were potentially going to strike Iran, which tipping them off like that is never something that we should be doing. It is just beyond the pale, frankly, that members of an administration would use their positions again and use their knowledge of matters of national security, literally of life and death, for personal profit, for personal gain, and at just the absolute carelessness and recklessness of what that information, becoming public, could do. It's just beyond the pale, frankly, that members of an administration would use their positions again and use their knowledge of matters of national security, literally of life and death, for personal gain, and at just the absolute carelessness and recklessness"
7426450964040731936,https://www.tiktok.com/@theknowledgebubble/video/7426450964040731936,"With the recent legalization of election betting, platforms like Kalshi, PredictIt, and Polymarket are seeing a surge in wagers as Americans bet on the presidential race. Kalshi alone has reported over $12 million in bets this month, primarily on Kamala Harris and Donald Trump While prediction markets are gaining popularity, their results often contradict traditional polls. For example, Kalshi shows Trump leading with a 55% chance, whereas most polls indicate Harris has a slight edge. This disparity raises questions about the reliability of these markets. Despite the current excitement surrounding prediction markets, experts express doubts about their long-term viability. With concerns over manipulation and a lack of institutional trust, the sustainability of these betting platforms remains in question. #ElectionBetting #Kalshi #PoliticalWagers",2024-10-18T13:15:00.000Z,560,,0,13,22400,17,,The Knowledge Bubble,4677,False,GB,#politicalbetting,"kalshi, polymarket, prediction_market, predictit",description,YES,
7613561771743350046,https://www.tiktok.com/@xiandivyne/video/7613561771743350046,#fyp #xiandivyne #politics ,2026-03-05T00:28:18.000Z,14600,538,953,94,50500,106,"fyp, xiandivyne, politics",Christian Divyne,748600,False,US,#politicalbetting,prediction_market,transcript,YES,"Let me catch you up real quick gotcha. So the pedophiles the pedophile the pedophiles who run this nation pedophiles run this nation Well, not just this nation, but pedophiles run this nation. It's like that that's enough to stop it, right? You'd think but let's keep it moving the pedophiles who run this nation are currently running a scam What kind of scam so these things called financial markers that they're claiming are totally not gambling. What do you mean? Well, basically they allow you to bet on real life events like whether or not something's going to happen How soon it'll happen whether or not we're going to engage in war how long the speech by a president might be? Oh, that seems deeply unethical Uh, but how is it not gambling because technically you're not betting against the house you're putting predictions on a financial market Sounds like gambling with extra steps. Yes, you'd be correct So now that we're here the pedophiles who run this nation still shocking every time pedophiles who run this nation love war They love war. I mean that's evil, but I they're already they're already evil. I I guess okay So over the past couple years and I mean the entire history, but over the past couple years They've been doing a lot of spontaneous warmongering It's not great which boosts up the value of their pedophile friends companies Also not great But also every time one of these world trending events happens There ends up being an account that pops up a few hours before that places a large bet on that event What do you mean? So hours before the strikes in iran a couple of new accounts popped up on these prediction markets and put Hundreds upon thousands of dollars on accurate guesses on when those strikes would happen and they made out with millions Okay So what you're telling me is the pedophiles who run this nation are engaging in actions of war to boost up the values of companies Run by their pedophile friends, but then also placing anonymous bets on prediction markets that are totally not gambling So they can make out like a bandit by shaping world events around them because they're being allowed To bet on world events that they are literally created Yes Wow, these must be some of the most smart masterminds to ever walk the earth They are incredibly stupid and even dumber people put them into power Well, why would they put the war pedophiles in power? Uh, they said that ten dollar paper books would be back"
7620960736294096159,https://www.tiktok.com/@theoldermillennial/video/7620960736294096159,He Hates This Sports Betting Because @Polymarket and @Kalshi Don’t Contribute To His Campaign. ,2026-03-24T23:00:13.000Z,3043,33,83,47,27700,59,,Joe Redden | Older Millennial,879100,True,US,#politicalbetting,"kalshi, polymarket, prediction_market","description, transcript",YES,"So you guys will be surprised to hear this, but Adam Schiff is completely full of shit. So Adam Schiff's new pet project is basically to eliminate things like calci and polymarket. He says prediction markets are offering sports bets, just with a different name. They're being offered in states where sports betting is illegal. And he wrote bipartisan legislation that would close this backdoor and end these illegal markets. But the weird thing is that Adam Schiff doesn't seem to have a problem with sports betting or gambling in any way. I mean, all we gotta do is look at his top contributors for his campaigns. The Agua Caliente Band of Cahula Indians, Federated Indians of Grantown Ranch Area, the Morongo Band of Mission Indians, who've all given him hundreds of thousands of dollars. Now you wanna know a cool thing about each of these groups? Every one of them has casinos. Every one of them have sports betting. So the real question, Adam, is are you claiming that you have a problem with sports betting or do you just have a problem with the people who don't pay you having sports betting?"
7427377164695162154,https://www.tiktok.com/@buzzzbyte/video/7427377164695162154,"Foreign Bets Shaping OUR Elections? Uncovering the Truth! Join us on this enlightening talk show as we dive deep into the complexities of foreign influence on betting markets, exploring the nuances of smaller betting markets. Our engaging speakers tackle misconceptions and unveil shocking truths about how bets can sway elections. Don't miss out! #BettingMarkets #ForeignInfluence #ElectionBetting #TalkShowInsights #PoliticalBetting #SmallerMarkets #SportsBetting #Election2024 #BettingTrends #PoliticalAnalysis",2024-10-19T06:57:01.000Z,4,,1,0,111,29,"bettingmarkets, foreigninfluence, electionbetting, talkshowinsights, politicalbetting, smallermarkets, election2024, bettingtrends, politicalanalysis",Flash Facts,431,False,US,#politicalbetting,betting_market,description,YES,"There's other smaller markets, Kashgi I think it's called, where you can, so it's not really an indication of anything. Well, I think the irony of all of it is a lot of these Republicans are buying it thinking that that's going to determine the outcome of the election, and they're just gaslighting themselves. Is that right? I guess. I was looking at it when Tim Walz was up as well, when it was the VP stakes, and you could see it change right before. Wait, are you saying that those are all foreigners betting on our election? 100%. Really? 100%?"
7625661532004830494,https://www.tiktok.com/@cbsmornings/video/7625661532004830494,"Polymarket is apologizing after the prediction market allowed users to bet on when the airmen whose plane was downed over Iran on Friday would be rescued. The platform said the market did not meet its integrity standards, adding that it is investigating how it slipped through its internal safeguards. #polymarket #iran ",2026-04-06T15:02:04.000Z,1345,143,83,47,36600,30,"polymarket, iran",CBS Mornings,3800000,True,US,#politicalbetting,"polymarket, prediction_market","description, hashtags",YES,"It's apologizing after it allowed users to bet on the fates of the U.S. aircrew downed over Iran on Friday. What a world we are living in. The now-deleted market let users wager on which day the pilots would be rescued. Congressman Seth Moulton spoke out against the bet in a post on X, calling it, quote, disgusting. Polly Market responded to Moulton, saying the market was taken down immediately as it did not meet its integrity standards. The platform also said it's investigating how it slipped through its internal safeguards."
7625266395160382734,https://www.tiktok.com/@thedang633/video/7625266395160382734,🌟 Dwayne “The Rock” Johnson Surges to 4th in Presidential Betting Odds! Is He Our Next Leader? 🇺🇸 #politics #presidentialrace #thedrock #betting #viral #story #storytime #news #therock #tiktok #pov #foryou #fypシ #fyp,2026-04-05T13:29:01.000Z,2,,0,1,603,83,"politics, presidentialrace, thedrock, viral, story, storytime, news, therock, tiktok, pov, foryou, fypシ, fyp",thedang633,13100,False,US,#politicalbetting,"betting_market, betting_odds","description, transcript",YES,"Dwayne The Rock Johnson has the 4th highest percentage chance of being the next president of the United States according to betting markets. He is ranking higher than guys like Marco Rubio and Pete Buttigieg who are considered front runners of being the next president. Now what I also find fascinating about the current betting markets is Democrats actually have a 54% chance of being the next president and Dwayne The Rock Johnson is the 3rd highest ranking Democrat candidate on the market right now. Now the reason why I think Dwayne The Rock Johnson is ranking so high right now in the betting markets is because, ok we got JD Vance number 1, I think a lot of people believe that he is going to be the representative of the Republican party unless Marco Rubio makes some noise in the next couple years, but on the Democratic side of things, even though they have a 54% chance of winning the next election, there's really not that front runner candidate right now. We have Gavin Newsom, but I'm not really too confident that the Democratic party is going to be rallying behind Gavin Newsom, he's definitely making that attempt to make his way towards the center, to try to win over the middle ground of America, but it just kind of seems like he's falling flat, at least on social media, he's doing these podcasts that aren't really getting many views, and then you have AOC who's crushing it on social media and has a loyal, massive following, but I'm just not confident that socialism is going to be taking over the White House anytime soon, which is why I feel like yeah, a lot of people are betting that the Democrats might take over, but they really just have no idea who's"
7433874332507491626,https://www.tiktok.com/@thesportshangover/video/7433874332507491626,An inside look at how political betting markets work and why people are putting money on their candidate. #ElectionBetting #2024Election #PoliticalGamble,2024-11-05T19:09:12.000Z,2,,0,0,526,30,"electionbetting, 2024election, politicalgamble",The Sports Hangover Show Clips,1102,False,US,#politicalbetting,betting_market,description,YES,"So I signed up for, I think it was the only legal platform to bet on the election called Kalishi or something. And I have no idea how they're the only legal one to bet on, but you can go on there and bet on who you think is going to win and they verify all your information. They like took my social security number. They did everything and you can bet, like, I don't know, I can't really see that, but that is like, yes, Donald Trump. And you put money yes or no on who you want to win and you can win money based off the odds that they give you."
7580606212987702541,https://www.tiktok.com/@arguablysomaya/video/7580606212987702541,sigh #fyp #viral #leftist #kalshi #politics ,2025-12-06T05:04:08.000Z,4535,56,245,70,27700,64,"fyp, viral, leftist, kalshi, politics",Somaya,250400,False,US,#politicalbetting,"kalshi, prediction_market","description, hashtags, transcript",YES,Sometimes I really do understand the Puritans because apparently you give niggas an inch and they take a fucking mile Was sports betting legalized again like a couple years ago and now less than a decade later CNN is going to start replacing polls with a prediction gambling website Ever since crypto became like a big mainstream thing The economy has reduced itself to literally two pathways for ordinary people to achieve financial stability Which way is it Western man? right-wing grifting or Gambling prediction markets do not show you what is likely to happen they show you what people with money believe is likely to happen and For a lot of these things the reason that people with money are willing to put their money down on An event happening is because they're looking at data like polls. It's just stupid and evil And the only reason it's happening is because corruption is rampant in this society But we give it fancy Western names to pretend that that's not what it is
7617907193026858254,https://www.tiktok.com/@user1886229822331/video/7617907193026858254,🚨 Betting Markets Just Flipped: Democrats Favored to Win the Senate in 2026 | Chris Cillizza #new #fpy #fox #trump #tiktok_usa ,2026-03-16T17:30:50.000Z,114,5,6,2,1394,179,"new, fpy, fox, trump, tiktok_usa",Chris Cillizza US,11900,False,US,#politicalbetting,"betting_market, prediction_market","description, transcript",YES,"Something very interesting and potentially very big happened over the weekend that you might have missed, but I wanna flag it for you, and it's this. The political markets, so basically places where you can gamble on political outcomes, the big ones are Polly Market and Cal-She. Both of them, over the weekend, for the first time in this 2026 election cycle, showed the odds at even or slightly better than even for Democrats to retake the Senate majority. So Polly Market, I checked this morning, has Democrats at a 51% Democratic chance after they've never been at 50 or above. Cal-She has it literally 50-50, but again, the trend is upward. More people betting on Democrats to win the Senate. So what does it mean, and how much trust should we put in it, and then is it borne out by the actual sort of races and numbers? Well, let's go through all of that. Before I do that, quick pitch, I want you to subscribe. Independent, authentic, and hear every day breaking down the big news that you need to care about in politics. All right, so let's go, let's answer all these questions. First of all, these are not polls. I always like to emphasize that. This is not a poll that says Democrats are now more likely to win the Senate than they were a week ago. These are gambling and prediction markets. So they are swayed by lots of different factors, but the biggest one is people who are really into this stuff, who gamble on politics. They see events happening out in the sort of wider world, and they put their money, quite literally, where their mouth is. So what explains the broad move on Cal-She and Polly Market toward Democrats in the Senate? I think it's the sense that the political environment continues to erode for Republicans. So Donald Trump is obviously not popular outside of the Republican base. He's at 41, 42% approval overall, maybe, maybe lower. The economy and affordability, Republicans are losing that argument. They were losing it before the war in Iran started. They're losing it even worse now with gas prices having gone up 24 cents on average already in the last week, and now up to 369, 379 on average, according to AAA. So I think people, smart people looking at the political environment and who wanna gamble on the political environment are looking and saying, man, if the bottom is falling out on Republicans, I wanna get in now while I can still make money off of it. So are they right? Now that's a whole other question, and let's go through it, because there's sort of perception and reality, and yes, perception can influence reality, but not exclusively when we talk about Senate races. So the big numbers are this. In order to retake the Senate majority, Democrats need to net, net four seats. That means, Republicans currently control 53 seats in the Senate. If it was 50-50, so if Repub-"
7621018709590560014,https://www.tiktok.com/@danieltalks23/video/7621018709590560014,#fyp #gambling #politics #kalshi #left ,2026-03-25T02:45:16.000Z,71,1,1,3,645,27,"fyp, politics, kalshi, left",DanielTalks,788,False,US,#politicalbetting,"kalshi, polymarket","description, hashtags, transcript",YES,"Some of the most evil and corrupt companies in the world are gambling companies. Yes, I'm talking about Calshi. I'm talking about Polymarket. If you think that insider trading is already bad enough, just wait until these powerful people who have bets on them start manipulating the market. We already saw this with Caroline Levitt stopping her press briefing just mere seconds before it was going to reach the over. And how the odds immediately flipped, meaning that somebody most likely in the White House with insider trading information, you know, bet at the right time, bet against the market and manipulated it."
7625644240457993485,https://www.tiktok.com/@meanstv_/video/7625644240457993485,Former Obama advisor Stephanie Cutter is now working for betting company Kalshi amid states attempting to regulate the company,2026-04-06T13:55:17.000Z,88,9,8,0,869,289,,Means TV,23800,False,US,#politicalbetting,"kalshi, prediction_market","description, transcript",YES,"Cutter is a former Democratic strategist and alumni of the Obama presidency. And this week, she announced she was joining online betting platform, Calshi, as a policy advisor. Calshi is currently getting sued by a number of states for running an illegal sports betting operation. The Department of Justice and CFTC are in return suing those states, claiming they do not have jurisdiction to regulate Calshi, only the CFTC does. Calshi is heavily linked to the Trump administration. President Trump's son, Donald Trump Jr., was hired last year as a strategic advisor to Calshi. And the website is plagued by allegations that insiders close to the White House are using privilege information to win bets on various real-world events happening or not happening. For example, on Friday morning, Calshi was offering a line allowing people to wager on how many new jobs were created in March, based on the Bureau of Labor Statistics report set to be released later in the day. This is information that people in the government already know. Lawmakers are scrutinizing the company and pushing legislation that would prohibit it from offering markets on war and political violence and prevent government officials from wagering on the site. In response, Calshi has beefed up its lobbying operation in Washington, and it rolled out an ad campaign with posters that say stuff like, we operate under U.S. law, and we don't do death markets, and we ban insider trading. My not-involved-in-death-markets ad campaign has a lot of people asking questions already answered by my ad campaign. So it's amid all this that Cutter is joining the war on Calshi on the side of Calshi and the Trumps. Cutter posted on Twitter, quote, excited to advise Calshi as they continue to dominate the prediction market space. They're one of the fastest growing companies in the U.S. and one of the rare tech platforms that take a regulatory-first approach. Well, that's kind of easy to do when the federal regulatory bodies are all completely captured by your company. Calshi's co-founder and CEO, Tarek Mansour, said of their new hire, quote, Stephanie Cutter is the person you want on your team. She understands better than most how to cut through the noise and get your message to the right people. I'm excited to learn from her. Mansour has already disclosed what his ultimate goal is with Calshi. He spoke at a forum last year and said, quote, the long-term vision is to financialize everything and create a tradable asset out of any difference in opinion. That's a form of dystopia that most sci-fi writers couldn't even conceive of. Yet here we are, living it, and Cutter is now working on it. He's now working to advance it and probably getting paid a lot because Calshi is making enormous amounts of money off its scheme. Unlike a traditional casino that has to make payouts when it loses, Calshi never loses and never has to pay out. All the money people win comes from other users who are betting. And Calshi is just taking a cut from every wager on the website. It doesn't care if people are doing insider trading, just as long as people are trading. The more, the better. That's why its CEO wants to financialize everything. The more markets it can create based on difference in opinion, the more money it can skim off the top. Like so many who worked in the Obama White House, Cutter is going through the revolving door to lobby for a scummy corporation. Obama's former press secretary, Jay Carney, went to work for Amazon. Former Obama campaign manager and senior advisor, David Plouffe, went to work with Uber, and then later Mark Zuckerberg. Former Obama White House lawyer, Catherine Rumler, went to work for Goldman Sachs. He was also best friends with pedophile sex trafficker, Jeffrey Epstein. And now Cutter is joining Calshi. Lucky for me, I went to the website before the show today and placed a wager that Cutter would be this week's Rich Dick. This is how I win."
7616093839962524958,https://www.tiktok.com/@repmikelevin/video/7616093839962524958,"Betting on whether a war will start. Betting on whether someone will be assassinated. Betting on whether a city gets hit with a nuclear weapon.   This is what has been allowed to flourish on prediction markets. It’s deeply immoral, it’s ripe for corruption, and it needs to be illegal.   Congress needs to stop this NOW.",2026-03-11T20:14:12.000Z,182,4,5,11,1631,71,,Rep. Mike Levin,12400,True,US,#politicalbetting,"polymarket, prediction_market","description, transcript",YES,"It's deeply, deeply immoral to be profiteering off war and off death. War is not a casino. This is not in any way, shape or form appropriate, and it really needs to be illegal. And if you take a look at the laws, because as a result of this, I looked at the laws that were on the books. I looked at the regulations that are supposed to be there, and a lot of it comes down to the CFTC. Needing to set these guardrails in place for the polymarkets of the world. And as you probably remember, CFTC was really gutted by Doge. Doge went after CFTC, and of course they're hamstrung to be able to regulate as it is, and now have even fewer resources. So they were supposed to come out with some guardrails on this, and they haven't. And in the absence of CFTC being able to do its job, Congress needs to step up and, I believe, create a statutory framework in the absence of any kind of regulatory framework to say very clearly and unequivocally that you should not be allowed to bet on war or death."
6919544970487532806,https://www.tiktok.com/@somepeoplelikeit/video/6919544970487532806,How you really bet on politics. #politics #politicalhumor #inauguration #inauguration2021 #fyp,2021-01-19T18:48:41.000Z,2667,45,31,115,15100,54,"politics, politicalhumor, inauguration, inauguration2021, fyp",Somepeoplelikeit,188800,False,US,#politicalbetting,polymarket,transcript,YES,"You just wait until the election. You just wait till the recount. You just wait till we see those voting machines. Well? You just wait till these court cases. They have affidavits. Affidavits? Oh, you just wait till the Supreme Court. How'd that Supreme Court thing go? You just wait for January 6th. You'll see. A lot of morons are going to prison, but Biden is still going to be president. Oh, you just wait for Inauguration Day. They're all going to be locked up. Oh, sure, yeah. Want to make a bet? No, because you're not going to pay me. But what we can do is go to polymarket.com. Check this out. Go to this link in my bio. Polymarket.com. Sign up. It's easy. That way, you put your money down, I put my money down. We both get odds. All right, signed up. That was easy. See, I told you. Polymarket's how you really bet on politics. But after this, it's totally going to be some unity, right? We'll see about that."
7624838089680227591,https://www.tiktok.com/@dailysnipzone/video/7624838089680227591,aint no way we got bets on THIS 😭🥀 || Get $20 on the Polymarket app with the code CLIP20 #viralitypoly #foryou #xybca #adinrossclips #adinross ,2026-04-04T09:46:10.000Z,10,1,1,0,368,21,"viralitypoly, foryou, xybca, adinrossclips, adinross",Snip Zone,6,False,PH,#bettingmarkets,polymarket,description,YES,what the fuck oh nah you're you're insane brandy i go out chat is there epstein shit on here like what could you bet on on this stuff right well trump admin released this is crazy what is jeffrey epstein confirmed to be allowed before 2027 i go like yes let's get that polido going
7621687118909295886,https://www.tiktok.com/@theathletic/video/7621687118909295886,"""If the NBA and the NFL get in bed with these prediction markets, they are knowingly corrupting the sport."" — Sen. @ChrisMurphyCT tells @Pablo Torre Finds Out to turn back the clock on prediction markets. #nba #giannisantetokounmpo #milwaukeebucks #adamsilver ",2026-03-26T21:58:48.000Z,931,13,20,16,14200,105,"nba, giannisantetokounmpo, milwaukeebucks, adamsilver",The Athletic,238200,True,US,#bettingmarkets,prediction_market,"description, transcript",YES,"You're obviously a basketball fan. I grew up an enormous fan of the NBA. I remain so despite many things that worry me. One of which as the commissioner of the league, Adam Silver saying that on the one hand, we welcome the business of prediction markets on the other hand, we would like control over how to solve for those consequences, the unintended consequences that we were, that we're talking about. He says, quote, and this is at the Sloan conference where I also was. I don't think it's one that you can necessarily turn the clock back on. I think, how do you assess a perspective like that? Oh, I think we absolutely turn back the clock. I mean, the clock hasn't, you know, run the dial many times. This is a really recent phenomenon and the prediction market problem in sports is a specific and acute one. Okay. If the only bet you can place is on the outcome of a game, we still acknowledge that there's, you know, a lot of randomness that happens in that game. That is not, unless somebody is really on the take, a knowable event, but. Giannis is, you know, a big investor now in Cal, she, and the bets on Cal, she are not just bets on, you know, who wins the bucks games, but bets on where Giannis is going to play next, right. What the trade structure is going to look like if he ends up getting dealt and Giannis has tons of, of control over that. There are bets on who is going to be in the starting lineup. That's not a random question. That's a question that the coach and the coach's kid and nephew probably know. So if the NBA and the NFL get in bed with these prediction markets, they are knowingly corrupting the sport."
7625684654875495710,https://www.tiktok.com/@sailingarborist/video/7625684654875495710,The insider trading continues #trading #satire #trump #polymarket #gambling ,2026-04-06T16:31:26.000Z,8,,0,2,534,17,"trading, satire, trump, polymarket",SAILING ARBORIST,2535,False,US,#bettingmarkets,polymarket,"description, hashtags, transcript",YES,so the poly market bets are going to kind of crazy wood truck it's all coming out when he said praise to Allah on east so somebody made like 14 million dollars betting that he would say that and apparently now there's a lot of other evidence coming out that there's like four or five other incidences where weird things have happened so i guess we'll keep you updated follow along
7620539991889841422,https://www.tiktok.com/@yahoofinance/video/7620539991889841422,DraftKing shares climbed on Monday as U.S. Senators are reportedly proposing a bill to ban sports betting on prediction markets.  (Disclosure: Yahoo Finance has a partnership with Polymarket.),2026-03-23T19:47:42.000Z,497,65,60,25,34300,26,,Yahoo Finance,735900,True,US,#bettingmarkets,"polymarket, prediction_market","description, transcript",YES,"DraftKings shares are climbing, with U.S. senators reportedly proposing a bill to ban sports betting on prediction markets. The bipartisan legislation is said to prevent prediction market exchanges, such as CalShe and PolyMarket, from listing contracts related to sporting events. Sponsors of the bill say prediction markets violate state consumer protections. The proposal will mark the first bipartisan Senate bill to regulate prediction markets."
7625882167595289887,https://www.tiktok.com/@blitzclip25/video/7625882167595289887,Polymarket Backlash ERUPTS Over Gross Bets On Fate Of US Pilots Shot Down By Iran#news #new #breakingnews #usa #viral ,2026-04-07T05:17:45.000Z,0,,0,0,102,120,"news, new, breakingnews, usa, viral",BlitzClip001,11400,False,US,#bettingmarkets,polymarket,description,YES,"Polly market's getting a little bit more bad press for another thing that they allowed people to place bets on potentially get rich or lose everything they have on. They've done like when Israel would be hit by a missile and all that. They decided to do when the downed airman would be rescued. You can bet on it. I mean, he might not have been rescued at all. He might have died. He was fleeing for his life across the mountains of Iran being pursued by thousands or tens of thousands of Iranian soldiers. But wouldn't it be fun if we bet on whether he lives or dies? And so you could do that on Polly market. And they seem to agree at one point, I guess, that the pilots would be rescued by April 4th. That ended up not being the case. I think it was on the 5th or whatever. So a lot of people probably lost a lot of money. I don't have a ton of sympathy for necessarily considering what they're voting or betting on. And yeah, so some people have an issue with it, not just me. Seth Moulton, a former Marine, by the way, Democratic representative from Massachusetts, says there's an ongoing search and rescue. This is back before he was rescued. There's an ongoing search and rescue operation for a missing American service member whose plane was shot down over Iran. Their safety is unknown. They could be your neighbor, a friend, a family member, and people are betting on whether or not they'll be saved. This is disgusting. Quick reminder too that Donald Trump Jr. is an investor in this dystopian death market and may have access to intelligence that isn't public yet. Oh, no, Seth, way ahead of you. Donald Trump Jr. is definitely betting on all of this stuff. Probably a lot of people in the White House are betting on that and just making bank, just on the fact that they, for some reason, are in a position to have this information. And Polly market was like, no, no, no, we had nothing to do with this. We took this market down immediately as it does not meet our integrity standards. It should not have been posted, which I could not agree more with. And we are investigating how this slipped through our internal safeguards. So look, is it possible that Polly market had nothing to do with it going up? Maybe."
7621297599919770883,https://www.tiktok.com/@bbcnews/video/7621297599919770883,"Predictions markets have exploded in popularity over the last year, hosting more than $44bn in trades. #Kalshi #Polymarket #Gambling #Betting #USNews #BBCNews",2026-03-25T20:47:10.000Z,6426,623,386,88,209600,60,"kalshi, polymarket, usnews, bbcnews",BBC News,15100000,True,US,#bettingmarkets,"kalshi, polymarket, prediction_market","description, hashtags, transcript",YES,"So you might have bet on your favorite sports team, or even tried your hand at online poker. But have you ever bet on nuclear war? Or what about the chances of the conflict between the U.S., Israel and Iran ending by the end of the month? Welcome to the world of prediction markets. Here in the U.S., sports betting was largely illegal until 2018, and gambling on elections was off-limits until 2024. But here I am at a bar in Washington, D.C., run by the world's largest prediction market, where patrons are betting on real-life events in real time. These are the kinds of wagers people could be making right now. PolyMarket users have wagered more than $500 million on predictions about the Iran war in recent months. And in January, an anonymous gambler made nearly half a million dollars on the capture of Venezuela's president just before it was officially announced. Critics are calling for a crackdown, flagging concerns about potential war profiteering and insider trading. They want tougher enforcement of U.S. rules that bar trading related to terrorism, war and assassination. But for now, PolyMarket at least seems to be betting that those questions are still fair game."
7625734237857074445,https://www.tiktok.com/@cnbc/video/7625734237857074445,"The Commodity Futures Trading Commission said it was suing Arizona, Connecticut and Illinois over its ability to exclusively regulate prediction markets. The CTFC’s lawsuits come amid mounting scrutiny of prediction markets on Capitol Hill and elsewhere as betting platforms skyrocket in popularity. Read more at the #linkinbio or the link on screen. #CNBC",2026-04-06T19:43:43.000Z,230,7,21,17,18300,109,cnbc,cnbc,1200000,True,US,#bettingmarkets,prediction_market,"description, transcript",YES,"The CFTC has filed suit against Arizona, Illinois and Connecticut, basically accusing these states of overstepping their authority by applying their own state gambling laws to prediction markets. You've got Cali and Polly Market Crypto Dotcom, Robin Hood and even sports betting companies like Draftkings, Vandal and Fanatics describing their offerings on prediction platforms as event contracts. Those are financial derivatives regulated by the Commodity Futures Trading Commission. But, of course, tribes, gambling regulators, many state attorneys general consider this gambling. Massachusetts and Nevada have even issued preliminary injunctions or temporary restraining orders against Cali and Coinbase, Polly Market. Nevada's is broader. It covers event contracts on sports, elections and entertainment. So far, the CFTC has not sued those states. Arizona's attorney general has launched criminal charges against Cali for running an illegal gambling enterprise. And Cali, she told me, look, those legal arguments are seriously flawed. The company insists it is subject only to federal regulators. Quote, it's very different from what state regulated sports books and casinos offer their customers. We're confident in our legal arguments. Cali and CNBC, of course, have a business relationship. There are class action lawsuits. There are private lawsuits based on 300 year old gambling laws. There are tribal suits. And at the federal level, the decisions are split when it comes to these motions for restraining orders or preliminary injunctions. States have won 14 but lost two. All of this is irrelevant in the face of this Goliath, which is the CFTC action against the states and what this really means in terms of elevating the arguments in a federal preemption sort of way, Carl."
7625022706660003086,https://www.tiktok.com/@markus.markets/video/7625022706660003086,"Some politicians want to ban them, and others don’t because they inside a trade on them themselves lol😭 #polymarket #kalshi #predictionmarkets #polymarketcode",2026-04-04T21:42:55.000Z,26,,2,3,691,70,"polymarket, kalshi, predictionmarkets, polymarketcode",Markus.markets,8248,False,US,#bettingmarkets,"kalshi, polymarket","description, hashtags",YES,
7519244435822071095,https://www.tiktok.com/@gannonbreslin/video/7519244435822071095,Has prediction market betting gotten out of control? #betting #fed #fomc #economy #market #stocks #polymarket @Polymarket #investing #finance,2025-06-23T20:29:32.000Z,15400,1171,619,152,385400,21,"fed, fomc, economy, market, stocks, polymarket, investing, finance",Gannon | Building Snowball,5846,False,US,#bettingmarkets,"polymarket, prediction_market","description, hashtags",YES,
7625663137101909261,https://www.tiktok.com/@cnbc/video/7625663137101909261,CFTC Chairman Michael Selig discusses the agency's lawsuits against three states over its ability to exclusively regulate prediction markets. Read more at the #linkinbio or the link on screen. #CNBC,2026-04-06T15:08:09.000Z,141,1,11,5,12600,78,cnbc,cnbc,1200000,True,US,#predictionmarket,prediction_market,description,YES,they would argue that you're trying to nullify effectively their powers uh... and that you are pretending in one instance uh... that that what you're calling derivatives trading is actually sports betting right that that that is that's the heart of what this case is about that is the heart of what the case is about and and it's a question that's a technical one as to the applicability of federal law to these activities and when an exchange comes in and registers with a with the CFTC and obtains a license to offer derivatives they are permitted to offer derivatives on sports and on politics and the fact that there's state laws that permit casinos and sports books to offer it in some states and not in other states that's a state law issue the question as to whether these products are permitted under the state laws that's a separate issue but the the federal laws permit it and so when you're uh... talking about a federally regulated derivatives exchange it's able to offer those products across the country under a federal regulatory framework and we're happy to engage with the states on what the policy should look like we actually have advance notice of proposed rulemaking out there so the state should engage with us and work with us as should every other stakeholder but this question of the applicability of the law it's black letter it's in our statute and so as chairman of the agency I have to enforce that
7625821580995595534,https://www.tiktok.com/@cultofdollar/video/7625821580995595534,Prediction Markets - Trump to Praise Allah Again by April 15 #Polymarket #News #investing,2026-04-07T01:22:50.000Z,1,,0,0,102,80,"polymarket, news, investing",Cult of the Almighty Dollar 💲,526,False,US,#predictionmarket,"polymarket, prediction_market","description, hashtags",YES,"Let us engage in some degenerate gambling behavior. Hello, friends. I have a pimple. In case you- in case anyone doesn't know what that is, it's a little- little sticker that makes them go away. They're popular with the girlies. Let's go to Polly Market. I had an idea. Will Trump convert to Islam by 2027? Okay, hmm. Will Trump endorse J.D. Vance for president before 2027? No fucking shot. J.D. who? I don't know him that well. He's a great guy. He's my vice president, I hear. This is the closest thing to what I was thinking. Ends in eight days. Will Trump praise Allah again? Will Trump praise Allah again by April 15th? Praise me to Allah. God damn. Yes. I think- I think he does it again. Honestly, this is not a- this is not the worst bet I've seen on here. Don't gamble on Polly Market. Fucking degenerate ass behavior. It's- it's already bad enough that we're gambling with the stocks. Praise be to Allah. I think someone should put up, like, a plot twist. Trump actually converts to Islam by 2027. I don't know. Maybe he hangs out with Mike Tyson."
7623836001064029454,https://www.tiktok.com/@cryptoaudiking/video/7623836001064029454,"Polymarket: Predict the future, earn cash! Rumors of AI bots & VPN needs. Beware of scams! #Polymarket #PredictionMarkets #AI #Trading #ScamAlert",2026-04-01T16:58:04.000Z,1,,0,0,231,70,"polymarket, predictionmarkets, ai, trading, scamalert",CryptoAudiKing,1987,False,US,#predictionmarket,polymarket,"description, hashtags, transcript",YES,"Imagine $100 of you predicting the future pays out an amazing $25,000. That my friends is what people are doing on poly market. You see it on the screen right here. This is the official website. You probably have heard it left and right everywhere. It's making some noise. Some big people are on here. A lot of a lot of people are on here as well making some crazy money. I don't know if you've seen social media, but there's also bots that AI people are making for them to create their trades. But hey, I don't know if that's actually true or not. I don't know if it's actually working, but right now we're going to be talking about poly market. You do need a VPN. If you are in the US, you will not have access to this. So I would suggest you also getting Nord VPN. Now this official website will be down below in the description. Don't fall for any scams because you will get hacked and your funds will get drained. Okay."
7623972438375681311,https://www.tiktok.com/@philprazan/video/7623972438375681311,This may be the last year prediction markets like Kalshi and Polymarket are legal in Texas with coming scrutiny by the leader of the Texas Senate.  . . . #texas #predictionmarkets #polymarket #kalshi #marchmadness ,2026-04-02T01:47:10.000Z,50,,1,4,526,88,"texas, predictionmarkets, polymarket, kalshi, marchmadness",Phil Prazan,3560,True,US,#predictionmarket,"kalshi, polymarket, prediction_market","description, hashtags, transcript",YES,"Many of you may be betting on March Madness games in Texas with prediction markets like Polly Market and Cal Sheet. This may be one of the last years you'll be able to do that if arguably the most powerful state lawmaker has his way. Right now Texans can make money from prediction markets betting on the outcomes of games and current events. The platforms operate under the Federal Commodities Futures Trading Commission. Now remember most gambling and sports betting in Texas is against the law. The President of the Texas Senate and the driving force of a lot of legislation, Lieutenant Governor Dan Patrick, named prediction markets as an item in his interim study topics. So pretty much homework for lawmakers this year so in January they can make new laws. And he is very clear how he sees these new platforms. Writing the State Affairs Committee will study quote closing gambling loopholes. Then going on to write senators must study the sudden inundation of prediction market gambling and the exploitation of federal law to circumvent Texas gambling prohibitions by allowing users to place bets on the outcome of elections and other events. Examine the relationship between federally regulated derivative markets and state prohibited gambling and make recommendations to ensure the integrity of Texas elections and Texas sports. Signaling new rules are going to be coming. What do you think about this? Should these prediction markets be legal in Texas? Let me know in the comments and follow me for more Texas updates."
7625668484751576350,https://www.tiktok.com/@solestraveling/video/7625668484751576350,"#duet with @The Daily Show  So, apparently I was on @thedailyshow during @Lewis Black's segment about prediction markets.  Yep, they are a scam. You will never convince me otherwise.  #thedailyshow #predictivemarkets #kalshi #polymarket ",2026-04-06T15:28:54.000Z,5,,0,0,30,42,"duet, thedailyshow, predictivemarkets, kalshi, polymarket",Elise,633,False,US,#predictionmarket,"kalshi, polymarket, prediction_market","description, hashtags, transcript",YES,"Since the dawn of time, humans have wondered what the future holds. Will I get rich? Will I live long? Will they ever bring back Milf Manor? These questions have stumped our greatest prophets. But now, thanks to the internet, we don't have to worry about the future. We can just bet on it. Now to an industry skyrocketing in popularity, prediction markets. The online platforms like Talshi and PolyMarket are where people bet money on the outcome of future events. You can bet on sports, you can bet on world events, you can bet on like what song will be on the charts next week."
7610440152380411166,https://www.tiktok.com/@fubarpac/video/7610440152380411166,"That one time when the Trump Administration blocked the regulation of Prediction Markets like Kalshi and Polymarket just to ensure Trump’s own g*mbl*ng project on Truth Social succeeds.  Last week, Commodity Futures Trading Commission’s (CFTC) chairman Michael Selig announced that his commission retains sole regulatory control of Kalshi, Polymarket and others and that any state-level regulation would be stopped.  Founders of the prediction markets argue that they are not g*mbl*ng, but rather trading - like Wall Street. They argue that in a c*sino, g*mbl*rs bet against ‘the house,’ but in prediction markets, bets are made between users. This is how they can justify avoiding regulations like other types of betting.  Of course they don’t mention the massive amount of money they collect (a fee on each transaction), or the fact that Kalshi (and maybe others) operates a separate entity which bets against users.  They also don’t mention any sort of education about g*mbl*ng add*ction, and they are not limited, the way c*sinos are, to advertising only to those over the age of 21. Trump’s own son Don Jr. serves as an advisor to Kalshi and an investor in Polmarket. What’s worse, Trump himself is working on launching a prediction market of his own on his social media platform Truth Social.  — FUBAR PAC is a registered Political Action Committee focused on expanding public understanding of critical policy issues through education, outreach, and advocacy to help communities engage more meaningfully in our democracy. We cannot monetize our content online, so you can support our work by following the l*nk in our b*o. ",2026-02-24T14:35:12.000Z,8400,562,709,92,58800,51,,FUBAR PAC,110800,False,US,#predictionmarket,"kalshi, polymarket, prediction_market","description, transcript",YES,"Hello, I'm Trump's CFTC chairman, Michael Selig. Today we're blocking states from regulating prediction markets like Cal-She and PolyMarket because it's not betting, it's trading. Hello, I'm the Press Corps. Those markets are just betting apps that allow teenagers to play, are rotten with insider trading, and have probably contributed to a spike in gambling addiction. So why do you actually want to keep them unregulated? Come on, Don Jr. is being paid by Cal-She and has investments in PolyMarket. But more importantly, President Trump is launching a new prediction market for his social media app, TruSocial. There, users can place bets using Kronos, a cryptocurrency Trump media has poured $6 billion into. And if it's used for unregulated betting, the price could soar."
7553877204187221278,https://www.tiktok.com/@deltatrendtrading/video/7553877204187221278,"Hmm… Creators delay an episode ABOUT prediction markets, WITH live prediction markets that allow anyone to bet on the appearance of certain keywords in the episode’s script, and they cite ‘procrastination’ as the cause. Doesn’t smell right to me. If the creators DID in fact trade these markets and/or alter the episode’s script to take advantage of long odds, I think they just made their message more powerful. What do you guys think? #southpark #jimmykimmel #kalshi #polymarket #greenscreensticker ",2025-09-25T04:21:58.000Z,8168,367,801,128,172000,121,"southpark, jimmykimmel, kalshi, polymarket, greenscreensticker",Thomas,93400,False,US,#predictionmarket,"kalshi, polymarket, prediction_market","description, hashtags, transcript",YES,"Did the writers of South Park just delay and rewrite an episode to make a bunch of money betting on what was going to be said in it? I think they might have, and I'm about to explain how and how I did the same thing. New episode of South Park was supposed to air exactly one week ago, but the creators delayed. The episode that was supposed to be released revolves entirely around prediction markets. Prediction markets are exactly what they sound like. They're markets where you're able to bet on all sorts of events. If you have better information than the masses about anything, like the next president, Oscar nominees, you name it, then you can make money. And it just so happens that only a couple days ago, all of the most popular prediction market sites created mention markets for this South Park episode. This market lets you bet on what the South Park characters will say during the prediction market episode. Some examples of words you could bet on were Tylenol, Ice, La Boo Boo, Trump, Elon, etc. So when everybody started blaming censorship for the delay in the release of the new South Park episode, suggesting that maybe the creators were removing some jokes that they thought might get them in trouble, I immediately thought, if I were one of the creators of South Park, the incentive is pretty high to stack up some long-shot bets and then change the script. Some of the words that wound up being said in this episode in resolving to yes on the prediction markets gave 10x return. You could bet $10,000 to be paid out $100,000. When the creators were asked why they delayed the episode, they just said that they procrastinated writing it. I'm not here to throw around accusations, but to me personally, that sounds like bullshit. If the creators actually did change the script to make some money, I genuinely don't think there's anything wrong with that. Firstly, it's not illegal, but what's more interesting is that the name of the episode was Conflict of Interest. The message of the episode was that these prediction markets create conflicts of interest, and I think the creators engaging in that conflict of interest would actually just make the episode hit a little bit harder. When you can bet on what will be said in a TV show or at a speech or what actions a public figure will take, there are bound to be some people who change their actions or their words or their scripts to make some money, and that might have been what we just saw here, I don't know. When I heard about this episode, I figured out a way to profit off of it too. Unfortunately, I didn't have advanced access to the script like the writers did, but I thought of something else that I'll explain right now."
7621889731478949142,https://www.tiktok.com/@theeconomist/video/7621889731478949142,"Prediction market platforms have been accused of being plagued by insider trading. But is this always a bad thing? Our data editor, Dan Rosenheck, argues that some forms of informed trading could be beneficial for everyone, even those who never place a bet. Tap the link to read more about the trades that have raised eyebrows #prediction #polymarket #kalshi #finance",2026-03-27T11:04:59.000Z,1936,89,284,27,33300,191,,The Economist,1400000,True,GB,#predictionmarket,"kalshi, polymarket, prediction_market","description, transcript",YES,"Is insider trading always bad? A network of linked accounts made almost a million dollars in the past two years betting on the timing of American and Israeli strikes on Iran. The accounts placed large bets on Polymarket, a prediction market, with a nearly perfect record of success, implying that the people behind them had advanced knowledge of war plans. Prediction market platforms have grown exponentially in recent years. These sites let you bet on pretty much anything. Most trading is on sports or big elections. But the outcomes of some markets are entirely, well, predictable, if you already know the answer. Should this type of informed trading be completely banned? In the stock market, trading on material non-public information is rightly illegal in most countries. These markets exist so that the public can invest their savings into companies. If informed trading were legal, ordinary investors would know they were at a disadvantage and stay out of the market completely, depriving firms of capital. But futures markets, which now include prediction markets, are different. They were originally built for industry members like wheat farmers to hedge their exposure to market prices, making use of their private knowledge. Because these markets don't have the same capital-raising function as the stock market does, America permits informed trading of futures. And in prediction markets, informed trading arguably offers benefits. Highly informed traders produce more accurate prices on these platforms. And the better prices on these platforms are, the more people know about what's going to happen. And everyone has access to this information, even people who never place a bet. For example, American importers who saw that prediction markets thought the Supreme Court was very likely to throw out Donald Trump's tariffs could have saved themselves a lot of money by delaying shipments from abroad. This doesn't mean that all informed trading in prediction markets is OK. The first exception is when the disclosure of information is harmful rather than helpful. This was the case in Iran. You can see that in the hours before the strike, a flurry of suspicious trades jacked up the price that an attack was imminent. These price surges could have alerted those operations' targets of looming military action against them. Another category requiring regulation is markets where traders can not only bet on outcomes, but also affect whether they happen. Sometimes these cases can be trivial, like someone betting that there'll be a streaker in the Super Bowl and then running onto the field naked themselves. But they can also be deadly serious. PolyMarket recently withdrew a market on the Artemis II crewed moon rocket exploding because it created a financial reward for sabotage. Regulators already require prediction markets to verify users' identities and to maintain market surveillance systems that hunt for suspicious activity. The platforms could make investigators' jobs easier by requiring verification of where money is coming from and where traders work. They could also forge platforms to add disclaimers on markets where some traders might know the outcome in advance so that everyone is aware of the risks. Informed trading in prediction markets leads to better forecasts for everyone. It needs careful regulation, but banning it altogether would be throwing out the baby with the bathwater."
7625511918232521997,https://www.tiktok.com/@sourcery.vc.pod/video/7625511918232521997,"Prediction markets are about to disrupt insurance ""The insurance industry can just be disrupted by a lot of these products"" - Vlad Tenev",2026-04-06T05:21:34.000Z,4,1,1,0,293,111,,Sourcery with Molly O’Shea,3023,False,US,#predictionmarket,prediction_market,"description, transcript",YES,"I mean, you look at even the big guys like Chicago Mercantile Exchange, Interactive Brokers. But really with Prediction Markets, it was the 2024 election that was, I think, ground zero. That was the time that everything changed, because up until that point, there wasn't an event big enough to actually bring in a lot of customers. And I think the presidential election just started it all, really, and created this new Prediction Markets super cycle. And a lot of it now is sports, but we see a world where Prediction Markets can disrupt multiple gigantic industries, not just sports. Like I was talking to someone last week, and you might know Robinhood just added weather Prediction Markets on the platform. And nobody really thinks of using weather Prediction Markets in this way, but you can trade and hedge fire risk. You can hedge hurricane risk. And if you think about the process of insuring yourself against a fire or a hurricane, it can be very expensive. And it's cumbersome. You have to talk to a broker on the phone. And the contracts that we have available right now are already competitive with some of those products. And this is before they get more bespoke and personalized. So I see a world where the insurance industry can just be disrupted by a lot of these products. So I think, yeah, there's a lot more to build. We're still pre-institutional adoption at large scale."
7622795740447837448,https://www.tiktok.com/@saumyatalks/video/7622795740447837448,Are we in a new era of doomsday partying? #polymarket #situationroom #postmodernism #neofuturism #predictionmarket ,2026-03-29T21:40:48.000Z,38,,5,0,778,65,"polymarket, situationroom, postmodernism, neofuturism, predictionmarket",SaumyaTalks,29200,False,US,#predictionmarket,"polymarket, prediction_market","description, hashtags, transcript",YES,"Polymarket just opened a pop-up bar in DC called the Situation Room, which is supposed to be like a sports bar, but for monitoring the situation. If any of you are unfamiliar, Polymarket is this online betting, gambling application that uses prediction markets to predict the outcomes of world events. Users can bet that the prediction market is correct or incorrect. You do this by buying shares, and then you can later sell them if you want to. It's a whole thing. Polymarket is crypto-based, which means it's entirely anonymous and has been known to be ripe for insider trading. This pop-up bar is in DC. Coincidence? I think not. While Polymarket has a very specific user database, because not everyone is drawn to betting on world events like that, I wouldn't necessarily place a bet on the Polymarket, but I would go to the bar if something big happened. Traditional bars and clubs would have served this purpose in the past, and do serve this purpose in other places. Bars, clubs, and partying have actually kind of been on the decline recently. Gen Z aren't partying as much as previous generations. I kind of wonder if there's so much going on in the world that people just don't feel like partying. That's what's interesting about the Situation Room, is that it's based on the assumption that there's a situation to monitor."
7625680113333472526,https://www.tiktok.com/@cnbc/video/7625680113333472526,"CFTC Chairman Michael Selig says that states are attempting to ""nullify federal law"" by limiting prediction markets. Watch the full interview at the #linkinbio or the link on screen. #CNBC",2026-04-06T16:14:00.000Z,69,,3,8,6062,57,cnbc,cnbc,1200000,True,US,#predictionmarket,prediction_market,description,YES,"Congress was very clear when it drafted the Commodity Exchange Act that the CFTC is the federal regulator and that there is a comprehensive federal regulatory scheme around the offering of derivatives contracts. And we've got a broad definition of the term commodity. The CFTC regulates commodity derivatives, and that includes events on sports, on politics, and virtually everything else except for onions and motion picture box office receipts. So when we saw these state regulators suing our exchanges, we had to step in. The fact that there's state laws that permit casinos and sports books to offer it in some states and not in other states, that's a state law issue. The question as to whether these products are permitted under the state laws, that's a separate issue, but the federal laws permit it. And so when you're talking about a federally regulated derivatives exchange, it's able to offer those products across the country under a federal regulatory framework."
7625741510448844062,https://www.tiktok.com/@jonnychartz/video/7625741510448844062,Insider #polymarket #insider #predictions #fyp ,2026-04-06T20:12:03.000Z,41,3,7,3,959,49,"polymarket, insider, predictions, fyp",Jonny Charts,913,False,US,#predictionmarket,polymarket,"description, hashtags, transcript",YES,"Trump literally praised Allah on Easter and you missed out on thousands of dollars. And this is a bet on poly market. Will Trump praise Allah on Easter and had you put $5 into this, you would have turned that into $5,000 poly market had this at a 1% chance to win. And while this does look sarcastic towards Iran, this was a real bet with a 1% chance to cash and people bet on it. And you can literally see what these insiders, these top insiders are betting on every single day on poly market because every single trade is public information. Now the problem for people like us is when you open the poly market app, you probably see this million plus personal waitlist and you can't use poly market. Well, I have a fix for everyone here. If you hit the I have an invite code button and enter this code PRB 20 this is a developer code I got from a friend at poly market. This will let you skip the entire million plus personal waitlist."
7624622981611916557,https://www.tiktok.com/@markus.markets/video/7624622981611916557,Why politicians want to ban kalshi and polymarket… except for the ones insider trading obviously😭 #polymarket #kalshi #predictionmarkets ,2026-04-03T19:51:51.000Z,141,5,19,12,3218,65,"polymarket, kalshi, predictionmarkets",Markus.markets,8248,False,US,#predictionmarket,"kalshi, polymarket, prediction_market","description, hashtags, transcript",YES,"Why does every politician want to ban prediction markets like Cauchy and Polymarket? This rabbit hole gets a lot deeper than you think, but in the most simple, straight to the point answer as possible, politicians hate prediction markets because they're honest and doesn't allow them to lie or spread misinformation. Let me give you a perfect example of this. In the 2024 election, when mainstream media wanted to make you think that a certain person was not going to win the election, for months and months saying that they were losing at the polls, prediction markets had them winning the entire time. If you've ever heard the saying, put your money where your mouth is, prediction markets are the epitome of that saying. Check out this dude's Maybach. This goes for local elections, foreign policy. Prediction markets are the most accurate predictor of what's actually going to happen, and that's why politicians want to ban them because they lose their control of the narrative and spreading fake information that fits into their bias because prediction markets are not biased. Anyways, my name is Marcus. I'm a professional prediction market trader. All I do is post free prediction market content about Polymarket and other prediction market platforms. So if that sounds valuable to you, you want to stay up to date with any breaking news or any strategies that I find, just make sure to follow my page."
7623861790853680397,https://www.tiktok.com/@colepredicts/video/7623861790853680397,Nancy Pelosi copy trading #prediction #polymarket #kalshi #predictionmarkets #nancypelosi ,2026-04-01T18:38:09.000Z,33,2,6,1,909,63,"prediction, polymarket, kalshi, predictionmarkets, nancypelosi",colepredicts,1023,False,US,#predictionmarket,"kalshi, polymarket","description, hashtags",YES,
7583272766925737246,https://www.tiktok.com/@user1856395390126/video/7583272766925737246,AMAZING! CNN bets on CalSheet and gets 99% accuracy in elections 🗳️🔥 #fyp #foryourpage #news ,2025-12-13T09:32:27.000Z,0,,0,0,578,88,"fyp, foryourpage, news",user1856395390126,9,False,US,#electionbets,prediction_market,transcript,YES,"Last night there was an election in America. It was in Tennessee where a Republican was running against a Democrat for Congress. CNN reported that the race was close, while Kelshey, the prediction market, predicted there was a 99% chance the Republican would win. It turns out the Republican won. Reporting very soon, CNN will start integrating Kelshey into its global newsroom. This makes CNN the first major news network to embrace Kelshey prediction markets. This is likely to improve CNN's accuracy when reporting because Kelshey lets people bet on literally anything, from politics to sports, and then Kelshey takes those bets and uses them to calculate the probability of an event happening. So, for example, Kelshey was dead on during the government shutdown. It accurately predicted when the government shutdown will end. This will help CNN immensely. The FBI has arrested someone who allegedly planted a bomb outside the Republican Party headquarters and the Democratic Party headquarters in Washington, D.C., on the eve of the Capitol insurrection on January 6, 2021. The suspect"
7622127508556762381,https://www.tiktok.com/@king5news/video/7622127508556762381,Washington's attorney general is taking aim at a company he says is illegally allowing people in our state to bet on everything from sports to elections.,2026-03-28T02:28:04.000Z,4978,1661,241,319,80100,63,,KING 5 Seattle,95500,True,US,#electionbets,prediction_market,transcript,YES,"While Washington's Attorney General is taking aim at a company he says is illegally allowing people in our state to bet on everything from sports to elections, even world events. A lawsuit filed today accuses the company, CalShe, of running an online platform that violates state gambling laws by letting users place real money wagers on future outcomes. The complaint says anyone 18 or older in Washington can sign up, deposit money, and start betting despite the state's ban on most online gambling. In calling themselves a prediction market, they're misleading Washingtonians because their advertisements talk about a way to bet on the NFL even though we live in Washington. They publicly pat themselves on the back for being sneaky and getting around Washington's gambling laws. But it's worse than being sneaky. It's a lie and it's illegal. The state is asking a judge to shut down operations in the state, recover money lost by users, and impose penalties. King 5 has reached out to CalShe for comment."
7624621276065189134,https://www.tiktok.com/@zavalaatok/video/7624621276065189134,"CP360 on April 5th: candidate for California Governor Republican Steve Hilton, Asm. Maggy Krell on Kalshi, Polymarket and betting on politics, County Welfare Directors Assn Director Carlos Marquez III. Where to watch in link in bio. ",2026-04-03T19:45:10.000Z,166,,10,18,1848,81,,Ashley Zavala,7171,False,US,#electionbets,"kalshi, polymarket","description, transcript",YES,"California Politics 360 this week, are you paying attention to the governor's race yet? For the last few weeks and the weeks leading up to the June primary election here in California, we will be sitting down with the top 10 candidates, or at least trying to. As we've been talking about, there is a wide field of candidates and there's no clear front runner. But this week we are sitting down with the person who is leading the polls, that's Republican Steve Hilton. Speaking of the governor's race, there is a combined more than $13 million placed in bets on calcium poly market on this race. In a state where betting on sports online is illegal, how can people be allowed to bet on politics? That is a question we are asking on the show this week. We give you a lay of the land on where state leaders stand on this, how it compares to other states. I also sit down with state assembly member Maggie Krell, who has some ideas in this space, especially when it comes to the money and politics part of it all. Also, a big chunk of people are losing their eligibility for food assistance nationwide. That's going to have impacts on California's program known as CalFresh. Specifically, those changes apply to refugees, people who are seeking asylum from their countries. They are cut. County welfare directors are sounding the alarm. We sit down with the executive director of the organization who lobbies for them. His name is Carlos Marquez III. He explains the specific concerns and the possible impacts on other state programs, why he says lawmakers and Governor Gavin Newsom should move quickly. See you Sunday."
7625780661089078559,https://www.tiktok.com/@tonyhernandez867/video/7625780661089078559,"🚨 UPDATED TODAY — GOP 2028 betting odds. According to prediction markets, JD Vance leads at thirty-seven cents. Marco Rubio around twenty cents. Ron DeSantis near three cents. These are betting odds, not polls. The GOP race is already shifting. Who wins twenty twenty-eight? 👀 #usa #fyp #AmericaFirst #CapCut ",2026-04-06T22:44:05.000Z,5,1,0,1,274,20,"usa, fyp, americafirst, capcut",Tony Hernandez,153,False,US,#electionbets,"betting_odds, prediction_market",description,YES,
7588610342972820767,https://www.tiktok.com/@newsornoise/video/7588610342972820767,"#kalshi has newfound influence with ties to the administration. Donald #Trump Jr., the president's eldest son, has joined Kalshi as a strategic adviser.  Even as election experts warn that betting on races could undermine their integrity, November's #midterms are set to be a big money-making opportunity on the apps. ""The long-term vision is to financialize everything and create a tradable asset out of any difference in opinion,"" said Kalshi CEO Tarek Mansour in December. Investors are piling billions of dollars into Kalshi, which has seen its valuation double in a matter of months. #news #app",2025-12-27T18:44:08.000Z,1,,0,0,188,13,"kalshi, trump, midterms, news, app",newsornoise,2106,False,US,#electionbets,kalshi,"description, hashtags",YES,"This company's valuation has doubled in a matter of months, and it's going to shake up the election and politics big time."
7622334214972656910,https://www.tiktok.com/@insidepredictionmarkets/video/7622334214972656910,Egzee Made Thousands on Election Night Because of a Video Game #PredictionMarkets #SportsBetting #Novig #ElectionNight #Kalshi,2026-03-28T15:49:54.000Z,12,,0,0,394,54,"predictionmarkets, novig, electionnight, kalshi",Inside Prediction Markets,6,False,US,#electionbets,kalshi,"description, hashtags",YES,election night in 2024 was the first time I used Kelsey and someone like posted on Twitter or something I was like well this is cool and I don't know if you have ever played a game like MLB the show or like Madden or FIFA where there's like an auction house system for cards like if I want to buy a card and the way that the MLB game works is that you can put in a buy order or just click buy now it's like a limit or a market order and I would like grind that game like flipping cards is what it was called like just putting in orders and collecting the spread basically and I saw calcium I was like holy shit this is the same thing as this video game I was like I bet I can do the same thing on the election and I mean I made a few thousand dollars and I think just cuz there was so many people trying to bet on random stuff on the election and I was just putting up orders
7623514095244823822,https://www.tiktok.com/@keithighlight.daily/video/7623514095244823822,J.B. Pritzker frames prediction markets as illegal sports betting while Illinois takes legal action against platforms operating without proper licenses #Election2024 #IllinoisPolitics #PredictionMarkets,2026-03-31T20:08:32.000Z,6,,0,2,327,16,"election2024, illinoispolitics, predictionmarkets",Keith Daily Highlight,980,False,US,#electionbets,prediction_market,"description, transcript",YES,"Now, you do have what I think is illegal, which is the prediction markets not getting sports betting licenses, but taking sports bets, essentially, on the prediction markets. So that needs to go. That's illegal. It should be, and it should be found illegal in the courts. We're taking them to court. We're dealing with it here in Illinois."
7569421600714607903,https://www.tiktok.com/@lifeofatty/video/7569421600714607903,I think it’s inevitable that the product will grow and I want to know how they will do this safely and ethically #predictionmarket #kalshi #polymarket #stonk ,2025-11-06T01:41:58.000Z,71,1,8,4,1712,95,"predictionmarket, kalshi, polymarket, stonk",yapcentral,1476,False,US,#electionbets,"kalshi, polymarket, prediction_market","description, hashtags, transcript",YES,i've been getting a lot of ads recently on kalshi and polymarket which are basically prediction markets predicting or setting bets on what you think will happen in the future the difference between gambling and kalshi is that gambling is more so entertainment speculation um rather than any economic sense while kalshi focuses more on like the informational value of things like it gives a percentage of what people think will happen in the future what's the percentage of people that think um democrats will control the congress in the future stuff like that so there's number one informational value and number two um some sort of hedging value against anything and i think it's really cool but the one thing that i don't really like about it is its involvement in elections for example say like i'm a normal person i don't plan to vote um and then let's say that there's like a 60 chance that i see on kalshi that a democratic candidate will win let's just as an example then me as a voter even though i'm not like really leaning one way or the other i'm incentivized to vote for that democratic candidate because i see like oh there's like a percentage chance a greater chance that that person will win so let me like try to make some extra cash with this vote when i originally didn't intend on voting i can't help but feel that it will skew election results at least in some way i don't know how impactful those like marginal differences in votes will be but i'm curious to see how they're going to navigate like this tricky territory especially with elections like why do they even choose to go into elections in the first place is it for virality um i don't know just some like ethical considerations there even though the product itself is pretty interesting so i'd just love to hear what you guys think
7609750636183293198,https://www.tiktok.com/@angelagetsanswers/video/7609750636183293198,"Representative Jasmine, Crockett or James Talarico who would you bet on to win the Democratic senate nomination #greenscreen #talarico #jasminecrockett #texas #angelagetsanswers @James Talarico @CNN ",2026-02-22T17:59:37.000Z,240,11,18,109,8871,69,"greenscreen, talarico, jasminecrockett, texas, angelagetsanswers",#AngelaGetsAnswers,23900,False,US,#electionbets,betting_market,transcript,YES,"If you had to put down your money, who would you bet on? Congresswoman Jasmine Crockett or State Rep James Tallarico? Well, let's check the betting market. I went on Polly Market, where you can bet on a number of things, including who's gonna be the Democratic nominee for the Senate race in Texas. And right now, people are putting their money, their hard-earned money on James Tallarico and by a wide margin. Look at these numbers, 78% to 22%. Not to mention, James Tallarico is now rolling in cash after that Colbert interview, raising $2.5 million following that sit-down that was moved to YouTube. That 2.5 million is almost as much as Congresswoman Jasmine Crockett has spent on her entire ad campaign. I snatched this from CNN. Look at this, Crockett, over $2.7 million. Tallarico has spent over $11 million in ads. There hasn't been any polling since that whole Stephen Colbert thing, but if you go on Real Clear Politics, they have a mashup of all the polls. You see Crockett ahead in a couple, Tallarico ahead at one, but here's the bottom line. Look at that yellow line right here. 41% Crockett, 41% Tallarico. Basically, according to Real Clear Politics, a mashup of all the polls, they're tied."
7625482456526818573,https://www.tiktok.com/@kcra3news/video/7625482456526818573,Should it be legal to bet on politics in California? What about elected officials and state employees? California Assemblywoman Maggy Krell offers her perspective.,2026-04-06T03:25:00.000Z,19,1,0,0,685,103,,KCRA3,67500,True,US,#electionbets,polymarket,transcript,YES,"Right now on the governor's race, we're recording this in the week, there's 13 million dollars on the line between Cali and Poly market in terms of who is the winner of the governor's race in California. And then also people can bet on like whether the billionaire's tax gets on the ballot. Where do you see lawmakers right now at our state capitol on this? I think this is really disturbing. I think the sanctity of our elections is threatened when we let people bet on it. And what I'm really focused on is the lack of disclosures. I see this as another pathway for dark money in California elections. And what I mean by that is these predictability markets can actually have an impact on elections because people are looking at this the same way they look at polls. Is there a front runner? And they see the odds and they see how much is bet. And that could start to skew perception a little bit. But the difference between that and polls is there's no campaign disclosure that's required. So who who do you think should be disclosing this, like elected officials generally and then also candidates? And what and what exactly should they disclose? Well, I think it's really, you know, kind of a thorny issue. Candidates won't necessarily know when somebody is betting on them. So they they, you know, don't shoulder all of the responsibility here. But then you also have, you know, a natural way for, you know, other actors to try and influence our elections. And that's kind of what I'm talking about when I say, you know, we have enough of a problem already with dark money and pacts and too much money in politics. And yet now we're opening up this whole new playbook on it."
7430122380632116523,https://www.tiktok.com/@wisectrends/video/7430122380632116523,"Polymarket’s October Boom_ 2024-10-26 This crypto-themed ideov focuses on the concept of ""Polymarket,"" a prediction market protocol where users can trade on the outcomes of real-world events using cryptocurrency. Set in a high-tech digital landscape, the image is designed to evoke the dynamic, cutting-edge nature of the blockchain and decentralized finance (DeFi) space. The word ""POLYMARKET"" appears in bold, glowing letters at the center, sign ### Core Elements and Symbols: 1. **Blockchain Visuals**: Elements resembling blockchain infrastructure in the background symbolize Polymarket's use of decentralized and immutable ledger technology, which ensures trust and transparency for users. 2. **Data Visualizations**: Holographic charts and abstract data visuals represent real-time data analytics, emphasizing how the Polymarket platform enables data-driven trading. 3. **Neon Cyberpunk Colors**: Neon blues, purples, and pinks create a high-tech, cyberpunk aesthetic, giving the image a futuristic feel. These colors embody the energetic and fast-paced world of cryptocurrency and blockchain innovation. 4. **Artificial Lighting**: Bright, artificial lighting further accentuates the tech-focused ambiance, underscoring the high-tech, futuristic essence of Polymarket and its role in the DeFi ecosystem. 5. **Subtle Coin and Token Symbols**: Integrated coin, token, and data symbols subtly represent the financial aspect of Polymarket, showing how users engage in trade through cryptocurrency. ### Polymarket’s Core Offerings: Polymarket operates as a non-custodial, Ethereum-based prediction market, enabling users to predict outcomes on a wide range of topics—from elections and sporting events to economic shifts and public health trends. The platform uses **stablecoins** as a currency, ensuring minimal volatility compared to other cryptocurrencies. Polymarket users can create or participate in markets by betting on ""Yes"" or ""No"" outcomes, gaining rewards if their predictions are accurate.  Polymarket’s decentralized framework is underpinned by smart contracts, which eliminate intermediaries and enable users to trade securely and autonomously. The protocol’s underlying technology is built for **scalability**, meaning it can support growing numbers of users and transactions without compromising on performance. This model ensures Polymarket maintains efficiency, transparency, and accessibility. ### Key Advantages of Polymarket: 1. **Transparency and Security**: By using blockchain, Polymarket offers a transparent and secure environment where users’ trades are visible to all, and data manipulation is prevented. 2. **Efficient and Decentralized**: Smart contracts make Polymarket an efficient and decentralized platform, reducing the need for intermediaries and thus lowering costs. 3. **Community-driven**: Users can participate in both creating and engaging in market predictions, making Polymarket a community-centric, user-driven protocol. ### Broader Implications: In a broader sense, Polymarket and similar decentralized platforms signify the shift towards **Web3**, the next evolution of the internet where data and value transfer occur on decentralized networks. Polymarket not only enables users to trade based on real-world events but also adds a layer of gamification to finance. It represents the growing trend of **democratizing finance**, making sophisticated financial tools accessible to anyone with an internet connection. ### Potential Challenges: #Polymarket #Crypto #Blockchain #DeFi #PredictionMarkets #Ethereum #SmartContracts #Decentralization #DigitalFinance #Web3 #CryptoTrading #BlockchainTech #Cyberpunk #ArtificialLighting #DigitalAssets #CryptoInnovation #BlockchainInfrastructure #FuturisticFinance #CryptoAssets #Stablecoins #CryptoMarket #BlockchainFuture #Cryptography #TechAesthetics #NeonLights #DataVisualization #Tokenomics #TransparentFinance #CryptoCommunity #CryptoInvesting #Cryptocurrency #CryptoTrends #BlockchainLife #Fintech #",2024-10-26T16:29:41.000Z,0,,0,0,376,67,,Wisefly,243,False,US,#polymarketodds,"polymarket, prediction_market","description, transcript",YES,"Hey everyone, welcome to WiseCTrends channel, your go-to source for the latest market trends and insights. Polymarket has seen staggering growth this October. This decentralized, blockchain-based prediction platform thrives on global events. With political topics taking center stage, users are flocking to the platform. The platform lets users speculate on real-world outcomes. But will Polymarket's growth continue post-election? Post-election outcomes could keep users engaged. Polymarket must stay relevant and adapt to new markets. If it can do this, it stands a good chance of maintaining its growth. Keeping its community-driven approach is essential. Polymarket's future is full of potential, but only time will tell. Thanks for tuning in, and if you enjoyed this video, don't forget to like, share, and subscribe for more insights. Until next time, let us know in the comments, do you think Polymarket will continue to grow post-election?"
7625374195559501077,https://www.tiktok.com/@l1quic1ty/video/7625374195559501077,TRUMP INSIDERS MAKING MILLIONAIRES #Polymarket #crypto #iran #war #hormuz ,2026-04-05T20:26:35.000Z,7,2,0,1,1099,5,"polymarket, crypto, iran, war, hormuz",bambino,27,False,CA,#polymarketodds,polymarket,"description, hashtags",YES,These people made millions of dollars on Polly Market because Trump made a tweet saying praise Allah
7624920503865576734,https://www.tiktok.com/@sethmoulton/video/7624920503865576734,Taking down one heinous bet is the least @Polymarket can do. There are still hundreds of active war bets on their site. Remove them immediately.,2026-04-04T15:06:12.000Z,492,8,23,7,10200,31,,Seth Moulton,67700,True,US,#polymarketodds,polymarket,"description, transcript",YES,"When I called out that bet online, Polymarket responded and said, oh, you know, sorry, this violates our ethical standards and so we took it down. It turns out that it doesn't even violate their standards. They're just making up that story that they have standards in place because it was embarrassing to them. And there are hundreds of war bets still online right now. So what needs to happen is the government needs to actually exercise the regulatory authority it already has. The CFTC can regulate these markets. That's obviously not in the interest of the administration because it's profiting off these bets."
7622312458509815058,https://www.tiktok.com/@heartshlips/video/7622312458509815058,No way bro put $1M on the line 🙏💀 #viralpoly #tjr #polymarket #trump ,2026-03-28T14:25:19.000Z,49,2,1,0,1140,20,"viralpoly, tjr, polymarket, trump",Shlips,10,False,US,#polymarketodds,polymarket,"description, hashtags",YES,"Donald Trump out as president before 2027. There's no shot that this happens, bro. He- he got- he was in the fucking files, bro! He was literally diddying up kids on that damn island, bro! This shit's free bread, dawg! Let's put a mill on this bitch, bro! We're gonna have $197,000 in our bank account by the end of the year!"
7624805368639950101,https://www.tiktok.com/@g.wario/video/7624805368639950101,"This website feels illegal, i mean jow do you bet on someone's life? #informationtechnology #polymarket #cybersecurityawareness #gamblingaddictionawareness ",2026-04-04T07:39:13.000Z,3452,397,1198,71,95800,31,"informationtechnology, polymarket, cybersecurityawareness, gamblingaddictionawareness",Guyo Wario 🇰🇪,61900,False,KE,#polymarketodds,polymarket,"description, hashtags, transcript",YES,"Kama unatawa kuwa international gambler, kuna website inaitwa polymarkets where you can almost bet on anything. Like right now, watu wana bet on the chances of the US pilot, mwenye uleanguka Iran, the chances of those pilots being found. Just imagine. Watu wana bet on the chances of oil reaching 200 a barrel. Watu wana bet on the chances of an Iranian ceasefire. Like, kuya website you can bet on almost anything. Anything in this world. It's shocking to say the least."
7625098977372900639,https://www.tiktok.com/@jordanamplifies/video/7625098977372900639,"BREAKING 4/4: Polymarket under fire after allowing bets on the fate of U.S. pilots reportedly downed in Iran. The market has now been removed after backlash, with lawmakers calling it “disgusting.” This raises a bigger question… should real human lives ever be turned into bets? #breakingnews #polymarket #iran #usnews #fyp ",2026-04-05T02:38:39.000Z,79,1,3,16,676,105,"breakingnews, polymarket, iran, usnews, fyp",Jordan Amplifies,16200,False,US,#polymarketodds,polymarket,"description, hashtags, transcript",YES,"I need to cover a story that many people are not talking about so if you have a minute please sit down because it is really important. People were literally betting on whether U.S. pilots would literally live or die. A major online prediction platform, Polymarket, is now reportedly facing backlash after allowing users to reportedly place wagers on the fate of the pilots that were downed in Iran. I am serious you heard exactly what I just said correctly. Placing wagers on the pilots that were downed in Iran. Placing real bets on real humans during live international active situations. This platform has since apologized and removed the market since outrage exploded online including lawmakers like Seth Moulton who called it disgusting. But this just shows you how unserious people are taking the United States and how unserious really Americans are taking the president and his leadership. Going as far as so making bets on American service members who were downed in Iran because the orange sent them there regardless if they were following duties they're still there and there's still a threat to that person's life that one pilot's still missing. So all prayers to that person and all jokes aside I'm sure they're terrified."
7625302949434101023,https://www.tiktok.com/@arlo.og/video/7625302949434101023,TJR’s $100K Bet on the Most Searched Names. #tjr #polymarket #streamer #viralitypoly ,2026-04-05T15:50:13.000Z,8,,2,0,354,55,"tjr, polymarket, streamer, viralitypoly",Arlo.og,10,False,US,#polymarketodds,polymarket,"description, hashtags",YES,"Dude, are they stupid? And then I can just cover my bet. Bro, I'm just gonna cover my bet on the other one. So, bro, no, this is genius. Yo, 122K. This is a guaranteed lock on this one. Top five most searched people on Google 2025. He was the most searched person on Google every month up until October. October, most Googled person. Trump, September, most Googled person. Trump, August, most Googled person. Trump, July, Trump. June, Trump. May, Trump. April, Trump. March, Trump. Every single month, it has been Trump. So this, I need to bet probably like an extra, what? 5,000? Nah, it's gonna be more. It's gotta be like 7K. Bro, this is the freest dub ever."
7625297918639049997,https://www.tiktok.com/@markus.markets/video/7625297918639049997,Kalshi is dying… it’s only a matter of time. No trump can stop it… You can skip polymarket waitlist with code: dev20 #polymarket #kalshi #predictionmarkets #trump #barontrump ,2026-04-05T15:30:51.000Z,283,15,70,14,7588,58,"polymarket, kalshi, predictionmarkets, trump, barontrump",Markus.markets,8248,False,US,#polymarketodds,"kalshi, polymarket, prediction_market","description, hashtags, transcript",YES,"Mark my words, in one year from now, not a single person will be using Calshi and they will only be using PolyMarket. Right now, the only reason why people are still using Calshi is because it's somehow the only legal prediction market platform in the USA. Why is that? Well, allegedly, this is because Barron Trump and Donald Trump Jr. both have official positions at Calshi. And if you go download PolyMarket on the App Store right now, it is technically legal, but it's early access only. So yes, it has less fees and it's better than Calshi in almost every single way. And it's definitely better than legacy sports apps like DraftKings and PrizePix. But there's a 1.1 million person waitlist. But your boy's about to put you on game because I know somebody that works at PolyMarket. This developer code DEV20 will get you early access to PolyMarket. You can skip the waitlist that I've heard takes up to six or eight months to get through. And it'll give you a free 20 bucks when you sign up. So instead of putting in your phone number, just put in the developer code DEV20. And as of now, it's still working, but you can check the comments to make sure that code is still working. But literally, the only reason why people are still using Calshi is because they don't have PolyMarket as an option. Because again, in my opinion, it's better in every single way."
7620538739495882015,https://www.tiktok.com/@justanotheracck/video/7620538739495882015,Polymarket hitting 😮‍💨 #polymarket #fyp #president #viral #stocks ,2026-03-23T19:42:44.000Z,5,,1,0,41,13,"polymarket, fyp, president, viral, stocks",justanotheracck,4,False,US,#polymarketodds,polymarket,"description, hashtags",YES,
7624625617132113182,https://www.tiktok.com/@hissgoescobra/video/7624625617132113182,They’re gambling on whether a U.S. pilot will be found dead or alive. On Polymarket. Right now. Trump Jr. is a major investor. #war #iran #trump #gambling ,2026-04-03T20:01:44.000Z,288,23,30,19,3965,59,"war, iran, trump",John Jackson,74800,False,US,#polymarketodds,polymarket,"description, transcript",YES,"Right now there's a U.S. pilot missing over Iran and Polymarket is gambling on whether he'll be found alive. That's right, a company in which Donald Trump Jr. is a major investor is allowing people to gamble on whether a soldier who is missing will be found dead or alive. This is disgusting, you see it on your screen. I hate Polymarket, it is absolutely awful, it is filled with insider trading on the war and this is the kind of thing where Donald Trump, the president, actually pulled back an investigation that Joe Biden had started of this illegal company. It technically engages in sports gambling, was being investigated, they gave money to Trump and what happened? And then Donald Trump Jr. of course, also has to get his beak wet in this situation. This is so sick, man, I'm telling you, the immorality present at the highest levels of our government is horrific, it is dangerous and it's the kind of thing that historians look back at failed empires and failed countries and say, this is where it all went wrong."
7458054733207751982,https://www.tiktok.com/@kodynomics/video/7458054733207751982,Replying to @liminallamb the truth about prediction markets @Polymarket @Kalshi Exchange #infofinance #predictionmarkets #kalshi #polymarket #tiktokban ,2025-01-09T23:01:33.000Z,813,30,321,13,75100,59,"infofinance, predictionmarkets, kalshi, polymarket, tiktokban",kodynomics,4200,False,US,#polymarketodds,"kalshi, polymarket, prediction_market","description, hashtags, transcript",YES,"It depends on the platform and where you're located. Let's talk about Polymarket first since I mentioned it in my last video. After a lawsuit from the CFTC, Polymarket agreed to ban US users from placing bets in 2022. Last month, they processed $2 billion in transactions. Polymarket argues that the existence of predictions on things like wars and natural disasters are actually positive for society. Another user describes it as a betting site for the participants while it's a news site for everyone else. In November, the founder of Polymarket had his house raided by the FBI. Now, what about the Polymarket competitor, Kalshi? It's different in a few ways, mainly due to it being federally regulated. Because of this, the two platforms are slightly different for users. The biggest difference being that on Kalshi, the markets need to be approved by the US government. Remember how on Polymarket, everyone was betting on the Los Angeles fires? Kalshi has a weather section, but I couldn't find anything about fires. Both have a market for the TikTok ban. Here's the odds on Kalshi versus Polymarket."
7625656783641529614,https://www.tiktok.com/@talkingfishnews/video/7625656783641529614,🚨Who is Donald Trump going to pick as his next attorney general? #news #talkingfishnews #kalshi,2026-04-06T14:43:39.000Z,51,,5,4,2325,31,"news, talkingfishnews, kalshi",DAILY NEWS 🗞️,423300,False,US,#kalshiodds,"kalshi, prediction_market","description, hashtags, transcript",YES,Breaking news who is Donald Trump going to pick as his next attorney general the search for the nation's top law enforcement Officer is in full swing and speculation is running wild over who will land the coveted cabinet spot names of key Trump allies and legal Defenders like Lee Zeldin and Todd Blanche are heavily circulating But a clear front-runner is starting to emerge from the pack according to Cal sheet the prediction market There is a 50% chance that Lee Zeldin will be confirmed as the next attorney general Compared to just a 22% chance for Todd Blanche
7625810523619167519,https://www.tiktok.com/@poor.ysp/video/7625810523619167519,are yall going into debt to bet on kalshi? 😭🙏,2026-04-07T00:39:48.000Z,64,4,2,3,868,78,,Callan,432,False,US,#kalshiodds,"kalshi, polymarket, prediction_market","description, transcript",YES,"This is the best news for gambling addicts ever! Calci just got approval for margin trading. This means that you can officially bet with money that you don't have. You heard me right. You can officially go into debt on the Calci app. You don't even have to use your credit card anymore. Prediction markets used to be however much money you put in, you're able to bet. Now you're able to take on debt to try to make more money, bro. This is fucking crazy. Let's say you bet $100 on Donald Trump saying Allah on Easter Day. Now you leverage it five times. Now your position is $500. If you win, yeah, you can make a lot of money. If you lose, now you're on the hook for $500 instead of your original $100. I truly believe that this is going to be a textbook story of the rich getting richer. One, Calci's going to make hella money. There's a fucking billion gambling addicts in the United States. You're telling me they're not going to borrow as much money as possible to throw it on some stupid ass NBA game, bro? They're going to lose it all. That's going to go straight into Calci's pocket. Two, rich people and politicians, bro. Anybody with some insider information, their paydays are about to be fat, bro. Inside traders are already making billions off of the highly regulated stock market. They're going to go to Calci, bro. That shit's barely regulated. They're going to leverage the money that they put in, and they're going to cash out fat, while the normal people are losing fucking all their money. If you can't see that these poly market companies want you to be a gambling addict, they want you to take on debt. They want you to bet as much money as possible. They want you to lose, bro. They want all your money. If you can't see that shit, you're an idiot."
7609671717237181727,https://www.tiktok.com/@onthemedia/video/7609671717237181727,"Now that news outlets like CNN and the Wall Street Journal regularly report on prediction makers odds from Kalshi and Polymarket, it has become incredibly easy to influence the narrative around political races. Prediction markets allow users to vote on basically anything happening in the news, like Olympic medal counts, what Trump may say in a speech, even the weather. @Micah Loewinger speaks with @Judd Legum, the author of the accountability newsletter Popular Information, about the explosive rise of prediction markets and what it means for journalism. #kalshi #polymarket #olympics #snow #onthemedia ",2026-02-22T12:53:56.000Z,123,3,9,5,1394,179,"kalshi, polymarket, olympics, snow, onthemedia",On the Media,2748,False,US,#kalshiodds,"kalshi, polymarket, prediction_market","description, hashtags",YES,
7584480771923037495,https://www.tiktok.com/@pointofdisorderpod/video/7584480771923037495,The Kalshi and CNN partnership is just plain dystopian. Without regulation people can place bets then go influence the odds themselves. It will allow for even more corruption in our government #cnn #kalshi #politics #news ,2025-12-16T15:39:52.000Z,474,15,21,8,7920,46,"cnn, kalshi, politics, news",Point of Disorder,5673,False,US,#kalshiodds,kalshi,"description, hashtags",YES,"Somebody is going to make a bet on so-and-so getting popped 5,001 odds, 50,001 odds, and somebody else is going to place a bet either either out of greed or desperation and say, all right, bet I can go make that happen. And they go make it happen. And somebody is going to get insanely rich off that. Yeah. And it's already happening. Like, I think there was a bet a few months ago, like if a dildo would be thrown on the court of the WNBA and then someone just went and did it and they got their payout. Like it's all complete nonsense. Not to mention that like you can do these things intentionally and change the outcomes. Like it is the only way to make money in America in the future is going to be making prompts for AI running the AI or gambling your life savings on Kelsey."
7625655364805070094,https://www.tiktok.com/@colepredicts/video/7625655364805070094,Who saw trump praising Allah on Easter Sunday coming?? #prediction #polymarket #trump #kalshi #predictionmarkets ,2026-04-06T14:38:16.000Z,67,4,17,1,1348,58,"prediction, polymarket, trump, kalshi, predictionmarkets",colepredicts,1023,False,US,#kalshiodds,"kalshi, polymarket","description, hashtags",YES,
7622763288534732063,https://www.tiktok.com/@slimemasterlauren/video/7622763288534732063,i could say so much more about this but guys kalshi is not good wake up 😭 #kalshi #whitehouse #political #capitalism #progressive ,2026-03-29T19:34:59.000Z,272,19,10,12,2918,32,"kalshi, whitehouse, political, capitalism, progressive",makinbaconpancakes,1328,False,US,#kalshiodds,kalshi,"description, hashtags",YES,"Please stop falling for cali sheet, please. It is evil. It is dystopian and it is literally representative of our transition into late stage capitalism. Why would you want your life and the reality around you to be even more centered around money? Why would you want this platform with direct ties to the white house, through Donald Trump jr and direct ties to the media, to be influencing what you're seeing, what you're paying attention to, who you're rooting for and where your money is going. Why are we continuing to feed into these rigged systems? Please stop giving the elites any more power than they already have over you, please."
7594546065244736781,https://www.tiktok.com/@stoppredatorygambling/video/7594546065244736781,"Kalshi Platinum, Kalshi's answer to sportsbooks'/casinos' VIP programs, is more evidence that this ""prediction market"" is actually a gambling operator wearing a trench coat.  #stoppredatorygambling #gamblingaddiction #gamblingawareness",2026-01-12T18:38:17.000Z,195,6,5,7,2520,78,"stoppredatorygambling, gamblingawareness",Stop Predatory Gambling,1993,False,US,#kalshiodds,"kalshi, prediction_market","description, transcript",YES,"Kaoshi, one of the largest prediction markets, an industry currently skirting state and federal gambling laws by calling wagering buying futures, recently unveiled their new Platinum Loyalty Program to seduce their biggest addicts into throwing away even more of their cash. This scheme is similar to VIP programs that other gambling operators offer, such as FanDuel, DraftKings, and BetMGM. The model is simple enough. Why bother wooing over customers that might run off after losing one measly paycheck on a parlay that should have been a shillin when you can milk a seemingly endless amount of money from citizens who have become hopelessly lost in the sauce? The operators need to keep these gamblers hooked, which is where VIP hosts come in. Their entire job is to make sure the addict continues throwing away their money at any cost. They give them deposit bonuses, rebates on their bets, and lavish dinners and trips, with the knowledge that any money given away will be returned tenfold. It's a crucial dynamic for the gambling operators, as anywhere from 65-80% of their revenue comes from the gamblers trapped in these VIP programs. The entire concept of VIP programs and the hosts that keep their biggest addicts hooked is comically evil, whether they're run by Kaoshi or DraftKings, and ought to be abolished. There's simply no way for them to exist in a non-predatory manner. Kaoshi implementing this business model, which has been widely adopted by casinos and sportsbooks, also provides more evidence that they are, in fact, a gambling operator, and not a futures market like they keep insisting they are. They can only keep this charade up for so long before the mask drops entirely."
7625763632244165902,https://www.tiktok.com/@im_travis/video/7625763632244165902,Capitalism breeds so much innovation it invented Second Capitalism #leftist #stocks #kalshi #polymarket ,2026-04-06T21:38:03.000Z,106,2,5,3,1112,98,"leftist, stocks, kalshi, polymarket",travis,72300,False,US,#kalshiodds,"kalshi, polymarket, prediction_market","description, hashtags, transcript",YES,"These prediction markets are terrible and shouldn't be legal. Yeah, I agree. The fact that you can just, like, bet on whatever and make a ton of money on it is just incredibly dangerous for so many reasons. Yep. For your average person, there's really no difference between that and just normal gambling, except it's regulated differently for some reason. But, like, it's incredibly addictive and people are absolutely losing their entire life savings. Yep. And they're so prone to just blatant manipulation. I mean, that's why you see them partnering up with, like, various news networks to get their hooks into them and get probably favorable coverage. Yep. Not to mention politicians, who can get absolutely filthy rich with what is essentially insider trading. All they have to do is have a heads up of what's going to be happening, make a bet, and then make tons of money. And, again, there's basically no oversight. Nobody's doing anything to stop them. I am on board. That's why I think we need to get rid of things like Kalshi and Polly Market. Oh, I thought you were talking about, like, Wall Street, like the Dow and Nasdaq. What? What are you talking about? It's a completely different situation. So you mean your average person isn't at a massive disadvantage when it comes to day trading if they wanted to try that. You mean these large companies are not just buying all the media companies or otherwise investing in them through advertising for favorable coverage. And there's no insider trading that basically goes completely unpunished, both in the private and the public sector with our elected officials, people like Nancy Pelosi? No, it's completely different, okay? Nancy just gets lucky. What are you, some kind of socialist? Yep."
7413842252830739718,https://www.tiktok.com/@the.sports.geek/video/7413842252830739718,Presidential Election odds have flipped! #trump #kamala #debate #president ,2024-09-12T19:34:33.000Z,2,,0,0,121,41,"trump, kamala, debate, president",thesportsgeek,10700,False,US,#debateodds,"betting_odds, election_odds","description, transcript",YES,"So Kamala Harris and Donald Trump faced off in their first presidential debate. Before the debate, here were the betting odds on who would win the election, with Donald Trump being a favorite over Harris. Now the debate itself was definitely entertaining. In Springfield, they're eating the dogs, the people that came in, they're eating the cats, they're eating, they're eating the pets of the people that live there. Now there's disagreement over who won, but as a result of the debate, and Taylor Swift's endorsement, Kamala Harris is now the favorite to be president of the United States. People love saying their candidate's 100% gonna win, so here's your chance at close to even odds to put your money where your mouth is on either side."
7558959703687007506,https://www.tiktok.com/@tocanada_beyond/video/7558959703687007506,Poly market explained| make quick Money! #money #canada  #trump,2025-10-08T21:04:19.000Z,15,4,1,1,1209,58,"money, canada, trump",ToCanada&Beyond,883,False,CA,#polymarket,polymarket,"description, transcript",YES,"Do you know you can make quick money during the elections? Platforms like PolyMarket let people bet on political outcomes. Who is going to win the next US election? During the last election, even $13 billion was traded and some people made millions of dollars. One person reportedly turned a $30 million bet on Donald Trump into $48 million profit. You basically buy yes or no shares on what you think will happen. And if you are right, you win the money. But here is the catch, it's not legal for Canadians to use it. PolyMarket is blocked in Ontario and not officially available across Canada because it's considered gambling. And gambling laws as you know it here in Canada are more strict than the US. So yes, it's real money and real risk. But only if you are outside of Canada or you're using VPN. Follow for more."
7576045393079766285,https://www.tiktok.com/@orangieyt/video/7576045393079766285,Replying to @yiğit ,2025-11-23T22:05:56.000Z,11400,622,1829,153,174600,170,,orangie,338400,True,US,#polymarket,"polymarket, prediction_market",transcript,YES,"I know TJR gave his thoughts on this so I'll give mine as well. You guys know how a lot of like young kids became like millionaires doing NFTs and then kind of like the same thing happened last year with meme coins. There's always like something new in crypto that pops up where it's a big opportunity for people to make money. Right now one of those things is prediction markets so like your Polymarket, your Kaoshi, your Marriott markets. There's a ton of prediction markets that you can use but pretty much it's like making bets. There's a fine line between like gambling and actually having an edge to make money in prediction markets but there is people making a lot of money. Now look, if you just go into this kind of blind side of this, it is gambling, right? You can bet on things like who's going to win the presidential election. You can bet on like mention markets like will Trump say the word Saudi Arabia during his next interview or will Trump and Mondami shake hands? You know, things like this. So it opens these markets up to a lot of, first of all, a lot of insider. Definitely happens at these markets. I wouldn't say at like the highest level where you have like Trump and Mondami like whether or not they're shaking hands or not. But we've already seen some kind of like manipulation happen in the markets whether it's on purpose or not. Like for example, the other day we had the CEO of Coinbase, you can actually bet on what he was going to say and at the end of that, at the end of his earnings call, he was like by the way I saw the Polymarket for whether or not I'm going to say X, Y, Z words. So before the interview ends, I just want to say like Ethereum, Polygon, whatever the words were. A lot of these sites are fully on chain. They use crypto technology so you actually have like a pretty good advantage to being able to see like what other people are doing, what they are betting. For example, I remember when it was like who's going to win the Nobel Prize. There was a really like big anonymous wallet punching like 70K bets into the woman who won. I don't think, I don't remember who it was. I think it was somebody in Venezuela. It doesn't matter. Point is, you could bet, you know, you could see that there was an insider wallet. By the way, this is all, this is all alleged. And there's also opportunities to bet really big like with a lot of size on things that you think aren't obvious. So for example, I personally made some money on Trump not winning the Nobel Prize. There was like a 95% chance that he wasn't going to win, making me, like literally allowing me to make 5% of my money on it being a no. Like for example, if I put 100K on Trump not winning the Nobel Prize, I made 105K in literally just a few hours. Anyway, it's just tons of stuff like that. This is pretty much like where prediction markets is heading. They blew up in 2021, no sorry, they blew up in November, December of last year during the election. Trump vs. Kamala. That's when I first got introduced to like PolyMarket and Kaoshi and how currently they actually have more volume than meme coins do on-chain. And yeah, it's pretty interesting. We'll see where the market is heading with there, but I do think there is some opportunity to make money in prediction markets if you are not just straight gambling. And it is hard to not want to gamble, I know, because I have money on Kaoshi and whenever there's like a tennis game or something, if I'm bored at 3AM and I just want to pump money at something, I'll find myself gambling rather than trying to make money in prediction markets."
7574187479910141198,https://www.tiktok.com/@hyperspeednow/video/7574187479910141198,"Polymarket is one of the most insane comebacks stories in tech They launched in 2020, blew up during the election, then got shut out of the U.S. and slapped with fines. Instead of folding, they rebuilt from the shadows. And in 2024 they re-exploded across the internet. They just raised $200M led by Founders Fund at a $9B valuation. Some ideas are inevitable. #startup #startupgrowth #techstartup ",2025-11-18T21:56:23.000Z,18,4,1,1,957,80,"startup, startupgrowth, techstartup",hyperspeed,6,False,US,#polymarket,"betting_odds, polymarket","description, transcript",YES,"This startup was dead in the water, banned by regulators, cut off from the U.S. market. Five years later, it's worth $9 billion. This is the story of PolyMarket. In 2020, a college dropout named Shane Copeland launched PolyMarket, a crypto platform where people could trade betting odds of real-world events. It exploded in popularity during the U.S. election. But by 2021, regulators cracked down, forcing PolyMarket out of the U.S. and fining the company. Copeland didn't give up. He persevered and rebuilt. Quietly. He brought in the former chairman of the CFTC to navigate the mess, and raised enough capital from Founders Fund to keep the lights on. After years in exile, in 2024, PolyMarket made a comeback, going all-in with the same growth strategies that had worked before. They dominated the conversation around real-time trending moments and pioneered screenshot marketing, sharing real-time platform data and bet activity as screenshots on social media, especially X. Within a year, Founders Fund led a new $200 million round, valuing PolyMarket at almost $9 billion. PolyMarket proves that if your startup is built on an unstoppable idea, success is inevitable. It's only a matter of when."
7593405337240145183,https://www.tiktok.com/@boris.904/video/7593405337240145183,I’ve never seen something more obvious in my life. I’m shocked at what i’m seeing #insider #governmentcorruption #polymarket #prediction #gambling ,2026-01-09T16:51:29.000Z,2505,177,287,49,52800,36,"insider, governmentcorruption, polymarket, prediction",boris.904,1216,False,US,#polymarket,polymarket,"description, hashtags",YES,"Can we talk about how corrupt this world is, bro? On Pauly Markey, you can bet if this speech is gonna go over or under 65 minutes. There was a 98% chance that this meeting was gonna go over 65 minutes. And as you can see, 30 seconds away from it going over 65 seconds, she leaves mid-speaking, bro. This insider trading corrupt government shit is pissing me off! Arrest her right now! Bro, I've never seen a more obvious insider trading play, bro. You know how many people lost money because of that? And you know who made money? The fucking higher-ups! The government! I'm tired of seeing shit like this."
7624633307514277134,https://www.tiktok.com/@pbsnews/video/7624633307514277134,The Pentagon is denying a report by The Financial Times that Defense Secretary Pete Hegseth’s stockbroker was seeking to make large investments in major defense companies in the days before the U.S. and Israel struck Iran. That report is raising more concerns about the people in and around the Trump administration who seem to be profiting in unusual ways. White House correspondent Liz Landers reports. #Hegseth #Kalshi #Polymarket #War #iranwar #iran #news,2026-04-04T19:00:00.000Z,3161,129,307,87,40800,407,"hegseth, kalshi, polymarket, war, iranwar, iran, news",pbsnews,3000000,True,US,#polymarket,"kalshi, polymarket, prediction_market","description, hashtags, transcript",YES,"Last week, as the United States and Iran continued to exchange strikes in the Middle East, there was a spike in the crude oil futures trading volume around 6.49 a.m. Eastern time. A few minutes later, at 7.05 a.m., the president posted on his social media platform that he was suspending strikes on Iranian power plants and energy infrastructure for five days. The stock market opened up and oil prices went down. A combined $800 million in trades was made. The timing of the market movement could be coincidental, but it produced a windfall all the same. And traders aren't just getting rich in traditional marketplaces. Polymarket, a prediction marketplace where individuals can bet on anything from sports to politics, has seen several users bet specifically on U.S. military action related to Iran and rake in money. Before the president's latest announcement claiming the U.S. and Iran were actively engaged in productive talks, several newly created accounts bet nearly $160,000 that a ceasefire will happen by March 31st or April 15th. After the president's comments, the value of those bets doubled and stand to pay out to $1 million if the ceasefire happens by April 15th. Who's behind these bets? Polymarket and other online prediction market sites like Kalshi allow users to place bets anonymously, so the identity of the better remains unknown. But potentially lucrative payouts like these have raised concerns about the possibility of insider trading, says David Hill, a journalist who writes about gambling for Rolling Stone and hosts the podcast American Gambler Book Club. I think that it's right for us to assume that there is a lot of insider trading that goes on on prediction markets, just as there's a lot of insider trading that goes on in the stock market. You know, lots of people know the outcomes of these things prior to the public knowing them. And so some people are going to be opportunistic about that and take advantage of it. Polymarket, which calls itself the world's largest prediction market, announced new rules last week clarifying three categories of prohibited insider trading conduct, banning trading that involves stolen confidential information, illegal tips and trading by people who can influence outcomes. They even specifically give an example about military members betting on military operations, advising that's banned. It's raising questions about the morality of betting on these actions, which inevitably involve life or death situations. I personally would not want to make a bet on whether or not somebody would live or die. I think that one of the things that's a concern here is that is that if there is a market on something like death, that there is sort of moral hazard involved, right, and that people people shouldn't be allowed to wager on predicting somebody's death, not just because it's moral, but also because there may be, you know, that it creates these sort of perverse incentives and that people's lives are involved and are at stake. Kaoshi told us that government employees are not permitted to place predictions on geopolitical markets and said it does not comment on potential investigations. Polymarket did not respond to questions from PBS News. There are at least eight bills in Congress seeking to regulate prediction markets, including a bipartisan House bill that would bar elected government officials, senior federal staffers and their families from trading in prediction markets. But these platforms aren't the only way that people are profiting off of politics these days. For others with ties to the president or who claim to have connections to him, there's another lucrative business opportunity that's emerged lobbying for presidential pardons. Trump's prolific use of his clemency powers has been controversial from the beginning. We hope they come out tonight. Hours after he was sworn in for a second term, he pardoned more than 1,500 defendants involved in the January 6th Capitol attack. Dozens of other high profile pardons have followed, involving political figures, business leaders and people with personal connections to the president or his allies. And lobbyists have stepped in to help facilitate who can get through to the administration, earning millions. Ken Vogel is a reporter for The New York Times. In the first year of Trump 2.0, we saw $5.2 million in lobbying fees disclosed for pardon related or clemency related lobbying efforts. And that was eight times more than what we saw in the final year of the Biden administration. Vogel says this has created a sort of pay for play mentality during the Trump administration, where people with money and connections can skip to the front of the pardon line. It's created this sort of pardon industrial complex that in some ways seems to turn on its head the idea that the people who are most deserving are the ones who are going to get clemency and instead sort of reward people who either have connections or the ability to pay people who have connections to get directly to President Trump. And while President Trump in his speeches says attacking fraud is a major priority. We're cracking down on the Somali scams, ending the brazen and shameless theft of taxpayer dollars. His decisions about who gets a pardon seem to be at odds with that. More than 50 of the pardons and commutations he has made in his second term are for fraud. White collar offenses such as money laundering, bank fraud and wire fraud are among the most frequent crimes he has wiped clean. In a statement, the White House press secretary Caroline Leavitt said, quote, President Trump exercises his constitutional authority to issue pardons and commutations at his discretion. Anyone spending money to lobby for pardons is foolishly wasting their money. The Trump administration has a robust pardon review process, which includes White House counsel, the Department of Justice and ultimately the president himself as the final decider. Many of the people granted clemency by Trump had their financial penalties and restitution forgiven, totaling tens of millions of dollars. They're appalled. To them, this is sort of like insult to injury. And these pardons and in some cases even the commutations wipe away those obligations as financial obligations. So this is sort of taking money out of the victim's pockets or at least stopping an avenue that might otherwise result in them getting at least like some compensation for the financial losses that they've incurred at the hands of these people who have gotten pardons. For people in the White House orbit, there is potentially big money to be made trading in the currency of access to either information or to the ear of the president."
7624573144510024990,https://www.tiktok.com/@miasato_/video/7624573144510024990,Is Polymarket paying influencers to hype up fake “insiders” on the platform?,2026-04-03T16:38:12.000Z,861,73,83,35,6225,213,,Mia Sato - Tech reporter,21800,False,US,#polymarket,"polymarket, prediction_market","description, transcript",YES,"If you've seen those headlines about suspected insider trading happening related to Iran or Venezuela on platforms like Polymarket, sit tight. I have something that you will probably hate even more. I've been working on a story about platforms like this and in my reporting I found so many posts on X claiming to find insider activity. A lot of these posts look really suspicious at first. It will be new accounts putting tens of thousands of dollars into something happening. They often have won previous positions like this account that made $90,000. But look close and you will find that a lot of these posts saying they found insiders are actually marked as paid partnerships. It's weird right? A big part of the news cycle around platforms like Polymarket have been the issue of insiders potentially trading on the platform and profiting off of information that they are not supposed to share. Why would influencers be getting paid to promote accounts that they say could be an insider? One explanation is obviously that these X accounts want clout. They want engagement. But the way that these prediction markets are set up actually make it possible for these accounts to profit and by extension Polymarket themselves. On platforms like Polymarket and Kelshi you can sell your position before the event even happens. So let's say I put $100 on Taylor Swift and Travis Kelsey getting married in Rhode Island. Let's say when I buy my shares each yes position is 20 cents. If I can get other people to also take that same position the value of my 20 cent shares shoots up. Now let's say you had a Twitter account with 100,000 followers. I could go on that account and say look at this wallet that just bought all these shares about Travis Kelsey and Taylor Swift. They must know something. They could be an insider. All of a sudden a bunch of people copy what I've just done and now my 20 cent shares are worth 50 cents. I can just sell those and I will make a profit of 30 cents per share. That's a lot of numbers. That's a lot of math. But the point I want you to take away from this is that Polymarket users can actually benefit if they get other people to copy their moves and they don't have to wait to see if they were right at all. On Polymarket you could also just make two accounts and have one account take one position and the other the opposite side. And because Polymarket and Kelsey make money through things like transaction fees they don't really have a vested interest in the outcome of an event. The more people trade, the more shares people buy and sell, the more Polymarket and Kelsey profit themselves. So you can see why their official accounts are tweeting things that look like breaking news updates. They are trying to get people to move money so they can profit. A lot of critics and even some users say that what these platforms offer is just gambling. But it's almost even weirder and more insidious than that. It pits people against other anonymous people and there are so many layers of deception involved that it's hard to tell what is real and what isn't. These paid posts are a great example of that. And by the way, if we go back to the first example of the so-called military insider who made $90,000, the shares that they were then hyping up were sold promptly. After people copied the move that was being touted in this tweet, the shares increased in value and the person sold them and made $10,000. We know that insider trading is happening on these platforms because some of the platforms have even admitted it. But be super skeptical of the posts you see, especially if you're someone who uses these platforms. And remember that no matter what way your money goes, Polymarket or Kelsey will always profit."
7623373584609660190,https://www.tiktok.com/@holymarkett/video/7623373584609660190,Ranking top 5 polymarket moments 💀🥀  #viralitypoly #trump #iranwar #chinausa #viral #fyp ,2026-03-31T11:03:50.000Z,75,9,5,0,1353,46,"viralitypoly, trump, iranwar, chinausa, viral, fyp",holymarket,528,False,US,#polymarket,polymarket,description,YES,"bro, what? will trump say n-word in march? 7%? bro this doesn't make sense n-word mentioned the n-word! gta 6 costs $100 the article literally says that it's gonna cost as much as $100 so if i just put $15 on yes i can get the game for free? trump go to china by march 31st? there's a 1% chance? if i put one key on this do i get 3 million bucks? will jesus christ return before gta 6? 49%? bro, if i put a thousand on no, would that not be a free thousand? will brazil win the world cup? 9% chance? they didn't even beat croatia neymar's not even on the team anymore"
7623576505242717471,https://www.tiktok.com/@bennyclasher/video/7623576505242717471,I have never heard of this guy before 👀  @Polymarket #usa #president #jdvance #trump #fyp ,2026-04-01T00:10:46.000Z,3545,356,608,170,56500,46,"usa, president, jdvance, trump, fyp",Benny-clash,29400,False,US,#polymarket,"polymarket, prediction_market","description, transcript",YES,"The new U.S. President of 2028 could be Gavin Newsom. Yo, who the is this? Now, based on statistics from Polymarket, the world's largest prediction market, the presidential election winner, percentages between JD Vance and Gavin Newsom are touching tips with JD at 18% and Gavin at 17. We all know why JD has such a high chance because Brody is literally the vice president. But never in my life have I heard about this dude, Gavin. Apparently, he's the governor of California. He's anti-Trump. He has political talent and charisma, being described as a movie star. But I know what this guy really is. Yes, I see through him. He is a vampire from JoJo's Bizarre Adventure. Just let me know how the fuck he's 58 years old and he's looking like this. Yo, if I was a girl at the White House, I'm letting him crack. But on a real note though, please, whoever is the next president of the United States, take good care of our country. Please, let's make world peace possible by 2028."
7537058807050947895,https://www.tiktok.com/@stocking_the_capitol/video/7537058807050947895,"Senator Sunday: Senator Tina Smith from Minnesota Sources: FEC, OpenSecrets, Quiver Quantitative, Kalshi #politics #money #kalshi #partner ",2025-08-10T20:38:08.000Z,5977,163,182,130,73300,77,"politics, money, kalshi, partner",Nico (Stocking the Capitol),238600,False,US,#kalshi,"kalshi, prediction_market","description, hashtags, transcript",YES,"Is your senator a piece of s**t? Let's find out. Welcome to Senator Sunday. Today, we're going to be grading the financial integrity of Tina Smith from Minnesota. This is a seat that we're going to be watching closely, as Senator Smith has announced that she will not be running for re-election in 2026. Currently, the prediction market, Kelshi, is showing the Democrats to be the clear favorite to hold on to this seat. As for the Democratic primary, it's currently a two-person race between Peggy Flanagan, the current lieutenant governor of Minnesota, and Angie Craig, a member of Congress, we've already graded in this series and given a D-. But for now, we're going to be focused on who they're going to be replacing. Tina Smith has been in office since 2018. Over the past six years, she's raised just over $19 million, 15% of which has come from PACs, 33% of those funds have come from small individual donations, while 50% of those funds have come from large individual donations. Moving to her personal finances, through her spouse, she holds a lot of individual stock, making 38 trades since she's been in office, with a trade volume over $5 million. Currently, it's estimated that $3.8 million out of her $5.6 million net worth is held in individual stocks. Back to the campaign side, she's gotten a lot of corporate funds over the last six years as well, receiving over $600,000 from 114 different corporate PACs. Moving on to grading, this is not good at all. Senator Tina Smith gets an F."
7625877899043785997,https://www.tiktok.com/@colepredicts/video/7625877899043785997,Kalshi is on the way down. Here is why #prediction #polymarket #kalshi #predictionmarkets ,2026-04-07T05:01:42.000Z,21,1,2,0,603,74,"prediction, polymarket, kalshi, predictionmarkets",colepredicts,1022,False,US,#kalshi,"kalshi, polymarket, prediction_market","description, hashtags, transcript",YES,"Calshi will not be a thing in about a year and people will only be using PaulyMarkie and I can tell you that very confidently. Now this is because Calshi is the only legal prediction market in the United States and that's because Barron Trump and Don Jr. allegedly both have official positions at Calshi. And if you were to go download PaulyMarkie right now in the app store, you would see that there's a massive waitlist and it's only on early access only. So yeah, it's technically legal but most people can't even access it. So yeah, it's better than Calshi in every single way. Less fees, more lines and better than every single sports platform also in every single way. Because again, less fees and more lines. Only slight problem, there's a 1.1 million person waitlist to get onto the PaulyMarkie app so no one can actually access it. Luckily for you, your boy's about to put you on some straight game. I know someone that works at PaulyMarkie and I got a developer code that gives us early access to the app and lets us skip the waitlist. As you can see right here, it actually works. This is the code that I use and this is me using the app in the United States. And it gets people who use it a free $20 when they go onto the app and they can deposit which is absolutely crazy. Now you can probably check in the comments to see if this invite code is still working and it likely is because as of the time of this video, you can still use it on the app and it gets you the early access. Yeah, once people find out about this and are using PaulyMarkie, Calshi won't be used anymore."
7580115285764607254,https://www.tiktok.com/@whatintheworldweekly/video/7580115285764607254,Kalshi explained; the logical end of capitalism   #fyp #kalshi #capitalism #news #us ,2025-12-04T21:18:45.000Z,37,5,11,5,1588,132,"fyp, kalshi, capitalism, news, us",AJ,7211,False,GB,#kalshi,kalshi,"description, hashtags",YES,"There's a new billion dollar company called Kaoshi, now spoiler alert, I'm going to talk about this on my Sunday live stream, 2pm, be there on tiktok live, but from what I understand about this Kaoshi and the co-founders, one of the ladies has been celebrated as the youngest self-made billionaire, oh my god, amazing. What is the amazing contribution to society that this platform provides, it allows you to bet on almost any global event, I went on a website which apparently is not available in the UK, I imagine very soon we'll be getting our version of the hellscape as well, and you can see all the different categories in the video, hopefully I'll be able to clip a video of it, and you can bet on basically anything. So before it was like gambling was kind of limited to like sports and big events like who's going to win the presidential election blah blah, now you can even bet on who's going to be the most searched person on Google. Now one of the co-founders did like a little Q&A session in which their view, their version of the world is basically anything is bettable, anything can be financialised and made into like an asset. I guess we can start betting on maybe what's the over under on how many people are going to die in Gaza next year, we'll start betting on that as well, you take the over, I'll take the under, maybe Trump might see that number and be like hmm, the under is 75, well let's run those numbers up, maybe Netanyahu might see it, they might start betting on it on the side and manipulating it, there's even already been reports about some people that work with Google manipulating some of the results, but we'll see, but this is the world that's been ushered in, again we have to thank capitalism for this, trying to make money anywhere we can, anything that can be made money of, we'll monetise it, we'll commoditise it, just continuously and it will never stop, it's never going to stop, again I made just a dark joke just now about betting on how many people are going to die in Gaza or somewhere else, don't be surprised if that comes to pass, maybe that's when people are going to be like actually, maybe this is a bit sick, but I will not be surprised if we have, in fact I'm actually going to go on it and maybe do a follow up to this video and see what is currently the most twisted thing that's being bet on on this app and I'll report back on that, but I imagine it's going to get even more twisted as time goes on, thank you capitalism."
7557777484045946142,https://www.tiktok.com/@locksylocks/video/7557777484045946142,national debt fix? #kalshi ,2025-10-05T16:36:54.000Z,2474,89,116,44,45700,9,kalshi,locksy🔒,1313,False,US,#kalshi,kalshi,"description, hashtags",YES,"Why does Trump not just take the national debt, go on Kelshi, bet on one of his speeches, say all the words, and then boom, we have no national debt anymore. Am I retarded?"
7606431196662254878,https://www.tiktok.com/@theaifilmmaker/video/7606431196662254878,If Kalshi was a real person #parody #ai #sketchcomedy #predictionmarkets #kalshi ,2026-02-13T19:18:20.000Z,190,60,14,0,12000,28,"parody, ai, sketchcomedy, predictionmarkets, kalshi",The AI Filmmaker,17800,False,US,#kalshi,"kalshi, prediction_market","description, hashtags, transcript",YES,"Hey Emily, want to bet on the big game tonight? Gambling's illegal here. But ah-ha! I'm not gambling, I'm a prediction market. What's the difference? Not a goddamn thing, baby. Yo, Mark, you can bet on literally anything now. Okay, but why would he ever want to do that? Megan, this is between me and your sad millennial husband, who is addicted to literally anything that gives him even momentary fucking validation. Okay, so just let me handle this. Think the president will pardon Diddy? Want to put money on the next papal poop? Will M. Night Shyamalan's new movie get an O under three and a half for Hot Tomatoes?"
7605757790493216031,https://www.tiktok.com/@locksylocks/video/7605757790493216031,trump paid out td 🔥 #kalshi ,2026-02-11T23:45:12.000Z,126,21,4,2,10300,7,kalshi,locksy🔒,1313,False,US,#kalshi,kalshi,"description, hashtags",YES,Crazy windmills are all made in China.
7582789229160172813,https://www.tiktok.com/@2unde_/video/7582789229160172813,Having the @Kalshi app is crazy😭 #fyp #creatorsearchinsights #blowthisup ,2025-12-12T02:15:16.000Z,100,11,14,6,8379,59,"fyp, creatorsearchinsights, blowthisup",2unde,1449,False,US,#kalshi,kalshi,description,YES,"Hey, I ain't gonna lie, bro. If you got that cow shit up on your phone, go ahead and hit up that hotline, bro, because it's over for you. The gambling addiction has officially taken over because what the fuck you got that app on your phone for? What could you possibly be betting on on that fucking app? Niggas out here putting $50 on whether or not the president going to wear drawers to his next press conference, bro. Who the fuck is putting these bets in? Where are y'all getting this information from? Because, like, why are you spending your rent money on whether or not Stephen A. Smith wins the Democratic Party in 2028? Go find some fucking help, bro. You see, everything was all cool when it was just sports being, you know, prize picks, drag kings, underdog. And then you niggas decided to take it to a whole new fucking level, bro. I hear betting $500 on what color Sidney Sweeney's toes going to be at the Grammys, bro. Hit that fucking hotline."
7623419471058849055,https://www.tiktok.com/@connyozafc3/video/7623419471058849055,Kalshi Criminally Indicted #usa #breakingnews #fyp ,2026-03-31T14:01:33.000Z,105,,12,0,1060,140,"usa, breakingnews, fyp",LegalE,100,False,US,#kalshi,"kalshi, polymarket, prediction_market","description, transcript",YES,"A legal loophole worth billions is about to be tested in court. On March 17th, the state of Arizona filed criminal charges against the online prediction market Kalshi for allegedly selling bets on sports games, upcoming elections, and other exciting contests of skill and chance, like will Elon Musk make it to the Super Bowl? We allege that Kalshi, which is a prediction market operator, is violating Arizona gaming laws. Meanwhile, insider trading on these platforms is spiraling out of control. An editor for MrBeast traded about $4,000 worth of perfectly timed bets on Kalshi related to an unreleased Beast video. He got caught and referred to the feds for criminal insider trading. And then there's this anonymous person on Kalshi's main competitor, PolyMarket, who somehow knew that Trump was going to invade Venezuela hours before Trump ordered the strike. They walked away with over $400,000 in profit from a $32,000 long-shot bet. There's a paradox here. Insider trading applies to securities, but these are bets, which is gambling. So what are prediction markets like Kalshi and PolyMarket selling? Bets or securities? Gambling or investing? The answer is yes. That's the loophole that's making Kalshi billions, one that challenges the bedrock tension in the U.S. Constitution between states' rights and federal supremacy. And it's heading for a big showdown in court. Picture this. You're a farmer, and you're about to spend every spare dollar you have to plant 1,000 bushels of corn in the spring. The current market price of corn is $5 a bushel, and if that price holds, you'll make a humble profit. But a lot can happen between now and harvest season. So you write up a contract with your usual buyer. Hey, let's agree that come this fall, whoever holds this contract will buy 1,000 bushels from me at $5 a bushel. I'll also pay you a little fee up front for your troubles. Done deal. Cool. You've just protected yourself from market swings ruining your life at the cost of not getting a windfall if prices skyrocket. It's not a bad deal. And if your buyer wants to speculate, he can now sell that contract to someone else, who can sell it to someone else, and so on. When harvest season finally comes, somebody is obligated to buy that corn for $5 a bushel, and if current market prices are above $5, they're thrilled. If under, not so much. This is the fundamental principle of a futures contract, and they're essential securities for the market health of mass-produced commodities like corn, wheat, oil, and orange juice. The cold winter has apparently not affected the orange harvest. But they're also kind of a zero-sum game. Whenever one side of the contract wins, the other side kind of loses. And it's worth noting that futures have a funny way of making traders insanely rich or insanely poor very quickly. The trading of futures contracts is regulated at the federal level by the Commodity Futures Trading Commission, or CFTC. This ensures that the futures"
7610476021401292063,https://www.tiktok.com/@groupchatnews/video/7610476021401292063,Is Kalshi burning a whole in your pocket 👀  #kalshi #predictionmarkets #gambling #gamblingproblems #fyp ,2026-02-24T16:54:19.000Z,34,6,4,1,2282,47,"kalshi, predictionmarkets, gamblingproblems, fyp",Group Chat Podcast,97800,False,US,#kalshi,"kalshi, polymarket, prediction_market","description, hashtags, transcript",YES,"The casual better on calci loses more on prediction markets than traditional gambling. I think the velocity you can bet is a hundred X. Yeah. Right. At least sports. There's only a finite number of games. You can bet on anything. Like you can bet if Trump's going to say big in a speech, yeah. Anything is beddable. Yeah. And I think the problem with it is like, do you think there's gonna be regulatory action against calcium polymarket? I want it. It has to be. I think it's so bad for 18 to 35 year old males fucking losing so much goddamn money options trading. You can do a week out. Yeah. Takes a week to lose all your money. Yeah. This is five seconds. I think it's really bad news and I think they got to figure out how to fix it because it's an epidemic. Yeah."
7586005121369214222,https://www.tiktok.com/@seansshowpod/video/7586005121369214222,The reality we live in is cool and awesome,2025-12-20T18:14:45.000Z,33,5,6,1,1527,80,,seansshow,5232,False,US,#kalshi,kalshi,transcript,YES,"Kalshi is not gambling. Gambling is when you go to a casino and you put $20 on a hand of blackjack. I invest. I am on Kalshi. I make an investment, a very smart investment, that Erica Kirk and JD Vance will have before 2028. I have a diversified portfolio of investments on Kalshi. Some of them are in politics, where I go, will Trump release the Estine files before December 20th? I diversify. See, a lot of people, they go all in on one asset. They're like, I'm gonna go all in on the S&P 500, and that's my whole investment strategy. I don't think that's right. I think you have to diversify. Instead of just putting all your money in the S&P 500, what I would recommend is that you make an account on Kalshi and you diversify your money across multiple assets, one of those being a derivative on the Estine files getting released. Kalshi maintains that it is exempt from state regulatory authorities because it is not a gambling platform, but a federally regulated financial exchange. Oh yeah, a financial exchange. Betting on whether Estine's was three inches or four inches is not a financial investment."
7533733374427434271,https://www.tiktok.com/@wolframbusiness/video/7533733374427434271,"Kalshi isn’t gambling, it’s whatever this is | Episode 214: Kalshi #kalshi #greenscreen ",2025-08-01T21:33:35.000Z,2153,189,449,55,140600,70,"kalshi, greenscreen",wolframbusiness,26600,False,US,#kalshi,kalshi,"description, hashtags, transcript",YES,"Kalshi made $14.5 million for the 2024 presidential election. Essentially how Kalshi works is it lets you buy a $1 contract that executes if a binary event happens. And then they set the price of the $1 contract to make it so everyone who thinks one of the binary options will happen will account for the payment to everyone who thinks the other option will happen. Meaning that the cost to say yes or no to an option will always equal $1. And this is all to say that Kalshi doesn't make money when you lose a bet, all their money just goes to the people who bet on the other binary outcome to happen. Instead Kalshi takes a two cent fee on every $1 contract and they also made $9.6 million from non-presidential election based contracts bringing them to $24 million where they paid their 224 full-time employees $8 million collectively where most of their payments are obviously in stock options. They spent $6 million on servers, only $4 million on marketing, which is remarkable due to their grassroots free marketing strategy. Where with $2 million in legal costs, $2 million to their admin and overhead, they're left with $2 million left over. I hope this made sense and follow for more."
7601564225680575758,https://www.tiktok.com/@ritzamster/video/7601564225680575758,Arbitrage is a simple but profitable strategy to guarantee profits. Lots of arbs lines always available! #kalshi #polymarket #arbitrage ,2026-01-31T16:32:16.000Z,1477,181,1214,14,47100,46,"kalshi, polymarket, arbitrage",Ritz | Prediction Analytics,917,False,US,#kalshi,"kalshi, polymarket, prediction_market","description, hashtags, transcript",YES,"Come with me to explore a risk-free strategy to make free money on prediction markets using arbitrage. Arbitrage is when you buy the yes and no of the same event, so no matter what it resolves to, you're guaranteed to make a profit. Let's dive deep into an example. I'm using Oddpool's arbitrage dashboard. It scans thousands of markets. So right now we can see there's plenty of opportunities available, but the highest one right now is who will Trump partner in 2026. So the way this would work is you would buy the yes on Cauchy and you'd buy the no on Pauling market. And that is because the yes outcome is only $0.11 and the no outcome is $0.74. So you're investing $0.85 and you're guaranteed a dollar after no matter what it resolves to. So after fees, you're guaranteed a $0.14 profit for every share that you buy."
7602297436287110414,https://www.tiktok.com/@stoppredatorygambling/video/7602297436287110414,Hawaii may be the first state in the country to ban Kalshi and Polymarket! #stoppredatorygambling #gambling #news #gambler #casino,2026-02-02T15:57:02.000Z,4226,59,136,62,25100,77,"stoppredatorygambling, news, gambler",Stop Predatory Gambling,1993,False,US,#kalshi,"kalshi, polymarket, prediction_market","description, transcript",YES,"Hawaii may be the first state in the country to ban polymarketing kaoshi from operating within it. Prediction markets like polymarketing kaoshi have been evading state and federal gambling laws by calling their gambling buying futures, allowing folks to wager on all sorts of nasty things. Like if Israel will strike Iran, if the US will invade Greenland, and if the Pats win the Super Bowl. Yeah, 89% of kaoshi's revenue comes from sports betting, which isn't exactly helping them beat the not-a-gambling-operator allegations. Hawaii is one of two states that has no legal gambling whatsoever, not even scratches or Powerball. The only ones that avoid, much to their dismay, are polymarketing kaoshi, but with the recently introduced House Bill 2198, they're looking to get prediction markets out of their state for good. If passed, this bill would prohibit financial contracts, the fancy name prediction markets call their wagers, tied to sports, contests, people, politics, catastrophes, and death. The bill adds, not only do prediction markets violate moral and ethical standards, but they also prey upon a gap in Hawaii's gambling laws. Additionally, the New York State Legislature is currently looking at a bill that would similarly ban prediction markets in their state as well. Kaoshi has frequently argued that they are not subject to state laws, that they receive their orders from a higher authority, the Commodity Futures Trading Commission, and that Hawaii or New York cannot ban them in any way that matters. Believe you me, whichever state bans prediction markets first, you're going to see polymarketing kaoshi throw a truly legendary tantrum. And that day cannot come soon enough."
7625555408710602006,https://www.tiktok.com/@charlotteenfrance/video/7625555408710602006,"an amazing article from Timothy Snyder on what will be Trump's second attempt at a coup. if we can predict it, we can defend against it",2026-04-06T08:09:48.000Z,9798,852,1458,185,49700,73,,Charlotte vs. Tyranny 🇬🇧🇫🇷,197300,False,FR,#electionpredictions,predictit,description,YES,"Trump is going to attempt a second coup. This isn't just my opinion. There is an incredibly well-written article by Tim Snyder, the leading voice on fascism, on the ways in which Trump is going to attempt to secure long-term power for himself. And this isn't doomerism, this isn't fear-mongering, this isn't trying to make you feel scared or powerless, it is in fact the opposite. And Tim Snyder and I agree on one very clear principle which is that history instructs us, it helps us learn how these things can happen so that we can defend against it in our own time. We know that is likely what he is going to do, and so we can prepare ourselves for it. Now, I'm outside the US, my ability to defend the sanctity of your midterms is very limited, but you, as an American, can take action. Snyder lists, I think it's five ways in which Trump may attempt to consolidate his long-term power in a coup, and one of the ways is false flag attacks within the boundaries of the US. I strongly encourage you to go and read the article for yourself, but I leave you with its final conclusion which I found very powerful. Knowledge of history can change the future if we remember what history shows us is possible. We can prevent a coup from succeeding."
7624976580598648086,https://www.tiktok.com/@w8rldclips/video/7624976580598648086,Donald Trump now has the worst net approval rating among independents of ANY president ever. He is literally polling 10 points worse than Richard Nixon right before he resigned. The American public has abandoned him entirely! #donaldtrump #richardnixon #unitedstates @cnn,2026-04-04T18:43:30.000Z,23,1,3,3,882,91,"donaldtrump, richardnixon, unitedstates",WORLD CLIPS.,5270,False,GB,#trumpodds,prediction_market,transcript,YES,"at this point in term number two. Yeah, a big, big difference there in Republicans who are running for office in a few months watching this with a lot of trepidation. Let's talk about independents, which has been this group which really has just been eye-popping the last few months. Eye-popping indeed. This number, if there's one big number from this, is that Donald Trump now has the worst net approval rating among independents of any president ever at this point in term two. He is worse than Richard Nixon, who would be going adios amigos in a few months back in 1974 in term two. Look at this. Minus 45 points. Worse than George W. Bush at this point in term two. The Iraq War was weighing him down at minus 37. And worse than Richard Nixon, when of course there were all those impeachment hearings back in 1974 at minus 36 points. He's nearly 10 points worse among independents on his net approval rating at this point in term two, Donald Trump is, than Richard Nixon. My goodness gracious. Height of water we're comparing it to here. Yeah. What about the possible collateral damage? I mean, the president can't run again despite musings there, but what impact might this be having on, say, others close to him? Others close to him. The vice president of the United States. Chance that J.D. Vance is a 2028 Republican nominee. Six months ago, he was at a 53% chance. Down he goes. He goes down a 37% chance, according to the Calhoun prediction market. This is tied for his all time low J.D. Vance. But you know, you just go back here. A slow or steady drop. My goodness gracious. With no sign of a bottom. Death Valley."
7624656572270103821,https://www.tiktok.com/@yourdailyupdatesofficial/video/7624656572270103821,"Talk of impeachment is growing again — even though no formal proceedings have been launched against Donald Trump or JD Vance. As the 2026 midterm elections approach, the issue has become a major political flashpoint. A January poll found that 49% of likely voters support impeaching Trump, while 45% oppose it. The divide is largely political: most Democrats favor impeachment, most Republicans oppose it, and independents are split almost evenly. Several impeachment measures have already been introduced in the House, including H. Res. 939 in December 2025. That resolution was later tabled by a 237-140 vote, preventing it from moving forward. Prediction markets currently place the odds of Trump being impeached at 14% by early 2027, but 71% by January 2028 — suggesting the outcome of the midterm elections could be critical. Current forecasting also shows Democrats with a strong chance of winning control of the House in November. Trump himself has warned Republicans that impeachment is likely if they lose Congress.",2026-04-03T22:01:51.000Z,1709,25,54,812,10300,11,,Your Daily Updates,1329,False,US,#politicalodds,prediction_market,description,YES,Thanks for watching!
7623029983237197086,https://www.tiktok.com/@whitneydiva/video/7623029983237197086,3/27/2026,2026-03-30T12:50:27.000Z,1,,0,0,6,38,,Whitney,888,False,US,#politicalodds,prediction_market,transcript,YES,"Yes, if we look at the Cauchy prediction markets, what do we see? Look at this. The chance that the GOP wins under 193 seats in the 2026 midterm elections house seats, that chance was 8% five months ago. Look at that now, up like a rocket, a 42% chance that the GOP gets absolutely blown out and it will be in large part because Donald Trump is just so freaking unpopular. Yikes. But it is still March. It's still March. Long way to November. A long way. Each day is long. I know, I know, I know, but it keeps you very busy and it keeps you employed, so that's a win. Yeah."
7623818358609153293,https://www.tiktok.com/@ruthhqgvl6s/video/7623818358609153293,"What To Make of GOP House Retirements and the JD Vance Prediction Market Odds, W/ Bevan and Walworth#usa #breakingnews #new #fyp ",2026-04-01T15:49:31.000Z,2,,2,0,299,140,"usa, breakingnews, new, fyp",MegynKe,15,False,US,#politicalodds,prediction_market,description,YES,"Because of redistricting, because of gerrymandering, what's been going on, there just aren't that many seats at play. I mean, so even if Republicans have a terrible night, you know, maybe they lose 25 seats, but there just aren't. By the time you get to 34 seats, you're into deep Republican territory. And some of those retirements, by the way, are, you know, Sam Graves just retired from Missouri, and these are deep Republican districts. They're getting out just because they're tired of the job or whatever. It's not like those seats are going to go Democratic. So – but the point is taken that when the winds are blowing against you, you know, it's – a lot of these folks decide that they're just done with it. They don't want to be in the minority. We can talk about how big a wave it will be, but it looks like it's going to switch the control of the House. And that's – I mean it is sort of a light switch here. I mean – and the Democrats at least traditionally have been a little bit more disciplined than the Republicans when they have a narrow majority. So that trend holds. I mean, you know, maybe they'll only have a five-seat advantage in the House, but does it really matter whether it's five or 30 seats? Well, I mean – And who will be the happiest man in Washington, Tom Bevin, if the Democrats take control of the House of Representatives? Who's going to be the happiest man in Washington? Yeah. I don't know. Mike. Mike Johnson? Yes. Yes. He's such a nice guy, but he seems so unhappy in that role. This is a thankless, thankless job. It is a thankless job, particularly on the Republican side. To Andy's point, Nancy Pelosi did a better job of managing a very slim majority. Hakeem Jeffries is no Nancy Pelosi. So even if he's got a five-seat majority, it's going to be tough. And certainly, you know, if Democrats win the Senate, they'd have at best maybe a one-seat majority there. So it'd be 51-49, and then you've still got President Trump as a backstop to veto anything. So, you know, it's going to be – we're in a very tribal, very partisan, very evenly divided country. We have been for a number of cycles. And this is just the way – you know, one side gets a tiny majority in the House or a tiny majority in the Senate, and they're not able to necessarily do a lot with it other than investigate, which is certainly something that Democrats will do if they get control of House oversight. And if they win control of the Senate, they will definitely – well, they're probably going to start impeachment proceedings in the House anyway. Yeah. Two cheers for Mike."
