post_id,url,description,create_time,digg_count,share_count,collect_count,comment_count,play_count,video_duration,hashtags,profile_username,profile_followers,is_verified,region,_search_keyword,_match_type,_match_sources,_match_source,_topic,_transcript
7432106263783312686,https://www.tiktok.com/@jimheathtv/video/7432106263783312686,Election guru Nate Silver's disasterous 2016 forecast. #natesilver #analysis #election #election24,2024-11-01T00:48:09.000Z,57,4,11,2,18700,51,election24,Jim Heath,646,False,US,nate silver forecast,source,Nate Silver,"description, transcript",YES,"And Nate, tell us where you have your final forecast as we're coming into the evening. So we wound up with Clinton having a 71% chance of winning, so better than two and three. And we'll update that as the night goes along, as you guys, ABC News calls states. The people I follow think the returns look good so far for Clinton in Florida, of course, which is a must-win state for Trump. Nate Silver is joining us right now, and Nate, a pretty dramatic change in your forecast now. Well, it's not about our forecast, it's about the fact that we haven't had any swing states called yet, and those are states that Clinton was supposed to win. Was supposed to win Michigan, Pennsylvania, Wisconsin. Those states are all correlated, meaning that if you have problems with white working-class voters, if you don't turn out African-Americans, then you potentially lose those states or win by a razor-thin margin. I mean, she is in profound trouble right now in the Electoral College."
7489332091855834390,https://www.tiktok.com/@opentodebate.or/video/7489332091855834390,Nate Silver predicts the 2024 election to be a -toss-up.- #opentodebate #2024election #politics (1),2025-04-04T05:53:42.000Z,4,,1,1,1086,58,,Open to Debate,99,False,US,nate silver forecast,source,Nate Silver,description,YES,"There is a 47.2% chance that Kamala Harris wins, and a 52.5% chance that Donald Trump wins. How can you say that? First of all, Trump wins the ties, because the Electoral College, if the popular vote is tied Harris plus one or Harris plus two, he wins. It's a lot easier to lose a football game when the other team gets a free field goal. The incumbent president is very unpopular. Typically when incumbent presidents are very unpopular, they win for re-election, then they lose. Democrats had the clever idea of tagging him out, which has definitely improved the situation. But all around the world, incumbent parties are losing. There's been, I think, a backlash against some of the excesses of 2019 and 2020, and Kamala Harris is someone who represented some of those excesses. So there are all these kind of fundamental kind of glacial factors that work against her, and yet it's a toss-up."
7433125912566074654,https://www.tiktok.com/@timmytimmy1982/video/7433125912566074654,Nate Silvers prediciton modelsCould a tied popular vote favor Trump? Explore the electoral college dynamics with Nate Silver’s model. 🗺️ #Vote2024 #electioninsights #natesilver  #trump #polls #vote #kamala #trump2024 #news,2024-11-03T18:45:06.000Z,41,4,3,0,7017,118,"vote2024, electioninsights, natesilver, trump, polls, vote, kamala, trump2024, news",timmyC04🇵🇭/🇺🇸,177,False,US,nate silver forecast,source,Nate Silver,"description, hashtags, transcript",YES,"So this is a job for Nate Silver. So who's really ahead in the polls as we approach the 2024 presidential election? Nate Silver's election model provides a breakdown of where things stand between Vice President Kamala Harris and former President Donald Trump. Let's start with the national polling average. The model shows Harris maintaining a narrow lead over Trump, 0.5% to 47.6%. Throughout the campaign, notable events like the DNC and the debate shaped the dynamics, but the trend reveals a remarkable tight race. Now, on to the critical thinking. How does the Electoral College play into this? The data demonstrates a clear Electoral College bias favoring Trump. If the popular vote is tied or slightly tips towards D plus zero to Trump holds, 85% probability of winning due to the strategic state's advantages. This shift dramatically favor only when the margins widen beyond D. Let's look back where the Democrats stood two days before the election. In 2020, President Joe Biden was ahead in most polls, maintaining a more stable lead over Trump, especially in key swing states. This ultimately translated into clear victory. In contrast, Hillary Clinton's 2016 experience was more similar to Harris' situation, despite leading in national polls. A small popular vote edge wasn't enough to secure her Electoral College win, leading to narrow losses. In scenarios where Harris secures the popular vote lead of D plus six or higher, her chances of skyrocket to over 90% with electoral tally of at least 317. Conversely, if Trump edges into the lead, his path becomes dominant, capturing 348 electoral votes in some simulations. What does this mean for the final stretch? In razor thin races like this, winning key battleground states and boosting turnout in lean margin regions will be decisive for both candidates. Stay tuned and stay tuned for more insights as Election Day approaches."
7115129091451489582,https://www.tiktok.com/@abcnews/video/7115129091451489582,"Republicans are favored to win the House in November, while the Senate is a toss-up, according to the latest 2022 election forecast by @abcnews’ @fivethirtyeight. Nate Silver breaks it all down. #politics #forecast #fivethirtyeight #news #midterms #elections #natesilver",2022-06-30T20:14:49.000Z,344,7,12,26,26800,100,"politics, forecast, fivethirtyeight, news, midterms, elections, natesilver",ABC News,15300000,True,US,nate silver forecast,source,"fivethirtyeight, FiveThirtyEight, Nate Silver","description, hashtags, transcript",YES,"Today, this is Nate Silver with FiveThirtyEight, and we just launched our midterms forecast, which tells a somewhat complicated picture. In the House, things are a little bit clearer. Republicans are big favorites in the House, 85 to 90 percent chance of winning the House, our model thinks, and this reflects kind of the overall political environment. Typically, the president's party, Democrats in this case, lose seats at the midterms. President Biden's unpopular. His approval rating is no longer even cracking 40 percent. Races we've seen so far, like in Virginia last year, tended to favor the GOP, so all kind of like the big global signs about the political environment favor Republicans. That's going to be reflected most likely in a GOP picking up the House. But the Senate is a different story. Senate races are more individualized. In a lot of races, you have GOP candidates who are problematic in some respect or another. They may have said very conservative, unpopular things in the past. They may be inexperienced. They may have some type of scandal or all of the above. And so therefore, they might sacrifice some seats that they probably ought to win in an environment like this. And so we have the Senate as a toss up, meaning about 50-50. Every race can make a difference there. Finally, governorships. Governorships are more on a state by state basis. In general, Democrats are performing pretty well in the Midwest. They're likely to keep the governor's seats in Michigan, Wisconsin, probably Pennsylvania. Less success in the South. If you're a Beto O'Rourke fan, he's probably not going to win in Texas. Stacey Abrams is a fairly big underdog in Georgia. Ron DeSantis will probably win in Florida, another term there, the GOP governor. So a little bit more of a mixed message than you might think. If you want to learn more, check out the forecast at FiveThirtyEight.com. It updates literally every time we get a new poll."
7403020023473753376,https://www.tiktok.com/@tronto1001/video/7403020023473753376,Nate Silver Breaks Down Why FiveThirtyEight's 2024 Model Seems Wrong,2024-08-14T15:55:00.000Z,8,,1,2,839,61,,tronto1001,12800,False,US,nate silver forecast,source,"FiveThirtyEight, Nate Silver","description, transcript",YES,"I saw a headline on Mediaite the other day suggesting that you were displeased that FiveThirtyEight's been, like the forecast has been suspended. And you suggested, at least according to Mediaite, that this is being done for political reasons. Can you explain that? They had said back in July that their model had Biden doing substantially better than Kamala Harris, which I don't think made any sense at the time and definitely doesn't make any sense now, given the polling. I don't know why they don't have the model back on. It's one of the most fascinating periods in American political history. I mean, the amount of attention paid to anything having to do with the horse race and politics and polls is very high right now. If you leave a brand and they get to keep the brand name, I mean, FiveThirtyEight was, I'm no longer associated with it, but they have the brand name. It's a little bit of an awkward spot if you think they're putting out a product that doesn't live up to, I mean, I'm a demanding person, but it doesn't live up to the standards that you created."
7432541799333317930,https://www.tiktok.com/@jonathan.interviews/video/7432541799333317930,"Model validation techniques are critically important in data science work. Here, Nate Silver tests the empirical distribution of US election polling against what we would expect based on  the expected numerical distribution. #กรีนสกรีน  #datascience #datascientist #dataanalytics #2024elections #datasciencetok #statistics ",2024-11-02T04:58:21.000Z,54300,7571,5380,2311,1500000,211,"กรีนสกรีน, datascience, datascientist, dataanalytics, 2024elections, datasciencetok, statistics",Data Science Interviews,30600,False,TH,nate silver forecast,source,Nate Silver,"description, transcript",YES,"Nate Silver just came out with a pretty bombshell report suggesting that is almost guaranteed that the U.S. polling data is incorrect. In fact, he argues the probability that the U.S. election polling data is correct is less than 1 in 9 trillion. Now, he is using a data model validation technique that if you're a data scientist and you're running some fairly complicated models with weightings and different covariates and structures, this is really good practice. Now, there have been thousands of U.S. election polls in the United States, and they tend to have a margin of error of around like plus or minus 3 or 4 percentage points. But because this is essentially a one-to-one matchup, being plus or minus 3 points means that it should be a 6 percentage point gap between the two candidates. Right, so if they're actually tied, but you get a plus 3 errors per se like Kamala Harris, that takes away 3 from Donald Trump, and so the gap should be about 6. So when you think about a polling's margin of error or a confidence interval when you're doing a statistical model is that under repeated sampling, so if you repeat this experiment or if you repeat these polls and these surveys like over and over again, you should get a distribution of results that covers the span of this margin of error. So if the race was tied, you should get polls that are effectively normally distributed around a zero gap, but where there are outliers of plus 3, minus 3. And what Nate showed was if given the sample sizes of these polls, we should have seen no more than 55% of the polls being within 2.5 percentage points if the race was actually tied. So if the race was tied, we would expect to see the maximum number of close polls, right? So we don't even have to worry about the fact of the cases where they're not tied. But if the case was tied, we should see no more than 55% of the polls being within 2.5%. But in reality, we're seeing more than 80% of the polls that are being within plus or minus 2.5 percentage points. And given the number of polls and the sample size of these polls, Nate estimates the probability of this happening by random chance alone would be only 1 in 9.5 trillion. So the problem here is that it's really easy to lie with statistics, and this comes up with data scientists all the time when we're dealing with our stakeholders that basically want to hear the results that they want to hear. So these pollsters are going out and they're surveying people, but then they apply weights, and the weights are determined via a likely voter model that they have complete control over. So if they get a result that should be a normal outlier in random sampling that says, you know, Harris is up plus 4 or Trump is up plus 4, they will put their finger on the scale and they'll adjust these likely voter models so that it comes out closer to plus 1, minus 1 in either direction. And so what we're seeing here is that the empirical distribution of polling results is not what we would expect based on characteristics of the normal distribution and of the surveys and the sample sizes, and that is a huge red flag that there is a problem with the polling."
7627952693948058910,https://www.tiktok.com/@facethenation/video/7627952693948058910,"Sen. Mark Warner (D-VA) said Sunday that “even if President Trump declares victory"" in Iran, ""high gas prices will be with us for months” due to the economic shock of the war. “Asian countries are shutting down their economies one day a week because the price of oil is skyrocketing so much,” he said. “We buy a lot of stuff from Taiwan, South Korea, and countries around Asia. All those prices are going up.” #gas #poll #iran #war #trump ",2026-04-12T19:12:34.000Z,168,1,13,13,10700,75,"gas, poll, iran, war, trump",Face The Nation,844700,True,US,nate silver forecast,generic_only,,"description, hashtags",YES,"We see broad dissatisfaction with how the administration's handling the war. But as for, you know, the aspirations, Americans broadly support them. 87% say the Strait of Hormuz needs to be reopened. 81% want to ensure freedom for the Iranian people. 76% want to permanently stop Iran's nuclear program. 55% want the current leaders ousted before we end the war. Do you sort of want to see us finish what America has started here? Can you really just hit the brakes? I agree with all of the goals of the American people, but when you take, ask the next question, are you willing to put your sons and daughters in a ground war in the Middle East to get that enriched uranium out? I've not found any volunteers on that. The Strait of Hormuz was open before this war started. Gas in Virginia was $2.81 40 days ago. It is over $4 now. Even if president declares victory tomorrow, those high gas prices will be with us for months. And it's natural gas, not just gasoline. Asian countries are shutting down their economies one day a week because the price of oil is skyrocketing so much. We buy a lot of stuff from Taiwan, South Korea, and countries around Asia. All those prices are going up."
7433571711901011242,https://www.tiktok.com/@kennyjames.co/video/7433571711901011242,New National Polling Data Just In!  #DonaldTrump #kamalaharris #election #poll #vote ,2024-11-04T23:34:51.000Z,1358,79,146,90,70700,79,"donaldtrump, kamalaharris, election, poll, vote",Kenny James,29000,False,US,marist poll,source,Marist,"description, hashtags, transcript",YES,"Okay guys we've got the latest national polling data that just came in. It is a PBS NPR Marist poll. It is a national poll. Now this data is coming in less than 24 hours from the actual elections. This data is coming from likely polled individuals on a national scale. It is showing Kamala Harris at a four point lead over Donald Trump. Kamala Harris at 51 and Donald Trump at 47. Now there is a very slight margin of error but at this point if she continues down this road as we all suspect she will, Donald is done for. But there's more. Now one of the bigger concerns here that the Trump campaign is extremely worried about is Kamala Harris is now, look at this, she's eating away at the mail votes. Now as you can see Trump had a lead with men of 57% in October. Now it's down to just 51 with Harris closing in at 47. And of course Kamala Harris is holding a strong lead with women nationally. I want everyone to save this video and mark my word. Elon and Trump are panicking. Elon Musk is now begging men please get out and vote. Please. Because the truth of the matter is their lives actually depend on them winning this election."
7574910567475891469,https://www.tiktok.com/@pbsnews/video/7574910567475891469,"With the midterm elections now less than a year away, a new PBS News/NPR/Marist poll has signs of hope for Democrats and a few red flags for Republicans. Amna Nawaz and NPR's Domenico Montanaro break down the numbers and discuss what's resonating with voters. #pbsnewshour #newshour #pbsnews #politics #midterms #elections #npr #marist #democrat #republican",2025-11-20T21:30:00.000Z,1428,37,65,29,27200,322,"pbsnewshour, newshour, pbsnews, politics, midterms, elections, npr, marist, democrat, republican",pbsnews,3000000,True,US,marist poll,source,"Marist, marist","description, hashtags, transcript",YES,"With the midterm elections now less than a year away, a new PBS News-NPR-Marist poll has signs of hope for Democrats and a few red flags for Republicans. So what is resonating with voters? NPR senior political editor and correspondent Domenico Montanaro is here to break down the numbers. Good to see you. Hey, good to see you. Let's jump in. So Democrats came off some big election wins in New Jersey and New York City and Virginia a couple of weeks ago. Seems like they have an advantage. Midterms are still a long way off. But what does the poll show? And in a lot of places across the country, up and down the ballot, really. And I think that what this poll shows is that Democrats have a huge advantage right now. And the real issue is because of affordability. But what the poll shows is by 55 to 41 margin, Democrats, people say that they would pick a Democrat in their district if the midterm elections were held today. Now, why is that important? It's a plus 14 advantage on what's known as the congressional ballot. When you have that large of a lead, it is really indicative of a potential wave. I mean, if you look back to 2022, for example, Democrats had only between an average of zero to four points. They lost nine seats in 2018. Democrats had an advantage between six and 12 points in our poll, and they obviously won big 40 seat advantage. Now, most people don't expect that we're going to see a wave of that kind next year. But right now starts out with Democrats with a big advantage. And a big piece of that is because of independents and how they've slid away. I mean, a 61 to 28 percent margin, independents say that they would pick a Democrat. These are major red flags and warning signs for the Republican Party right now. And we know a lot can happen in the next year. But that also includes whatever happens on this redistricting front. We've seen efforts by President Trump and the Republicans, counter efforts by the Democrats in California. This is all tied up in the courts right now. But does any of this make the Democratic polling advantage moot? You know, it depends on how this winds up shaking out. But frankly, we're seeing some evidence in the past week or so that this could boomerang on Republicans potentially. You know, Trump wanted to get five seats out of Texas. A court this week said that Texas's maps got to go back to the drawing board. Now, eventually they might get what they want, but they're also banking a lot on Latinos in South Texas having moved toward Donald Trump. And what we're seeing in our polling in the elections is that Latinos have really slid away from Donald Trump and Republicans. They moved over because of affordability. And what we're hearing from a lot of those voters is that they don't feel that Trump has done enough to address lowering costs and that they are upset with how he's approached deportations in this country, feeling like, you know, they were OK with supporting criminals, but not OK with deporting people in their communities in the same way that they see it being conducted. And like we've talked about, prices are the real issue, right? I mean, when you look at the issues inside our poll, 57 percent say that lowering prices should be the administration's top priority. Nothing else comes close. You can see there immigration, 16 percent in second. And even a plurality of Republicans there say that lowering prices should be Trump's top priority. Meanwhile, if you look at the Republican Party, we have seen some rifts. We've been covering Marjorie Taylor Greene's break with the president, him calling her a traitor. But how are Americans looking at the president's performance right now? Yeah, I think that this is a huge reason why maybe there's an opening for other Republicans to show some independence. I think they're going to be watching what happens with Marjorie Taylor Greene to see if she suffers any political consequences, as Trump says that she will. If she doesn't, I wonder what that's going to mean as Trump continues to look further and further like a lame duck and is on the wrong side of these issues. In the polling here, only 39 percent say that they approve of the job that Trump is doing. And when you look inside the numbers, only 24 percent of independents approve of the job he's doing. Now, the other number, as you see, nine in 10 Republicans still sticking with the president. So it continues to put Republican candidates in a vice, because we're seeing that when Trump is not on the ballot, Republican MAGA base voters don't necessarily show up. We heard from a lot of Republican voters in this poll who said that they are pro-Trump, but they're not necessarily voting for Republican candidates. That is a real problem for them, because they need to be able to show some independence from Trump to be able to say, to appeal to those crossover voters and to independents. But they can't alienate the base. Can I ask you quickly about one more thing we saw in here? Some bigger frustrations among American voters with political institutions and beyond. What do you take away from that? People don't like anything. If you look at what they think about the confidence in institutions, really bad numbers here for almost everybody, including us in the media, by the way, only 25 percent approve of what we're doing. Full results, of course, always available online. Domenico Montanaro, NPR, always good to see you. Thank you. Thank you. Thank you."
7626462770850008333,https://www.tiktok.com/@abc7ny/video/7626462770850008333,NYC Mayor Zohran Mamdani on Wednesday responded to a new Marist poll that found that 48% of New Yorkers approve of his performance.#news #nyc #zohranmamdani,2026-04-08T18:51:15.000Z,6198,65,167,198,109300,58,"news, nyc, zohranmamdani",ABC7NY,1300000,True,US,marist poll,source,Marist,description,YES,"You know, I will always leave the grades to New Yorkers themselves. What I will say is that we are coming to the end of 100 days in office, and we have sought to make this period one where we provide New Yorkers with a glimpse as to what these next four years will look like. We've looked to be ambitious, unrelenting, and move at the same speed as New Yorkers do. And so when I stand here alongside our commissioner, our deputy mayor, we do so acknowledging the $9.3 million we've won in settlements, the more than 6,000 apartments that are currently being repaired as part of the more than $30 million we've won from bad landlords in the city, the $1.2 billion we've won in partnership with the governor to deliver universal childcare in this city. And doing all of this while we also fill in more than 100,000 potholes in the city. And I will end by quoting the poet Pitbull, because after DOT has finished those 100,000 potholes, they are now going to pave more than 1,000 miles of road, which Pitbull would describe accurately as the distance from New York City to Miami."
7551059929621089591,https://www.tiktok.com/@fox5newyork/video/7551059929621089591,"With just weeks to go before New Yorkers head to the polls, the city’s 2025 mayoral race is entering its decisive phase. A new Marist poll suggests Assemblyman Zohran Mamdani has surged to a commanding advantage, leading former New York Governor Andrew Cuomo by 21 points among likely voters. #fox5newyork #newyorkcity #nyc #newyork #nycmayor #polls",2025-09-17T14:10:18.000Z,228,6,6,19,13100,147,"fox5newyork, newyorkcity, nyc, newyork, nycmayor, polls",FOX 5 NY,588800,True,US,marist poll,source,Marist,"description, hashtags",YES,
7574504752759835959,https://www.tiktok.com/@nickroberts/video/7574504752759835959,BREAKING: TWO POLLS SHOWING BLUE WAVE IN 2026 🌊🌊🌊 #bluewave #indiana #democrats #democrat #nokings ,2025-11-19T18:28:02.000Z,1362,35,84,152,18900,20,"bluewave, indiana, democrats, democrat, nokings",Nick Roberts,27400,True,US,marist poll,source,Marist,"description, transcript",YES,"All right, we've got two polls that just released today. One is from NPR Marist, which is one of the most accurate pollsters in the 2024 election, which shows the Democrats are ahead in the midterm by 14 points. The other is from Marquette University, which shows Democrats are by 5 with registered voters, but 9 with likely voters. So it's a great sign. Drop a blue wave down below if you want to see a blue wave next year."
7626445784724098317,https://www.tiktok.com/@abc7ny/video/7626445784724098317,"48% of New Yorkers approve of Mayor Zohran Mamdani's performance, according to a new Marist poll.",2026-04-08T17:45:10.000Z,83900,325,1748,520,819600,26,,ABC7NY,1300000,True,US,marist poll,source,Marist,"description, transcript",YES,"Mayor Mamdani is approaching his first 100 days in office, and we now have a report card from New Yorkers. According to a numerous poll, 48% of residents approve of the job he's doing. 30% of people disapprove, and 23% are unsure. It is important to note his former trail former mayor, Eric Adams, at this same point, but there is a difference here because a majority of New Yorkers say the city is headed in the right direction."
7626529524842286349,https://www.tiktok.com/@fox5newyork/video/7626529524842286349,"Three out of five New Yorkers feel that Mayor Mamdani is fulfilling his campaign promises, according to a recent Marist Poll.",2026-04-08T23:10:01.000Z,172,3,15,10,14400,151,,FOX 5 NY,588800,True,US,marist poll,source,Marist,"description, transcript",YES,"Little less than half of New Yorkers, 48 percent, approve of Mayor Zora Mamdani's job performance in these first 100 days. This is 14 points lower than what former Mayor Eric Adams was polling at during the same time. But polling director Lee Mieringoff says these numbers are still a good start. I think part of it has to do with the fact that he's relatively new on the political scene, but we do find in the numbers kind of like a newfound optimism in the city, where overwhelmingly people felt the city was headed in the wrong direction. And now with Mamdani, there's a new trajectory. People think it's heading in the right direction. As Mieringoff points out, a majority of New Yorkers in this mayor's poll do think that Mamdani is hardworking and changing New York City for the better. Sixty percent of New Yorkers polled also believe Mamdani is fulfilling his campaign promises. Mamdani did deliver on appointing members to the rent guidelines board who agree with his rent freeze, and he got the ball rolling on free child care for some two-year-olds in the city starting later this year. But he did shift slightly on other promises made, like expanding the city's housing voucher program, which he's now trying to stop in court. And he also seems to be backing away Slee from his push to get rid of the NYPD's gang database. Professor and political analyst JC Polanco says in his view, this is a good thing. His campaign promises are not realistic. However, this is the truth. His base wants to see the fight. His base wants to see him fight for it, understanding that they're lofty, unrealistic. There's a cult of personality when it comes to Mayor Mamdani, very similar to President Trump in that regard, in that people want to make sure he's happy, especially in his party. And if you cross him, you're afraid of a primary. When it comes to the mayor's relationship with President Donald Trump, 59 percent of New Yorkers in the mayor's poll approve of how Mamdani is working with the president, despite Trump's unpopularity here in the city. Mamdani has met with President ICE in the Oval Office since he was elected, once in November of last year and another time in February. And both meetings went incredibly well, much to the surprise of both Republicans and Democrats. In his most recent meeting, Mamdani pitched Trump on a housing project in Queens. We spoke to him exclusively yesterday about this. It has been a productive conversation over the course of meetings. The president was interested in the project. We put forward a proposal to build more housing in a single project in the city has seen since the mid 1970s. And that conversation will continue. Now Mamdani polled the best in Brooklyn and Manhattan, and he did the worst on Staten Island, where 57 percent disapprove of the job he's doing."
7570836277726153997,https://www.tiktok.com/@maristpoll/video/7570836277726153997,Midterms are over here at Marist but Election Day is when pollsters get graded. So...how'd we do? Check out all of our analysis of the polling results on Poll Hub wherever you pod. #polls #nycelection #vaelection #njelection,2025-11-09T21:11:49.000Z,9,,0,0,418,56,"polls, nycelection, vaelection, njelection",MaristPoll,68,False,US,marist poll,source,Marist,"description, hashtags, transcript",YES,"But it's also a time, the day after an election, when pollsters get to do something that we almost never get to do, which is to check our work. This is like the day the SAT scores come out and you cautiously open it up and see how you did. So, Barb, New York City, Virginia and New Jersey governor's races, lots of polls. We polled New York City. How did we do? How did the polling industry do? What is the grade that you'd give right now? Oh, geez. Yeah. Put you on the spot. Well, it's it's you know, it's it is it was a was around midterms. We've just finished midterms here at the university. So I should be in grade mode. I actually think that the polling industry, I would say about a B plus. And the reason why I'd say a B plus is I think they provided a narrative that was pretty accurate in each of these elections."
7522535145098775863,https://www.tiktok.com/@pbsnews/video/7522535145098775863,New poll reveals Americans' views on key Trump policies President Trump’s hardline immigration policies have earned mixed reviews from Americans. That’s according to our latest PBS News/NPR/Marist poll released Tuesday. Amna Nawaz discussed the numbers with NPR's Domenico Montanaro. #pbsnewshour #newshour #pbsnews #poll #politics #donaldtrump #immigration #trumppolicies #news,2025-07-02T17:19:00.000Z,2299,29,159,103,59300,269,"pbsnewshour, newshour, pbsnews, poll, politics, donaldtrump, immigration, trumppolicies, news",pbsnews,3000000,True,US,marist poll,source,Marist,"description, hashtags, transcript",YES,"President Trump's hardline immigration policies have earned mixed reviews from Americans. That's according to our latest PBS News NPR Marist poll released today. To walk us through some of the new numbers, I'm joined now by NPR's Domenico Montanaro. Great to see you. Hey, great to be with you. Let's pick up on immigration that Laura was just reporting on. It was a central issue for Mr. Trump's re-election campaign. How do voters look at this issue at this point in his presidency? Well, his handling of immigration mirrors his overall job approval rating. Only 43% say that they approve of the job that the president is doing when it comes to handling immigration. 52% disapprove. And like I said, that's the same number as approve and disapprove of him overall. He doesn't get really good marks on almost anything either. Only 41% approve of his job on foreign policy and just 39% on the economy. So immigration's the best of those, but still not great. Domenico, like a lot of issues, it gets more interesting the deeper you go. Our colleague Josh Barajas spoke to a number of voters about the president's immigration agenda. One, a man named Stephen Singh, who's an independent voter in California, had this to say. I would love a more streamlined pathway to citizenship for immigrants. I don't wanna see students deported. I hate to see students being deported as a weapon to spread someone's political ideals and to silence others. So the nuanced answer is there are some cases where I think his immigration policy is spot on and there's some where I think it's overstepping the bounds. Is that view showing up in the polling? Yeah, I mean, in reality, views of immigration are much more nuanced than sometimes the political debate lends itself to be. Republicans feel very strongly one way, Democrats feel very strongly another way. When we look directly at deportation policies and whether or not they're making the country more safe, less safe, or not having any impact, you can see they're 43% say that Trump's deportation policies are making the country safer, 33% say less safe, a quarter say no impact at all. When it comes to how that breaks down by party, as we were talking about, 81% of Republicans think that his policies are making the country safer. Only 17% of Democrats are with just 34% of independents as well saying that they think that his policies are making the country safer. And when it comes to who is being impacted and targeted in these policies, how do Americans view that? And reflecting a lot of what we heard that voter say there, there's a real range. There's a wide range here. When it comes to violent offenders, people who are convicted of crimes who are in the country without permanent legal status, 80% say deport them. When it comes to nonviolent offenders, those convicted of crimes but nonviolent crimes, almost 6 in 10 also say to deport them as well. But it gets a lot trickier for Trump the further down we go. We heard that person talk about those who have overstayed visas. Only 49% say that they should be deported, real split in the country. And when it comes to those industry workers, people in the food and agricultural industry, for example, 44% say that they should be deported. A majority say don't do that. So we've seen a number of these immigration policies, other policies of the president, ending up in court. There's a mixed bag in terms of where the rulings are landed. But there are questions being raised by the president and his supporters about whether or not the president needs to comply with those court orders. How do people feel about this issue? Well, overall, I mean, 82% of people said that they think that any president should follow court orders, even if he or she doesn't like them. When you dig a little bit deeper into those numbers, though, 22% of Republicans only said that they feel strongly about this, as opposed to big majorities of independents and Democrats who said strongly that they think a president should follow this. So I guess if there's something they really don't like, they might be able to give Trump a little bit of leash. Here's the other thing that stuck out to me. Going into Independence Day, the poll showed a striking number of people who say they are concerned about the state of democracy in America. What should we understand about that? Yeah, it's really interesting. 3 quarters of people say that there is a serious threat to democracy. 3 quarters of people also say that politically motivated violence is a major threat, a major problem in the country as well. So you have a lot of people who really feel uneasy right now about the situation in the country, the polarization that exists in the country. But they have very little faith in their political leadership as well. Fascinating look where the country is right now. NPR's Domenico Montanaro. Thank you so much. You're welcome."
7425075480832822559,https://www.tiktok.com/@rononelifeuc/video/7425075480832822559,Polls status Info 2024,2024-10-13T02:05:17.000Z,39,29,6,4,326,266,,Ron_Onelifeuc,10300,False,US,morning consult poll,source,Rasmussen,"description, transcript",YES,"Good evening, I'm still reporting on the polls. The Morning Console poll was the new guy on the block during President Trump's first run at the White House, the one that he won. Morning Console was established in 2013. By election 2016, they were the most accurate poll I could find. They had to build a good reputation to lure in the big money for the next election cycle, so they had to be accurate. Today, in election 2024, they have become the official polling partner of Politico, Fortune, The New York Times, and Bloomberg News. In other words, leftist for sure. In fact, the group Media Bias Fact Check rates them somewhere between left of center and left wing in their Bias and Credibility department. That means that they are paid a lot of money to put out polling that depends on skewed data, which means that they tend in their polling samples to include a higher percentage of Democrats than they should. These skews are easy to hide from all but top polling experts. The trick is that in the last few weeks they have to start being more honest because at the end of the day they want to be right at the very end of the campaign so that they can maintain their credibility so that they can get their paying customers to pay to conduct polls the next election. This methodology strongly favors early voters and mail-in ballots because they come in very early in the process before the pollsters finishing tightening up their polls to reflect reality. So it's a very careful game that these pollsters play who court the big money from the wealthy organizations. Skew your polls to the left before October to catch the left wing voters, then gently start to bring them back to reality as the election hits the last week or two. Well, according to Rasmussen, that shift to the right is just beginning to happen now. The race has not really changed. The polling is not really any different, but exactly what we predicted is playing out right now on the national stage as people finally come to realize desperately that Kamala Harris is actually losing right now. And it's a slow motion train wreck as the few remaining mainstream media outlets with a shred of credibility prepare their viewers for what appears to be, barring like an act of God, an inevitable Harris loss. I call it the loser narrative, the point at which the uniform Democrat machine press is no longer able to convince the world that this is a vibe election driven by the next hot consumed product candidate. And if this is what the rest of October looks like, it is going to be a pretty ugly month for some people. But let's go and now Trump is winning by almost 13 points in Pennsylvania betting markets. That's a really solid lead. I really don't see it reversing too much unless something really major happens. This is probably real market activity. And then on Monday, in a very incredible way, this race, which was also deadlocked, literally just blew out to like a 10 point Trump lead in an hour. Absolutely incredible. It backed off a little bit. And just now in the last hour, look at this movement, a lot, all of a sudden, a lot of volume hit. Just within the last hour, Trump was up almost 14 points in likelihood of winning the next election. So that's it. You will see these polls favoring Trump from now on, barring an act of God, as Mark Mitchell, Rasmussen's head pollster, put it. And so we all need to be down on our knees at least once a day praying that God the Father can protect President Trump and his family. I'm still reporting from just outside the Citadel of World Freedom. Good day."
7415581029039164702,https://www.tiktok.com/@sumatithomas/video/7415581029039164702,Latest polling numbers from Morning Consult. #poll #polls #election2024 #harriswalz #CapCut ,2024-09-17T12:02:11.000Z,151,1,5,10,4772,7,"poll, polls, election2024, harriswalz, capcut",Sumati 💙 Quirk & Conscience,2055,False,US,morning consult poll,source,Morning Consult,"description, hashtags",YES,Now look at this Now
7274442895426473259,https://www.tiktok.com/@iceice5361/video/7274442895426473259,#danbongino  #danbonginoshow  #bongino  #bonginoreport  #america  #usa  #us  #news,2023-09-03T16:00:00.000Z,113,6,4,4,5983,224,"danbongino, danbonginoshow, bongino, bonginoreport, america, usa, us, news",ICE ICE,149200,False,US,morning consult poll,source,Morning Consult,transcript,YES,"A poll released this morning by Politico Morning Consult found 49% of registered voters disagreeing with the statement, Joe Biden is mentally fit. Not even a majority of Democrats who responded strongly affirmed that statement. Well, I'll let you all make the judgment whether they're correct. Well, so the question I have for you, sir, if you'd let me finish, is why do you suppose such large segments of the American electorate have come to harbor such profound concerns about your cognitive fitness? Thank you. I have no idea. Yes, sir. Do I ask the right questions? Do I ask the right questions? You always ask me the nicest questions. You're all wonderful. I know you do. All right. None of them make a lot of sense to me, but I ask. Well, let's try it. Fire away. Come on. A new year. Why are you trying so hard in your first year to pull the country so far to the left? Well, I'm not. I don't know what you consider to be too far to the left if, in fact, we're talking about making sure that we had the money for COVID, making sure we had the money to put together the bipartisan infrastructure, making sure we were able to provide for those things that, in fact, would significantly reduce the burden on working class people, but make them have to continue to work hard. I don't know how that is pointed to the left. If you may recall, you guys have been trying to convince me that I am Bernie Sanders. I'm not. I like him, but I'm not Bernie Sanders. I'm not a socialist. I'm a mainstream Democrat, and I have been. And mainstream Democrats have overrun me. If you notice, the 48 of the 50 Democrats supported me in the Senate on virtually everything I've asked. Now, we played it yesterday, so there's no need to relitigate it, but Biden's dreadful speech saying, if you're against this bill to destroy elections, you're a segregationist, you're George Wallace, which is ironic because Biden touted a George Wallace endorsement, or the endorsement of his character. Promising young politician, Joe Biden. That was George Wallace. Yeah, that happened. Watch yesterday's show. But this is how I know things are cratering for Biden. I'm not sure they can get much worse at this point, and I don't think they're going to get better. I think he is going to stay in that valley, and he's stuck there. Even Democrats like Dick Durbin, who is as radical a leftist as it gets. Dick Durbin, radical leftist Democrat senator, starting to turn on him now. So he was questioned yesterday on CNN, Dick Durbin. You'll see the story at Just the News. In my newsletter, please subscribe. Bongino.com slash newsletter, it's free. We'll email you these stories every morning. Don't spam your inbox, no worries. Dick Durbin says Biden may have gone, quote, a little too far comparing opposition to segregationists. Gee, you think? Folks, he's in a world of trouble. If you were a high profile Democrat like Dick Durbin, who's been in the Senate, I think as long as I've been alive, maybe as long as my parents and grandparents have been alive, Dick Durbin's turning on you, you're cratering out big time. This guy is in real trouble right now, Biden. And these inflation numbers are going to devastate any plan. That's why he shifted from Build Back Worse. He has no chance right now with inflation to this voting thing. And that's going to die, too. There's no chance that gets through, not with the numbers he has now. He doesn't have the votes."
7434002860796349738,https://www.tiktok.com/@political_clips_/video/7434002860796349738,Breaking News from the 2024 election polls 😱 #2024election #trump #kamala #viral #news #polls #vote ,2024-11-06T03:27:57.000Z,80,12,10,9,15500,60,"2024election, trump, kamala, viral, news, polls, vote",Political_Clips_,37700,False,US,poll results election,generic_only,,"description, hashtags",YES,"This is a major update of the 2024 election. According to the Associated Press, Trump has 188 points compared to Kamala Harris's 99 points. So far, Trump has won North Dakota, South Dakota, Wyoming, Nebraska, Oklahoma, Texas, Louisiana, Missouri, Kentucky, Indiana, Ohio, Tennessee, Mississippi, Alabama, Florida, South Carolina, and West Virginia. Kamala so far has won New York, Vermont, Massachusetts, Maryland, Delaware, New Jersey, Connecticut, Rhode Island, and Illinois. As of now, Virginia, North Carolina, Georgia, Wisconsin, Minnesota, Maine, Kansas, and New Mexico are leaning towards Trump, while Michigan, Colorado, New Hampshire, Washington, D.C., and Pennsylvania are leaning towards Harris. Comment below who you want to win the election."
7620535483642219789,https://www.tiktok.com/@nowthisimpact/video/7620535483642219789,"The White House probably has this clip on loop for Trump, but they only polled his diehard supporters. If you poll everyone, Trump has one of the worst approval ratings of any president in modern history.",2026-03-23T19:30:09.000Z,246900,16400,14040,4858,3800000,25,,NowThis Impact,6200000,True,US,poll results election,source,CNN poll,"description, transcript",YES,"I seem to have great support because CNN came out with a poll today that I'm at 100% and they said they've never seen a poll like that. The CNN poll said I'm at 100% and they've never seen that before. Take a look here. MAGA, GOP, view of Trump. Approve 100%, 100%. If you are a member of MAGA and the GOP, you approve of Donald John Trump."
7627953515444325662,https://www.tiktok.com/@facethenation/video/7627953515444325662,"Americans are growing increasingly concerned about the war with Iran and its impact, our latest CBS News poll finds, as approval of the Trump administration's handling of the conflict has dropped to 36%. #trump #iran #war #news ",2026-04-12T19:15:42.000Z,500,8,33,38,24500,20,"trump, iran, war, news",Face The Nation,844900,True,US,poll results election,generic_only,,"description, transcript",YES,"Americans are growing increasingly concerned about the war with Iran and its impact. Our latest CBS News poll finds, as the approval of Donald Trump's handling of the conflict has dropped to 36%. Back home, the president's ratings on handling of inflation are at the lowest level of his second term, with only 31% approving."
7623713006664289549,https://www.tiktok.com/@cnn/video/7623713006664289549,"CNN’s David Chalian breaks down a new poll showing just 31% of Americans approve of President Donald Trump’s handling of the economy, a record low, while 65% say his policies have worsened conditions.",2026-04-01T09:00:17.000Z,14500,182,596,521,274100,98,,CNN,14400000,True,US,poll results election,source,CNN poll,"description, transcript",YES,"Donald Trump has just hit a record low approval rating on his handling of issue number one. On the economy, only 31% of Americans approve of the way Donald Trump is handling that issue, and it is far and away the issue that Americans consistently say is their most important. Only 71% of Republicans approve of the way he's handling the economy. We've seen some slippage there from members of his own party. Nearly 2 3rds of Americans, 65% in our brand new CNN poll, say that Donald Trump's policies have worsened economic conditions in this country. That's a 10% higher number than it was just in January. On the issue that is most important to Americans, that was a calling card of Donald Trump's, his 31% approval rating on the economy now is a career record low across both terms of the Trump presidency. And $4 a gallon gasoline, that is not going to help Donald Trump's political predicament. 63% of Americans in our poll say that the rising cost of gas is causing at least some financial hardship on their household. Donald Trump's overall approval rating in this poll stands at 35%. That is a near career record low for him. It's been consistently at this low level for some time, and that is causing some real panic inside the Republican Party as the midterm election day in November approaches."
7429496838367005995,https://www.tiktok.com/@abcnewslive/video/7429496838367005995,"""There is no way to characterize this race other than basically tied,"" 538's Galen Druke tells ABC News' Linsey Davis, crunching the thin margin between Harris and Trump. ""There are real reasons to think that the polls could be underestimating Trump,"" Druke adds. #election #electionday #trump #harris #news ",2024-10-25T00:02:14.000Z,6079,126,254,712,256200,78,"election, electionday, trump, harris, news",ABC News Live,2000000,True,US,538 election,source,538,"description, transcript",YES,"12 days out, is there a campaign you'd rather be? Lindsey, you're not going to put me in this position. OK, so here's the deal. Of the seven battleground states that we typically look at, in five of them, the margin between Harris and Trump is less than a percentage point. So there's no way to characterize this race other than basically tied. I mean, if you want to get super technical and look at tenths of a percentage point in the polls, you know, and you allotted each state to the person who's leading now, I guess you'd say maybe you want to be Trump, but that's so marginal, and that's really pushing it. At the end of the day, I think there are real reasons to think that the polls could be underestimating Trump again. For a third presidential election in a row, we know that pollsters have had difficulty reaching Trump voters in the past, and you can really make the argument that it could happen again. At the same time, pollsters have made a lot of adjustments, and they are trying hard to reach Trump voters. There's also an argument you could make that, say, they're overcompensating this time and now underestimating Harris voters. So really both looking at the polls as they stand today and understanding intellectually what's happening underneath it all. I just got to look at you and shrug. We're going to have to wait for 12 more days."
7427466704252357931,https://www.tiktok.com/@jess89763/video/7427466704252357931,Step off the pollercoaster and look at the whole context #fyp #fypage #politics ,2024-10-19T12:44:25.000Z,46,,2,7,1013,59,"fyp, fypage, politics",jess,41900,False,US,538 election,source,538,transcript,YES,"Good morning, everyone. If you are anxiously refreshing the 538 polling aggregator to see who's winning the election today, it is time for you to unbuckle your seatbelt and step off the poller coaster. Are polls overall useful data? I mean, sure, any data can paint a broader picture of what's going on, but when you just look at polling and you ignore everything else, you get into this weird liminal space where the election truly is a coin flip, and it's not. It's not. I want you to look with your eyes. I want you to listen with your ears. I want you to look at what the campaigns are doing, not what they are saying. If we're looking at non-polling metrics, early voting data is a great thing to look into. High turnout is good for Dems. You can look at fundraising. Kamala Harris has raised a billion dollars in 80 days. That's never happened before. Surely that means something, right? And you can look at the Trump campaign. They are pulling him out of interviews. He is falling asleep sitting up. I should make a series because there are so many other things I could talk about."
7433127789659802910,https://www.tiktok.com/@michellebackus_/video/7433127789659802910,Yall don’t overthink some of these last minute polls #election #usa #vote #american ,2024-11-03T18:52:23.000Z,1142,14,48,97,101400,12,"election, usa, vote, american",michellebackus_,24000,False,US,new york times poll,source,New York Times poll,"description, transcript",YES,"Everybody keeps talking about this New York Times poll that just came out showing that Harris is in the lead in a majority of states. Remember, New York Times typically oversamples Democrats and the pollster even admitted this time around that he's oversampled Democrats."
7610939704439098638,https://www.tiktok.com/@nickroberts/video/7610939704439098638,BREAKING: TWO NEW POLLS IN TEXAS SENATE RACE BETWEEN TALARICO AND CROCKETT 💙🌊🙏🏻 #htown #austin #dfw #sanantonio #talarico ,2026-02-25T22:53:36.000Z,3093,49,105,503,75200,32,"htown, austin, dfw, sanantonio, talarico",Nick Roberts,27400,True,US,new york times poll,generic_only,,"description, transcript",YES,"It's been a very interesting day for the Texas center race between James Tallarico and Jasmine Crockett. Two polls came out today with different results, one of which showing James Tallarico in the lead. The other showing Jasmine Crockett in the lead. Uh, there's a lot of signs, kind of both directions, but let me know what you think about these. I think it'd be very interesting to see how it plays out. As you may have seen, Ken Paxton, the Republican is getting torched by John Cornyn for all his affairs and corruption and et cetera. So we have to nominate the best candidate to beat Ken Paxton. Most likely. So let me know who you think that is down below."
7581175808480349453,https://www.tiktok.com/@nytimes/video/7581175808480349453,"After months of holding steady, President Trump’s approval rating has dipped over the past several weeks, according to a New York Times analysis of public polling. Here’s what to know. Video by Tyler Pager, Claire Hogan, Whitney Shefte and Stephanie Swart/The New York Times #economy #trump #approvalrating ",2025-12-07T17:54:37.000Z,3358,34,142,95,50800,163,"economy, trump, approvalrating",The New York Times,3500000,True,US,new york times poll,generic_only,,"description, transcript",YES,"Over the last several months, the president's approval rating has slipped with the gap between those who approve of his job performance and disapprove widening. By far the biggest driving factor in the president's slipping approval rating is the economy and voters' frustrations with his handling of it. And Trump is clearly frustrated by the narrative that he is unable to address one of voters' most pressing concerns. We've seen the president lash out at staff, at reporters. Why do you blame the Biden administration for not accepting it? Because they let him in. Are you stupid? At allies. I don't know what happened to Madry. Nice woman, but I don't know what happened. She's lost her way, I think. The president's frustration is a recognition of the real political problems he's facing. Trump himself has tried to address this by talking about affordability and his commitment to trying to lower costs. Together we're fighting for an economy where everyone can win. But his message has been inconsistent and uneven. Just this week he said, The word affordability is a con job by the Democrats. They say afford, I watched the other day where some very low IQ congresswoman talked about affordability, affordability. When you ask voters what issues they care about, almost always they will list the economy first. And we've seen that bedevil politicians from both parties for decades. It was something that contributed to Joe Biden's declining popularity and it's what powered President Trump back into the Oval Office. Inside the White House, senior advisors to the president know that this is a problem they need to address. In conversations I've had with senior officials, they've said they are trying to plan trips around the country for the president to address his economic policies and try to help voters understand what he's doing to lower costs. But the problem is talk only goes so far. And voters say if they don't see material impacts in their financial situations, they're still going to be struggling. And that could be dangerous for Republicans in next year's midterm election. Look no further than last month's elections where Democrats won victories across the country in part powered by messages of trying to tackle the affordability crisis. A mandate for a city we can afford. Drive down your utility costs. Strengthening our economy for every Virginian. There are broad concerns within the Republican coalition about them losing ground with some of their own supporters and particularly voters who voted for Donald Trump and may not support Republicans in the midterm elections. History shows that the party of the incumbent president does not fare well in midterm elections. But as the president's approval rating continues to slip, Republicans are even more concerned that the losses could be more dramatic than initially predicted."
7429958791896124715,https://www.tiktok.com/@ohhthatsrich/video/7429958791896124715,"The final New York Times/Siena poll of likely voters shows an insane +11 point swing toward Kamala Harris among undecided voters in ONLY TWO WEEKS 🤯🤯🤯 Polls are terrible at predicting enthusiasm surges, but they’re extremely good at predicting the behaviors of the most predictable groups: likely voters. Unlikely voters and registration surges are what they struggle to capture. This is a great sign for Democrats and something we need to use as momentum through the final week 🔥🔥🔥 #voteblue ",2024-10-26T05:55:00.000Z,4433,121,186,171,21800,61,voteblue,Ohh that's RICH,626300,False,US,new york times poll,source,Siena poll,"description, transcript",YES,"Undecided voters have broken 11 points in Kamala Harris's direction in just the last two weeks. This is from the final New York Times Siena poll of likely voters taken just this week. The biggest single issue that swung in Kamala's direction was the economy, which is the number one issue for all voters. Undecided voters are seeing that prices are going down. They're seeing that inflation has leveled off. They're seeing that Democrats have given us 46 consecutive months of job growth. They've seen a booming GDP and rock-bottom unemployment. And they've read what economists have said about Donald Trump's insane economic plans. In fact, the only issue left that Trump is really winning on is immigration. No wonder he insisted Republicans tank the bipartisan border bill. He spent 10 years whipping his base into a racist anti-immigrant, anti-refugee frenzy. If he didn't have hate left to run on, he wouldn't have anything. We're not going to make the same mistake we made in 2016 where we waited for the polls to carry us across the finish line. We're going to do this one at a time, manually, together."
7625282282722495775,https://www.tiktok.com/@abcnews/video/7625282282722495775,"When pressed by George Stephanopoulos about Democrats’ relative unpopularity in polls ahead of the midterm elections, Rep. Hakeem Jeffries said “Democrats have been winning elections all across the country, up and down the ballot.” Rep. Jeffries then acknowledged: “We understand that dynamic because the American people want to see action. Things haven't been working out for them over the last several decades.”",2026-04-05T14:30:06.000Z,2334,58,133,1109,105200,131,,ABC News,15200000,True,US,new york times poll,generic_only,,description,YES,"We're going to continue to articulate an affirmative vision to the American people of what we as Democrats will do if they give us the opportunity to lead in the majority. We're going to fight hard to lower the high cost of living, to fix our broken health care system, to get ICE under control, to end this reckless war of choice in the Middle East, and to focus every single day, every single week, every single month on actually making life better and more affordable for hardworking American taxpayers. Why isn't that breaking through? The Democrats in Congress are almost as unpopular as the president right now. Well, one of the things that I will say is breaking through is that consistently for the last 15 months, Democrats have been winning elections all across the country, up and down the ballot, including most recently in deep red states like Texas, like Louisiana, and of course a few weeks ago in Florida, particularly in Mar-a-Lago. So at the end of the day, when the American people evaluate who's going to push back against Republican extremism, who is going to actually make life better for them and focus on the issues that matter, consistently they're choosing Democrats. Now as it relates to the parties being perceived as unfavorable across the country, we understand that dynamic because the American people want to see action. Things haven't been working out for them over the last several decades. Far too many people are struggling to survive and certainly can't thrive paycheck to paycheck in this country, which should not be happening in the wealthiest country in the history of the world. And so we're going to continue to forcefully push back against the extremism being unleashed on the American people, push back against the chaos, while at the same period of time convince every single American that it's us who are determined to do the things that are necessary, bring about the bold transformational changes necessary to support working class Americans, everyday Americans and middle class Americans in a manner consistent with who we are when we are the best version of ourselves here in America."
7069107109773806894,https://www.tiktok.com/@jamellebouie/video/7069107109773806894,i have a new newsletter out! breaking down polling results. check it out. https://www.nytimes.com/2022/02/26/opinion/critical-race-theory-survey.html #journalism #politicstok #politicstiktok #politicaltiktok,2022-02-26T19:45:59.000Z,629,6,9,36,4927,56,"journalism, politicstok, politicstiktok, politicaltiktok",b-boy bouiebaisse,296400,False,US,new york times poll,generic_only,,description,YES,"My newsletter this weekend, and I do a newsletter every weekend, is titled What Americans Really Think About Critical Race Theory. CBS News conducted a big survey, and I should say CBS News is one of my employers, CBS News conducted a big survey on what Americans think about critical race theory, about teaching about racism in the classroom, about the effects of teaching about racism in the classroom, and whether or not racism is even a big problem these days. And the results are pretty striking. Although Americans are divided on critical race theory, they're overwhelmingly supportive of teaching about racism in the classroom, don't think it harms students, and think racism is a real problem in our society today. The takeaway from this, for me, is that Democrats are perfectly capable of fighting back against this anti-critical race theory panic. They just have to actually wage the fight, instead of taking the blows like there's nothing they can do about it."
7557113626377637134,https://www.tiktok.com/@granny_good_wench/video/7557113626377637134,"HILARIOUS! Senator Chuck Schumer gets on the Senate Floor and states that the New York Times poll THAT BLAMES DEMOCRATS for the 2025 Government Shutdown 'IS BIASED'. Laughter erupted across the Senate! Honestly, The New York Times, a left-leaning publication, BIASED AGAINST DEMOCRATS? 🤣 😂 😁 #chuckschumer #democrats #newyorktimes #trumpsupporters #MAGA ",2025-10-03T21:40:59.000Z,34,5,4,20,1547,29,"chuckschumer, democrats, newyorktimes, trumpsupporters, maga",Granny Good Wench,2936,False,US,new york times poll,source,New York Times poll,"description, transcript",YES,"Now, I know the leader is going to show a poll that says that Democrats will be blamed for the shutdown. There are many more polls that show Republicans are blamed. The question in that poll is biased. Biased. In the New York Times, but it's biased. If you turn the... That's true. I don't always believe the New York Times. You can be sure of that. Neither do you. Okay."
7621402430437199117,https://www.tiktok.com/@iamthemidnight123/video/7621402430437199117,"ALBANY — The Empire State's gubernatorial race is tightening, according to new internal polling released by GOP hopeful Bruce Blakeman. The campaign poll showed Blakeman, the Nassau County executive, within single digits of incumbent Democratic Gov. Kathy Hochul in blue New York. The Long Island pol is only nine points behind Hochul — 52% to 43% — with less than eight months until Election Day diminishing a staggering 20 plus point lead only 30 days earlier! ",2026-03-26T03:34:29.000Z,2150,133,111,26,12600,180,,IAMTHEMIDNIGHT,83200,False,US,new york times poll,generic_only,,description,YES,
7433187857839164715,https://www.tiktok.com/@nytimes/video/7433187857839164715,"The winner of the presidential race might not be known on election night. Nick Corasaniti, a New York Times reporter covering voting, explains why and answers other common questions about election results. Video by Nick Corasaniti, Farah Otero-Amad, Laura Salaberry and Rebecca Suner / The New York Times #2024Election #Voting #ElectionResults",2024-11-03T22:45:17.000Z,19300,654,917,270,414300,226,"2024election, voting, electionresults",The New York Times,3500000,True,US,new york times poll,generic_only,,transcript,YES,"If the polls are correct, this is going to be an extremely close election, and we might not know who won on election night. And that gap between the polls closing and waiting for a winner can spark tons of misinformation or confusing data as you watch the results come in. So here's a few questions and answers about what to look for on election night. Why are results taking longer than election night? There are a couple reasons why we might not know who won the presidential race on election night. It could come down to voting behaviors, how close the election is in some states, and it could also just come down to the simple process of counting and processing mail ballots. Now in the 2020 election, voters across the country in the pandemic shifted to mail voting as a safe way to cast their ballot. That voting method has continued to be of wide preference this election, but in different states there's different laws governing how they can be counted. In Pennsylvania and in Wisconsin, two very important swing states, election officials cannot start processing ballots until the morning of election day, and that can lead to a backup in ballots that need to be counted and tabulated. When news organizations look to make their call on election night in a really close race, that can come down to the final ballots. The second question is, what happens if I think I saw a vote total go down? We want to point out that this is an extremely rare occurrence, but there are times where mistakes can be made. They're often caught within minutes. The New York Times gets its election night results from the Associated Press, which combines data from state and county election offices with the work of thousands of correspondents across the country. The AP then checks those vote totals for any kind of inconsistencies. The Times also does its own verification process to look for any other inconsistencies or problems in the posted results. It's a meticulous process going through reporting results, but in the social media age, a simple screenshot of one of those errors can create a disinformation landscape and erode trust in the final results of an election. The last question is, why did one candidate appear to be ahead and then a lot of votes come in at the last second for the other candidate? We can go back to Pennsylvania in 2020 to see what happened there. They were inundated with mail ballots. That took a long time to count, and so on election night, most of the mail ballots from Democratic areas like Philadelphia and Pittsburgh had not yet been counted, so it looked like former President Trump was winning Pennsylvania. But as those ballots were counted over the next four days from Democratic areas, President Biden eventually caught up and the race was called for him. This delayed reporting results can sometimes lead to what are known as mirages, which is when it appears that a certain candidate is leading simply because more of their area's ballots have been counted and reported than the other candidates. The timing of results can sometimes simply come down to where votes were cast. In some states, rural areas are faster at uploading their results than urban areas. In some states, they report mail ballots instantly. In others, it could take well into the night or even in the coming days. And in some states, early in-person voting is all reported at once. So while it might be frustrating to not be able to know who won the presidential election or who controls Congress within hours of polls closing, this is just the system working as it should. And it's important to know that you're watching every vote be counted, and that's critical to a healthy democracy."
6891079189751942406,https://www.tiktok.com/@mikeef02/video/6891079189751942406,#greenscreen #politics #bernie2020 #trump2020 #biden2020 #election2020,2020-11-04T01:47:15.000Z,73300,1553,2191,528,380500,31,"greenscreen, politics, bernie2020, trump2020, biden2020, election2020",Mikee,390200,False,US,new york times poll,source,New York Times poll,transcript,YES,"The funniest part of this election is that, according to a New York Times poll, the most popular name of Biden supporters is Karen. And the most popular name among Trump supporters is Richard. Why is this so perfect? It's literally their main demographics. In Biden's corner, hailing from the suburbs, we have... Karens! The suburban wine moms. Going up against their opponents. In Trump's corner, also hailing from the suburbs, but currently residing in a frat house, we have... Richards! The douchey, rich, white frat boys. With a Saturdays are for the boys flag on their walls."
7626546107748814093,https://www.tiktok.com/@nbcnewyork/video/7626546107748814093,"How is Zohran Mamdani doing as mayor? A new poll rated his first 100 days in office. While a majority of New Yorkers (55%) had a favorable view of Mamdani and even more (74%) believed he was working hard, the Marist poll found his approval rating (48%) was lower than both Eric Adams and Bill de Blasio had at the same point during their respective terms. #nbc4ny #politics #zohranmamdani #nyc",2026-04-09T00:14:20.000Z,17300,113,461,363,203100,69,,NBC New York,960800,True,US,new york times poll,source,Marist,"description, transcript",YES,"You know, I will always leave the grades to New Yorkers themselves. So far, so good. I love everything about him. 50-50. It was just a little manipulative, considering that he never really had the ability to do a lot of the things he was promising. A new mayor's poll finds that at roughly the 100-day mark in his administration, Mayor Zoran Mamdani's job approval rating is at 48%. 30% of New Yorkers say they disapprove of his job performance so far, and 23% say they're not sure. But that very same poll finds that at least 60% of New Yorkers believe that Mayor Mamdani is a good leader, that he's working hard, that he's fulfilling his campaign promises, working to represent all New Yorkers, that he understands the city's problems, and is doing more to unite the city than divide it. That 48% job approval rating is lower than that of some other recent mayors. I do believe he's bringing a lot of effort, especially with the child care. It's very frightening right now for Jewish people. There's a tremendous amount of anti-Semitism in New York, and I don't think our mayor is addressing it properly."
7568600815292697874,https://www.tiktok.com/@thetodayshow/video/7568600815292697874,"More Americans than ever before disapprove of US President Donald Trump's actions in office, according to a major new poll in the US. #9Today #donaldtrump #uspolitics #america ",2025-11-03T20:36:45.000Z,235,5,16,39,15900,98,"9today, donaldtrump, uspolitics, america",The Today Show,399200,True,AU,new york times poll,generic_only,,"description, transcript",YES,"U.S. President Donald Trump's approval ratings have hit a second term low, according to a new poll. Live now to U.S. correspondent Reid Butler in Los Angeles. Reid, run us through the numbers. Well Jane, if you ask the U.S. President, his poll numbers are the best they've ever been, but data is increasingly suggesting a different story. This new poll out from CNN today has the President's approval rating at 37 percent. That is the lowest it has been so far this year. His disapproval rating though among voters, it has soared to 63 percent and that's the highest it's been over both of the U.S. President's terms. Now the Democrats, they're certainly not doing much better, nothing to write home about on the left side of politics when it comes to polling, but it does appear that the U.S. President is copping the heat for an extended government shutdown here in the United States and also stubbornly high grocery prices. Another issue his administration has had to deal with this year is the ongoing saga over the so called Jeffrey Epstein files. A lot of Trump's own supporters weren't happy with how he has dealt with that. We've also seen that Jeffrey Epstein case have an impact on the royal family as well. Andrew has lost his title as we know just recently and the U.S. President was asked about that on board Air Force One. I feel very badly. I mean it's a terrible thing that's happened to the family. That's been a tragic situation and it's too bad. I mean I feel badly for the family. Prince William, Jane, he's trying to shake it all off. He's currently in Brazil. It is a climate focused trip there. It is the future king's first visit to Latin America."
7429751794525326597,https://www.tiktok.com/@agora.noticia/video/7429751794525326597,I can't believe this! Harris and Trump are tied in the New York Times national poll #news #usa #us #kamalaharris #donaldtrump ,2024-10-25T16:31:41.000Z,10,,1,13,440,93,"news, usa, us, kamalaharris, donaldtrump",Notícias,43000,False,US,new york times poll,generic_only,,"description, transcript",YES,"I can't believe this. Harris and Trump are tied in the New York Times National Poll. In a literal dead heat, not plus or minus, but in a dead heat, less than two weeks to go. What would you warn voters about what to expect knowing how tight this may be on election night? It focused on the not fully decided voters. It's a little different than undecided, but not fully decided. They say 15% are not fully decided. And I think we have that, we can throw it up on the screen so people can see the actual number. And among that group right now, Kamala Harris is leading 42% to 32%. It was essentially tied a couple weeks ago. So that not fully decided group, David, you got like 10 days left. Yeah. What can you give them? Well, look, I think, I actually think the other night when she was on the town hall, and obviously she's amplifying it now, she said something that is meaningful to these voters. They're very much concerned about what's going on in their lives, particularly in the economy. And when she said that he's going to come to the office with an enemies list, I'm going to come with a to do list and your concerns are going to be on that list of issues to work on. I think that is a contrast that she needs to really, really hit hard in the final days of the campaign. Because yes, Trump is fundamentally anti democratic in certain ways. And I mean, with about democracy, and, you know, he's sort of signal what he's going to do, he's going to get rid of the special counsel, he's going to pardon the January 6 mob and so on. What does this have to do with people's lives? What is what is what does his vengeance have to do with their day to day lives? And I think that contrast is really powerful. And I would lean into it every single day."
7614280030780263694,https://www.tiktok.com/@abc7ny/video/7614280030780263694,A new Siena Poll found that 54% of state residents approve compared to 29% who don’t. It’s even more so among city residents. 62% approve to just 21% who disapprove. #news #nyc #zohranmamdani #wealthtax,2026-03-06T22:55:51.000Z,2136,44,105,170,22900,56,"news, nyc, zohranmamdani, wealthtax",ABC7NY,1300000,True,US,new york times poll,source,"Siena poll, Siena Poll","description, transcript",YES,"Mamdani, a democratic socialist, has called for higher city taxes on millionaires and major corporations. Governor Kathy Hochul opposes those taxes, but a new Siena poll found that 54 percent of state residents approve, compared to 29 percent who don't. It's even more so among city residents, 62 percent approve to just 21 percent who disapprove. Is there something that maybe Governor Hochul is missing? Well, I can tell you that I've been encouraged by the conversations that I've been having with Governor Hochul, and she's a committed partner to not only rolling out universal child care for two-year-olds, but also to putting the city back on firm financial footing. That is the focus of the work we're doing right now. The majority of New Yorkers are saying that they want taxes on millionaires. Are you pleased to see that? I'm always pleased to know that I'm in agreement with the majority of New Yorkers. Over the governor's opposition, Democratic state lawmakers are now considering raising taxes on wealthy New Yorkers."
7567807083043687693,https://www.tiktok.com/@wrnnvskew/video/7567807083043687693,New New York times Siena college poll on Immigration policies of Trump administration #Breakingnews#fyp#fypage#foryou#news,2025-11-01T17:16:48.000Z,0,,0,0,146,70,"breakingnews, fyp, fypage, foryou, news",JQW168,12600,False,US,new york times poll,generic_only,,description,YES,પોલ કીછી સી કે સ્રકાર દી મીગરેશન મારે બડી ઇમપોટરણ્ટ હા તે વને પોલ કીછી સી કી કી સ્રકાર મીકેન પીન સેર ઉધયેં તાંદા કે બોડ્રદે સક્ધી હની ચાઈતી પંદરા પરસાંટ બન્દઇ ને કહરે આકે જરી મીગ્રિશ્ના ઉદી સક્થી ઠીક આપ્ર જાદા લોકી જેડે ને ઉ� મેંટા ઉુદે બારે કહરે આભી આની જાદા સક્થી જરી કીટી આપ્ર ને હોની ચાઈડી
7433103372468636959,https://www.tiktok.com/@dailymail/video/7433103372468636959,"A final poll by the New York Times has Donald Trump behind  Kamala Harris in four critical swing states: Georgia, Nevada, North Carolina and Wisconsin. They are tied in Michigan and Pennsylvania and Trump is up by one point in Arizona. It's a razor-thin race with just two days to go to Election Day. A shock poll released Saturday night had Trump behind Harris three points in Iowa, a solidly red state. #kamalaharris #donaldtrump #democrat #republican #election #president #USA ",2024-11-03T17:17:39.000Z,67400,1003,1629,3836,1200000,,"kamalaharris, donaldtrump, democrat, republican, election, president, usa",Daily Mail,26100000,True,GB,new york times poll,generic_only,,description,YES,
7594200478783638791,https://www.tiktok.com/@2636devilsadvocate/video/7594200478783638791,"https://www.nytimes.com/interactive/polls/donald-trump-approval-rating-polls.html Over HALF of Americans disapprove of Trump.  Wonder why? Ripping of Americans. Tariffs which most don’t understand, the #epstein files, enriching himself, being a felon himself, hiring unscrupulous individuals, pardoning insurrectionists, pardoning drug lords and kidnapping others under the guise of drugs and lying about it, using distractionary tactics against his own citizens, allowing citizens to be harmed and killed and granted immunity to murderers. The list goes on. When will people speak up? When the ones speaking up are gone- no one will be left to speak 🗣️ for you. ",2026-01-11T20:16:30.000Z,28,,0,1,494,,epstein,2636devilsadvocate GenX🇨🇦,4392,False,CA,new york times poll,generic_only,,description,YES,
7338432153216142622,https://www.tiktok.com/@powerpolitics/video/7338432153216142622,Former President Trump Surges in New York Polls 📈- Can He Secure a Historic Win? 🗽#fyp #foryoupage #breakingnews trump news today top news today 2024 tiktok viral news breaking news trending news today's news headlines 2024 trending news today world news texas border right now,2024-02-22T14:24:58.000Z,6787,342,354,1395,327100,381,"fyp, foryoupage, breakingnews",PowerPolitics,15100,False,US,new york times poll,generic_only,,"description, transcript",YES,"Biden leading former President Trump in New York by just 12 points. Now remember Trump lost by 20 points in the last two presidential elections, okay? Those numbers according to the Fox News voter analysis. So the former president telling Laura Ingraham last night at their town hall in South Carolina that he thinks he has a chance in New York and he may even hold a big campaign rally even in Madison Square Garden. Watch this. I'm going to see about Madison Square Garden and we're going to go to the South Bronx and we're going to go to Queens and other areas. I think there's a chance to win New York. The people are very, very unhappy. Now that would be interesting, right? He would be the first Republican to win New York since President Reagan who did it twice in 1980 and then his numbers actually went up in New York in 1984, four years after of having been president. So President Biden is also out there today in California. He is about to speak. He has now canceled more than a billion dollars in college loans. So that's a big boon for these students who won't have to pay that back. Now that's hugely controversial. A lot of people say, look, you know, I had to pay mine back. Why shouldn't other people have to? And where are you going to go next? You're going to start relieving auto loans for people? Some people would call it buying votes. He's not doing that well with young voters. The education department says that that will bring the total student loan relief program to 138 billion dollars for almost four million borrowers. Very, very popular with younger voters. Let's bring in Karl Rove, former deputy chief of staff for President George W. Bush and a Fox News contributor, and Juan Williams, Fox News senior political analyst. We're waiting for President Biden to speak about this student loan issue. But, Karl, let me ask you first about the New York story. Is there, you know, is there hope for a Republican presidential candidate, namely Donald Trump, in New York? Well, it's just one poll, so we've got to be careful. Let's see if there's another poll. But cutting the margin pretty dramatically is a sense. It shows, at least in New York, some of these issues like immigration and the cost to our communities of illegal immigration is coming home. Republicans came close in the governor's race last time around. I think it's a stretch in the presidential race, but I wouldn't be surprised if the numbers tighten from where they were four years ago, because New Yorkers have seen it up close and personal, what's happening to the city of New York budget. And they've seen all those flights coming into Westchester County at night, dumping people into New York. Yeah, what do you think about that, Juan? And what do you think a Madison Square Garden Trump rally would be like? Well, you know, I guess all Trump rallies are pretty fun. He gets his base out there, and they're pretty enthusiastic folks. But in some ways, I guess from a Democratic perspective, you'd hope he would do it, because it's going to be an expensive party. And, you know, it's—you know, you think about the recent special election for George Santos' congressional seat. That did not go the Republicans' way. And you just look at all the kind of elections that have been taking place in New York State, and again, it would be an unlikely outcome. But again, I think what you've been pointing to, Martha, there are a lot of reasons for New Yorkers to be discontented at this moment. Yeah. You know, when you look at this race, we spoke with Nikki Haley yesterday. She is determined to stay in the race, but I want to play an exchange that I had with her about her overall intentions as a candidate. Watch this. You said, you know, no matter what happens on Saturday, you are in this race and planning to stay in it. But it raised a lot of questions from people about whether or not you would ever consider any sort of third-party race, because you said you don't want it to be either of those two guys. You know, my focus right now is running in a Republican primary. It always has been. Carl, my focus right now is running in a Republican primary. It always has been. Well, look, she knows she can't be a candidate for president. There are too many states in the country that have sore loser laws. If you're running as a candidate in a party primary for president in many states of the country, you cannot appear on the ballot as an independent or third-party candidate in the fall. She knows that. I think she's just focused on the here and now and doesn't really want to get into the whole issue of what happens if you come up short. And you think that those rules would hold up against her if she decided to launch? Oh, absolutely. I mean, they haven't really been tested. Yeah, well, they've been tested over the years because they apply not only to the presidency, but to all offices up and down the ballot. And they've constitutionality have been upheld. And no, I don't think anybody would seriously get into the contest. And I think there are 20 some odd states or more with such laws. I don't think anybody would say I ran for president for under some party label. And now I'm going to run in the general election as an independent candidate and have any expectation they're going to get. Do you think she should get out, Carl? I think she should do exactly what she wants to do. I mean, look, we've had three contests or four, if you if you, you know, if you include Nevada, Virgin Islands, New Hampshire, Iowa, and Nevada. And, you know, it's, you know, we're at the start. She's entitled to do whatever she wants to do. Yeah. What's your thought on that Nikki Haley issue one? Well, I just think that, you know, more than I think it's 50% of Republican voters in Iowa, New Hampshire, didn't vote for Trump. And she's got the donors, the money people are still supporting her and look to be supporting her even after what I see as a predictable loss in South Carolina. Well, that hasn't moved votes in the first few sessions here. But we look forward to covering all of it live. Brett Bair and I will be covering it with our great team here on Saturday night. We'll see what happens in South Carolina. I know you folks will be watching all this very closely as well. Juan Williams, thank you very much. Carl Rove, always great to see you. Thank you, gentlemen. Thank you. So we're going to bring you live to President Biden in California. As soon as he gets in front of that microphone running a little bit behind in Culver City. We'll be right back with more."
7369378238503800110,https://www.tiktok.com/@allanlichtman/video/7369378238503800110,Trump Leads in Swing State Polls!,2024-05-15T23:51:29.000Z,1697,84,110,222,32700,56,,Allan Lichtman,60000,True,US,swing state polls,source,Siena poll,"description, transcript",YES,"The Democrats are in panic mode again over the polls. This time, the cause is the New York Times Siena poll showing Trump ahead in most of the swing states. Well, it's time to calm down. Polls taken six months before an election have zero predictive value, particularly for state polling, when it's very difficult to know who the likely voters are. Don't forget when it comes to actual voting, Democrats are doing far better than the polls to the tune of five, 6% or even more in the special election. For George Santos' old seat, the last poll showed a dead heat the Democrats won by eight points. And also, if Donald Trump is convicted in his New York City fraud trial, that could shake up the polls once again. So forget the polls, forget the pundits."
7412342136789650719,https://www.tiktok.com/@standingwithtrump2024/video/7412342136789650719,InteractivePolls: @natesilver538  with Swing States. 9/8/24 #fyppage #michigan #wisconsin #nevada #northcarolina #arizona #georgia #fpennsylvania #swingstates #fyp #fypシ゚viral #MAGA #trumpsupporters #donaldtrump #trump #donald #trumpsquad2020 #trumpsupporter #trumpsquad #trump2024🇺🇸 #trumptrain #votered #vote #voteredtosaveamerica #makeamericagreatagain🇺🇸❤️ ,2024-09-08T18:33:27.000Z,231,1,14,0,6501,,"fyppage, michigan, wisconsin, nevada, northcarolina, arizona, georgia, fpennsylvania, swingstates, fyp, fypシ゚viral, maga, trumpsupporters, donaldtrump, trump, donald, trumpsquad2020, trumpsupporter, trumpsquad, trump2024🇺🇸, trumptrain, votered, vote, voteredtosaveamerica, makeamericagreatagain🇺🇸❤️",Stand with Trump,515,False,US,swing state polls,source,538,description,YES,
7430967157850246430,https://www.tiktok.com/@hunteralexanderhowell/video/7430967157850246430,#newyork #nyc #ny #usa🇺🇸 #usa_tiktok #newyorkcity ,2024-10-28T23:08:01.000Z,23000,1753,1167,1477,293000,71,"newyork, nyc, ny, usa🇺🇸, usa_tiktok, newyorkcity",Hunter Howell💜,143100,False,US,swing state polls,generic_only,,transcript,YES,"Breaking fucking news this state behind me New York is a swing state this election I know the media won't cover it very much But if this is your sign to have some hope and go out and vote and maybe flip, New York Right if that's what you want to do do it because it is so possible And before you come at me and get all mad Let me just say the Kamala campaign has done it to herself When she first declared that she was going to be the nominee or when the the machine declared her right I should say Um, she was on joy on good vibes on positivity a new way forward had a huge boost in the polls And she could have rode that momentum by just coming out with new policies by taking some accountability By distancing herself from Biden or she did none of those things Once the joy ride ended it immediately went to I'm not Trump. I'm not Trump. I'm not Trump She's done terrible in every interview She's been in um, and no one really trusts her or believes her cuz like everyone's like, okay, we're sick of this shit We know you're not Trump. Who are you and instead of coming out and standing for something? She was running her whole campaign on running against not being something which isn't gonna work in this election cycle to the point where New York may be red, but you got to go out and vote"
7530665181173665038,https://www.tiktok.com/@elbert6716/video/7530665181173665038,Breaking News: White House Cooking up Immigration Plan! 🌟🏛️ #Trump #Polling #Election2024 #MAGA #Polls #AmericaFirst #foryou #SwingStates #EarlyVoting #foryoupage #fyp #tiktok,2025-07-24T15:07:19.000Z,10,,0,5,265,108,"trump, polling, election2024, maga, polls, americafirst, foryou, swingstates, earlyvoting, foryoupage, fyp, tiktok",Elbert,9333,False,US,swing state polls,generic_only,,"description, hashtags, transcript",YES,"Vice President Harris is going to win a single swing state, I think Trump is going to run the table. New polls out today, more good news of President Trump surging up in Arizona, up in Nevada, up in Georgia, up in North Carolina. Only down by three, get this, in Virginia, right? He should be down by 10, he's down by three. That's now in play. Maine could be in play. Now let's go to Pennsylvania, three polls have that tied. Guess what? 2016 and 2020, all polls were at least four and a half points off Trump's actual vote in Pennsylvania. If it's tied, he's up by four, three polls have it tied. Another poll's got him tied in Wisconsin. If Harris and Trump are tied in Wisconsin, Harris is going to lose that. She's going to lose Michigan. Trump is going to run the table. Let me give you more good news in Pennsylvania, you probably didn't know this. In 2020, the Democrats, this is mind-boggling, they had a 600,000 vote discrepancy margin between registered Democrats and registered Republicans in Pennsylvania. They were up plus 600. Four years later, that's cut in half. They're only up 300. 300 more people, 300,000 more people in Pennsylvania have registered as Republicans than they were in 2020. So the gap went from 600,000 to 300,000. It's a stunning number. Let me give you another number on mail-in ballots. You guys are doing great voting early, thank you, on mail-in ballots. Right now, Harris is 35% behind where Biden was in mail-in ballot applications in Pennsylvania. They are about 360,000 mail-in ballot applications short today of where they were in 2020. Nothing is working right now for the Harris campaign. She went to Pittsburgh yesterday, she made another fool of herself."
7433810237448015137,https://www.tiktok.com/@alonde.studty782/video/7433810237448015137,Megyn Kelly details new 2024 polls showing Trump crushing the swing states in one poll,2024-11-05T22:25:00.000Z,65,3,7,2,1740,67,,alonde.studty782,11000,False,US,swing state polls,generic_only,,"description, transcript",YES,"Shifting gears over to the Atlas Intel polling, which was the most accurate pollster last time around, four years ago. In its latest polling of those exact same battleground states we just went through, former President Trump is ahead in all seven. Can you believe this shit? Is your head ready to explode? Yes, Atlas has Trump up in Nevada, in North Carolina, in Wisconsin, in Georgia, in Pennsylvania, in Michigan, and in Arizona. The race is close in all of those states, except Nevada and Arizona, where Atlas says he's up by six. All of this is to say, polls are polls. There have been dramatic swings. There will be a lot of hand-rigging today and tomorrow. The only thing you can do about it is vote if you haven't already, and go to sleep tonight knowing no one knows anything about anything. No one knows anything about anything on these polls. Do not believe the polls. Just vote, okay, just vote, and stop worrying about these horse race numbers, which at this point have very low credibility. And when you vote, I urge you to vote for Donald Trump. I urge you to vote for Donald Trump."
7434041037049449771,https://www.tiktok.com/@thegreatvortex/video/7434041037049449771,"The polls are still reporting, the votes are leaning towards Trump victory in those key states #usa🇺🇸 #president #election #vote #election2024 #republican #democrat ",2024-11-06T05:56:13.000Z,7,,0,1,1067,,"usa🇺🇸, president, election, vote, election2024, republican, democrat",thegreatvortex,2526,False,US,swing state polls,generic_only,,description,YES,
7608774700835065095,https://www.tiktok.com/@backupgovernor/video/7608774700835065095,"📈 THE POLLS ARE IN: TRUMP'S APPROVAL RISING! 📈 The same pollster that accurately predicted Donald Trump’s 2024 swing-state sweep has released a brand-new survey—and the numbers are historic. According to the latest data, President Trump’s current approval rating now actually EXCEEDS his 2024 margin of victory! 🇺🇸 Despite the media noise, the data shows that more Americans are getting behind the President’s agenda now than on Election Day. The momentum is growing! 🚀 What do you think is driving this surge in support? Sound off in the comments! 👇 #Trump2026 #ApprovalRating #PollingData #SwingStateSweep",2026-02-20T02:51:58.000Z,0,,0,0,0,,"trump2026, approvalrating, pollingdata, swingstatesweep",GOVERNOR,88,False,NG,swing state polls,generic_only,,description,YES,
7570817861896129847,https://www.tiktok.com/@if46518q/video/7570817861896129847,BREAKING: Harris Leads in 4 Swing States in New Fox News Poll — Could Trump Be in Trouble? #KamalaHarris #Trump #Polls #Election2024 #SwingStates #BreakingNews #fyp #foryou #fypシ #harryjsisson,2025-11-09T20:00:19.000Z,77,1,11,8,942,66,"kamalaharris, trump, polls, election2024, swingstates, breakingnews, fyp, foryou, fypシ, harryjsisson",if46518q,26500,False,US,swing state polls,source,Fox News Poll,"description, hashtags, transcript",YES,"We have some breaking news. New polling was just released on Kamala Harris versus Donald Trump, and it is really bad for Trump. So the poll is from Fox News, and it's a favorability rating poll, and it has four different swing states. So number one in Wisconsin, Kamala Harris is leading by two points at 49 percent. Trump has 47 percent. In Pennsylvania, Kamala Harris is leading by three points. She has 49 percent. Trump has 46. In Minnesota, Kamala Harris has 51 percent. Donald Trump has 43. And then in Michigan, she has a 10 percent boost over Donald Trump at 57 percent. He has 47 percent. Now, this is not a typical who are you going to vote for poll. This is more of like who do you like better. But Kamala Harris being liked in all these very important states is huge. And this is also important because if Vice President Kamala Harris wins all of these states and the traditionally Democratic states, she wins. She becomes the next president of the United States. So these polls are really bad news for Donald Trump. And Kamala Harris has only been in this race for a week, and she's already doing that well. Something is brewing in the country."
7422659430577212704,https://www.tiktok.com/@electrictimenews/video/7422659430577212704,"Part 1 TRUMP SURGES, Leads In ALL 7 Swing States! (2024 Election Map Projection)#2024 #election #breakingnews #news #politics #democracy #trump #harris #trump2024 #foryou ",2024-10-06T13:49:41.000Z,33000,1906,1645,1624,735800,179,"2024, election, breakingnews, news, politics, democracy, trump, harris, trump2024, foryou",Electric Time News,45600,False,US,swing state polls,source,"Quinnipiac, Rasmussen",transcript,YES,"New polls show Donald Trump leading in every single swing state. He is on track to crush Kamala Harris in next month's election. And today we're going to be taking a look at the 2024 electoral map based on the newest poll from every single state. And we're going to fill in the map based on poll closing order going from east to west. So you guys can see how the map will actually color in red and blue on election night. We'll begin at 7 p.m. Eastern time where voting will end in six states across the eastern half of the country. Together they make up 60 electoral votes. And the most competitive of these states is Georgia, a state that went to Joe Biden in 2020. But today Donald Trump is on track to win the Peach State by a whopping five points, according to the most recent poll. And this poll was conducted by Quinnipiac, which is one of the most left-leaning pollsters out there. On average, Trump leads by 1.5%, and there's no doubt the former president is going to win Georgia back. Biden's victory here in 2020 was an anomaly, and it is not going to happen again for Kamala Harris. Trump has led in the polling average here since last month. And so Georgia, the first state we're going to fill in on our map, is going to be lean red. Next up in Virginia, Kamala Harris's performance here has been abysmal. She leads by just 3% in the most recent Rasmussen Reports poll, and Rasmussen has been one of the most accurate pollsters out there. On average, Harris is ahead by 4.8%, less than half of Biden's 10-point margin of victory in 2020. This race is starting to tighten. It's only going to get more competitive from here, and Trump definitely has a shot of winning a state no Republican has won since 2004. And so Virginia is going to be lean blue on our map, and is currently more competitive than Georgia based on the polling. And then the remaining states are going to be pretty solid for one candidate or the other. Trump will easily win Indiana, Kentucky, and South Carolina, while Harris will carry Vermont. And so after the first poll closings of the night, Trump will lead with 44 electoral votes, Harris trails with just 16. Next up at 7.30pm, voting will end in three states. North Carolina is going to be the most competitive of the trio. It's a state Trump won narrowly in both 2016 and 2020. And today in 2024, he is on track to win it again. According to the most recent Emerson College poll, the former president holds a one-point lead. But he's also led in all five of the five most recent polls conducted here. And looking at the spread of recent surveys, we have 14 new polls from North Carolina. Kamala Harris leads in just two of them. Her performance here has been terrible compared to Joe Biden, who is leading in 2020 at this point. Hillary Clinton also led in North Carolina at this point in 2016."
7417120788295290142,https://www.tiktok.com/@zak.kimball/video/7417120788295290142,Who’s winning in the polls?? 9/21 #election #election2024 #kamalaharris #trump #maga #voteblue #poll ,2024-09-21T15:37:01.000Z,20500,369,883,951,361200,184,"election, election2024, kamalaharris, trump, maga, voteblue, poll",Zak Kimball,363900,False,US,trump vs harris polls,generic_only,,"description, hashtags, transcript",YES,"Let's see who's winning in the polls nationally and in every battleground state. I haven't done this in three weeks, so let's see how the numbers today align with the numbers from back then. Let's start nationally, where Kamala Harris has a 2.8% lead on average. Three weeks ago, she had a 3.2% lead on average, so she's lost 0.4 points. A 0.4% difference in polling is essentially inconsequential, so the race is the same as it was nationally. Now let's go to Pennsylvania, the most consequential battleground state, where Kamala Harris holds an average of a 1.4% lead. This was 1.2% three weeks ago, so another one where there's really no difference between now and then. Next up from the Rust Belt is Michigan, where Kamala Harris has an average 2.7% lead. It was 2.4 three weeks ago, so she's gained 0.3%, another one where really nothing has changed. Now we round out the Rust Belt in Wisconsin, where things actually have changed. Kamala Harris has a 1.8% average lead, but three weeks ago, it was 3.2%. That's a 1.4% difference, and in a battleground state, that is not great. I don't know exactly why this shift is happening, but my assumption is that it's because Kamala Harris is not effectively communicating on the economy. Now we go to Georgia, where the story is the same as Wisconsin. Trump has an average 1% lead. Three weeks ago, Kamala Harris had an average 0.5% lead, so she's lost a 0.5 here. I'm going to assume the same story for Georgia. Kamala Harris just needs to get better at communicating. We'll stay in the South for a second and look at North Carolina, where Donald Trump has a 0.1% lead. He had a 0.4% lead three weeks ago, so she's gained 0.3%, another sort of inconsequential number. Nothing's really changed. Now we go out to the Sun Belt, and we'll start in Arizona, where Trump has a 0.5% lead. Three weeks ago, Kamala Harris had a 0.2% lead, so this has shifted about 0.7%. Still relatively inconsequential. Arizona is one of those states where the polls are jumping back and forth. There's really no conclusive evidence that either candidate has an edge here. And last is Nevada, where Kamala Harris has a 0.7% lead, and she had a 0.7% lead three weeks ago as well, so this hasn't shifted at all despite a lot of high-quality polling coming out. If the polls from today were to play out in the electoral map, this is how it would look. Kamala Harris would win 276 to 262. But if we compare this against three weeks ago, Kamala Harris had a much bigger win back then, 303 to 235. She went from plus 68 to plus 14. That's a pretty bad swing. But here's the thing. Polling, especially at this stage, is relatively unreliable. We're really looking for consistency, and when you don't find it, which we're not finding in a number of these states, you kind of have to assume that polling will be off by about 3% or so. That's how it's gone in the past kind of four election cycles. So let's say, hypothetically, Trump is underestimated by 3%. This is what the electoral map would look like. It would be a very substantial win for Donald Trump. However, there is a good chance that because of the increased enthusiasm and favorability of Kamala Harris that she's being underrepresented. So let's give her three points and see how that changes the electoral map. A very substantial win for Kamala Harris. So, as it stands today, this would be a very close race. But as you can see, if the polling is just a little bit wrong, this race could flip from a Trump landslide to a Kamala Harris landslide or anywhere in between. This is just where the polls have us today. Let's see where we are next week."
7433114866887429419,https://www.tiktok.com/@nbcnews/video/7433114866887429419,A new Des Moines Register poll shows Kamala #Harris with a slight edge over Donald #Trump among #Iowa voters. @steve01450 #Kornacki explains what he’ll be watching in similar non-battleground states.,2024-11-03T22:30:00.000Z,452500,6417,13815,7491,11400000,38,"harris, trump, iowa, kornacki",nbcnews,11200000,True,US,trump vs harris polls,generic_only,,"description, transcript",YES,"The fact of this poll catching everybody's surprise raises a reality. We have not seen much polling outside of the core battleground states this entire campaign. We've just assumed, both parties have assumed, there's not much to see there. But if there is, where else could you look? I'll give you one to look at early on election night, and it's New Hampshire. Polls closed mostly at 7 o'clock. Biden won this by seven. 2016, though, this was the closest state that Clinton won, that she came the closest to losing. Look at that, a 3,000-vote margin. J.D. Vance is in New Hampshire today for the Trump campaign. This could be an early test if, in general, things are happening outside the battleground we haven't been talking about."
7423012861061926175,https://www.tiktok.com/@davidgokhshtein/video/7423012861061926175,"CNN’s Harry Enten breaks down what the Electoral College could look like if the polls are off like they were in 2020 and 2016: Jessica Dean: “What if the polls are wrong again?” Harry Enten: “In both 2020 and 2016, the polls underestimated Donald Trump. If that happens again, Trump takes the Great Lakes battleground states, plus NV, AZ, GA, and NC. He’d end up with 312 electoral votes. Bottom line: If we see a repeat of 4 years ago, Trump wins the election, and Kamala Harris loses.”",2024-10-07T12:41:40.000Z,19900,1219,1294,869,469400,37,,David Gokhshtein,476000,True,US,trump vs harris polls,generic_only,,"description, transcript",YES,"What if the polls are off? There have been previous elections, of course, where that's happened. What if that happens? What happens if the polls are slightly off? Remember, back in 2020, the polls underestimated Donald Trump. So what happens if we have a similar error across those key battleground states? Well, if that happens again, look at this. Donald Trump carries all of these great, like, battleground states. He carries Nevada as well. Of course, he carries Arizona, Georgia, and North Carolina. And he gets, to get this, 312 electoral votes. So the bottom line is, if we have an error like we did four years ago, Donald Trump is going to win this election. Kamala Harris is going to lose."
7428217421653151008,https://www.tiktok.com/@mediastouchusa/video/7428217421653151008,Part 1 TRUMP vs HARRIS | The 2024 Presidential Map If It Were Held RIGHT NOW!#electionprediction #election #news #breakingnews #trump2024 #harris #politics #fyp ,2024-10-21T13:17:32.000Z,862,16,97,78,111600,164,"electionprediction, election, news, breakingnews, trump2024, harris, politics, fyp",Election Predictions,31400,False,US,trump vs harris polls,source,538,transcript,YES,"We have some huge developments on the 2024 electoral map in the race between Vice President Kamala Harris and former President Donald Trump, so let's break down what the election could look like if it were decided today. Right now, Trump has the momentum, and in tight races like this, momentum is crucial. Given the uncertainty surrounding this year's electoral college bias, national polls don't hold as much weight. Most forecasts suggest that Harris would likely need to win the popular vote by at least 2 to 4 points to have a solid chance at reaching 270 electoral votes. Currently, her lead is at 2.2%, which is on the lower end of that gray area. Ultimately, the only thing that truly matters is that there are 538 electoral votes up for grabs on the 2024 electoral college map, with 270 needed to win the presidency. As is always the case with the electoral system, most states have been largely ignored this cycle because their outcomes are already a foregone conclusion. According to the latest Decision Desk HQ forecast, seven states are currently classified as toss-ups, meaning they could go either way. Additionally, three more states fall within the lean category, where the race is close, but one candidate holds a slight edge. The remaining 40 states and the District of Columbia each have more than an 80% chance of voting in a particular direction, effectively leaving them out of the calculus for either candidate to reach 270. These toss-ups are the seven states where Harris and Trump are going to direct pretty much all of their time and resources from now leading up to November 5th. Starting with our first toss-up state, Nevada, Republicans are in a stronger position to flip the silver state than they've been in over two decades. Remember, Trump lost Nevada by 2.4% to Hillary Clinton, and then by the same margin to Joe Biden in 2020. This indicates that the state shifted to the right relative to the nation since Biden won the national popular vote by a larger margin than Clinton. In 2022, Republican Joe Lombardo flipped the governor's office, and for the first time in decades, Republicans secured more votes for the U.S. House across Nevada's four congressional districts. These pro-Republican trends continued into 2024 when Biden was still in the race, with the final polling average showing Trump ahead by nearly six points. However, since Harris took over the Democratic ticket, she's led Trump by 0.2%, a margin that's been holding since late August, though it has gradually narrowed. Still, you have to give it to Kamala Harris here. It's a pretty remarkable turnaround from what the polls looked like for Democrats three short months ago. Based upon these polls showing Harris narrowly in front, we'll shift Nevada into the tilt Democrat category on our Electoral College map. Southeast of Nevada lies Arizona, the second closest contest in the 2020 election."
7554832533762870542,https://www.tiktok.com/@fgcd.yddy/video/7554832533762870542,Roanoke College just released a new poll yesterday showing the race between Trump and Harris within the margin of error. This is HUGE since they’re known for oversampling Dems in both the 2016 and 2020 races. #Election2024 #Poll #Polling #Trump #Harris  Keep up to date with all the latest Trump news at Trump Nation News: https://www.trumpnationnews.com/ Be prepared for your NEXT CRISIS! Get your Medical Emergency Kit from The Wellness Company here: twc.health/godzilla  John Fredericks listeners save 10% with code GODZILLA,2025-09-27T18:09:07.000Z,172,4,14,14,39200,63,"election2024, poll, polling, trump, harris",Fgcd Yddy,10800,False,US,trump vs harris polls,generic_only,,"description, hashtags, transcript",YES,"Hey, we've got a shock poll coming out of Virginia. This thing is huge. I was chairman of the Trump campaign in Virginia in 2016 and 2020. Roanoke College puts out a poll during the fall, during, before and after primaries. They're noted for oversampling Democrats in Northern Virginia. In fact, when I was chairman there and I knew the poll was coming out, I spent two days going to have press conferences around the state, discrediting it because I knew it was going to show Hillary up by 25, Biden up by 50, because they oversampled the Dems. That's what they do. It's a narrative type poll, totally liberal left-wing poll. Just came out yesterday showing the race essentially within the margin of error tied between Harris and Trump in Virginia, 47 Harris, 44 Trump. You've got to add five or six to this immediately because they oversampled the Democrats in Northern Virginia. This means that Trump is actually ahead in reality in Virginia. This is a shock poll of all time. I don't think it's an outlier either because I've seen a couple of these now close in the gap. Here's the bottom line. If, if the Trump campaign can."
7417537164562402590,https://www.tiktok.com/@facethenation/video/7417537164562402590,"Our new CBS News poll finds Vice President Kamala Harris is up four points nationwide over former President Donald Trump. With interest rates and gas prices on the decline, she's aided in part by some improvement in views of the economy. But across the battleground states that will likely decide the election, Harris is up by a slimmer margin of two points. #vote #2024 #election #trump #harris ",2024-09-22T18:32:44.000Z,15800,667,872,3440,851200,27,"vote, 2024, election, trump, harris",Face The Nation,845000,True,US,trump vs harris polls,generic_only,,"description, transcript",YES,"Our new CBS News poll, which finds Vice President Harris up four points nationwide over former President Donald Trump. With interest rates and gas prices on the decline, she's aided in part by some improvement in views of the economy. Across the battleground states that will likely decide this election, Harris is up by a slimmer margin of two points. So this remains a contest that either candidate can win."
7409860796773059872,https://www.tiktok.com/@wwofficial47/video/7409860796773059872,#KamalaHarris #Trump #Polls2024 #ElectionUpdate #HarrisSurge #PoliticalNews #HarrisVsTrump #ElectionPolls #KamalaHarris2024 #Trump2024 #PollResults #ElectionBuzz #HarrisLead #PollUpdate #Election2024 #PoliticalTrends #HarrisCampaign #TrumpPolling #VoterTrends #PoliticalUpdate #Harris2024 #TrumpVsHarris #ElectionInsights #HarrisVsTrump2024 #PollsAndTrends #PoliticalDiscussion #HarrisLead2024 #TrumpVsHarris2024 #ElectionNews2024 #KamalaVsTrump #PollHighlights #Harris2024Campaign #TrumpCampaign2024 #ElectionForecast #PoliticalAnalysis #HarrisSupporters #TrumpSupporters #VoterSentiment #PollImpact #PoliticalEngagement #HarrisNews #Trump2024Campaign #PollsUpdate #HarrisVictory #ElectionImpact #TrumpVsHarrisPoll #KamalaHarrisLeading #PollData #ElectionCampaign2024 #HarrisTrumpRace #TrumpVsHarris2024Update #PoliticalCommentary #KamalaHarrisUpdates #PollResults2024 #HarrisForPresident #TrumpVsHarris2024Poll #Election2024Update #PoliticalInsights2024 #HarrisLead2024Update #TrumpVsHarrisNews #Polls2024Update #KamalaHarris2024Lead #ElectionTrends2024 #HarrisCampaign2024 #TrumpPolling2024 #PollResults2024Update #HarrisVsTrump2024Analysis #ElectionForecast2024 #PoliticalBuzz2024 #KamalaHarrisFor2024 #TrumpVsHarrisInsights #PollData2024 #ElectionImpact2024 #HarrisVsTrumpNews2024 #TrumpVsHarrisRace2024 #PollHighlights2024 #HarrisUpdates #TrumpVsHarris2024Update #Election2024Trends #KamalaHarrisUpdates2024 #PollsAndInsights #HarrisPolling #TrumpCampaignUpdates #ElectionCoverage2024 #KamalaHarrisForPresident2024 #PollTrends #HarrisVsTrump2024Polling #Trump2024Update #PoliticalNews2024 #ElectionCampaignUpdate #Harris2024Updates #PollInsights #TrumpPolling2024 #HarrisLead2024Update #ElectionBuzz2024 #KamalaHarrisVsTrump #PollTrends2024 #TrumpVsHarris2024Polling #ElectionNews2024Update #HarrisCampaignUpdates #PoliticalEngagement2024 #HarrisPolling2024 #TrumpVsHarrisInsights2024 #ElectionResults2024 #KamalaHarris2024Updates #PollData2024Update #TrumpVsHarrisRace2024 #ElectionImpact2024 #KamalaHarrisLeading2024 #PollResultsUpdate2024 #HarrisVsTrumpPolling2024 #TrumpCampaign2024Update #PoliticalUpdates #HarrisVsTrumpUpdate #ElectionTrends2024 #KamalaHarrisSupport #PollTrends2024Update #TrumpVsHarris2024News #HarrisLead2024Update #Election2024Insights #KamalaHarris2024Polls #TrumpPollingUpdates #HarrisFor2024 #ElectionCoverage2024Update #PollResults2024Analysis #TrumpVsHarris2024Update #PoliticalTrends2024 #HarrisUpdates2024 #ElectionBuzz2024Update #KamalaVsTrump2024  ,2024-09-02T02:05:18.000Z,174,4,9,9,2165,53,"kamalaharris, trump, polls2024, electionupdate, harrissurge, politicalnews, harrisvstrump, electionpolls, kamalaharris2024, trump2024, pollresults, electionbuzz, harrislead, pollupdate, election2024, politicaltrends, harriscampaign, trumppolling, votertrends, politicalupdate, harris2024, trumpvsharris, electioninsights, harrisvstrump2024, pollsandtrends, politicaldiscussion, harrislead2024, trumpvsharris2024, electionnews2024, kamalavstrump, pollhighlights, harris2024campaign, trumpcampaign2024, electionforecast, politicalanalysis, harrissupporters, trumpsupporters, votersentiment, pollimpact, politicalengagement, harrisnews, trump2024campaign, pollsupdate, harrisvictory, electionimpact, trumpvsharrispoll, kamalaharrisleading, polldata, electioncampaign2024, harristrumprace, trumpvsharris2024update, politicalcommentary, kamalaharrisupdates, pollresults2024, harrisforpresident, trumpvsharris2024poll, election2024update, politicalinsights2024, harrislead2024update, trumpvsharrisnews, polls2024update, kamalaharris2024lead, electiontrends2024, harriscampaign2024, trumppolling2024, pollresults2024update, harrisvstrump2024analysis, electionforecast2024, politicalbuzz2024, kamalaharrisfor2024, trumpvsharrisinsights, polldata2024, electionimpact2024, harrisvstrumpnews2024, trumpvsharrisrace2024, pollhighlights2024, harrisupdates, trumpvsharris2024update, election2024trends, kamalaharrisupdates2024, pollsandinsights, harrispolling, trumpcampaignupdates, electioncoverage2024, kamalaharrisforpresident2024, polltrends, harrisvstrump2024polling, trump2024update, politicalnews2024, electioncampaignupdate, harris2024updates, pollinsights, trumppolling2024, harrislead2024update, electionbuzz2024, kamalaharrisvstrump, polltrends2024, trumpvsharris2024polling, electionnews2024update, harriscampaignupdates, politicalengagement2024, harrispolling2024, trumpvsharrisinsights2024, electionresults2024, kamalaharris2024updates, polldata2024update, trumpvsharrisrace2024, electionimpact2024, kamalaharrisleading2024, pollresultsupdate2024, harrisvstrumppolling2024, trumpcampaign2024update, politicalupdates, harrisvstrumpupdate, electiontrends2024, kamalaharrissupport, polltrends2024update, trumpvsharris2024news, harrislead2024update, election2024insights, kamalaharris2024polls, trumppollingupdates, harrisfor2024, electioncoverage2024update, pollresults2024analysis, trumpvsharris2024update, politicaltrends2024, harrisupdates2024, electionbuzz2024update, kamalavstrump2024",wwofficial47,922,False,US,trump vs harris polls,generic_only,,transcript,YES,"The 2024 presidential race is heating up, and the latest polls show a surprising shift in the political landscape. In recent surveys, Vice President Kamala Harris has taken the lead over former President Donald Trump in both head-to-head and multi-candidate matchups. Harris is now ahead by over five points in several key polls, including a Wall Street Journal survey that has her leading Trump 48 percent to 47 percent. This is the first time in over a year that Trump has trailed in a journal poll. Analysts say this polling shift could have major implications for the upcoming election and the future direction of the country. Harris has made gains among crucial voter demographics like women, minorities and younger Americans. With the momentum seemingly on the Democrats' side, the race for the White House in 2024 is shaping up to be an intense and historic battle. Stay tuned for more updates as this story continues to unfold."
7397778348547558662,https://www.tiktok.com/@jupiter_real_news/video/7397778348547558662,"Recent polls show a tightly contested race between former President Donald Trump and Vice President Kamala Harris as they vie for the presidency in the upcoming 2024 election. The latest survey data reflects a divided electorate, with both candidates garnering significant support from their respective bases. #usaelection2024 #kamalaharris #donaldtrump #joebiden #jupiternews #BreakingNews #latestnews ",2024-07-31T12:38:19.000Z,1400,100,111,110,206700,78,"usaelection2024, kamalaharris, donaldtrump, joebiden, jupiternews, breakingnews, latestnews",Jupiter_real_news&stories,10700,False,KE,trump vs harris polls,source,Morning Consult,"description, transcript",YES,"Vice President Harris, it looks like, has closed the gap or taken the lead over Donald Trump in every swing state, according to the latest Bloomberg and Morning Consult poll. The new numbers show competitive races in all seven battleground states among registered voters. In Arizona, Harris now leads by two points, after Trump led President Joe Biden by three points there in a survey that was taken earlier this month. In Georgia, the polls show that the race is tied, after Trump led by a single point in the previous survey. In Michigan, Harris now leads Trump by 11 points. That's double digits, a six-point improvement on Biden's previous numbers. In Nevada, Harris has raised a three-point lead for Trump and turned that into a two-point lead of her own. She also trails by just two points in North Carolina. She's also cut Trump's lead from seven points to four points in Pennsylvania. And in Wisconsin, the poll shows Harris leading by two points, after Biden led there by three points previously. We should note that, with the exception of Michigan, every state's result is within the margin of error. Harris' lead in Michigan also varies from other polls, by the way, that have been taken since Biden exited the race, but they are kind of extraordinary numbers and show a big swift pretty fast."
7433441445450730798,https://www.tiktok.com/@cnn/video/7433441445450730798,"The latest poll from the Des Moines Register and Mediacom shows Vice President Kamala Harris holding 47% to former President Donald Trump’s 44% among likely voters in the final Iowa Poll before Election Day. CNN's Anderson Cooper discusses the poll and Trump's reaction to it with respected pollster J. Ann Selzer, who conducted the poll.",2024-11-04T15:09:26.000Z,61400,1387,2633,5865,2800000,59,,CNN,14400000,True,US,trump vs harris polls,generic_only,,"description, transcript",YES,"That surprising new poll out of Iowa, it shows Vice President Harris up three points over the former president, 47% to 44%. Now that number is still within the margin of error, so there's no clear leader. Former president attacked the pollster and said the poll was intentionally skewed to favor Harris. I got a poll, I'm 10 points up in Iowa. One of my enemies just puts out a poll, I'm three down. Why do they announce a poll that's highly skewed toward Democrats and liberals? Why do they do that? When you read it, they interviewed far more Democrats than they did Republicans. Why do they do that? Why do they do that? When former president Trump says we interviewed more Democrats, well, that's what came out of our data. We did nothing to make that happen. The best news I can deliver is my best shot at what's true. Because then you know what you're working with, and you can make adjustments as you need to. But I can't see that there's any advantage to me or my career in messing with the numbers to make it look a particular way."
7395775310593035552,https://www.tiktok.com/@electrictimenews/video/7395775310593035552,2024 Election Map Based On NEWLY RELEASED POLLING AVERAGES | Harris vs Trump#2024 #electiontime #breakingnews #news #politics #fyp #foryou #trump2024 #map #trump #harris ,2024-07-26T03:06:10.000Z,6745,100,400,448,692700,179,"2024, electiontime, breakingnews, news, politics, fyp, foryou, trump2024, map, trump, harris",Electric Time News,45600,False,US,trump vs harris polls,generic_only,,"description, transcript",YES,"Texas could be solid, but it is probably more likely that it falls into the likely range. We also have the second district of Nebraska, which will be lean Republican. Donald Trump is favored to win that district back, while Alaska is a solid red state, Hawaii solid blue, and we're now going to move on to the Midwest, which is probably the most important region in the country, and we have quite a few polling averages for many of the key states in the region. We're going to begin with Minnesota, which we're going to give Kamala Harris as a lean blue state. We're going to give her the benefit of the doubt, as we don't currently have a polling average, and it's a state the Democrats haven't lost in 52 years. However, if Donald Trump was running against Joe Biden still, he probably would have been able to win the state of Minnesota, but considering that the incumbent president has dropped out, Democrats are in slightly better shape in Minnesota, despite the state continuing to shift to the right. Iowa, though, is going to be a solid red state. Donald Trump won it by 8 points in 2020, 9 points in 2016, even though Obama carried it by 6 in just 2012. So Iowa has taken a pretty dramatic shift to the right over the last 8 years, and there's no doubt that Trump is going to expand upon his 2020 margin and make Iowa safe red this November. We're now going to move up to Wisconsin, which is going to be more competitive and arguably significantly more important. The states of Wisconsin, Michigan, and Pennsylvania are essentially make or break for Harris. She has to win nearly all 3 of these states if she wants to have a shot at getting over 270 electoral votes. For Trump, though, as long as he wins just one out of these 3 states, if he wins Michigan, it is basically over for the vice president. And so looking at the polling we're seeing right now in Wisconsin, Donald Trump currently leads by 1.8% on average, based on the 5 most recent polls. Looking at what we've been seeing over the last few weeks, 2 polls from July showed Trump ahead by 1%. However, a poll from May had the former president leading by 8. Now this margin may not seem that impressive, but Wisconsin is a state where polls have consistently overestimated Democrats. In the 2020 election, Joe Biden was supposed to win Wisconsin by 7%. He eventually won it by just 0.6, not even 1 tenth of the margin he was predicted to win by. And so the fact that Trump is ahead here is a pretty big deal. Wisconsin will be lean Republican on our map. Illinois, though, is going to be solid blue. Kamala Harris is definitely favored here. The margin could be under 12%, but we're just going to have to wait and see. While Indiana is, of course, solid Republican, and Ohio as well. This is J.D. Vance's home state."
7433504848303377710,https://www.tiktok.com/@cnbctv18/video/7433504848303377710,Harris leaps ahead of Trump in new Iowa presidential poll just days before election #@HARRIS 2024 @DonaldTrumpSupporters2024 #fyppppppppppppppppppppppp #fy #fypシ #fyp #viralvideo #love #trending #for #trump2024🇺🇸 #harris2024🇺🇸💙 #trend #shorts ,2024-11-04T19:15:29.000Z,733,33,59,24,31100,152,"fyppppppppppppppppppppppp, fy, fypシ, fyp, viralvideo, love, trending, for, trump2024🇺🇸, harris2024🇺🇸💙, trend, shorts",BREAKING NEWS,675,False,US,trump vs harris polls,generic_only,,"description, transcript",YES,"This just in this evening, Vice President Kamala Harris now leads former President Donald Trump in the latest presidential poll for Iowa. The nationally recognized Des Moines Register MediaCom poll shows Harris now has a three-point advantage over Trump, which is a seven-point swing from back in September when the same poll showed Trump leading Harris by four points. Now in June, Trump held an 18-point lead over President Biden. TV6's Iowa Political Director Dave Price has more. This new poll is getting so much attention across the country because Donald Trump won the state of Iowa so easily the last two presidential elections. So much so that Iowa was not considered a swing state in 2024. But if this poll holds true on election day, Iowa is once again a battleground state. We have work to do, but we like hard work. Kamala Harris is not Joe Biden. And this presidential race has changed significantly since she replaced Biden as the Democrats' presidential nominee. We want to protect the women of our country. The Des Moines Register Iowa poll shows that women are turning away from Trump and leading Harris' surge in the state. Independent women are breaking late for Harris, giving her a 28-point advantage with them over Trump. And women 65 and older, they favor Harris by 35 percent. Independents overall supported Trump the past two presidential elections in Iowa, but this poll shows them picking Harris instead by 7 percent. Harris is also better with her own party. 97 percent of Democrats support her, while 89 percent of Republicans support Trump. We close with two other quick points. If this surge is real, it could help Democrats in the close first and third congressional districts, plus the neck-and-neck battles in some of those statehouse legislative districts. And it could also show Republicans, Independents, and other undecideds that Harris could win. So that could also then bring more support her way. However, this is just one poll. And as Iowa's former Governor Terry Branstad famously said, the only poll that really matters is the one on Election Day. In Des Moines, I'm Dave Price."
7431924730287951136,https://www.tiktok.com/@mediastouchusa/video/7431924730287951136,Part 1 HARRIS vs TRUMP | 2024 Election Map Prediction (1 WEEK AWAY!)#election #news #breakingnews #politics #trump2024 #donaldtrump #harris #fyp ,2024-10-31T13:03:47.000Z,522,4,52,33,56600,179,"election, news, breakingnews, politics, trump2024, donaldtrump, harris, fyp",Election Predictions,31400,False,US,trump vs harris polls,generic_only,,transcript,YES,"Election night is less than a week away. Today, I'll give you my latest predictions for each state as their polls close on November 5th, breaking it down hour by hour. Back in the 2020 cycle, my final prediction correctly picked outcomes in 49 of 50 states. Starting at 7 p.m. Eastern Time, the polls will close in six states. We'll start in Indiana and Kentucky. These are solid states for former President Trump. He carried Indiana by 16 points in 2020 and Kentucky by 25. He should also carry South Carolina by a double-digit margin. While not quite as deep red as many other deep south states, it did vote for Trump by roughly 12 percentage points in 2020 and hasn't gone blue since 1976. As for Vice President Harris, she'll easily win Vermont, arguably the bluest state in the nation. Our two remaining states, Virginia and Georgia, are both more competitive. Joe Biden won Virginia by 10 points in 2020, but this year's race is shaping up to be much closer. Before Trump dropped out, polls showed him leading Biden in the real clear polling average. Now with Harris as the nominee, she leads Trump by an average of almost 6 points across the last 5 polls, still underperforming compared to Biden's 2020 margin. And two of these surveys show her leading by only 2 points. Ultimately, Virginia is only a lean blue state on the map right now, downgraded from its likely status entering the cycle. Still, something would have to go terribly wrong for Harris to actually lose Virginia. Now let's head down to Georgia. With its 16 electoral votes, this is one of the 7 key battleground states on the map. It actually went for Biden in 2020 by just 0.2%, the narrowest margin of any state in that election, and marking the first time Georgia had voted for a Democrat since 1992. That win was largely driven by an exceptionally high turnout among black voters, particularly in and around Atlanta, one of the fastest growing and diversifying cities in the country that has attracted significant numbers of young, college-educated, left-leaning voters from other parts of the country in search of job opportunities. Yet fast forward to 2024, and Trump has made notable gains among black voters. If you look at the aggregated polling crosstabs, he's up nearly 20 points with this demographic compared to 2020. Even if Harris only loses half these numbers among black voters, it would still probably prove fatal given how narrow the 2020 race was. In terms of current polling, Trump maintains a lead of around 1.5 points here based on 56 polls since the start of the cycle. That's still firmly within the margin of error, meaning a typical polling miss could still flip the race for Harris. Yet Georgia is also one of the more fundamentally Republican battlegrounds. Its electorate is generally more religious, and thereby socially conservative, which means the..."
7433445766280138015,https://www.tiktok.com/@abcnewslive/video/7433445766280138015,The final ABC News/Ipsos poll shows Vice Pres. Kamala Harris with a three point lead over former Pres. Donald Trump among likely voters.  ABC News’ Rick Klein breaks down the final polls.  #trump #harris #kamalaharris #donaldtrump #president #unitedstates #america ,2024-11-04T15:26:30.000Z,771600,37200,36793,19200,18400000,175,"trump, harris, kamalaharris, donaldtrump, president, unitedstates, america",ABC News Live,2000000,True,US,trump vs harris polls,source,"538, Ipsos","description, transcript",YES,"We're looking at such a close race right now. Kamala Harris up three points in our last ABC News Ipsos poll, 49-46. We put this poll out on Sunday, and then we stayed in the field for an extra day just to see if there was any change whatsoever. Guess what? Exactly the same numbers. No change. Basically where the race has been all along at the national level. In the battleground states, though, we're seeing some interesting churn. We've got our 538 polling averages. We also have the final polling from the New York Times and Siena College, which has been back in the battlegrounds pretty consistently, and it had some surprising results. It had Kamala Harris with a slight edge in both North Carolina and Nevada, and also in Georgia by a single point. Those are essentially must-wins, especially North Carolina and Georgia, for the Trump campaign, not the Harris campaign. So that suggests that she's on offense in some places. Meanwhile, a tied race in both Pennsylvania and Michigan. Those are basically Harris must-wins. So it shows how much these candidates are nervous down the stretch that they're fighting on each other's territory. And at the same time, we've got some interesting polling out of Iowa that's really scrambled expectations. A three-point edge for Kamala Harris in a state Donald Trump carried by eight points. That would be a true upset. There aren't many people that think Trump is going to lose Iowa. But if it's even close, it suggests some real problems that he has, particularly among female voters and older voters. And the gender gap has been a big storyline throughout this campaign. In our ABC Ipsos poll, we have a 16-point gap between men and women. Harris with that 11-point edge among women. Trump up five among men. It gets even bigger, though, if you drill down into some interesting groups. Independents, a 22-point gender gap. And voters under 30, a 45-point gender gap. That's enormous and historically would be very significant. It tells you something about how the campaigns are messaging in the final days. And we have a country that really is on edge and even angry. 74 percent—that's three-quarters of voters—say that we are on the wrong track heading into Election Day. That includes half of all Harris supporters and 98 percent of Trump supporters. Those are the kind of indicators that typically would be very bad for an incumbent party. And that's kind of what Harris is fighting against, because, of course, she's part of the Biden-Harris administration. We've seen an enormous number of people vote already, 78 million votes cast. We've seen a new record set for early in-person voting, although the mail-in voting from last cycle due to COVID still has the early turnout up over that. And it's going to take a long time to count votes like this. And we're going to see different things in different states. To give you an example, North Carolina and Georgia, we're expecting relatively early results from those states, because they say they've got the processes and the laws in place to count pretty efficiently. Pennsylvania says they're going to be faster than last time, but a lot of folks are worried that that could take well into Wednesday to get results. And if we're waiting on places, including Nevada and Arizona, it's likely to take days, given the way that they count the votes. It doesn't mean there's anything wrong. It doesn't mean there's anything to worry about. That's just what state officials say we're likely to expect."
7422104635344817441,https://www.tiktok.com/@electrictimenews/video/7422104635344817441,Part 3 HARRIS IS DONE. Trump CRUSHES Harris In NEW 2024 Election Polls#2024 #election #breakingnews #news #politics #democracy #trump #harris #trump2024 #foryou ,2024-10-05T01:57:18.000Z,94,3,13,9,6458,179,"2024, election, breakingnews, news, politics, democracy, trump, harris, trump2024, foryou",Electric Time News,45600,False,US,trump vs harris polls,generic_only,,"description, transcript",YES,"in victory for the former president in what is probably the most important state on the map. And then with the four Sunbelt states, I will say the polling has generally been more accurate here than it was up north. However, they still definitely do overestimate Democrats. If you look at the polling in Georgia, this is probably the most accurate state out of all the competitive ones in Georgia. Joe Biden was supposed to win by 1.2% in 2020. They missed it by 1%, which honestly is pretty good considering the state of polling right now. Joe Biden eventually won the Peach State by 0.24, becoming the first Democrat to carry Georgia since Bill Clinton in 1992. So they were able to predict the incumbent president's victory here, but they still did overestimate his margin. And looking at just how well Trump is performing today, we have a tie between Harris and Trump. If Trump is underestimated by 1% again, the Peach State is going to remain tilt red. And so again, this is just for illustrative purposes. We're going to come back and fix the map later on in this video. But moving on to North Carolina, this was a state that people were confident that Joe Biden was going to win in the last election. People were surprised really that Georgia went to the incumbent president instead of North Carolina because throughout the entire 2020 cycle, there was not a single point in time where Trump led over Biden. The Tar Heel State was destined to return to the Democrats. They hadn't won this state since 2008. Joe Biden was poised to win. However, the reason he lost was probably Cal Cunningham, the Senate candidate who was exposed for cheating on his wife. His wife left him in October. And that was just a huge scandal that happened in the state. It was basically the October surprise for Democrats in North Carolina. That's probably the biggest reason why Biden lost. The polling overestimated the president by nearly 3%. Trump eventually won North Carolina by 1.3%. Today, it is the only state that's gone to the former president in both 2016 and 2020 out of the seven competitive ones. And for North Carolina, it's pretty unlikely that Trump is going to lose it this time. He's going to win it for the third time in a row. If the polls underestimate him by three points again, he'll be able to win the state by 4%. North Carolina is going to be lean red if we adjust for the previous error. Next up in Nevada, the polling wasn't terrible, but it still did overestimate Biden by three points. According to the data, he was supposed to win by 5.3. Eventually, he defeated Trump in the state by 2.4, the same margin that Hillary Clinton won Nevada by in 2016. When the entire country shifted left from 2016 to 2020, Nevada stayed the same. It was a signal of the state's general trend towards the GOP. In 2022, Nevada elected a Republican governor in a narrow election. And today, Trump has a very good chance at becoming the first Republican to win the silver state since George W. Bush in 2004."
7399791393465453857,https://www.tiktok.com/@wwofficial47/video/7399791393465453857,#KamalaHarris #DonaldTrump #2024Election #NationalPoll #PollingResults #Election2024 #PollUpdate #PoliticalNews #HarrisVsTrump #Polls2024 #PollResults2024 #HarrisLeading #TrumpPolls #NationalPoll2024 #PollingTrends #ElectionLead #PollsAndPolitics #CampaignUpdate #HarrisPollLead #TrumpHarrisPoll #KamalaHarris2024 #HarrisInTheLead #KamalaForPresident #HarrisVictory #KamalaHarrisNews #KamalaHarrisUpdate #HarrisCampaign #HarrisPolling #HarrisForTheWin #Harris2024Lead #DonaldTrump2024 #TrumpCampaign #TrumpPolls2024 #TrumpInThePolls #TrumpVsHarris #TrumpNews #TrumpElection2024 #TrumpPollingUpdate #TrumpLead #TrumpVsKamala #ElectionPolls #ElectionUpdate #CampaignNews #PollingNews #ElectionHeadlines #CampaignTrail #ElectionBuzz #PollingHeadlines #CampaignInsights #ElectionTrends #TrendingPolitics #ViralPolls #ViralElectionNews #PollsTrending #ElectionTrending #TrendingHarris #ViralHarris #PollsBuzz #Election2024Viral #HarrisPollsViral #LivePolls #ElectionUpdates #PollingLive #HarrisLive #TrumpLive #RealTimePolls #PollingNewsLive #ElectionCoverage #LiveElectionUpdates #RealTimeElectionNews #TikTokPolitics #TikTokNews #TikTokPolls #TikTok2024 #TikTokUpdate #TikTokElection #TikTokHarris #TikTokTrump #TikTokTrendingPolitics #TikTokCampaignUpdate #Vote2024 #PoliticalBuzz #PollsAndPolitics #ElectionTalk #HarrisVsTrumpPolls #PollingInsights #ElectionHighlights #HarrisPollNews #ElectionPulse #CampaignBuzz #HarrisLeads2024 #Polls2024Buzz #ElectionDrama #CampaignLead #HarrisPolls2024 #TrumpHarrisRace #PollingBuzz2024 #ElectionRace2024 #HarrisTrumpFaceoff #PollsAndTrends,2024-08-05T22:50:04.000Z,512,5,29,51,4667,61,"kamalaharris, donaldtrump, 2024election, nationalpoll, pollingresults, election2024, pollupdate, politicalnews, harrisvstrump, polls2024, pollresults2024, harrisleading, trumppolls, nationalpoll2024, pollingtrends, electionlead, pollsandpolitics, campaignupdate, harrispolllead, trumpharrispoll, kamalaharris2024, harrisinthelead, kamalaforpresident, harrisvictory, kamalaharrisnews, kamalaharrisupdate, harriscampaign, harrispolling, harrisforthewin, harris2024lead, donaldtrump2024, trumpcampaign, trumppolls2024, trumpinthepolls, trumpvsharris, trumpnews, trumpelection2024, trumppollingupdate, trumplead, trumpvskamala, electionpolls, electionupdate, campaignnews, pollingnews, electionheadlines, campaigntrail, electionbuzz, pollingheadlines, campaigninsights, electiontrends, trendingpolitics, viralpolls, viralelectionnews, pollstrending, electiontrending, trendingharris, viralharris, pollsbuzz, election2024viral, harrispollsviral, livepolls, electionupdates, pollinglive, harrislive, trumplive, realtimepolls, pollingnewslive, electioncoverage, liveelectionupdates, realtimeelectionnews, tiktokpolitics, tiktoknews, tiktokpolls, tiktok2024, tiktokupdate, tiktokelection, tiktokharris, tiktoktrump, tiktoktrendingpolitics, tiktokcampaignupdate, vote2024, politicalbuzz, pollsandpolitics, electiontalk, harrisvstrumppolls, pollinginsights, electionhighlights, harrispollnews, electionpulse, campaignbuzz, harrisleads2024, polls2024buzz, electiondrama, campaignlead, harrispolls2024, trumpharrisrace, pollingbuzz2024, electionrace2024, harristrumpfaceoff, pollsandtrends",wwofficial47,922,False,US,trump vs harris polls,generic_only,,transcript,YES,"In Commitment 2024 an exclusive and new WCVB UMass Amherst poll showing Vice President Kamala Harris with the lead over former President Donald Trump. The survey polled 1,000 people nationwide. 46% said they were leaning toward voting for Harris. 43% were leaning toward Trump. 6% say the same of RFK Jr. In the same poll back in January President Biden trailed Trump by four points when they were asked for the reasons behind their choices. 66% of those supporting Harris said she quote represents a new generation. 37% believe she will strengthen America's global standing. For the Trump supporter 75% said it was because of his first-term accomplishments. 48% said they believed he will quote save America. You can take a deeper dive into all the results right now on our website and WCVB app including how each candidate performs on the issues most important to you the voter."
7394966750523182378,https://www.tiktok.com/@harryjsisson/video/7394966750523182378,LET’S GO! 07/23/24 ,2024-07-23T22:47:57.000Z,88800,3975,3413,9593,1100000,62,,Harry Sisson,2200000,True,US,trump vs harris polls,source,Ipsos,transcript,YES,"Vice President Kamala Harris is now beating Donald Trump in new polling that was just released today. In a brand new poll done by Ipsos and Reuters among 1,018 registered voters, Kamala Harris is now beating Donald Trump by two points. And this was after President Biden dropped out and endorsed her. Additionally, another poll was done where they added RFK Jr. And now Kamala Harris's lead jumps up to four points over Donald Trump. I got to admit, this is not surprising. Kamala Harris has this energy behind her candidacy. There is this momentum that is currently with the Democrats and the Republicans and Donald Trump are learning to play defense right now. Like, remember, Kamala Harris has raised over $100 million in just a day and a half. And tens of thousands of new people have registered to volunteer on her campaign around the country. So I highly anticipate that over the next couple of weeks, as more people learn about Vice President Kamala Harris and the Democratic convention happens in August, we'll see more polling exactly like that. You love to see it."
7433817552528116997,https://www.tiktok.com/@viralpulsenews/video/7433817552528116997,"🔴 HARRIS VS. TRUMP - Election Day Showdown! Who Will Win the White House? The day has come—Harris and Trump go head-to-head as voters decide the nation's future! Watch our live updates, subscribe for the latest, and share your thoughts in the comments. #ElectionDay #Election2024 #HarrisVsTrump #Harris2024 #Trump2024 #Vote2024 #USPresidentialElection #DecisionDay #SwingStates #PollingUpdate #WhiteHouseRace #EarlyVoting #VoteResults #ElectoralCollege #Democracy2024 #AmericanVoters #USPolitics #PoliticalNews #ElectionLive #NewsUpdate #ElectionCoverage #PollsAreOpen #YourVoteCounts #FinalStretch #WhoWillWin #AmericasChoice #Vote",2024-11-05T15:28:56.000Z,19,,0,2,1363,47,"electionday, election2024, harrisvstrump, harris2024, trump2024, vote2024, uspresidentialelection, decisionday, swingstates, pollingupdate, whitehouserace, earlyvoting, voteresults, electoralcollege, democracy2024, americanvoters, uspolitics, politicalnews, electionlive, newsupdate, electioncoverage, pollsareopen, yourvotecounts, finalstretch, whowillwin, americaschoice, vote",The Pulse,2127,False,MX,trump vs harris polls,generic_only,,transcript,YES,"Here's a quick Election Day update. It's Election Day, and polls show Vice President Kamala Harris and former President Donald Trump are locked in one of the tightest races in recent history, both polling at 48% nationwide. Harris is monitoring the results from Howard University in D.C., while, like Trump, watches from Mar-a-Lago, Florida. Control of the House is also at stake, with early results from the East Coast expected soon. Meanwhile, over 82 million voters cast ballots early, a slight increase from the last presidential cycle signaling strong turnout. Iowa's latest poll shows a surge in support for Harris among independent women, adding last-minute suspense. Stay tuned, and don't forget to like, comment, and subscribe for more live election updates."
7623187611892354325,https://www.tiktok.com/@dineshdsouza35/video/7623187611892354325,"🚨 BREAKING: A poll just dropped finding 76% PERCENT of Americans say President Trump and the US are winning the Iran war, while 24% say Iran is — Harvard/Harris 34% of Democrats think IRAN is winning, a position not rooted in reality even a little 🤡 Keep pushing, 47! 🇺🇸",2026-03-30T23:01:31.000Z,14,,1,1,535,22,,Dinesh D'Souza,632,False,NG,trump vs harris polls,generic_only,,description,YES,And I was just thinking about that for a second. The 멱One Vs.
7180040061033909547,https://www.tiktok.com/@theprogressiveparamedic/video/7180040061033909547,"2024 Senate Update. Arizona is going to be a problem. Think the Dems are gonna struggle to hit 50 and need to really do well in AZ, OH, MT. WV/TX are the only bonuses I see possible. Some Longshots for both sides to at least attempt however. #2024senate #HolidayOREOke ",2022-12-22T18:22:44.000Z,386,4,21,37,10100,72,"2024senate, holidayoreoke",Dan,30900,False,US,arizona senate polls,generic_only,,transcript,YES,"So I think I know how the 2024 Senate's gonna go now. Arizona is looking crazy. Gallego's doing some internal polling and he released them. The three-way shows Carrie Lake as the Republican with a slight lead over Gallego and Sinema and last with 13% of the spoiler vote in that scenario. Heads up, Gallego beats Lake. But Sinema probably won't, according to his probably biased internal polling. But anyway, for the 2024 Senate, we got 34 races right now. 23 held by Democrats and Independents and 10 Republican-held seats. It's a brutal map to defend, but possible. There's a decent amount of races that are safe D or safe R. But in terms of interesting, Arizona, Ohio, and Montana are the toss-ups. The Dems have to hold all three to have any chance at the Senate next round. They also have a decent amount of tough Senate holds in Michigan, Wisconsin, Pennsylvania. Oh man, then there's some weird ones in New Jersey with Menendez who is basically... Nah, go look him up, he's not great. And a few other races. Only really Texas can be gotten by the Dems for a red. Tough map."
7608629073564241166,https://www.tiktok.com/@nickroberts/video/7608629073564241166,BREAKING: DEMOCRAT  KATIE HOBBS LEADS FOR  GOVERNOR IN ARIZONA  💙🙏🏻🌊 #arizona #phx #phoenix #tucson #mesa ,2026-02-19T17:27:39.000Z,5349,189,169,424,35700,29,"arizona, phx, phoenix, tucson, mesa",Nick Roberts,27400,True,US,arizona senate polls,generic_only,,transcript,YES,"We've got some big news out of Arizona. A new poll just dropped in this infamously competitive state, and Katie Hobbs is in a dominating lead against both of her Republican opponents. In my opinion, Katie Hobbs has been a very effective and bipartisan governor, which is important for the state. We have to make sure Trump crazy does not get in there, try to, you know, stop the elections and everything else for 2028. If you support Katie Hobbs and excited to see Democrats leading Arizona, drop a blue heart down below. I think it's going to be a good year this year for us in Arizona."
7382398628872211758,https://www.tiktok.com/@itgoestoofar/video/7382398628872211758,The results from Noble’s newest Arizona based poll shows just how much Arizona voters do not want the proposed abortion amendment to become the law in Arizona.  The proposed amendment would allow for post viability abortion through the very broad and unregulated mental health provision. But 90% of Arizonans polled said that goes too far.  Reasonable people can have differing views on abortion but the vast majority of the public agree this amendment goes too far!!!  #ItGoesTooFar #Arizona #Abortion #AZ #Prochoice #Prolife #arizonacheck #Noble,2024-06-20T01:57:11.000Z,30,8,1,6,828,,"itgoestoofar, arizona, abortion, az, prochoice, prolife, arizonacheck, noble",It Goes Too Far AZ,2431,False,US,arizona senate polls,generic_only,,description,YES,Are you ready for it?
7434057725257993502,https://www.tiktok.com/@ajiceberg24/video/7434057725257993502,Those Harris Polls Lied To Us All! #election #harris #fyp #trump #news #election2024 #viralvideo ,2024-11-06T07:01:23.000Z,29,,1,9,704,63,"election, harris, fyp, trump, news, election2024, viralvideo",Aj Iceberg,21,False,US,polls wrong 2024,generic_only,,"description, transcript",YES,"Oh, but the polls I thought the polls was supposed to predict the race The polls told you who was gonna win. Oh, she's gonna win by a landslide. She's gonna kill him the polls said bro, first of all, the polls is fake the polls only poll a certain amount of people and The polls can't dictate who's gonna turn out or not People yeah, we're gonna vote and then they never go to vote. They never show up, especially young people Older people vote and you can't predict turnout with the poll The poll said Trump was going last time and guess what? He lost narrowly, but he lost It's crazy man. Y'all stop listening to everybody. I had this right a long time ago Put in a bet on a sports betting app And about to cash out Yeah, man It's gonna be okay, man. This is not the end of the world. Y'all gonna be cool Your boys the iceberg. I'm out. Peace"
7426731976587087136,https://www.tiktok.com/@mediastouchusa/video/7426731976587087136,Part 1 2024 Election Map Based on Previous POLLING ERROR In All 50 States!#electionprediction #election #news #breakingnews #trump2024 #harris #politics #fyp ,2024-10-17T13:13:11.000Z,13,,0,0,1007,179,"electionprediction, election, news, breakingnews, trump2024, harris, politics, fyp",Election Predictions,31400,False,US,polls wrong 2024,generic_only,,description,YES,
7426879652599270687,https://www.tiktok.com/@sammmmmmmmmm.21/video/7426879652599270687,Either someone messed up on this graph or we have some really ignorant people about to vote. What do you think? #vote #polls #trump #kamala #presidentialelection #candidate #fyp ,2024-10-17T22:46:20.000Z,8,,0,6,469,,"vote, polls, trump, kamala, presidentialelection, candidate, fyp",Samantha🥀_02,7273,False,US,polls wrong 2024,generic_only,,"description, hashtags",YES,
7426021790490610952,https://www.tiktok.com/@toollutility999/video/7426021790490610952,"""SECRET Republican Polls LEAK, Show DISASTER in 2024 Senate Elections 🚨  part 2 #2024Elections #SenatePolls #RepublicanDisaster""",2024-10-15T15:17:18.000Z,4,,1,5,2323,374,,ToollUtility999,11500,False,US,polls wrong 2024,generic_only,,description,YES,
7434169842451746080,https://www.tiktok.com/@metrouk/video/7434169842451746080,"A pollster nicknamed the 'Nostradamus of US presidential elections' appeared shocked as he realised his prediction was incorrect.  Professor Allan Lichtman had only been wrong about one election before the 2024 voting began, when he predicted a win for Al Gore in 2000. Americans are waking up to the news that Donald Trump will be the 47th President of the United States. #usa #uselection #trump #allanlichtman #polling #trump #harris",2024-11-06T14:16:02.000Z,138000,5374,8293,3926,3000000,32,,Metro,2700000,True,GB,polls wrong 2024,generic_only,,description,YES,"There's still, uh, a million votes left in Pennsylvania, close to it. I think she lost running out of Pennsylvania. Yep. It's not changing. I'm for, I hate to say that cause I've been hopeful all night, but I think she lost. I do too. Thank you. It's 90% over. Yeah."
7521942537133755661,https://www.tiktok.com/@ilovememes7770/video/7521942537133755661,Trump's Polls: Did Silence Impact The Election? Analyzing if and how polling inaccuracies affected Trump's performance. We discuss the mistakes made by pollsters and examine the energy dynamics that might have contributed to the results. #Trump #ElectionAnalysis #PollingData #PoliticalAnalysis #USPolitics #Election2024 #PoliticalCommentary #Elections #News #Politics #tiktok #joerogan #joeroganpodcast #joeroganexperience #joeroganclips,2025-07-01T02:59:17.000Z,17,,2,3,1376,22,"trump, electionanalysis, pollingdata, politicalanalysis, uspolitics, election2024, politicalcommentary, elections, news, politics, tiktok, joerogan, joeroganpodcast, joeroganexperience, joeroganclips",RoganClips,4155,False,US,polls wrong 2024,generic_only,,description,YES,"It turns out they had Trump doing worse than he ended up doing. Guess what? Posters, honest posters, make mistakes, too. But what is the basis of his lawsuit? What is he saying in the lawsuit? I think he is saying that that gave energy to his opponents and that it was — Like we talked about. Like you talked about. But I don't believe that's the case. There are honest posters who make mistakes."
7433430925280611627,https://www.tiktok.com/@quang_nguyen_texas/video/7433430925280611627,Fake polls?  2024 political prediction,2024-11-04T14:28:38.000Z,11,,0,0,216,18,,quang_nguyen_Texas,2744,False,US,polls wrong 2024,generic_only,,"description, transcript",YES,"They can make those polls sing, they can make them sing, they brag about it. I got a poll, I'm 10 points up in Iowa. One of my enemies just puts out a poll, I'm three down. They just announced a fake poll, hey think of it, right before the election that I'm three points down. I'm not down in Iowa."
7563014435992767799,https://www.tiktok.com/@infocustalks/video/7563014435992767799,"Polls can often mislead, as seen with the recent Harris-Trump situation where predictions missed drastically. This insightful clip dives into the importance of understanding voter dynamics, highlighting the necessity of recognizing the growing trend of Independents and their crucial role in elections. With a strategic outlook on forming coalitions with various voter segments—including moderate Democrats and animal lovers—this perspective reveals a compelling path to victory that transcends traditional polling. Discover how to navigate the political landscape with a fresh lens on the current electoral climate. #PoliticalInsights #Election2024 #VoterTrends #IndependentVoters #PollsMatter",2025-10-19T19:19:14.000Z,72,1,0,5,4042,25,"politicalinsights, election2024, votertrends, independentvoters, pollsmatter",In Focus Talks,2989,False,US,polls wrong 2024,generic_only,,"description, transcript",YES,"You cannot depend on these polls. Look at Harris Trump. They said it was neck-and-neck. Trump ends up winning the popular vote in the seven battleground states. You cannot trust these polls. I know my pathway to victory. I have Republicans, Independents, two and a half times the number of voters of Republicans because that's the growing number of registered voters. I win the Independents, I'll get some moderate Democrats, and I'll get the animal lovers, and that'll be my pathway to victory."
7426792647437733152,https://www.tiktok.com/@mediastouchusa/video/7426792647437733152,Part 2 2024 Election Map Based on Previous POLLING ERROR In All 50 States!#electionprediction #election #news #breakingnews #trump2024 #harris #politics #fyp ,2024-10-17T17:08:37.000Z,6,,0,0,393,179,"electionprediction, election, news, breakingnews, trump2024, harris, politics, fyp",Election Predictions,31400,False,US,polls wrong 2024,generic_only,,description,YES,
7426957687545498913,https://www.tiktok.com/@mediastouchusa/video/7426957687545498913,Part 3 2024 Election Map Based on Previous POLLING ERROR In All 50 States!#electionprediction #election #news #breakingnews #trump2024 #harris #politics #fyp ,2024-10-18T03:49:51.000Z,14,,0,2,845,176,"electionprediction, election, news, breakingnews, trump2024, harris, politics, fyp",Election Predictions,31400,False,US,polls wrong 2024,generic_only,,description,YES,
7434938066982276398,https://www.tiktok.com/@realclearpolitics/video/7434938066982276398,Exit Polls - Harris Underperformed on Abortion #abortion #harris #polls #election2024 ,2024-11-08T15:57:05.000Z,0,,0,0,27,,"abortion, harris, polls, election2024",RealClearPolitics,3403,False,US,polls wrong 2024,generic_only,,"description, hashtags",YES,
7439865870924401963,https://www.tiktok.com/@woodrowjohnston/video/7439865870924401963,The BIGGEST Polling Mistake of 2024 #AnnSelzer #538 #2024 #polling,2024-11-21T22:39:23.000Z,13,1,0,3,394,214,"annselzer, 538, 2024, polling",Woodrow Johnston,368,False,US,polls wrong 2024,source,538,"description, hashtags",YES,
7429806677924302123,https://www.tiktok.com/@auditally/video/7429806677924302123,"2024 Election Polls: Truth or Deception? As we approach the 2024 elections, we explore the reliability of polling data and whether voter answers are genuine or influenced by the system. With trends favoring Trump, we analyze the implications for swing states and what they mean for the upcoming election. #2024Elections #PollingData #VoterTruth #ElectionAnalysis #Trump2024 #SwingStates #PoliticalTrends #VotingBehavior #ElectionIntegrity #PollingReliability",2024-10-25T20:04:37.000Z,62,1,7,8,7655,45,"2024elections, pollingdata, votertruth, electionanalysis, trump2024, swingstates, politicaltrends, votingbehavior, electionintegrity, pollingreliability",Audit Ally,10200,False,US,polls wrong 2024,generic_only,,"description, transcript",YES,"In 2024, are folks who are being asked who they're voting for, either telling the truth, is this the system, are they calling cell phones finally? How are we supposed to think about the numbers we see on the screen? The issue for 2016 in particular was people not participating because they did not want to be counted. In 2020, it was less that and more about who they called or who they did online. A lot of my polling is done online, and in 2024 they tried to adjust for it. What we know, what we are sure about, is that the trend is towards Trump. And what I am sure about is that it is dangerous to call this election because it is dead even, even in these swing states."
7433503737940905247,https://www.tiktok.com/@kylexo5/video/7433503737940905247,"The polling companies are gaslighting us, let me tell you how #harriswalz #election2024 ",2024-11-04T19:11:29.000Z,2370,183,213,117,68500,403,"harriswalz, election2024",Kylexo,417,False,US,polls wrong 2024,generic_only,,description,YES,
7606168476943797518,https://www.tiktok.com/@friasjc/video/7606168476943797518,A new poll shows 43 percent of Texas voters backing Gina Hinojosa and 46 percent backing Greg Abbott. 📊 That is a narrow gap in a state long framed as safely red. 🗳️ This matters now because turnout and organizing will decide the outcome not party labels. 💬 Texas is changing demographically and politically and the numbers are finally reflecting that. 🔎 If people stay home nothing changes. If people vote this state looks very different. 🔥,2026-02-13T02:18:53.000Z,693,101,47,32,12900,85,,Jc Frias,34100,False,US,likely voter polls,generic_only,,description,YES,
7621653923388149014,https://www.tiktok.com/@therevisionwhip/video/7621653923388149014,How Kamala Harris is still in the lead I don’t know!!! Is legit too early to call now we’ll know better post midterms  Not my personal opinion at all but who knows really interesting looking at the polling Polls I looked at to make this: https://www.realclearpolitics.com https://focaldata.com https://centersquare.com https://noblepredictiveinsights.com https://anselm.edu/academics/saint-anselm-college-survey-center https://emersoncollegepolling.com https://publicpolicypolling.com https://unh.edu/survey-center https://racetothewh.com #democrat #election #politicstiktok #politics #kamalaharris ,2026-03-26T19:49:52.000Z,1445,20,126,82,43500,,"democrat, election, politicstiktok, politics, kamalaharris",therevisionwhip,62,False,GB,likely voter polls,source,realclearpolitics,description,YES,🎶 Music Outro 🎶
7432875024345877803,https://www.tiktok.com/@daghost_official/video/7432875024345877803,Harris winning IOWA!  🙌🏻💙🗳️ #harriswalz #harrisiowa #election #harris2024 #leftist #leftists #leftism #political #progressive #progressives #leftwing #lefty #socialist #leftisttiktok #leftistsoftiktok #daghost #daghostofficial #politics #political #capitalismsucks #socialist #socialism #capitalismistrash #americansbelike #republicansbelike #democrats #conservativesbelike ,2024-11-03T02:31:22.000Z,19500,1478,1407,2798,416600,68,"harriswalz, harrisiowa, election, harris2024, leftist, leftists, leftism, political, progressive, progressives, leftwing, lefty, socialist, leftisttiktok, leftistsoftiktok, daghost, daghostofficial, politics, political, capitalismsucks, socialist, socialism, capitalismistrash, americansbelike, republicansbelike, democrats, conservativesbelike",The Ghost,323900,False,US,likely voter polls,generic_only,,transcript,YES,"Bro, Kamala Harris is now winning Iowa, brand new poll out tonight, winning Iowa by three points. I was talking to my friend today and he was like, bro, listen to me, listen, she's about to take Texas and Florida. I'm like, bro, no way. Nah, she ain't taking Texas, Florida possibly, maybe, maybe, I'll give that to you, potentially. Texas? Nah. I might have just changed my mind on that whole fucking thing. She's winning Iowa. Iowa. Oh yeah. This is about to be a very interesting week. This is about to be a very interesting election because this woman's about to blow this motherfucker out of the water. Watch. If she's winning Iowa, this is going to be beautiful. A blowout, baby."
7432858919183125806,https://www.tiktok.com/@msnow/video/7432858919183125806,BREAKING: Kamala Harris now leads Donald Trump in Iowa   The Des Moines Register Poll has Harris at 47% and Donald Trump at 44%.   The difference between them is within the margin of error.  #kamalaharris #donaldtrump #iowa #2024,2024-11-03T01:28:50.000Z,5000000,205300,183779,79700,79300000,119,"kamalaharris, donaldtrump, iowa, 2024",MS NOW,7300000,True,US,likely voter polls,generic_only,,"description, transcript",YES,"The other breaking news, the Des Moines Register is out with a brand new poll conducted by J. Ann Selzer's firm. This, as you know, is the gold standard of polling in Iowa, and it shows Vice President Harris with a three-point lead over Donald Trump in that state. Harris has a support of 47 percent of likely voters to Trump's 44 percent. That result, within the margin of error. Joining us now, pollster J. Ann Selzer. All right, J. Ann, obviously you are bringing, we're coming on air right now with this polling, and I mean, we could just put it up on the screen for folks, because I didn't have this on my bingo card, as I like to say. Vice President Kamala Harris, 47 percent, Donald Trump, 44 percent. Take us inside your poll. What is new here? We know that there's a majority of Iowa men in this poll that say they prefer Trump, a majority of women prefer Harris among likely Iowa voters. This seems like something is happening. It does seem like something's happening. Now, we've been living with the numbers day by day as we've been gathering the data. So we've had a little bit of time to get over the initial shock. You know, Iowa is a very Republican state. There's only one person at statewide office or federal office who is a Democrat. So to have the presidential candidate lead by a substantive margin was shocking to begin with. One of the reasons she is leading is because of her strength with women generally, even stronger with women age 65 and over. Her margin is more than two to one, and this is an age group that shows up to vote or votes early in disproportionately large numbers. So it's a little bit of the boost that Kamala Harris has gotten this time."
7600862804471467319,https://www.tiktok.com/@nickroberts/video/7600862804471467319,BREAKING: DEMOCRATS AHEAD BY 10 POINTS AMONG LIKELY VOTERS FOR THE MIDTERM #poll #bluewave #politics #fyp #democrats ,2026-01-29T19:10:20.000Z,482,7,32,28,6710,36,"poll, bluewave, politics, fyp, democrats",Nick Roberts,27400,True,US,likely voter polls,generic_only,,"description, hashtags, transcript",YES,"We've got some really exciting news for the midterm coming up. So the argument, which is a really great pollster, has done a poll and it's done based on a couple of metrics, the likelihood of vote and obviously party. So for just likelihood, you know, everyone included, the Democrats are likely to win by four points, but here's where it gets exciting. With only likely voters, Democrats are ahead by a whopping 10 points. Now, if the margin really is 10 points come November, that would be crazy, but we don't even need to be even close to that to actually win Congress and the Senate, but it's very encouraging. I think this is the breaking point right now for Trump. People are really waking up just how bad it's gotten. Drop a blue, even a blue heart down below if you're voting blue in November. Let's keep it up."
7574493232852110622,https://www.tiktok.com/@robsmithonline/video/7574493232852110622,When It Comes To Presidential Elections - Polls Get It WRONG: @Polymarket Gets It RIGHT! #polymarket #elections #presidentialelection #polls ,2025-11-19T17:42:43.000Z,483,10,21,10,8082,87,"polymarket, elections, presidentialelection, polls",Rob Smith,420200,True,US,polls wrong prediction markets right,generic_only,,"description, hashtags, transcript",YES,"Polls get it wrong all the time when it comes to who is on top when it comes to the presidential race. Right now, Polly Market has the odds that J.D. Vance will win the 2028 election by about 29 percent, which is huge. Obviously, Gavin Newsom is trailing. And there's even a chance, according to Polly Market, that Donald Trump could actually come in and win in 2028. But the reason that the markets are so important and the reason that Polly Market has proven itself is because, if you remember, in the last election season, before Donald Trump took it in 2024, Polly Market always had him ahead. If I'm not mistaken, that Polly Market always had the results that actually ended up being the truth, which is that Donald Trump became the 47th president of the United States. So if you look at Polly Market and look at the markets, the markets will tell you what is going on. It is not these stupid polls. It is not the cable news horse race. It is not all of this propaganda and mumbo-jumbo that comes from the cable news and the podcaster and the political commentary ecosystem. It comes from what the markets are actually saying. Right now, Polly Market and the markets have J.D. Vance as their top choice to become president in 2028. Like I said, it is the markets that are really deciding things nowadays, not the cable news pundits and not these silly polls."
7428984792085056814,https://www.tiktok.com/@lifegoalinvestments/video/7428984792085056814,"The POLLS or the BETTING MARKETS?!   Telling two different stories.   KAMALA favored in the POLLS.   TRUMP the favorite in the BETTING MARKETS.   Both methods attempting to predict the next president have their flaws.   BUT, BOTH also have a strong track record of predicting the winner.   With the POLLS and BETTING MARKETS at odds, WHO’S RIGHT THIS TIME AROUND?   Let me know.   Source on Polling Odds: FiveThirtyEight Source on Betting Market Odds: Newsweek   #politics #trump #kamala #election #2024election #bettingodds #polling #lifegoalnation #lifegoalinvestments ",2024-10-23T14:55:19.000Z,1274,151,85,310,90000,85,"politics, trump, kamala, election, 2024election, bettingodds, polling, lifegoalnation, lifegoalinvestments",Taylor Sohns,193900,False,US,polls wrong prediction markets right,source,FiveThirtyEight,"description, hashtags",YES,
7579440232509033742,https://www.tiktok.com/@theofficertatum/video/7579440232509033742,Stop following the fake news polls and follow Kalshi’s real time prediction markets that help everyday Americans get a clear picture of what’s going on. #fyp #fy ,2025-12-03T01:39:41.000Z,120,,7,1,4312,46,"fyp, fy",Officer Tatum Store,1600000,True,US,polls wrong prediction markets right,generic_only,,description,YES,"Since the beginning, we've tried to understand what comes next. We predicted. We argued. We believed. But for the first time, belief has structure. Conviction has value. Outcomes are priced. Because the future was never meant to be a mystery. It was meant to be a market."
7178607745401179434,https://www.tiktok.com/@cannonsfodder/video/7178607745401179434,Replying to @blksniper2 #greenscreen cannon giving tiktok some homework #fyp #politics #government #houseofrepresentatives #fivethirtyeight #edutok #homework ,2022-12-18T21:44:32.000Z,867,19,73,98,6149,149,"greenscreen, fyp, politics, government, houseofrepresentatives, fivethirtyeight, edutok, homework",Cannon’s Fodder,232600,False,US,fivethirtyeight election,source,"fivethirtyeight, 538","description, hashtags, transcript",YES,"Love it so much when I get comments on my videos that are like actual lesson plans that I have for my class. So Here I have a link to this in my bio if you want to go to it But it's on the website 538 and it's an interactive site that lets you actually play with the House of Representatives a little bit so essentially the house has 435 seats for 435 representatives because in 1929 they passed a law called the report the reapportionment act and that Froze that number in place because up until that point every time a new census occurred They would recalculate the number of representatives that were needed in the house in order to maintain representation for the population, but when it hit 435 Congress was getting a little you know Unruly and adding more members was getting more and more unrealistic even down to like the sheer size of the chamber So they passed the reapportionment act that set in stone that 435 number and what has happened since then as the country has grown is that the representation in the country has Blown up if you will now there's already that issue in the Senate We hear about it all the time like how Wyoming has the same Senate representation as California Even though cities in California have more people than the state of Wyoming But that lack of representation now exists in the house as well And if you go through that website You can actually see a comparison as to which states have more representation in which states have less Representation and then play with the three Processes to see where the house should be or whether we should leave it alone or not are not and I have the kids do This lesson every year to determine whether or not there are fixes for Congress and I a little bit want to give like tik-tok homework to you guys and I want you to like come back to the Comments and tell me what you think of that article what you think of that website and whether or not you think we should have 946 members in the House of Representatives because that's where we'd be if we hadn't stopped You know adding members so yeah, go do a little bit of tik-tok homework go play with that website, but more than that Realize that the issue with America isn't that the whole system is broken it's that little parts of the system need some fixing in order to make the system work the way it's supposed to work because Those are the conversations that we should be having instead of just you know The fear-mongering bullshit and leave some thoughts and questions in the comments for me And I'll answer them because this could be a really good springboard to some really good conversations, so have fun with your homework"
7163730160003321134,https://www.tiktok.com/@gerard.leconte/video/7163730160003321134,Midterm polling. Go vote! #midterms #election #vote ,2022-11-08T19:31:51.000Z,697,7,4,7,5958,117,"midterms, election, vote",Gerard LeConte III,144600,False,US,fivethirtyeight election,source,538,"description, transcript",YES,"The polling tells a different story than the election fundamentals, though. The 538 polling model gives Democrats an 80 percent chance of losing between two and 30 seats in the House and an 80 percent chance of either losing four seats or gaining two seats in the Senate. Meanwhile, the models over at The Economist give Democrats a five point higher chance of keeping a majority in the House at 23 percent and a two point lower chance of winning a majority in the Senate at 45 percent. This is considerably more optimistic for Democrats than the fundamentals. There are plenty of reasons why outcomes of this election might be less conventional than previous midterms, primarily because voter approval of both parties is low. On one hand, prevailing narratives around things like inflation aren't favorable for President Joe Biden, which trickles down to his party. On the other hand, the GOP has elevated underqualified extreme candidates on the backs of endorsements of Donald Trump, who himself is even more unpopular than President Biden. Most Republican candidates continue to lie about election fraud, and about 70 percent of Republicans polled agree with them. However, over 60 percent of independents polled agree that Biden was legitimately elected, a number that shows just how powerful authoritarianism in the United States has become, by the way. Likewise, only 30 percent of Americans polled approve of the Supreme Court overturning Roe v. Wade, and 74 percent of Democratic or Democratic leaning voters in anti-abortion states polled said that they were more motivated to vote now. However, only 14 percent of voters polled say abortion is top of mind for them when they think about voting in November. Ultimately, with opposite outcomes well within the margin of error in these polling models, it will once again come down to turnout. More than 8 million new voters have aged into eligibility since the last election. These voters are significantly more diverse than the electorate, and they approve of President Biden at a much higher rate than the electorate. But it's harder to turn out first time voters because they haven't done it before. And the youth vote doesn't have even geographic distribution. Also, Republicans have been making gains among parts of the demographic core of the Democratic Party, including Hispanic voters and black male voters. So turnout is anything but predictable."
7483210897985506603,https://www.tiktok.com/@leonardbonner/video/7483210897985506603,"Hey, did you know 538 got shut down? That's probably good, right. Let me know if it's good. Honestly, bruh, who cares. Polls are stupid anyway. Here a list of 5 things better at predicting the future than polls: 5. Horoscope 4. Dowsing Twig 3. Sounding Rod (wait that's for something else) 2. Crystals ?? 1. Whatever Trump says is gonna happen. #538 #fivethirtyeight #americannews #news #poll #polls #polling #layoffs #comedynews #americanpolitics #breakingnews #recentnews ",2025-03-18T18:00:57.000Z,186,5,5,12,2163,52,"538, fivethirtyeight, americannews, news, poll, polls, polling, layoffs, comedynews, americanpolitics, breakingnews, recentnews",LeonardBonner,24,False,US,fivethirtyeight election,source,"fivethirtyeight, 538","description, hashtags, transcript",YES,hey did you know that 538 doesn't exist anymore because I didn't I didn't even see a headline I just went to the 538 website and no 538 it's gone Disney decided to shut it down also apparently Disney owned 538 I didn't know that either I do love how all of our independent news is really just owned by a few massive corporations that's definitely a sign of a strong society but yeah no 538 hope you weren't planning on checking any polls aggregating any polls this is fine this is probably fine who even needs polls if we need to know what people think on an issue the government can just tell us
7296604623404600582,https://www.tiktok.com/@smenor/video/7296604623404600582,Réponse à @Lea Hillary sorry but really could have won [ though Bernie almost certainly would have ] Video description: scott is a bald ea male with a septum piercing overlayed on a graph from fivethirtyeight showing the odds over time of Hillary’s election in 2016,2023-11-01T21:12:36.000Z,26,,0,10,428,597,,smenor 🍉,4520,False,US,fivethirtyeight election,source,fivethirtyeight,description,YES,
7433902078260432161,https://www.tiktok.com/@metrouk/video/7433902078260432161,"Who is going to win the US election? This could be the closest presidential race in US history, with a top pollster saying the odds are about as close to 50/50 as you can possibly get.  Kamala Harris and Donald Trump have been running neck-and-neck for weeks and if the votes are as close as they seem, there could be an increasing amount of recounts, delaying the time till we find out the results. #fyp #president #poll #prediction #electionresults #electionprediction #results #kamalaharris #donaldtrump #newsupdate #explainer #news #newstok #usnews #uselection #presidentialelection #whitehouse #republican #democrat #vote #politics",2024-11-05T20:56:55.000Z,82800,1483,3418,1224,1400000,31,"fyp, president, poll, prediction, electionresults, electionprediction, results, kamalaharris, donaldtrump, newsupdate, explainer, news, newstok, usnews, uselection, presidentialelection, whitehouse, republican, democrat, vote, politics",Metro,2700000,True,GB,fivethirtyeight election,source,Nate Silver,"description, hashtags, transcript",YES,"The race between Kamala Harris and Donald Trump is literally closer than a coin flip. That's what a top pollster is saying in his final prediction for the US election results. Nate Silver says there has never been anything like this, with the odds being about as close to 50-50 as you can possibly get. Out of 80,000 simulations ran by his model, Kamala won 50.015% of the time, giving her an extremely thin lead to become the next president. But this could be the closest election in US history."
7557880582475189534,https://www.tiktok.com/@michael.cohe.s2/video/7557880582475189534,Fox News PANICS ON AIR as Trump's SHUTDOWN Tanks Polls - Part 2 #qknews #news #usa🇺🇸 #vlog #us ,2025-10-05T23:16:55.000Z,96,3,4,3,1095,281,"qknews, news, usa🇺🇸, vlog, us",Michael Cohe s2,14700,False,US,fox news poll,generic_only,,description,YES,"football. You're the one that needs to go out and shop and get their nails done. This is a war they cannot win. You're playing chicken with the guy that loves sitting down. Love your analogies. Thank you. I will always grant permission. I'll tell you who wasn't laughing too much. Somebody who I know very, very well. That's Kellyanne Conway. Think about the sexist and the misogynistic comments coming out of this fucking jerk off. And there's no other way to describe him. Just a jerk off. Oh, she's only going out to get her nails done or so on. And it's the woman who wrecks the car. There's plenty of bad male drivers out there. All right. I mean, think about the the analogy that this idiot is putting forth. And the funny thing is he's the one that's talking about how dangerous stupid people are. But again, stupidity doesn't start and stop with Jesse the jerk off waters. No, no, it doesn't. Senator Mike Lee goes on Fox talking about how Russ Vought has dreamt about the energy cuts since puberty. There's something really wrong with these people play the clip. But this is what they're doing. They're doing it deliberately. It's going to harm them. Because Russ Vought, the OMB director has been dreaming about this moment preparing this moment since puberty. Russ Vought has a plan and that plan is going to succeed in empowering further empowering Trump. This is going to be the Democrats worst nightmare. So it's of their own making. Yes. Again, he's not wrong when he says how dangerous stupidity is. And there's something with this party and puberty. Really? You think that that's probably the best word that you could use? Now Energy Secretary Chris Wright, he told Fox's Stuart Varney that reducing co2 emissions does not do anything. Hello, moron. co2 is a major cause of global warming, according to every single scientist. But then again, I forgot you morons don't even believe in that. Play the clip. Is there such a thing as clean coal, which doesn't have the same co2 emissions as the old dirty coal? The emissions from coal that matter, you know, as particulate matter and SOx and NOx pollutants. So clean coal is using pollution control systems. So coming out of the smokestack is just is just water vapor and carbon dioxide. Reducing the co2 emissions that's expensive, but really wholly unnecessary, extremely expensive, very little benefit from that. Again, it's just returning common sense. Americans want affordable energy, they want more job opportunities, they want to be able to pay their bills. And so do we. Okay, you know what else that we would like their power? We'd like clean air to breathe. We would like water that we can drink. We would like not to have our houses literally floating in the Atlantic or the Pacific Ocean. Sure. Sure. We would like inexpensive energy. Who doesn't want that? Maybe start looking at maybe nuclear. Right? It's cleaner certainly than burning coal. Now Varney also goes on and asked, right, if cutting $8 billion worth of energy projects was merely just punishment to blue states. Here's the sickest thing, right? Didn't outright say no. Play the clip. You put you canceled, I believe almost $8 billion worth of energy projects across the country. Most of these projects are in blue states. The Democrats are saying, hey, they are being punished for their politics. So Mr. Secretary, are you punishing the blue states? We are punishing the wasteful spending of taxpayer dollars. You know, Stuart, do you and your viewers want to pay $70 million to decarbonize mac and cheese? No. Do you want to pay to decarbonize Uber eats in San Francisco or subsidize e bike lanes in Portlandia? Like people don't want to spend taxpayer money on that. If California wants to spend $600 million more to drive their electricity prices even higher, let Californians do that. But we don't want taxpayers from the other 49 states subsidizing California to do that. You got me with the mac and cheese, Mr. Secretary. A great performance on the show today. Thanks very much for being you know, shame on Stuart Varney because he's better than that. But this Secretary of Energy has truly no idea what he's talking about at all. You know, you start talking about emissions, you start talking about electrical expenses. Seriously. I mean, I thought the whole point is to try to get away from fossil fuel burning. Meanwhile, Labor Secretary Lori Chavez, the reamer"
7621716693693353230,https://www.tiktok.com/@msnow/video/7621716693693353230,"“It’s one thing to have a divided country...It's another thing when your own voters start to shift. That is when the politics change."" In new polling from Fox News, Trump’s overall job disapproval rating is 59% — his worst marks of either of his terms in office. @Symone Sanders Townsend breaks down what this shift means and why she says it's a warning sign for Trump.",2026-03-26T23:53:48.000Z,8834,132,391,252,106800,151,,MS NOW,7300000,True,US,fox news poll,source,"Fox News poll, Ipsos","description, transcript",YES,"Okay, I just literally had to step out for a second because we just got a major warning sign for Donald Trump. And this one folks is coming from inside the house. There's a new Fox News poll and it just dropped and Trump's approval has hit a new low. I know what you're thinking. Could it go any lower? Yes. 41% approved in the Fox News poll and 59% disapproved. That is an eight point drop in approval from a year ago and an eight point climb in disapproval. And I mean, it's not a small potato. This is the highest disapproval you've seen across both terms. And yes, yes, I know this is Fox, which is why this matters. This is Fox and they're polling registered voters. But here's the part that people in Washington, especially if you're in these Republican group chats, I'm not in them, but I've heard about them across the country. This is the part that they're really watching. Among Republican voters, Trump's approval is also down eight points. That is not noise, okay? That is movement in the base. That's movement with the people that you need to vote for you. That's movement with the people that you really need this November. And frankly, this tracks with what we're seeing in the Reuters Ipsos data as well. In that poll, his approval has fallen from 47% down to 36%. Now, look at this chart, okay? The orange line is Donald Trump's approval and it starts higher and then slides down. The purple line is the disapproval and it starts lower and it climbs all the way up to 62%, okay? Those lines are moving in opposite directions. Well, actually, they're not just moving in opposite directions. They're pulling apart. And that is the kind of trend that rattles people behind closed doors. I'm talking campaign operatives, members of Congress, people who are literally thinking about the midterms. They see this, Democrats and Republicans, and they start asking very real questions about turnout, about enthusiasm, about whether the coalition is holding, because the truth is this. It's one thing to have a divided country, okay? We're not new to that. We literally fought a civil war. It's another thing when your own voters start to shift. That is when the politics change. Now, if I were a strategist working for the Dems this year, to be clear, I would be billing extra, okay? Because I'd be very optimistic about November. And if I were a strategist working for the Republicans this year, I would still be billing extra, because I'm going to need it given the beat down that apparently Republicans are going to take this November, okay? Clock it, as Eugene likes to say. Yes, yes, yes, Eugene Daniels and I have a new podcast called Clock It, where we break things down like this all the time, so you can start to clock it too. You can catch us wherever you listen to your podcasts, new episodes drop on Thursdays, and you can also watch us on YouTube at ms.now slash clock it. All right, I'm out."
7517892124491205896,https://www.tiktok.com/@ellie022526/video/7517892124491205896,BREAKING: Trump’s numbers just fell off a cliff and he’s taking the GOP with him. 📉 Fox News Poll: –30 on inflation –18 on the economy –17 on foreign policy That’s not a margin of error—that’s a political obituary in the making. 2026 isn’t just looking bad for Republicans—it’s looking biblical. The only thing Trump’s leading on is border panic—and even that won’t save him when wallets are empty and wars are brewing.,2025-06-20T05:01:08.000Z,26,4,3,3,563,90,,Ellie TV,9847,False,US,fox news poll,source,"Fox News poll, Fox News Poll","description, transcript",YES,"Donald Trump, the wannabe emperor, has no clothes, and the country knows it, and the polls now reflect it. As Trump's failures continue to pile up, the latest Fox polls show growing public frustration. And his worst numbers, believe it or not, are on an issue that Donald Trump ran on, the economy. Donald Trump is now down 30 points on inflation. 64% of registered voters disapprove of Trump's handling of inflation, and only 34% approve. 58% disapprove of how he's handling the economy overall, and 55% feel pessimistic about the economy. Then there's Donald Trump's foreign policy ratings. 57% disapprove of his foreign policy. The overall job approval rating from the Fox News poll is just 46%, which means that 54% of those that Fox News surveyed disapprove of Trump's overall job performance. And look, Donald Trump has seen these numbers, and he is not happy. This morning, Trump took to his social media to lash out at the network, claiming that Fox has been, quote, biased against me for years. They are always wrong and negative. It's why MAGA hates Fox News, unquote. That is, you know, news to some of us, but that is the kind of response we have now come to expect from the President of the United States."
7623423442552966413,https://www.tiktok.com/@shakespeares.ille/video/7623423442552966413,A Recent Fox News Poll #trump #foxnews #iran #israel #humor,2026-03-31T14:17:08.000Z,6,,0,5,325,10,"trump, foxnews, iran, israel, humor",Shakespeare’s Illegitimate Son,298,False,US,fox news poll,source,"Fox News poll, Fox News Poll","description, transcript",YES,A recent Fox News poll shows that 40% of Americans support Donald Trump. The other 60% hate America. Hmm.
7496938700530814254,https://www.tiktok.com/@couriernewsroom/video/7496938700530814254,Even Fox…,2025-04-24T17:51:18.000Z,44400,2718,1975,1523,660900,19,,Courier Newsroom,3600000,True,US,fox news poll,source,Fox News poll,transcript,YES,you look at our new Fox News poll at 100 days job approval compared to other presidents there you see the president at 44 percent and you see his first term at 45 percent at this mark the 100-day mark we have other new polls that are revealing some concerns about the economy let's talk about that
7621343021732334869,https://www.tiktok.com/@briankilmeade/video/7621343021732334869,"FOX NEWS POLL: President Trump’s approval rating dipped to 41% in March, and 59% of registered voters now disapprove of him — the highest disapproval of either of his terms. Republican approval fell to a second-term low of 84%, down from 92% last March. Among Democrats, 95% disapprove, marking the fourth time this term Democratic disapproval of Trump reaches a record high. Among independents, 25% approve and 75% disapprove. #poll #vote #donaldtrump #rating #usa ",2026-03-25T23:43:41.000Z,6,,0,5,454,,"poll, vote, donaldtrump, rating, usa",briankilmeade,37000,False,US,fox news poll,source,FOX NEWS POLL,"description, hashtags",YES,
7600564245461257502,https://www.tiktok.com/@bretbaier/video/7600564245461257502,New Fox polling about the administrations enforcement efforts on #specialreport ,2026-01-28T23:51:21.000Z,637,10,51,89,63800,31,specialreport,Bret Baier,225700,True,US,fox news poll,generic_only,,"description, transcript",YES,"Well, tonight we have new Fox polling about the administration's enforcement efforts and the U.S. economy as President Trump begins the second year of his second term. Looking at these polls, first on that issue we just heard about, ICE efforts to deport illegal immigrants. If we ask folks out there, too aggressive 59 percent, not aggressive enough 17, about right 24 percent. That tracks with other polls that we've seen in recent days surrounding a lot of this video that obviously has come out and there's all kinds of people weighing in on all sides."
7607988530987486494,https://www.tiktok.com/@dccc/video/7607988530987486494,"Bad polls, familiar move: blame the media. ",2026-02-18T00:01:25.000Z,1166,39,89,70,122900,32,,dccc,140200,True,US,fox news poll,generic_only,,"description, transcript",YES,"I want to just put up a poll. This shows congressional vote preference. This was at the end of January, so just a few weeks ago. Of all voters, Democratic candidate preference at 52, GOP candidate at 46. We've got a long way to go, but obviously that that number would not be good for the majority. That would not be good. I will say, as much we love Fox News, we always think Fox News has the worst polling. Me and the president agree on that. I'm sorry."
7518479261510962454,https://www.tiktok.com/@sa1212y/video/7518479261510962454,FOX NEWS POLL: Americans see Iran as a growing threat to U.S. national security as President Donald J. Trump weighs possible military action against the Islamist regime.#News #USA #DonaldTrump #ባስልኤል ,2025-06-21T18:59:30.000Z,6,,1,1,642,,"news, usa, donaldtrump, ባስልኤል",ባስልኤል is back 🔙♍,17700,False,DE,fox news poll,source,FOX NEWS POLL,description,YES,
7330751021058166062,https://www.tiktok.com/@reallyamerican/video/7330751021058166062,🚨WATCH THE EXACT MOMENT FOX NEWS TELLS THEIR AUDIENCE BIDEN IS WINNING🚨 #reallyamerican #trump #biden #breaking #news #fox #foxnews #politics ,2024-02-01T21:38:12.000Z,3963,548,243,1309,299500,15,"reallyamerican, trump, biden, breaking, news, fox, foxnews, politics",Really American,87100,False,US,fox news poll,generic_only,,transcript,YES,"New poll finds Joe Biden is up six points in a hypothetical head-to-head rematch against Donald Trump. That's since December. Biden also has won over the majority of female voters at this point, independents and voters with college degrees."
7111107084166384942,https://www.tiktok.com/@harryjsisson/video/7111107084166384942,What do you think about this? #fyp #greenscreenvideo #greenscreen,2022-06-20T00:07:20.000Z,17700,42,392,1608,160400,29,"fyp, greenscreenvideo, greenscreen",Harry Sisson,2200000,True,US,fox news poll,generic_only,,transcript,YES,"Polling shows that the overwhelming majority of Americans agree with common-sense gun reform. Fox News, of all people, put out a poll asking about solutions to reduce gun violence, and 88% of Americans agree with universal background checks, 82% of Americans think that the legal age should be 21 for AR purchases, 81% of Americans agree with flagging people who are a danger to themselves, which is basically red flag laws, and 63% of Americans agree with banning assault weapons. You watching this probably agree with the majority, if not all of these things, so let's vote for politicians who also agree and get it done."
7557878617024351519,https://www.tiktok.com/@michael.cohe.s2/video/7557878617024351519,Fox News PANICS ON AIR as Trump's SHUTDOWN Tanks Polls - Part 1 #us #vlog #usa🇺🇸 #news #qknews ,2025-10-05T23:09:21.000Z,145,5,9,4,1271,289,"us, vlog, usa🇺🇸, news, qknews",Michael Cohe s2,14700,False,US,fox news poll,generic_only,,"description, transcript",YES,"Welcome back to the Michael Cohen show on our continued journey to half a million subscribers. We are literally almost there So hit subscribe watch comment and share because the stupidity it never stops Meanwhile state regime media was given a tough task this week Right trying to spin the government shutdown and follow Trump's lead on blaming the Democrats now Look, let me be clear about something I always show you the facts here on this show and a new Washington Post poll shows that many people are Blaming Trump and the Republicans for the shutdown. Let me show it to you in it It turns around and it shows Washington Post flash poll of a thousand ten people 47% of them blame Trump and Republicans in Congress for the government shutdown Whereas 30% say Democrats in Congress. All right, who do you think is mainly responsible for the federal government partially shutting down? This is the poll that was done now I want to be clear about something to anybody who knows me at all. You know that I put zero zero Confidence in any of these polls thousand and ten people. Why not seriously just go ahead go on I don't care social media and post a just post a poll there You're not gonna get a thousand ten people. Of course, you're gonna get a lot of bots But you're not gonna get a thousand ten people you're gonna get a million and that to me is a real poll but everyone that I have spoken to Republican Democrat and independent are all saying the same thing This is a Republican government shutdown as the Republicans controlled Oval Office the Senate and the House of Representatives. This is their government This is their government shutdown Now, let me be clear a competent person would see this and realize that the shutdown has to be the GOP's fault But not Fox. Oh hell. No, they're there to try and to do a master spin and who of course Jesse the jerk-off waters tried to say that the government is working fine It's absolutely fine this week and before play the clip All in and they have so much more to lose all their pet projects their windmills They're bureaucrats and the world keeps spinning during the government shutdown and people are starting to realize wait a second Maybe we don't need this big fat bloated government. Everything seems to be working fine. The messaging war is Embarrassing all they're talking about is sombreros and health care for illegal aliens Yeah, so funny I mean It's it's amazing that Fox doesn't have like a comedy show and put Jesse waters on because he's as funny as Seth Meyers Stephen Colbert as Jimmy Kimmel. He's just so talented. He's just so talented Meanwhile waters goes on to say that stupid people are dangerous. I totally agree. I consider him to be stupid I mean seriously the irony of Fox making that claim Play the clip with anything Stupid people it's been famously said are more dangerous than evil people evil people. You can confront expose and can contain Stupid people they don't listen to facts. They don't listen to reason and oftentimes they don't really Succumb to force and so when you get a stupid person it gets a little confidence. Yeah, that's the worst That's the most dangerous and you have to be very careful around stupid people. You think you fall on that, right? That's why they gave him prime time Yeah, by the way, I know that they said it as a joke But they truly feel exactly the same way that I do not only is he dangerous because of what he says But he's truly stupid Meanwhile, let me get the last of these waters clip out because other than that I'm just gonna throw up on my camera He compared the shutdown over health care Kind of like your wife Continuing to wreck her car Play the clip The Obamacare bailout put the aside the illegal alien health care. This is what this is about They created this program that was supposed to help people with health insurance and it quadrupled the price of everything so they're basically holding the government hostage and Making Trump fix a problem that they created Dana permission to make an analogy Oh, this is like when your wife forces you to buy an expensive car And then she just wrecks it over and over again, and it's always stuck in the shop, but she wants to go out, right? But she won't take an uber. She won't be seen in an uber. She calls you cheap So, you know what you do you sit on the couch you say fine, babe I'm just gonna sit down order pizza and watch football You're the one that needs to go out and shop and get their nails done. This is a war they cannot win"
7627579075564997910,https://www.tiktok.com/@drcharlieward_01/video/7627579075564997910,BREAKING 🚨 Republicans are surging the polls to defeat Virginia Democrats from Gerrymandering the map in Virginia  April 21st make sure to VOTE NO TIME TO GET LOUD MAGA,2026-04-11T19:02:30.000Z,68,2,2,6,790,60,,Dr. Charlie Ward,2492,False,US,fox news poll,generic_only,,"description, transcript",YES,"And so her approval rating, she is the lowest rated governor in modern Virginia history for a reason, because she's governor bait and switch. She told voters one thing, she's done the opposite, and Gerrymandering is just one more example. So we love our energy, we love the crowds we're seeing, we love where we are. She's the latest Democrat governor now to get into a public spat with the president. She just tweeted moments ago at the president, he was slamming her for the number of bills that Democrats want to propose to raise a variety of taxes in Virginia. And she writes this, the president and his allies are talking about taxes that our state legislature never even voted on. I certainly didn't sign. Why? Because if they don't flood the zone with fake news about fake taxes, people might actually hear about the bills I am signing to lower costs like energy. Your quick reaction to that, and then we got to go. She immediately put a carbon tax on every Virginia utility bill. She put us back in."
7613638836442254614,https://www.tiktok.com/@usacitizenmedia/video/7613638836442254614,Fox News poll shows Donald Trump approval among MAGA Republicans hits 98 percent Supporters say the movement is stronger than ever and the base is fully energized behind America First leadership #USA #AmericaFirst #Trump #MAGA #USPolitics ,2026-03-05T05:27:33.000Z,742,23,48,110,61800,6,"usa, americafirst, trump, maga, uspolitics",USA Citizen Media,17400,False,US,fox news poll,source,Fox News poll,description,YES,Thanks for watching!
7534934624460377399,https://www.tiktok.com/@tessa___888/video/7534934624460377399,@Fox News  Nellis: Fox News polling has Donald Trump's approval rating cratering. He's -30% on inflation Watters: He just started off. You got to give the guy a shot #republicans #democrats #trump #harris #foxnews #fyp #fy ,2025-08-05T03:15:15.000Z,679,15,42,42,24100,27,"republicans, democrats, trump, harris, foxnews, fyp, fy",Tessa🌻,21000,False,US,fox news poll,source,Fox News poll,"description, transcript",YES,"hard at work. You're not, this is not a confessional. You're not going to come on and say, I was wrong about Trump. I burned the white dude for Harris hat. Are you still sticking with Harris? Listen, I prefer the Kamala Harris for president right now. And honestly, I think a lot of Americans agree with me. Fox news, his own polling is Donald Trump's approval rating cratering. He's negative 30% on the inflation. I think people are awfully frustrated with the leadership they're getting right now. Doesn't mean they like Democrats, but they're not happy with what they're getting. Okay. So he just started off."
7607970075248823566,https://www.tiktok.com/@headquarters/video/7607970075248823566,"cope harder, jd ",2026-02-17T22:50:03.000Z,56900,1555,2259,291,893400,31,,Headquarters,5500000,True,US,fox news poll,generic_only,,transcript,YES,"So, we just mentioned the midterms. I want to just put up a poll. This shows congressional vote preference. This was at the end of January, so just a few weeks ago. Of all voters, Democratic candidate preference at 52, GOP candidate at 46. We've got a long way to go, but obviously that that number would not be good for the majority. That would not be good. I will say, as much as we love Fox News, we always think Fox News has the worst polling. Me and the President agree on that. I'm sorry."
7409314639227489567,https://www.tiktok.com/@hifromashley/video/7409314639227489567,Fox News Predicts Kamala Harris as the winner 🫶🏼💙🇺🇸  Fox News only used their own polls to predict who will win the 2024 election and become the next president of The United States of America  #foxnews #kamalaharris #kamala #harris #president #usa #unitedstates #winner #dumptrump #trumplost #donaldtrump  #democrat #democrats #republican #republicans ,2024-08-31T14:45:12.000Z,45100,1332,2312,4103,2600000,12,"foxnews, kamalaharris, kamala, harris, president, usa, unitedstates, winner, dumptrump, trumplost, donaldtrump, democrat, democrats, republican, republicans",Life & Travel w Ash,25200,False,CO,fox news poll,generic_only,,description,YES,never gonna guess who fox news thinks is the winner and if that lead holds she wins georgia she wins the presidency of gamala harris
7621342066634788118,https://www.tiktok.com/@klaybrowning212_/video/7621342066634788118,"FOX NEWS POLL: President Trump’s approval rating dipped to 41% in March, and 59% of registered voters now disapprove of him — the highest disapproval of either of his terms. Republican approval fell to a second-term low of 84%, down from 92% last March",2026-03-25T23:39:58.000Z,1,,0,4,93,,,klaybrowning212_,8849,False,NG,fox news poll,source,FOX NEWS POLL,description,YES,
7551581608063683895,https://www.tiktok.com/@mexboiwhiteboi/video/7551581608063683895,"Trump says ‘we’re gonna have numbers like nobody’s ever seen’ — but when pressed on Fox polling showing 52% think the economy’s worse, he fires back: ‘Fox polling is the worst polling.’ 🧐 #Trump #FoxNews #EconomyTalk #PoliticsTok",2025-09-18T23:53:56.000Z,41,11,5,4,1470,50,"trump, foxnews, economytalk, politicstok",Flëury,1458,False,US,fox news poll,generic_only,,"description, transcript",YES,"numbers that like nobody's ever seen before, including jobs. People are going to feel that because we do see polling that doesn't pull well in the economy. The recent Fox polling said 52% say the economy is worse under this administration. You've got unemployment at the highest rate in four years, groceries made a big jump in the last term. So how is that? You're looking forward with these plans that you just talked about. When will people feel that? Well, when the factories start opening, I mean, right now we're building them and, you know, Fox polling, I have to tell you, I've told you before, it's the worst polling I've ever had. It's always I mean, during the election, they had me winning by a little bit, not by a by a massive amount. And Fox polling, I've told Rupert Murdoch, go get yourself a new pollster because he stinks. And this is for years now. But I will say that we have all of these things are being built."
7427850862359268638,https://www.tiktok.com/@joynotesofficial/video/7427850862359268638,NOT EVEN BORDERLINE: A FOX News poll shows Americans increasingly support the deportation of illegal immigrants.#americans #deportation #illegalimmigrants #migrants #taxpayer #usa_tiktok #election2024 #illegally #joynotesofficial ,2024-10-20T13:35:25.000Z,128,3,2,3,4455,,"americans, deportation, illegalimmigrants, migrants, taxpayer, usa_tiktok, election2024, illegally, joynotesofficial",JoyNotesOfficial,36000,False,US,fox news poll,source,FOX News poll,description,YES,
7621649559734799637,https://www.tiktok.com/@eugeneojirigho/video/7621649559734799637,"Fox News: ""FOX NEWS POLL: President Trump’s approval rating dipped to 41% in March, and 59% of registered voters now disapprove of him — the highest disapproval of either of his terms. Republican approval fell to a second-term low of 84%, down from 92% last March. Among Democrats, 95% disapprove, marking the fourth time this term Democratic disapproval of Trump reaches a record high. Among independents, 25% approve and 75% disapprove.""  #FoxNews #Trump #usa #Democrats #Republicans ",2026-03-26T19:33:03.000Z,3,,0,0,212,,"foxnews, trump, usa, democrats, republicans",Eugene Ojirigho,1383,False,NG,fox news poll,source,FOX NEWS POLL,description,YES,
7498847609910480150,https://www.tiktok.com/@welcometomagaland/video/7498847609910480150,"A Fox News poll put Trump’s approval rating below 39% especially low considering it being conducted by Fox News. Other measures where Trump has been found to be unpopular include the economy and his overall behavior.  Welcome to MAGAland: Trump’s Second 100 Days. Get all the latest news and gossip from inside Trump's new administration, every week. Listen wherever you get your podcasts now. #trump #news #maga #politics #welcometomagaland #magaland #podcast ",2025-04-29T21:18:42.000Z,63,5,3,10,1428,56,"trump, news, maga, politics, welcometomagaland, magaland, podcast",Welcometomagaland,2763,False,US,fox news poll,source,Fox News poll,"description, transcript",YES,"Fox News had a very shocking finding. They found that only 33% of Americans approve of Trump's tariffs, which is really quite remarkable, especially from a poll coming from Trump's most trusted media news source. Trump isn't too happy with these polls. He was up early this morning ripping into Fox News, ripping into some of these he called, quote, negative criminal pollsters, and a lot of these polls show him at about a 40% approval rating, which still isn't that bad, but it is a dip from where we saw him when he first took office in the 50s. It has to be all tariffs, right? Because his supporters are super happy, it seems, with what he has done in immigration, really everything else. Is Trump gonna change direction? Or is he gonna continue saying that these polls are lying? Because these polls have not always told the full story we now know, especially when it comes to Trump."
7613308265874738453,https://www.tiktok.com/@chiefdesignerspacex/video/7613308265874738453,"FOX NEWS POLL: Voters are divided on U.S. military action against Iran, with 50% approving and 50% disapproving, according to new FOX News polling. Eight in 10 Republicans approve of the current U.S. use of force, while nearly 8 in 10 Democrats disapprove and 6 in 10 independents disapprove. Among voters who have served in the military, 59% approve of the U.S. strikes on Iran. #trumpnews #saveamerica #usatoday #elonmusk #iran ",2026-03-04T08:04:40.000Z,1,,0,0,36,,"trumpnews, saveamerica, usatoday, elonmusk, iran",CEO OF SPACEX 🚀🇺🇸,2373,False,NG,fox news poll,source,"FOX NEWS POLL, FOX News poll",description,YES,
7556047429993270559,https://www.tiktok.com/@bg.loves.math/video/7556047429993270559,Class is in session—New Fox News poll just dropped on the NJ Governor’s race between Mikie Sherrill and Jack Ciattarelli. I’m breaking it down like a stats class. Let’s look at the numbers the right way. #NJGovernor #Election2025 #PollsExplained @Team Mikie ,2025-10-01T00:43:18.000Z,678,53,50,109,12300,96,"njgovernor, election2025, pollsexplained",BG Loves Math,13000,False,US,fox news poll,source,Fox News poll,"description, transcript",YES,"A new poll came out today in New Jersey's race for governor. Let's talk about it. If you're wondering who I am, I'm BG. I love math and statistics and I taught for over 31 years. When I look at a poll, I go all the way to the bottom to how they conducted it and how many people were in the sample. So it looks like they had interviews with a sample of 1,002 New Jersey registered voters randomly selected. They used landlines, cell phones, and surveys online from a text message. They ended up with 822 likely voters and the results create a margin of error of plus or minus three percentage points. We can see Mikey Sherrill has a seven point advantage over Jack Cittarelli in registered voters. Both Sherrill and Cittarelli supporters have a high degree of vote certainty. In the honesty category, Mikey scored a 56 and Jack only scored a 49. Interesting that both Mikey Sherrill and Phil Murphy have a higher favorability rating than either Jack Cittarelli or Donald Trump. This was no surprise. New Jerseyans can't agree that Central Jersey even exists or whether we call it gravy or sauce. Of course we don't agree. Finally, this graphic I think was my favorite. It was clearly marked, the areas were correct, and the color coding was good. Notice 54% of New Jerseyans have high taxes, property, cost of living, and inflation as their number one concern. Nice job Fox News. Nice job. Did you notice something that I missed? Drop it in the comments."
7517881963382852894,https://www.tiktok.com/@poshpeggyponderings/video/7517881963382852894,#greenscreen #truthsocial #💙 #poll another truthsocial post for you tonight. He doesn’t like the FoxNews phone numbers shocking. ##foxnews##breakingnews,2025-06-20T04:21:52.000Z,73,1,3,13,561,121,"greenscreen, truthsocial, 💙, poll, foxnews, breakingnews",Posh Peggy,13600,False,US,fox news poll,source,Fox News poll,"description, hashtags, transcript",YES,"This just in, Trump still thinks all the polls are fake news, even Fox News. That's right, another true social post for you guys this evening. The crooked Fox News polls got the election wrong. I won by much more than they said I would and have been biased against me for years. Isn't he busy starting a war in Iran? Like why does he care about this? They are always wrong and negative. It's why MAGA hates Fox News. Even though their anchors are great, this has gone on for years. But they never change the incompetent polling company. That does their work. A new Fox News poll comes out this morning giving me a little more than 50% of at-the-border and yet the border is miraculously perfect. Miraculously perfect. Wow, he's perfect. Nobody was able to come in in the last month. 60,000 people came in with Sleepy Joe in the same month last year. I hate pollsters. One of the worst. But Fox will never change their discredited pollsters. Did you ever think that maybe there are actually some Republicans out there that have a soul and they are not really liking how you're handling things? You know, handling protests and I don't know, ICE and deportation and how you're keeping border crossings at zero. Maybe some of them have a soul. That's my posh pecky take of the night. Peace out pumpkins. Make sure you're following for more."
7621414850811563285,https://www.tiktok.com/@chiefdesignerx/video/7621414850811563285,"FOX NEWS POLL: President Trump’s approval rating dipped to 41% in March, and 59% of registered voters now disapprove of him — the highest disapproval of either of his terms. Republican approval fell to a second-term low of 84%, down from 92% last March. Among Democrats, 95% disapprove, marking the fourth time this term Democratic disapproval of Trump reaches a record high. Among independents, 25% approve and 75% disapprove. #trumpnews #saveamerica #usatoday #elonmusk #news ",2026-03-26T04:22:12.000Z,1,,0,0,252,,"trumpnews, saveamerica, usatoday, elonmusk, news",CEO of SPACEX 🚀🇺🇸,1276,False,US,fox news poll,source,FOX NEWS POLL,description,YES,
7518074819850652942,https://www.tiktok.com/@politicsus12/video/7518074819850652942,Trump LOSES HIS SH*T on Fox News Over BRUTAL POLL! #Tatcha #News #Politics #America #Political #Trump #FoxNews #fyp ,2025-06-20T16:50:16.000Z,96,1,6,7,1051,182,"tatcha, news, politics, america, political, trump, foxnews, fyp",Politics US,21400,False,US,fox news poll,source,Fox News poll,"description, transcript",YES,"All right, friends, it's always fun when Donald Trump takes shots at Fox News for petty partisan reasons, which is basically the only reason he ever does anything. This is not the first time this has happened, but it's worth noting every time given that Fox is effectively the propaganda arm of the Republican Party and the biggest player in mainstream media. A MAGA civil war is good for America, even when it's Trump versus Fox. We'll take a look here, though. As Mediaite reports, MAGA hates Fox News. Trump lashes out at Murdoch media empire in truth social tirade. Trump lashed out at Rupert Murdoch's conservative media empire in a Thursday morning truth social tirade that saw him declare that MAGA hates Fox News. There are two tweets, two truths in particular. The first one says, the crooked Fox News polls got the election wrong. I won by much more than they said I would, and they've been biased against me for years. They're always wrong and negative. It's why MAGA hates Fox News, even though their anchors are great. This has gone on for years, but they never changed the incompetent polling company that does their work. Now, a new Fox News poll comes out this morning, giving me little more than 50% at the border, and yet the border is miraculously perfect. Nobody was able to come in last month. 60,000 people came in with Sleepy Joe in the same month last year. I hate fake pollsters, one of the worst, but Fox will never change their discredited pollster. The last time Trump lashed out at Fox, from what I remember, we did a video about this, he indicated that he might have the DOJ investigate Fox News because he doesn't like their pollster. Remember, Trump is engaging in lawfare as we speak against pollsters he doesn't like, like Ann Seltzer and the Des Moines Register. Then in a follow-up post, he lashed out at the Wall Street Journal, Fox News's sister publication. The Wall Street Journal has no idea what my thoughts are concerning Iran. Repetulant, classic Trump. We'll continue. Trump has a long, complicated history with both Fox, which has long been reliably pro-Trump, and the Journal, which has braced elements of Trump's agenda and denounced others. Earlier this year, Trump hosted Murdoch himself in the Oval Office, where he referred to the media mogul as legendary and one of the most talented people in the world, while also musing that he would need to talk to Murdoch about the Journal's coverage of his administration. Again, this is what happens when you have a man who's so openly censorious that he can't handle any sort of dissent or inconvenient facts, even if they come from a network that is otherwise very pro-Trump. I mean, again, we'll take a look at this poll, but as a reminder, remember, Fox had to pay the single biggest defamation settlement in the history of American jurisprudence, in the history of American law, to Dominion Voting Systems because Fox signal-boosted Trump's lies about the 2020 election. $787 million. You would think Trump would be like, damn, that's, like, they were willing to sell that bullshit, right? They were willing to fork over, you know, three quarters of a billion dollars, excuse me, because they were that loyal to me?"
7600807692956896543,https://www.tiktok.com/@willcainshow/video/7600807692956896543,"A new Fox News survey finds President Trump with a 44% job approval rating as 2026 gets underway, with a majority of voters saying the country is worse off than a year ago and mixed views on his handling of key issues. #foxnews #trump #approval #2026 #key ",2026-01-29T15:36:20.000Z,25,,1,6,555,,"foxnews, trump, approval, 2026, key",willcainshow,91200,True,US,fox news poll,generic_only,,description,YES,
7604721639527435542,https://www.tiktok.com/@user87088151465743/video/7604721639527435542,The 2026 Senate Map Based On New Polling Averages! part4#2026 #senate #news,2026-02-09T12:30:00.000Z,13,1,2,0,986,180,"2026, senate, news",user87088151465743,308,False,US,election polling data,generic_only,,"description, transcript",YES,"he would be able to easily run for the U.S. Senate seat after his gubernatorial term ends. However, he may have his eyes on 2028 and not want to risk the prospect of losing. And so Mark Warner does lead by seven points in this poll. However, ultimately, the race will be significantly closer if Glenn Youngkin does choose to jump in. This is a Democrat-funded poll, and also it was conducted many, many months ago. And so in reality, Glenn Youngkin would not lose by any more than five points at worst. He may even have a good shot at winning. Glenn Youngkin is a much younger and much more exciting candidate than the incumbent Democrat. And so on our map, Virginia is going to be lean for the Dems. North Carolina, though, is going to be even more competitive after Tom Tillis has announced that he will be dropping out. He is not going to seek a third term in office. And instead, it's going to be Michael Whatley at the top of the Republican ticket. He is the chair of the Republican National Committee, and he will likely run against Roy Cooper, the former Democratic governor. And so Michael Whatley is a very strong candidate on the Republican side. The same can be said for Roy Cooper on the Democratic side. And so we will have a very exciting race here with two top tier candidates. Now, the main reason why Roy Cooper currently holds this three point lead is because of his massive name recognition advantage. Michael Whatley is not yet as well known in the Tar Heel state. But in the coming months, as he gets time to campaign, this race is going to tighten up and it's probably going to be one of the closest on the entire map. However, Republicans do have the slight edge here just by default. Looking at the presidential election results, Trump won North Carolina in 2016, 2020, and 2024. It's the only one of the seven swing states that he won in all three cycles. And so North Carolina on our map will be tilled Democrat. A lot of the polls that went into the average were Democrat funded. Ultimately, it is going to go down to the wire. But right now, based solely on the data, Democrats have the slightest of edges. And then South Carolina typically one color in solid red. But the problem here is that Lindsey Graham is running for reelection, and he simply isn't popular in his home state. There are people that want to primary him. They're probably going to be unsuccessful. Lindsey Graham still does have the support of Donald Trump, but he has been known for being a flip flopper his entire career. He is really unpopular in South Carolina, but the state is not going to like the Democrat. And that is the only reason why he still serves in the U.S. Senate. Lindsey Graham, though, is still going to win. The state is going to be likely for the GOP. Georgia, though, is going to be just as competitive as North Carolina. And this is a race that Democrats have to win."
7424377462454324487,https://www.tiktok.com/@toollutility999/video/7424377462454324487,"""SHOCKING 2024 Election Map Based On NEW Polling Averages! part 1 🗳️ #2024Election #PollingData #ElectionMap""",2024-10-11T04:56:28.000Z,84,6,8,31,2146,359,,ToollUtility999,11500,False,US,election polling data,generic_only,,"description, transcript",YES,"Donald Trump is surging to new heights with the 2024 election less than a month away. Last week, he took the lead in Pennsylvania, and today he's taking the lead in yet another swing state. In this video, we'll be taking a look at the 2024 electoral map based on newly released polling averages. To avoid wasting time, I've already filled in all of the solid states for both candidates. Trump takes an early lead with 126 electoral votes to Kamala Harris's 97. We're now going to fill in all of the competitive races on this map, starting in Washington, where Kamala Harris leads by 13.7%. She's definitely the favorite to win here, but you have to keep in mind that Joe Biden won Washington by nearly 20 points four years ago. It was solid for Biden back then, but today, Washington's only going to be a likely blue state for Harris. Down in Oregon, she's performing even worse. She leads by just 5%, and yet another solid blue state from four years ago. Next up in Nevada, this has really become the only swing state that Harris actually has a good chance of winning. If you look at the betting markets today, Trump has become the favorite in Wisconsin and Michigan. He already took the lead in Pennsylvania a few days ago. He's leading in Arizona, Georgia, and North Carolina as well. Nevada is the only one where Harris still has a very slight advantage, and according to the polling average, she leads by 1.1%. But considering that Joe Biden led by 6 points at this point in 2020 and only won the silver seat by 2.4%, it is still unlikely that Harris is going to be able to win Nevada when all the votes are counted. And so on the map, based on the polling alone, it's going to be tilt blue, but in reality, I do have Trump on track to win. He'll be the first Republican to win Nevada since 2004. In Arizona, this state has taken a significant shift to the right from where it was four years ago. In 2020, it was clear that Joe Biden was going to win. In fact, he led in the polling by nearly 3 points in October of 2020. Today, Trump leads by 1.4% margin, and if you just look at the spread of polls, it is clear that the former president is the favorite. He is not going to lose Arizona. The only polls that have Harris leading are from some of the most liberal pollsters in the country. Kamala Harris barely ever took a lead in the state, even when she was supposedly surging. In mid-August, she led by 0.2% at one point in time, but after that, she's been behind ever since, and Trump generally has been growing his lead. There's no doubt Trump is going to flip Arizona back, and according to the polls, it is tilt red. In neighboring Colorado and New Mexico, we have two states that went to Biden by double-digit margins. Now, obviously, this time, Kamala Harris is not going to fare as well. She leads by 11% in a Colorado poll, but this is a Democratic internal poll, which means that in reality, Harris is only leading by just over 7 points. In New Mexico, she leads by 8.5%. The vice president is definitely the favorite in these two races, but you see once again, just like in Wisconsin and Oregon, Harris is performing much worse than Biden did in 2020, and it's yet another sign that she is on track to lose this election. Before I continue, nearly 80% of you guys are not subscribed, so please take the time to subscribe right now for more content like this leading up to the election in November, and join my Discord server to chat with me personally. Link in the description below. Moving on down to Texas, we have a state that heavily underestimated Trump in 2020. In fact, at this point four years ago, Texas was essentially a tie based on the polls, but that is not the case this time. Trump leads by 5.4%. That's a pretty commanding advantage, considering he's probably being underestimated again. If you look at the results from 2020, he carried the Lone Star State by nearly 6 points. He's probably going to win it by double that margin next month. Texas is going to be likely red, but based on just the polling, it's going to fall right under that 7-point threshold and will be lean Republican on our map. And then in the second district of Nebraska, which is basically Omaha and its suburbs, Kamala Harris leads by 10%, so it's going to be likely for the vice president. Moving up now to the Midwest, it's this region that's actually going to decide the election. Wisconsin, Michigan, and Pennsylvania are the three most important states on this map, just like they were in 2016 and 2020. Kamala Harris has to win all three of these states if she wants to get to 270 electoral votes. Meanwhile, all Trump has to do is win any one of these three. It could be Pennsylvania with its 19 electoral votes, or it could even be Wisconsin, which only has 10. But before we get to those states, we're going to begin in Minnesota, where Kamala Harris leads by 4.7%. This might look good, as Minnesota generally has been very competitive in the last few years, especially in 2016, when the race in the state was decided by just 1.5%. And today, Harris leads by three times that margin. But really, Kamala Harris leading by 4.7% is pretty abysmal. She can't even crack 5% when she's running with the state's literal governor, who was reelected by a double-digit margin in 2022. Now in 2020, Joe Biden won Minnesota by seven points, and he wasn't running with anyone influential from Minnesota, because of course, his vice president was Kamala Harris. Even Biden was able to win Minnesota by a likely margin, but today, Kamala Harris isn't even close. So yes, she is probably going to win Minnesota, but definitely not by the margin she needs to. Next up, in Wisconsin, Donald Trump is on the verge of taking this state back, according to the polls. Now right now, he still is behind by 0.5%, but he leads in three of the last four polls conducted in the state. There's no doubt that Wisconsin is going to flip red very soon. If you look at the graph, Kamala Harris's lead has been shrinking ever since she peaked last month. And so Trump is almost guaranteed to win Wisconsin. Just look at where Biden was in 2020. Four years ago, he led by 5.5%, and in the end, he only carried Wisconsin by 0.63%. Today, Kamala Harris leads by just half a percentage point. The polling error is going to get her. There's no way she's going to win Wisconsin, but based on the pure data for the purposes of this map, the state is going to be tilt blue. This is the final battleground state on the map that we're going to fill in in favor of the vice president."
7518124872715734302,https://www.tiktok.com/@matthew_votenow/video/7518124872715734302,NYC mayoral primary polling data - download votenownyx on the App Store for more resources #newyorkcity #election2025 #mayor ,2025-06-20T20:04:23.000Z,2127,9,58,128,64900,42,"newyorkcity, election2025, mayor",matthew_votenow,13,False,US,election polling data,source,Marist,"description, transcript",YES,"New polling data has been released about who is expected to win the New York City 2025 Mayol primary. Marist conducted a poll between June 9th and June 12th of over 1,000 registered Democrats in New York City. The study found that 38 percent of participants ranked Cuomo as first versus 27 percent who ranked Mamdani as first. With that said, Zohran Mamdani's last polling results have increased 18 percent from the poll one month prior. If this sample was accurate and represents the whole of New York City, this would place that Andrew Cuomo would win on the seventh round of ranked choice voting. So with the New York City mayoral election just five days away and if you're looking for more resources to be able to participate, download Vote Now NYC on the App Store today."
7414782439517605128,https://www.tiktok.com/@v.isualize.com/video/7414782439517605128,"Line chart race of 2024 Presidential Polls (Updated Sep. 14, 2024) Created by @v.isualize.com Source: https://projects.fivethirtyeight.com/polls/president-general/2024/national/ Link: https://blog.v.isualize.com/line-chart-race-of-2024-presidential-polls/ #linechartrace #linechart #presidentialelection #joebiden2020 #donaldtrump #kamalaharris",2024-09-15T08:22:52.000Z,0,,1,0,390,29,"linechartrace, linechart, presidentialelection, joebiden2020, donaldtrump, kamalaharris",v_isualize_com,17,False,JP,election polling data,source,fivethirtyeight,description,YES,
7417371773169159431,https://www.tiktok.com/@v.isualize.com/video/7417371773169159431,"Line chart race of 2024 Presidential National Polls (Updated Sep. 21, 2024) Latest national polls as of September 21 Harris: 48.3% Trump: 45.6% Created by @v.isualize.com Source: https://projects.fivethirtyeight.com/polls/president-general/2024/national/ Link: https://blog.v.isualize.com/line-chart-race-of-2024-presidential-national-polls-updated-sep-21-2024/ #linechart #linechartrace #usa🇺🇸 #presidentialelection #presidentialpolls #trupm #biden #harris #kamalaharris",2024-09-22T07:50:49.000Z,1,,0,0,483,29,"linechart, linechartrace, usa🇺🇸, presidentialelection, presidentialpolls, trupm, biden, harris, kamalaharris",v_isualize_com,17,False,JP,election polling data,source,fivethirtyeight,description,YES,
7625937896796654870,https://www.tiktok.com/@casa.de.trucos/video/7625937896796654870,"New polling data has revealed a CRITICAL pivot in the national landscape, showing Republicans with a MASSIVE +5 point lead in net favorability ahead of the 2026 midterms. This UNPRECEDENTED early advantage threatens to completely reshape the fight for Congressional control. 📊 What issues do you believe are driving this shift in voter sentiment across the country? #USAPolitics #TrendingNews #ElectionUpdate #Midterms2026 #RepublicanParty",2026-04-07T08:53:56.000Z,1,,0,1,3,,"usapolitics, trendingnews, electionupdate, midterms2026, republicanparty",Moonlight,79,False,IT,election polling data,generic_only,,description,YES,You
7587273817379081503,https://www.tiktok.com/@rosieth3riveter/video/7587273817379081503,"This is the 2024 election based only if 18-year-olds to 34-year-olds could vote! This is based on current, polling data as well as Trump's current approval rating with these age ranges. It seems that he has exponentially low with these groups of people! We all need to get out and vote for the midterms#democrats #kamala #republicans #politics #prediction ",2025-12-24T04:17:38.000Z,187900,5321,7646,1554,1600000,58,"democrats, kamala, republicans, politics, prediction",Rosie the Riveter,5739,False,US,election polling data,generic_only,,description,YES,"This land is your land, and this land is my land From the California to the New York Island From the redwood forest to the Gulf Stream waters This land was made for you and me As I went a-walkin' that ribbon of highway I saw above me that endless skyway Saw below me that golden valley This land was made for you and me I roamed and rambled and I followed my footsteps"
7569126020318563639,https://www.tiktok.com/@kron4.com/video/7569126020318563639,Prop 50 passed by a majority of California voters. Find the latest #electionday polling results on KRON4.com,2025-11-05T06:35:00.000Z,77000,4913,2346,1131,736800,26,electionday,KRON4 News,77700,True,US,election polling data,generic_only,,description,YES,"Results came in within minutes. Prop 50, also known as the Election Rigging Response Act, as you can see there, yeah, it passed overwhelmingly. Tonight, as I said, is an extraordinary moment for our party. Our founding fathers did not live and die to see the kind of vandalism to this republic and our democracy that Donald Trump is trying to perpetuate."
7428950652610497835,https://www.tiktok.com/@cnn/video/7428950652610497835,CNN senior data reporter @Harry Enten breaks down the latest presidential polling and voter registration data as he examines the surprisingly low number of undecided voters that could still flip the election in favor of Kamala Harris or Donald Trump. #cnn #politics #polling #harryenten ,2024-10-23T12:42:51.000Z,1367,19,70,66,84200,48,"cnn, politics, polling, harryenten",CNN,14400000,True,US,election polling data,generic_only,,"description, hashtags, transcript",YES,"The few, the proud, the undecided. At this point, only about 3% of the electorate is undecided about who they want to vote for. That is way less than the percentage we saw at equivalent points in both 2020 and certainly 2016. But it's not just undecided about who they're going to vote for. There's a portion of the electorate that's undecided about whether they're going to turn out at all. Of course, this election is going to come down to the seven key battleground states plus Nebraska's second congressional district. Because those states in the congressional district, we're only talking about 45 million registered voters, of whom only about five to seven million are undecided about whether they're going to turn out and whom they're going to vote for. When you talk about the money in these states, we're talking upwards of $50 to $70 per undecided voter. Wowza."
7407433735177538848,https://www.tiktok.com/@electrictimenews/video/7407433735177538848,Part 1 The 2024 Election Map Based On Polling Averages From ALL 50 STATES!#2024 #election #breakingnews #news #politics #democracy #trump #trump2024 #harris #foryou ,2024-08-26T13:06:22.000Z,141,5,28,15,38700,179,"2024, election, breakingnews, news, politics, democracy, trump, trump2024, harris, foryou",Electric Time News,45600,False,US,election polling data,source,New York Times poll,"description, transcript",YES,"With RFK Jr out of the race and both party conventions over, in this video, we'll be taking a look at the 2024 electoral map based on polling averages from every single state to see who's currently in the favorite to win the election this November. And so we're just going to get right into it. Starting off on the West Coast with Washington, Kamala Harris is on track to win by 11.3 percentage points. She leads by 14 points in the most recent Democratic-sponsored poll, while the previous one had her leading by just 5 points. Yes, she is still the favorite, but she's not doing nearly as well as Biden did when he won the state by 19 points four years ago. Down in Oregon, the Vice President is performing even worse. She leads by 5 points in the most recent poll conducted. This is a state that Biden carried by 16 percent. And considering that the governor's election here went down to a single-digit margin in 2022, Oregon is a state that Trump can get competitive in over the next few months. And so it's going to be placed into the lean Democratic column. And finally, in California, this is Kamala Harris's home state. She served as a senator from the Golden State for four years before becoming vice president. And today, Harris leads by 25 percent, according to the only poll we have from California. So Donald Trump is on track to lose in California for a third time in a row, and it will be solid blue for the vice president. In neighboring Nevada, the state is expected to be one of the most contentious this November. Nevada went to Democrats in every single election since 2008. The last time a Republican won the silver state was 2004. But Trump has a real chance at flipping Nevada back. Just look at 2016 and 2020, when both Clinton and Biden won by the exact same 2.4 percent margin, despite the entire rest of the country shifting to the left four years ago. In 2022, we saw a Republican win the governorship in Nevada. It is a state that is moving to the right after a decade of Democratic control. And looking at polling today, Donald Trump is on track to flipping the state and win it by 1.4 percent. He leads in all four of the most recent polls conducted here. One of them was even done by the New York Times and Siena College, which is a left-leaning pollster. And so the state of Nevada is going to fall into the tilt Republican column. It is obviously going to be close, but Trump is on track to winning a state he has never won before. Down in Arizona, this is a state that Biden carried in 2020, but Trump won in 2016. Looking at the polling from here today, Trump is on track to win by 0.2 percent. Harris is basically being held up by this one New York Times poll, showing her up by five points. That was never going to happen. Joe Biden only won Arizona by 0.3 percent. It'll be very difficult for Harris to outperform her predecessor. And on top of that, considering just how narrow of a margin Trump lost by, he really doesn't need to do that much to take the state back. And so it's a state that Trump has led in throughout the entirety of the 2024 cycle, and it will"
7568196773475257614,https://www.tiktok.com/@romanoreport/video/7568196773475257614,News: new polling data from NBC is very bad for Donald Trump and Republicans ##news##politics##theromanoreport,2025-11-02T18:29:14.000Z,981,12,47,25,5989,95,"news, politics, theromanoreport",The Romano Report,220100,False,US,election polling data,generic_only,,description,YES,
7394899645693988126,https://www.tiktok.com/@warwatchhq/video/7394899645693988126,Harris is doing WORSE than Biden in national polls. Biden dropped out of election: New polls. #polls #election #politics #kamala #harris #biden #trump #maga ,2024-07-23T18:27:41.000Z,6,,0,2,548,,"polls, election, politics, kamala, harris, biden, trump, maga",World War Intelligence,2026,False,US,election polling data,generic_only,,"description, hashtags",YES,
7588988715897310494,https://www.tiktok.com/@mindnlove/video/7588988715897310494,"New data shows a sharp shift among independent voters, with support dropping by a net 43 points. Analysts say the numbers highlight changing priorities, growing dissatisfaction, and the increasing importance of independents in shaping election outcomes. In modern politics, independents often decide the future. #PollingData #ElectionAnalysis #SwingVoters #PoliticalNews #BreakingPolitics",2025-12-28T19:12:31.000Z,88,6,8,1,5961,33,"pollingdata, electionanalysis, swingvoters, politicalnews, breakingpolitics",MindNLove,3579,False,US,election polling data,generic_only,,transcript,YES,"Now, we're talking about 43 points underwater come December. That is a decline of 42 points on his net approval rating. Donald Trump is hanging out with Jacques Cousteau. That is how far underwater Donald Trump is with independents at this point. Now, what issues are driving this decline in Trump's approval rating, his net approval rating? Well, let's look at two of the key issues, right? The economy, the reason that Donald Trump was elected to a second term back in January. He was in pretty good shape, a plus nine points on the net approval rating. But look, come December, 16 points underwater."
7402685809402383648,https://www.tiktok.com/@electrictimenews/video/7402685809402383648,The 2024 Election Map Based On Current Polling Averages From ALL 50 STATES!#2024 #electiontime #breakingnews #news #politics #trump2024 #trump #map #foryou #harris ,2024-08-13T18:01:52.000Z,208,1,25,19,32400,179,"2024, electiontime, breakingnews, news, politics, trump2024, trump, map, foryou, harris",Electric Time News,45600,False,US,election polling data,source,New York Times poll,"description, transcript",YES,"caucus in 1988, so really not the greatest performance for the vice president in such a crucial Democratic stronghold. Harris up by 14. If you looked at the polling when Biden was still in the race, he was on track to winning New York by a single-digit margin. So yes, things are getting pretty bad for Democrats in a seat that they carried so easily by nearly 24 points just 40 years ago. New York is going to be a likely Democratic state along with New Jersey and Delaware. In New Hampshire, we have Kamala Harris leading by 5.7. Biden carried the state by 7 points in 2020. However, in 2016, Clinton came very close to losing the state. It was the second-closest election on the entire map. Only Michigan was more competitive. So yes, Trump can win in New Hampshire, but as of right now, Harris does maintain a pretty solid lead, although it does seem like, according to the polling, that lead is only starting to decrease. And so Kamala Harris up by 5.7 is going to make the granted state lean in favor of the Democrats. And finally, up in Maine, this is a seat that isn't talked about too much. It only has two electoral votes coming out of the at-large vote. Democrats almost always win this, and Kamala Harris leads by 9%, the same margin that Joe Biden carried Maine by in 2020. So Maine, to finish out the Northeast, is going to be likely Democratic. Moving down to the Southeast now, we're going to start off by filling in the solid Trump states, beginning with Missouri, but also including Arkansas, Louisiana, Mississippi, Alabama, Tennessee, Kentucky, West Virginia, and South Carolina. These have all been Trump states at some point over the last eight years, and they're going to remain in the Republican column in 2024. We have four more competitive states left to go over, with neither candidate at 270 electoral votes quite yet. Beginning with Virginia, Kamala Harris leads by 5 points according to the latest New York Times poll. This will be enough to put her ahead by a lean margin. Virginia definitely still favors Democrats, but Republicans can get competitive here. They currently hold the governorship with Glenn Youngkin elected in 2021, and Donald Trump actually took the polling lead against Joe Biden in the average right before Biden dropped out. So there is a vulnerability for Democrats here, but as of right now, Trump is not favored to win, although things may change in the coming months. In North Carolina, the former president is on track to win. He leads by 3.2 percent in a state that he carried by 1.3 four years ago. North Carolina also went to Trump in 2016. He won it by a nearly 4 point margin, and so probably going to return to a margin more reminiscent of what we saw eight years ago. The Tar Heel state is currently lean red, with Trump having led in every single poll against Kamala Harris. There's no way she's going to win this state. North Carolina has only gone blue once since 1976, and that was in 2008 when Barack Obama carried the state by a third of a percentage point. So today, North Carolina is going to be lean Republican. Georgia, though, is going..."
7434585107815468330,https://www.tiktok.com/@thesashawhitney/video/7434585107815468330,addressing some things now that we have more exit pull data and see the conversations that have come out about said data. #exitpoll2024 #election2024 #peopleofcolor #allyship #diversityandinclusion  ,2024-11-07T17:07:23.000Z,5851,354,878,343,124900,218,"exitpoll2024, election2024, peopleofcolor, allyship, diversityandinclusion",Sasha,77500,False,US,election polling data,generic_only,,transcript,YES,"Now that we have exit poll data and demographics, there are a lot of conversations happening here and I want to address each and every single one of them. So first and foremost, there's a conversation that we should not be putting Harris's loss exclusively on people of color and why are white people not being held accountable. First and foremost, whiteness in this country is an institution. We knew the way white people were going to vote. That came as no surprise to anyone. Whether you want to blame Harris's loss on people of color or not, I want to take it from the perspective that this information tells us that there is no such thing as people of color. A lot of people will use people of color and Black people synonymously. This information, this breakdown right here shows you that there is no people of color. When it comes to conversation about diversity, equity, inclusion, and representation, we see Black voices, specifically Black women, be the most vocal, be on the front lines of pushing and advocating for diversity, equity, inclusion, and representation. However, the people who benefit from it are not the people who are actively pushing for it. Black women show up and do what they're supposed to do every single time and any benefits are ultimately reaped by other groups of color. However, when it comes time to show up for Black people, specifically Black women, this is what happens. So Black women, protect your peace, protect your energy, and start organizing and move in silence. You don't got to be on this app sharing all of your plans. So that's the one conversation I wanted to speak to. The other conversation that I wanted to talk about is let's hit on age demographics real quick. Any hope or belief in this rhetoric that Gen Z will save us because they are so much more enlightened and progressive than other generational groups? Yeah, that's a lie. There is not much difference here in how Gen Z voted in comparison to Millennials, in comparison to Gen X, and that actually kind of makes sense to me because when you are looking at this whole, the radicalization of young men that is occurring in this country, it 110 percent makes sense to me that men in the Gen Z age demographic are being radicalized. This is not just a white male thing that is happening. When we talk about it in the media, I think a lot of us are specifically thinking about it and framing it from a white male perspective, but this kind of radicalization and misogyny is also impacting men of other racial groups. Voting in this country is a group project and I hate group projects. Growing up in elementary school, in middle school, in high school, even in college, whenever we were assigned group projects, I would always ask the teacher or my professor, can I do this myself? And generally, they would say yes. They would be like, Sasha, you can do the project yourself as long as you do not complain about the workload. And I would shoulder that workload every time and I would do it myself because I hated the fact that I could sit there and I can show up and I can know all the things and I can be as intelligent and I can do my part and I have to rely on somebody else pulling their weight for my grade. I gotta rely on somebody else. Never that. Black women show up every single time and do what they are supposed to do. The very interesting part about this is Black women are inarguably the most prepared for what is going to come down the line because we have already been living it. Now, however, everybody else is going to get a taste of it. This is what you voted for."
7424540792720510240,https://www.tiktok.com/@electrictimenews/video/7424540792720510240,Part 2 SHOCKING 2024 Election Map Based On NEW Polling Averages#2024 #election #breakingnews #news #politics #democracy #trump #harris #trump2024 #foryou ,2024-10-11T15:30:19.000Z,95,3,11,8,5441,179,"2024, election, breakingnews, news, politics, democracy, trump, harris, trump2024, foryou",Electric Time News,45600,False,US,election polling data,generic_only,,"description, transcript",YES,"by just over 7 points. In New Mexico, she leads by 8.5. The Vice President is definitely the favorite in these two races, but you see once again, just like in Wisconsin and Oregon, Harris is performing much worse than Biden did in 2020, and it's yet another sign that she is on track to lose this election. Moving on down to Texas, we have a state that heavily underestimated Trump in 2020. In fact, at this point four years ago, Texas was essentially a tie based on the polls, but that is not the case this time. Trump leads by 5.4%. That's a pretty commanding advantage considering he's probably being underestimated again. If you look at the results from 2020, he carried the Lone Star State by nearly 6 points. He's probably going to win it by double that margin next month. Texas is going to be likely red, but based on just the polling, it's going to fall right under that 7 point threshold and will be lean Republican on our map. And then in the second district of Nebraska, which is basically Omaha and its suburbs, Kamala Harris leads by 10%, so it's going to be likely for the vice president. Moving up now to the Midwest, it's this region that's actually going to decide the election. Wisconsin, Michigan, and Pennsylvania are the three most important states on this map, just like they were in 2016 and 2020. Kamala Harris has to win all three of these states if she wants to get to 270 electoral votes. Meanwhile, all Trump has to do is win any one of these three. It could be Pennsylvania with its 19 electoral votes, or it could even be Wisconsin, which only has 10. But before we get to those states, we're going to begin in Minnesota, where Kamala Harris leads by 4.7%. This might look good, as Minnesota generally has been very competitive in the last few years, especially in 2016, when the race in the state was decided by just 1.5%. And today, Harris leads by three times that margin. But really, Kamala Harris leading by 4.7% is pretty abysmal. She can't even crack 5% when she's running with the state's literal governor, who was re-elected by a double-digit margin in 2022. Now, in 2020, Joe Biden won Minnesota by 7 points, and he wasn't running with anyone influential from Minnesota because, of course, his vice president was Kamala Harris. Even Biden was able to win Minnesota by a likely margin, but today, Kamala Harris isn't even close. So yes, she's probably going to win Minnesota, but definitely not by the margin she needs to. Next up, in Wisconsin, Donald Trump is on the verge of taking this state back, according to the polls. Now, right now, he still is behind by 0.5%, but he leads in three of the last four polls conducted in the state. There's no doubt that Wisconsin is going to flip red very soon. If you look at the graph, Kamala Harris's lead has been shrinking ever since she peaked last month. And so Trump is almost guaranteed to win Wisconsin. I mean, just look at where Biden was in 2020. Four years ago, he led by five."
7562537124210183454,https://www.tiktok.com/@user408541486937/video/7562537124210183454,"The data doesn't lie. Trump's poll numbers are dropping fast, and his campaign's response is making the GOP look weak. What do you think is causing the slide?#Trump #Trump2024 #Election2024 #Politics #Polling    ",2025-10-18T12:27:03.000Z,70,1,3,8,474,69,"trump, trump2024, election2024, politics, polling",user408541486937,10000,False,US,election polling data,generic_only,,"description, hashtags, transcript",YES,"Alright Trumpers, come and get me. So listen, I definitely think it's official. Donald Trump's little press secretary has lost her fucking mind. Like this bitch knows nothing about what she's talking about because here's the deal. This is how all this fucking works is Donald Trump's poll ratings are dropping at a rapid rate. 51% of people are saying it's his fault for the economy. Only 29% says anything about Joe Biden and his economy. Also looking at the simple fact of Donald Trump continues to be reckless with our economy and I'm pretty sure you dumb fucks voted for that. I didn't but I'm pretty sure y'all voted for a better economy and now he's put this blonde bitch up here that has no clue what the fuck she's talking about. She's like 29 fucking years old and married some 60 year old for for fucking money and it's just a slush fest of bullshit and what this does this makes the Republican Party look weak. It makes them look incompetent and it makes them just look ridiculous. Gotta be careful what you say on this fucking app because they'll censor you but at the end of the day this does nothing but hurt the Republican Party and it only takes your talking points away MAGA. It's all it fucking does. You ain't got a fucking right to say shit because at the end of the day your boy is running this bitch into the ground and it shows in the polling numbers. So MAGA's thanks for fucking us."
7392074191761165610,https://www.tiktok.com/@unitedfrontintl/video/7392074191761165610,"CBS News Donald Trump had an overall edge over President Biden heading into the RNC, with a narrow but consistent advantage across the battleground states, CBS News polling found. These estimates were completed before the attempted assassination against Trump on Saturday.",2024-07-16T03:54:05.000Z,8867,218,472,15,755200,60,,United Front Intl,30000,False,US,battleground state polls,generic_only,,description,YES,"This is Saturday morning, this is before the tragic events, but this is where the race stood going right into that. We posted this on Sunday morning for the record. This is where we had it, Trump up two across the battlegrounds, but the really important thing is that we got estimates for all the battleground states, and there is this rather uniform shift toward Donald Trump from 2020, so he's got this narrow edge in all of them. Now most times you hear me say, a two-point edge, that's not much. It still isn't much, but it's the consistency of it, John. In state after state, Donald Trump has this edge, and so what you see in that very uniform shift going on across the battleground states is, number one, there aren't necessarily state-specific effects going on here, and it's a very nationalized election, at least at this point, but the other part of that is that this then opens up more paths for Donald Trump through the electoral college, and I think that overall reads as edge Trump."
7424956238640811296,https://www.tiktok.com/@taylor_pope273692/video/7424956238640811296,Harry Enten breaks down the latest battleground state polls #news #president #trump #harris,2024-10-12T18:22:23.000Z,114,5,14,11,12500,78,"news, president, harris",Break News 090,10600,False,US,battleground state polls,generic_only,,"description, transcript",YES,"with a four-point lead over Donald Trump. But here's the thing, thanks to the founding fathers, it's not a national election. It's a collection of state elections. CNN senior data reporter Harry Yen is with us this morning. That's why these swing states are so important. Not the national polling. What is the latest on where the swing states stand? Yeah, I don't really give a hoot about the national polling. It could tell us about trends, but not much more. Look, these are the battleground states, right? These are the seven we've been looking at. We've got four weeks to go until the election. Look, the Great Lake battleground states, as close as they've been, Harris by a point in Pennsylvania, two in Michigan, two in Wisconsin, way too close to call. You come over to the right side of the screen with me. Sunbelt battleground states, you see more red on this side of the screen than blue. We do see Harris up by a point in Nevada. Again, way too close to call. Trump by a point in North Carolina, Georgia, two in Arizona. This has been the consistent story since Kamala Harris got into the race, right? That is that she has done better in those Great Lake battleground states. She has closed the gap in the Sunbelt battleground states, but still friendlier terrain for Trump than those Great Lake battleground states. How confident should anyone on earth feel that these numbers would actually stick? Okay, so I consistently say this race is too close to call. So I decided to go back through history, okay? And this, to me, says everything. How much?"
7432689795349941536,https://www.tiktok.com/@c4news/video/7432689795349941536,"In the battleground state Arizona, polls give Donald Trump the slimmest of leads. Kamala Harris needs to win over moderate Republicans if she wants to seize the momentum – including suburban women who she’s been busy courting during this campaign. #KamalaHarris #DonaldTrump #USElection #c4news ",2024-11-02T14:32:39.000Z,185800,1156,5033,2116,2300000,124,"kamalaharris, donaldtrump, uselection, c4news",Channel 4 News,3200000,True,GB,battleground state polls,generic_only,,description,YES,"I will not be voting for Donald Trump, but I haven't decided to vote for Harris. I'm joyfully, genuinely excited to vote for Kamala Harris. I will not vote for Trump again, and I'm undecided about Harris. In this election, just like 2020, suburban women are in the spotlight. And in the affluent outskirts of cities like Phoenix in Arizona, it's Republican women in particular who are huddling together, agonizing over iced tea, and the big question, should they vote with their conscience and ditch Donald Trump, or stay loyal to their party? Without a doubt, I will not vote for him. The circle next to his name will not get filled in. It's whether or not I don't vote at all, or if by election time I decide I'm gonna vote for Harris or not. There's always a chance for him to meet Jesus, but I do not know if he will have that come-to-Jesus moment. I'm not there with the leap of faith to vote for Harris, but I feel okay. If you can't feel like you can't vote for Trump, you shouldn't. You just shouldn't vote for him this year. This is not the Republican Party that I grew up in. He doesn't represent the Republican Party. He's not conservative. He's not stable. I feel like Kamala, you know, where I look and say, well, you know, seems stable. One message they all embrace this election is women's choice. In the one place in America where women still have a right to choose. And that's a message that Harris is cleverly using to target Republican women just like them. You can vote any way you want, and no one will ever know. And in Arizona, choice is even more critical since protecting abortion rights is also on the ballot next week. I don't want anybody who's pro-abortion. Of course, the big choice, Trump or Harris, couldn't be more stark. It is the hardest presidential race though I find him so repulsive and can't vote for him. It's, will I go the other way?"
7548525509689232695,https://www.tiktok.com/@battlegroundelections/video/7548525509689232695,"Polls tighten in a what-if. In the actual race, New Yorkers will face a multi-candidate ballot, which changes the math. Watch Battleground NYC live every weeknight at 7 p.m. ET on the FOX Local app or anywhere you stream FOX 5 NY. Catch us again at 11pm/ET on Fox 5 NY! #BattlegroundNYC #NYCPolitics #NYCMayor #CityHall #NewYorkCity #Election2025 #NYCVoters #PoliticalPodcast #PoliticalDebate #LocalPolitics #EricAdams #ZohranMamdani #AndrewCuomo #CurtisSliwa",2025-09-10T18:15:04.000Z,168,4,0,16,7776,87,"battlegroundnyc, nycpolitics, nycmayor, cityhall, newyorkcity, election2025, nycvoters, politicalpodcast, politicaldebate, localpolitics, ericadams, zohranmamdani, andrewcuomo, curtissliwa",battlegroundelections,3563,False,US,battleground state polls,generic_only,,"description, transcript",YES,"Zoran Mamdani is capturing 46% of likely voters at the moment versus Andrew Cuomo, who's got 24%, a little more than half of Mamdani's. This is good news for Mamdani. But when they polled a hypothetical head to head, if Adams and Sliwa were to drop out, Mamdani's lead over Cuomo shrinks to just four points. Now that's a totally different race than the one we're covering right now. It is a completely different race. And it's interesting. I actually just came from a press conference with Andrew Cuomo. We asked him about this poll. And Cuomo, he is a little bit hesitant to latch on to any polls, because remember, he was relying on polls back during the Democratic primary, which showed him ahead. And we all know how that ultimately ended. So yeah, these numbers do show a very interesting race. If this was just a two-candidate race between Zoran Mamdani and Andrew Cuomo. But Essie, we know that that's just not the reality. That's not where we are right now. The ballot in New York City is about to be certified. And so New Yorkers are going to see several names on their ballots when they go to vote in November, which is going to make it even harder for Andrew Cuomo. But he is saying this. He believes that there will naturally be a whittling down and that voters will come to think of this as a two-person race, and they're going to discount candidates that aren't viable. And so he said today that yes, even if other candidates do not drop out of the race, he believes he can still win. But he's going to have to prove that, because right now clearly the numbers are in Zoran Mamdani's favor."
7433950127758347566,https://www.tiktok.com/@jillthenewslady/video/7433950127758347566,"Counting the votes will extend beyond election night, and we may not know who our next president is for a couple of days, especially since the polls show the race to be close. Here’s what to expect with vote counting in each of the battleground states.   #trump #harris #2024election #newslady#newslady #foryourpage #trending #trendingtoday #news #newstok #fyp",2024-11-06T00:03:19.000Z,108,3,4,1,1579,245,"trump, harris, 2024election, newslady, newslady, foryourpage, trending, trendingtoday, news, newstok, fyp",Jill,3245,False,US,battleground state polls,generic_only,,"description, transcript",YES,"Counting the votes will extend beyond election night, and we may not know who our next president is for a couple of days, especially since the polls show the race to be close. Here's what to expect with vote counting in each of the battleground states, according to an analysis by the New York Times. First Georgia. The polls close at 7 p.m. Eastern Time. The state counts votes fast because most Georgia voters tend to vote early and in person. Only a small number of mail-in ballots will be counted, usually around 6%. In the days after the election, the state could still count corrected mail overseas and provisional ballots. It took more than two weeks for the state to call the race for President Joe Biden in 2020. Because it was so close, a hand-tallied audit of the ballots was initiated. Mr. Biden won by 12,000 votes. The polls in North Carolina close at 7 p.m. Eastern Time. Early in-person voting is prevalent, and votes are typically counted very quickly. In the last two elections, 98-99% of the votes were counted by midnight. In the 25 western counties most affected by Hurricane Helene, at the end of September, voters have been given special accommodations for casting their ballots. In 2020, it took the state 10 days to call the race for Donald J. Trump. The state of Pennsylvania polls close at 8 p.m. Eastern Time. The Times says the vote count will likely take longer because election workers cannot start processing ballots until Election Day. Still, voting is expected to speed up partly because of new, faster equipment, which requires more counties to continue counting mail ballots without stopping after the polls close, including through the night. The Associated Press called the state and race for President Biden on Saturday after the election. The polls in Michigan close at 8 p.m. and 9 p.m. Eastern Time. In the past two general elections, about half the votes in Michigan were counted by midnight Eastern Time, and the bulk of the remaining ballots were counted by noon the next day. However, the state has passed major reforms that could speed things up. In 2020, the Associated Press called the state around 6 p.m. Eastern Time on the day after the election. Wisconsin polls close at 9 p.m. Eastern Time. Poll workers cannot begin processing ballots until Election Day, but must count through the night until they are finished. A state official told CNN that full, unofficial results are not likely until the morning after the election. In 2020, former President Trump was ahead in Wisconsin until the final results came in, including thousands of ballots from heavily Democratic Milwaukee. In 2020, the state was called for Mr. Biden in the early afternoon the day after the election. Moving west on to Arizona, the polls close at 9 p.m. Eastern Time. The Times projects the count could take days. Most voters cast ballots by mail, and counting typically takes a while because of new rules and a two-page ballot in the state's largest county. Arizona officials say the full results could take 10 to 13 days. In 2020, Fox News called Arizona for President Biden around midnight Eastern Time on election night, and the Associated Press made the call three hours later. Finally, the polls in Nevada close at 10 p.m. Eastern Time. About half of Nevada voters cast ballots by mail, and postmarked ballots can arrive up to four days after the election. In 2020, it took the Associated Press four days to call the state for Mr. Biden. There were still thousands of outstanding mail and provisional ballots left to count. I will be providing updates to the vote count all night, so come back."
7416392840248380694,https://www.tiktok.com/@alishockrocks/video/7416392840248380694,New polls are in and CNN data analyst Harry Enten has bad news for Donald Trump: Kamala Harris is leading in key battleground states and has an “absolutely clear path to 270”. #vote #kamalaharris #harriswalz #voteblue #trump #maga #battlegrounds #democrat #republican ,2024-09-19T16:32:13.000Z,47800,6108,2750,3703,860200,207,"vote, kamalaharris, harriswalz, voteblue, trump, maga, battlegrounds, democrat, republican",alicia_thephoenix,5325,False,US,battleground state polls,source,"Quinnipiac, Marist","description, transcript",YES,"Polls for you. I'm talking about a slew of polls, a bevy of polls, a cornucopia of polling this morning. Seriously, if you went to bed last night concerned there was not enough battleground polling, you woke up and it's a whole new world. Harry Enten is here to look at what it all means because it kind of tells a bit of a new story, Harry. And I want to start with Pennsylvania. I do. And you woke up, you had your dictionary on you when you went to bed last night. All right. So this is in the Keystone State in Pennsylvania. All these polls were released in the last 24 hours. And we see a lot more blue than right on your screen. So Quinnipiac yesterday plus five in Pennsylvania for Kamala Harris. The New York Times this morning just out a four point lead for Kamala Harris. Franklin and Marshall in Pennsylvania, a three point margin a little bit closer. And Marist came out at midnight or 12 or one came out with a tie. I will also note the Washington Post had a one point advantage for Kamala Harris. So the bottom line is there is a range of results in the Keystone State, Pennsylvania, Pennsylvania, Pennsylvania. But it leans the leans in the Harris direction. Not one of these results, even within the margin of error, has Trump ahead. All right. Before we get to the leans with three L's leans, let's talk about some of these other battleground states. Yeah, let's talk about Michigan and Wisconsin. All right. So Marist College, Quinnipiac University all coming out again within the last 24 hours. Well, this is not such a hard slide to digest because the fact is they both found the same thing in both of the states. Marist and Quinnipiac in the state of Michigan, finding Kamala Harris up by one. And then in Wisconsin, well within the margin of error, but a one point advantage in Wisconsin. So the bottom line is at least in these two important states, these two posters find the same thing. Harry, what do you like to do when we get a whole lot of polling at once? What's the best way to understand it? What's the best way to understand it? Well, I could throw a bunch of numbers at you like I just did, or we could average it all together. And all right. So this is Harris versus Trump in those Great Lake battleground states. We average it all together. This is all the September polling, not just the ones that I showed you. And what do we see? In Michigan, a four point advantage for Kamala Harris. In Pennsylvania, a two point advantage. Wisconsin, a two point advantage. Again, pretty gosh darn close, but leaning in her direction. And John, you know me. What does this all mean for the electoral map? Well, in the race to two hundred and seventy electoral votes. Keep in mind, Kamala Harris can win with just these northern battleground states, Michigan, Wisconsin and Pennsylvania. So if we lean all of those blue here, and even if we give Donald Trump, North Carolina, Georgia, Arizona and Nevada, Kamala Harris gets to exactly two hundred and seventy electoral votes. And based upon the polling averages at this particular point, though, it is close in those Great Lake battleground states. They do at this time lean a little bit more towards Harris's direction than Donald Trump's direction. To reiterate the polling right now, the trend line showed this story where she's doing maybe a little better than she was with a clear path to 270. She has an absolutely clear path to 270. I would argue at this particular hour, this was the best polling for Kamala Harris, arguably of the entire campaign, because in the states that she needs to win, Wisconsin, Michigan and Pennsylvania, the average of the polls do in fact show her ahead. And she doesn't need to win any of those southern battleground states. She wins those northern battleground states to get to exactly 270 electoral votes. All right. Explain that very well, Harry. Thank you. Thank you for getting up a little earlier. A little bit earlier."
7432519065312267550,https://www.tiktok.com/@maninthearenapc/video/7432519065312267550,Trump's Surprising Support Among Latino and Black Voters We dive into the latest polling data revealing Donald Trump's unexpected numbers among Latino voters and a notable shift in support from black males. This could reshape the political landscape as the election unfolds. #TrumpSupport #Election2024 #LatinoVoters #BlackVote #PoliticalPolling #BattlegroundStates #DemocraticChallenges #Independents #VoterDemographics #PoliticalAnalysis,2024-11-02T03:30:12.000Z,29,,1,0,874,74,,maninthearenapc,154,False,US,battleground state polls,generic_only,,"description, transcript",YES,"I mean, we kind of expect that, especially over the last few election cycles, a Democrat will likely win the popular vote, just because of the population centers in LA and New York, those places. But they know that if they're under 50, that they're in a dogfight. And to your point, I mean, you look at a lot of these battleground states right now, I mean, the fact that Trump has a lead in most of them. I think the other interesting thing is that when you look at like demographic polling, Trump is leading in independents, which is rare for a Republican. He's leading in Latinos. And he's siphoned off a significant portion of support of black males. I think the last polling data I saw last night was that Kamala had 70% essentially was the polling data, which is off 15, 20% off of what Democrats usually get. That would be a huge number for Donald Trump to get from the black male community. I don't know if you saw when Trump was campaigning, I think he was at a rally, he's like, black men, the black men, they love me, black women, not so much. And I mean, he's fine. I think unintentionally at times one of the funniest people, Donald Trump, and just just a pure comedian. But no, you're exactly right."
7433831454070607135,https://www.tiktok.com/@cbsmornings/video/7433831454070607135,"CBS News elections and surveys director Anthony Salvanto explains tonight’s real-time election coverage, showing live state updates, turnout insights and how the data compares to the 2020 election, while stressing patience as results take time to finalize. #election #coverage #2024election #CBSNews #Polls #updates ",2024-11-05T16:23:03.000Z,211000,3823,11877,3754,9500000,116,"election, coverage, 2024election, cbsnews, polls, updates",CBS Mornings,3800000,True,US,battleground state polls,generic_only,,"description, hashtags, transcript",YES,"Tonight, after polls close in the states, you will see what we see in real time. The first thing is that once polls close in a state, I'm going to tell you in real time whether a state looks like a toss-up, whether it is leaning one way or another. And then I'm going to take you into the states, look at the maps, and I'm going to show you comparisons to how the vote now is to the vote last time in 2020. This here, for example, is your 2020 map of Georgia. There's a story here, Democrats winning urban areas and Republicans doing better in rural areas. We'll see if those patterns hold up this year. But the other part of this is it matters where the votes come from. Can't always see that on a 2D map, so I'm going to turn this on its side, and the higher bars are where there are more people. That will tell you the turnout story as well. And then I'm going to show you how things have changed and shifted compared to the past, like this. I'm going to show you where these arrows point in blue if Democrats are doing better, where these arrows point to the right in red if Republicans are doing better. So you see what we see here at the data desk. And then the last part of this all is patience. It may take a while for us to know the winners, but we'll see all the way through. Here's an example of what happened in 2020. Here's Wisconsin. If I rewind the clock on Wisconsin to just after poll close, no vote in. But even an hour after poll close, and I'll point to 10 p.m. there, what you see is a few counties had come in, but most of them had not. You can't rely just on that first part of counted vote. In this case, you had to see almost all of it to know the final outcome. Doesn't mean anything's wrong. Just means you got to have patience. That's how we'll cover it tonight at the CBS News Data Desk."
7399805543331679531,https://www.tiktok.com/@flores_poll/video/7399805543331679531,"New polling shows nationally, and in battleground states Harris wiped out Trump‘s lead that he once had over Biden. ##democrat##republican##2024election##progressive##conservative##president##battleground##trump##harris",2024-08-05T23:44:55.000Z,10000,192,252,621,371100,,"democrat, republican, 2024election, progressive, conservative, president, battleground, trump, harris",Flores Polls,4709,False,US,battleground state polls,generic_only,,description,YES,
7432481911563390240,https://www.tiktok.com/@mediastouchusa/video/7432481911563390240,Part 3 The 2024 Electoral Map Based On FINAL Battleground Election Polls!#election #news #breakingnews #politics #trump2024 #donaldtrump #harris #fyp ,2024-11-02T01:06:17.000Z,16,1,1,0,1275,179,"election, news, breakingnews, politics, trump2024, donaldtrump, harris, fyp",Election Predictions,31400,False,US,battleground state polls,generic_only,,"description, transcript",YES,"federal elections since 2008, whether for president or U.S. Senate. However, the last seven of those races were all decided by less than six points, marking North Carolina as a consistently purplish state to watch. Now here, in 2024, North Carolina is the only toss-up state that voted for Trump in 2020, meaning it's Harris' only real pick-up opportunity on the electoral map, as she's mostly on defense elsewhere. The latest polling average here has Trump leading by a nearly identical margin as he carried the state with in 2020, 1.4 percent, based on 64 total polls. The former president is sitting at 48.9 percent right now, over Harris' 47.5 percent. He has led by around a point or less, consistently since late August. Again, going back to the map, we'll place North Carolina in the tilt Republican column for Trump. Alrighty, and now this is where we get to one of the key storylines of this election cycle. Even if Trump sweeps all four toss-ups across the Sun Belt region, he'd only hit 268 electoral votes, still too shy of the magic number, 270. That means that if Kamala Harris can hold the upper Rust Belt trio, colloquially referred to as the WIMPA states, Wisconsin, Michigan, and Pennsylvania, she would hit exactly 270 electoral votes. They famously held up as part of the Democratic blue wall from 1992 all the way up until 2016 when Trump broke through, flipping all three by less than a full percentage point over Hillary Clinton. Had he not managed to win all three, he would never have been elected president. Likewise, in 2020, Biden flipped all three back into the Democratic column. Pennsylvania by a point, Michigan by almost 3 points, and Wisconsin by less than a point. Had Trump held them, he would be serving a second term as we speak. In terms of the polling here, in 2024, both Biden and now Harris have consistently appeared stronger in this core Rust Belt trio than in any of the Sun Belt states. For those who've been following this channel throughout the cycle, I've been consistently skeptical of Harris' chances in Wisconsin, even when she was polling ahead by several points. Wisconsin has been the site of two of the largest polling misses underestimating Trump's support. In 2016, Clinton led by 6.5 points in the final poll average, only to lose the state by 0.7%. Then, in 2020, Biden led by a similarly large margin, yet held the state by just 0.7%. Wisconsin is also the whitest and most rural state in the core Rust Belt trio, with a demographic profile even more friendly to Republicans than a state like Nebraska. If Trump overperforms among white working class voters once again, Wisconsin will likely be the front line for that shift. The latest poll average shows"
7433259892724747551,https://www.tiktok.com/@msnow/video/7433259892724747551,Steve Kornacki breaks down the final polls in the key battleground states. #election #2024 #electionday #battlegroundstates #vote #president ,2024-11-04T03:25:03.000Z,186500,4983,7608,7122,7700000,125,"election, 2024, electionday, battlegroundstates, vote, president",MS NOW,7300000,True,US,battleground state polls,generic_only,,"description, transcript",YES,"Now we get to away from the national poll to the battlegrounds. This is our running average. We've been keeping this the entire summer and fall of the quality polls in all of the battleground states. And a couple of things jump out here. Well, obviously, they're all close. You don't see a margin here of greater than 1.9 points. You do see a bit of a north-south divide. We've seen this lately in the polling. Trump's leads here, very small, but Arizona, Georgia, North Carolina, basically sunbelt states. Harris's best performances in here, you know, Wisconsin, 1.4, 1.8 in Michigan. These are the northern tier states, three-tenths of a point in Pennsylvania. So a bit of a north-south divide. And if that holds, if that cements, that is ultimately good news for Harris because Michigan plus Pennsylvania plus Wisconsin, if there are no surprises outside of the battleground, would, for Harris, equal 270 electoral votes. If the action really is limited to the battleground, Donald Trump has to win one of those three northern tier battleground states where our averages continue to show Harris with slight, slight leads in those states. But then that gets to the question. If there are no surprises outside of the core seven battleground states that we have talked over and over about, and that is what the Des Moines Register poll really gets to. It's the question of what is happening in Iowa itself because, obviously, you talked to Ann Selzer right there. One of the questions is, does this spill over to other states? Does this reflect something, if this is what's happening in Iowa, that might be happening in other states, maybe states we haven't been talking about, maybe some of the other battleground states? So a couple ways to look at this. One, obviously, I think you were talking about this, but the issue of abortion, exceptionally potent in Iowa because that six-week ban went into effect this summer, millions of dollars in spending there, not in the presidential race, but congressional races where abortion has been a driving issue. Is this more of a state-specific effect that's limited more to Iowa, if this is what is happening in Iowa?"
7430270249091566881,https://www.tiktok.com/@mediastouchusa/video/7430270249091566881,Part 3 NEW Polling Averages in Every Battleground State on the 2024 Map#electionprediction #election #news #breakingnews #trump2024 #harris #politics #fyp ,2024-10-27T02:04:11.000Z,30,,7,2,4375,179,"electionprediction, election, news, breakingnews, trump2024, harris, politics, fyp",Election Predictions,31400,False,US,battleground state polls,source,Nate Silver,"description, transcript",YES,"Harris. Now we turn to Pennsylvania, arguably the most critical battleground in this election cycle. It's widely regarded as the likely tipping point state, according to numerous public data-driven forecasts. Nate Silver assigns it a 32% chance of tipping the election, with both Harris and Trump seeing their odds of winning the election jump to around 90% if they secure Pennsylvania. The polling average here shows Trump with yet another narrow edge at 0.6% based on 12 polls. Every single survey shows the race within the margin of error, 8 show Trump ahead, and 4 have Harris leading. Neither candidate has led in the average by more than 1 point since early August, so for now the keystone state will go in the tilt Republican column, but don't be surprised if these numbers flip again before Election Day. Recently we move to Florida, the Sunshine State, worth 30 electoral votes, making it the third largest prize on the map. Once synonymous with swing state, Florida has since moved firmly into Republican territory. Trump improved on his 2016 performance here, winning by 3.5 points in 2020, one of just five states where he performed better in his second go around. Then in the 2022 midterm cycle, Governor Ron DeSantis and Senator Marco Rubio won their re-elections by landslide margins of 19% and 16% respectively. Now in 2024, Trump's lead continues to expand, averaging an 8.4% margin over the last 5 polls, with two surveys showing his lead in the double digits. This strong Republican trend has seen the Harris campaign almost completely sideline Florida this cycle, a notable contrast to Biden spending more money here than any other state in 2020. We'll place Florida in the likely Republican column. That lifts Trump up and ahead of Harris now in the race to 270 electoral votes with 230. Before we head to the 9 o'clock hour, I almost forgot Nebraska's second congressional district, which will also see polls close at 8pm. This district, urban and trending left, awarded Joe Biden a single electoral vote with a 6.5 point margin in 2020. Recent polls suggest Harris is heavily favored to hold it for the Democrats, possibly with an even larger margin this year, so we'll place it in the likely blue column. With 92 electoral votes remaining across 6 competitive states, and all but Nevada closing at 9pm, let's start with Michigan, widely seen as the most fundamentally blue of the Upper Rust Belt's WIMPA trio. Michigan has leaned left compared to Pennsylvania and Wisconsin in recent cycles. Trump carried Michigan by a razor-thin 0.2% in 2016, but by slightly larger margins in Pennsylvania and Wisconsin at around 0.7% each. Then, as Biden successfully flipped these states back to the middle of the 20th century, he moved Michigan to the bottom of the 20th century. That's a big difference. We'll place Michigan in the likely blue column. This district, urban and trending left, awarded Joe Biden a single electoral vote with a 6.5 point margin in 2020. With 92 electoral votes remaining across 6 competitive states, and all but Nevada closing at 9pm, let's start with Michigan, widely seen as the most fundamentally blue of the Upper Rust Belt's WIMPA trio. Michigan has leaned left compared to Pennsylvania and Wisconsin at around 0.7% each. Then, as Biden successfully flipped these states back to the middle of the 20th century,"
7428059589960125739,https://www.tiktok.com/@zjz4456/video/7428059589960125739,"Donald Trump visited a McDonald's in the battleground state of Pennsylvania while on the campaign trail on Sunday.
 
 Kamala Harris leads Donald Trump in the polls, but it may not be enough to win the 2024 US presidential election, according to a poll of polls by The Times and The Sunday Times.
 
 With less than three weeks until Americans vote, Harris, the Democratic nominee, is polling ahead of Trump, the Republican candidate. However, this may not be enough to win the crucial swing states that will decide the election in the electoral colleg#news #foryou #fyp #breakingnews ",2024-10-21T03:05:01.000Z,123,3,3,7,900,92,"news, foryou, fyp, breakingnews",zjz445,33,False,US,battleground state polls,generic_only,,description,YES,"Hey, I'm having a lot of fun here, everybody. I could do this all day. I wouldn't mind this job. I like this job. I think I might come back and do it again. Thank you. Thank you, Mr. President. You made it possible for ordinary people like us to meet you. You're not ordinary. I mean, thank you so much. I can see. We pray for you. You are the type of person we want to be the president. Thank you. Thank you. Thank you. Thank you. Thank you. Thank you. Thank you. Thank you. Thank you. Thank you. Thank you. Thank you. Thank you. Thank you. Thank you, Mr. President. Thank you so much. So nice. Thank you for taking the time. Thank you very much. Thank you, Mr. President. When you think about it, I guess that's right. Thank you."
7501460463130185006,https://www.tiktok.com/@ginabonannolemos/video/7501460463130185006,Donald Trump recent polls have consequences for the Republican Party. #rawnewsandpolitics #trumpadministration #donaldtrumpnews #trumpsupporters #republican #trump ,2025-05-06T22:17:59.000Z,117,1,5,16,920,172,"rawnewsandpolitics, trumpadministration, donaldtrumpnews, trumpsupporters, republican, trump",Gina Bonanno,57100,False,US,trump poll numbers,source,New York Times poll,"description, transcript",YES,"We've got thirties, people. Trump's polling is now dipping down into the 30% range. He's getting down into Joe Biden territory at the end of Joe Biden's term. This is the kiss of death. Republicans should be wetting themselves right now because they're doomed in the midterms. If Trump can't pull this out of the nosedive that it's in, they're doomed. Here's the latest. There was an AP NORC poll. It has Trump at 39% approval, and he is severely underwater on his main policies. So an abysmal 37% approval on the economy, 46% approval on immigration, only 37% on trade, and 38% on foreign policy. 62% of the respondents in this poll said that the country is moving in the wrong direction. 62%. That includes Republicans. In fact, they broke it down. It included 29% of Republicans. This New York Times poll also shows that Trump is upside down on the question of his handling of the economy. Only 43% approve, 55% disapprove. We see him with a net negative approval on immigration. One of the things that he's known for, 47% approve, 51% disapprove. When they asked about Trump's deportation of Kilmar or Brigo Garcia, only 31% of the respondents said, yeah, I agree with that. The majority, 52%, said, no, we disapprove. They also asked if Trump should deport illegal or legal immigrants, not illegal, but legal immigrants, meaning people with green cards, people who have visas to be here, who are protesting against Israel. It was not even close. Only 17% said, yes, he should be able to do this. 63% said, no, this should not happen. He is wildly out of step with what the American people want him to do. His arrest of Mahmoud Khalil and that poor girl from Tufts University who they just snatched off the street and terrorized her, people do not agree with this, the vast majority of Americans. This mayhem is having an impact on the public's perception of not just him, but the Republican party. They asked if the 2026 general election for Congress was held today, which party's candidate would you be likely to vote for? For the second time in as many weeks, Democrats have now pulled ahead. 47% said, I would vote for the Democrat in the race. 44% said a Republican. This is going to come back to bite them in the midterms."
7563283574301019405,https://www.tiktok.com/@p195z4t7/video/7563283574301019405,Trump’s Poll Numbers Keep Falling: What’s Really Behind the Decline? 📉 United #WhiteHouse #Republican #Trump2024 #2024Election #Politics,2025-10-20T12:44:07.000Z,408,4,29,55,4854,71,"WhiteHouse, Republican, Trump2024, 2024Election, Politics",p195z4t7,13200,False,US,trump poll numbers,generic_only,,"description, transcript",YES,"It's official. Donald Trump's little press secretary has lost her fucking mind. Like this bitch knows nothing about what she's talking about, because here's the deal. This is how all this fucking works is Donald Trump's poll ratings are dropping at a rapid rate. 51% of people are saying it's his fault for the economy. Only 29% says anything about Joe Biden and his economy. Also looking at the simple fact of Donald Trump continues to be reckless with our economy. And I'm pretty sure you dumb fucks voted for that. I didn't, but I'm pretty sure y'all voted for a better economy. And now he's put this blonde bitch up here that has no clue what the fuck she's talking about. She's like 29 fucking years old and married some 60 year old for, for fucking money. And it's just a slush fest of bullshit. And what this does, this makes the Republican party look weak. It makes them look incompetent and it makes them just look ridiculous. Got to be careful what you say on this fucking app because they'll censor you. But at the end of the day, this does nothing but hurt the Republican party. And it only takes your talking points away, Maga. It's all it fucking does. You ain't got a fucking right to say shit because at the end of the day, your boy is running this bitch into the ground and it shows in the polling numbers. So Magus, thanks."
7496573244544208159,https://www.tiktok.com/@tim_fullerton/video/7496573244544208159,The American public do not like what Trump is doing on the #economy. #donaldtrump #politics #inflation #politicstiktok #voteblue ,2025-04-23T18:13:08.000Z,817,3,31,31,5504,70,"economy, donaldtrump, politics, inflation, politicstiktok, voteblue",TimFullerton,98400,False,US,trump poll numbers,source,YouGov,transcript,YES,"Well, folks, I think we can say that the Donald Trump presidential honeymoon is officially over. A YouGov poll was released today and it showed that Trump's ratings for how he handles the economy have never been lower. And that includes his first term where he, you know, was the only president in history to lose jobs and it was 3 million jobs that he lost. It is blatantly clear at this point that the American public does not like what he's doing on the economy at all. And here's the thing, he has nobody to blame but himself. He created the tariff nightmare. He was the one that threatened Jerome Powell, the Fed chair, which markets absolutely hate when you do that. He's the one that's done this forced deportation of people, including people who did nothing wrong. He has nobody to blame but himself. He created this mess and the American public know it. He is in a lot of trouble, folks. And the thing is, when you corner a rat like Donald Trump, they bite. And so we're going to have to be extra careful about all the craziness and make sure that we keep screaming and yelling about all the terrible things he's doing. And the likelihood of us retaking the House goes up by the day next year. So let's keep it up."
7613952228776217887,https://www.tiktok.com/@brutamerica/video/7613952228776217887,"Polls from a series of U.S. news outlets have found that the majority of Americans disapprove of Trump's overall presidential job performance, as of March 2026. #Poll #ApprovalRating #Trump #JobPerformance #President",2026-03-06T01:43:31.000Z,441,22,31,29,41800,25,"poll, approvalrating, trump, jobperformance, president",Brut.,5300000,True,US,trump poll numbers,generic_only,,"description, hashtags",YES,Thanks for watching!
7620925232458501406,https://www.tiktok.com/@fallontonight/video/7620925232458501406,"Trump’s approval rating just dropped to a record low. If it goes any lower, it’ll match the actual price of gas! #FallonTonight #TonightShow #Trump #JimmyFallon",2026-03-24T20:42:28.000Z,99100,2192,4191,813,1200000,77,"fallontonight, tonightshow, trump, jimmyfallon",FallonTonight,29200000,True,US,trump poll numbers,generic_only,,"description, transcript",YES,"According to a new poll, President Trump's approval rating just dropped to a record low. Ooh. It's exciting. If it goes any lower, it'll match the actual price of gas. Yeah. We're gonna meet at 19. Yep, Trump's approval rating is down to 34%. Yeah, just to give you an idea, Jeffrey Epstein's at 35%. Does that make sense? I don't get it. TSA lines are four hours long. Gas costs more than gold. We just started a war in the Middle East. I mean, what do people want from this guy? -♪♪ Meanwhile, the U.S. has now entered its fourth week in the war with Iran, and the White House still doesn't appear to have an exit strategy. It feels like being stuck in an escape room with your dumbest friends. Clue! Clue! We need a clue! Open the drawer. Open the drawer again. Clue! No, the other drawer. And today, Trump said the Strait of Hormuz could open very soon, and it might be jointly controlled by himself and the new Ayatollah. You know Trump's in control when he turns the whole strait into a giant, lazy river. Meanwhile, Trump said the U.S. is talking with a top person in Iran, but not the supreme leader. Or, as it's also known, not the top person."
7566491850568256799,https://www.tiktok.com/@bmarac6/video/7566491850568256799,#Donald Trump Sets New Polling Record As Voters,2025-10-29T04:12:58.000Z,114,1,5,1,1478,180,donald,Raw news and politics cumia,13100,False,US,trump poll numbers,source,Quinnipiac,"description, transcript",YES,"Hey everyone, welcome to the show. I have a bunch of updates to share you about polling. I have brutal polling numbers on Donald Trump and the economy and how his numbers are just plunging with key demographic groups. And for the first time in a while, voters now trust Democrats on one issue that was one of Donald Trump's top issues. So I'm going to get to that in a minute. But first up is some polling from Quinnipiac. So although Donald Trump saw a small bump in their polling on the topic of his job performance, I'm talking like two points, he is still way underwater. So check this out. As you guys can see here, he is only at 39% approval of people who somewhat or fully approve of him. 87% disapproval rating. Just brutal, brutal numbers. And he is completely tanking in regard to the economy. In fact, his numbers on the economy just fell to the lowest level in not just this one poll. So check this out. Economic net approval rating hits lows with these polls for CNBC. Look at this. Down now, minus 13 points on the net approval rating on the economy. You come to this side of the screen, it's minus 19 points among Quinnipiac. And keep in mind, we're talking about hitting record lows for Donald Trump in either his first term, which, of course, ended back in 2021, or his second term, which is ongoing right now. This is the lowest for any president ever at this point in either a presidency or for a second term. Yeah. So not just his lowest, the lowest for any president. And he's also losing the messaging war on basically every topic. So 52% of respondents said that they think Trump's Justice Department is filing unjustified criminal charges against his opponents. Only 38% said, yeah, I think these charges are justified. So they're by far the minority. 56% in this same Quinnipiac poll said that they disapprove of Trump sending federal agents to cities. Only 41% said they approve. He is even underwater on his handling of the military. That is a first. So 43% said that they approve of his handling of the military. 52% disapprove. I also have a poll that was conducted by a group. It's called the Public Religion Research Institute. Their findings were very similar, which is odd because they're talking to a lot of people."
7498410700260265247,https://www.tiktok.com/@joeclark207/video/7498410700260265247,#trump #meltdown ,2025-04-28T17:03:55.000Z,222,8,8,5,4076,77,"trump, meltdown",joeclark207,99300,False,US,trump poll numbers,generic_only,,transcript,YES,"Hey, it's Joe from Georgia. So, Donald Trump is having meltdown over all of the polls that are coming out that are showing that he is just lower than ever. And it's not just one or two polls, folks. It's every poll that's coming out, even Republican-leaning pollsters. So what is he doing? What do you think he's doing when he sees these numbers? He's going on his truth social and he's ranting against reporters, publications, anyone that has anything to do with his ratings being published. Well, there's a way to fix that, President Trump. The way to fix your ratings is to do things that people will approve of things that you're doing, not just the 30-something percent of people in America that you control. Because, folks, every poll is showing how bad it is, not just one or two. But his response is to say the polls are fake, as usual. Folks, the United States is in a crisis and the President of the United States doesn't even know that he's the crisis."
7568732015391001887,https://www.tiktok.com/@rter563/video/7568732015391001887,Maybe instead of crying over the polls Donald Trump could try doing something about his poor job performance.#trump #donaldtrump,2025-11-04T05:06:13.000Z,168,2,15,8,1680,61,"trump, donaldtrump",rter563,9871,False,US,trump poll numbers,generic_only,,"description, transcript",YES,"Donald Trump's night has been ruined as he has seen his new poll numbers and he is crying hard. Now, if you missed it earlier today, CNN released a brand new poll that showed that Donald Trump is polling worse than he ever has. He's doing worse now than he did post-January 6th. He's crumbling with independence on the economy. Well, he's seen the polls and he's not happy, as he took to True Social to say this. So many fake polls are being shown by radical left media, all heavily slanted towards Democrats. In the fair polls and even the reasonable polls, I have the best numbers I have ever had and why shouldn't I? Yeah, that is some serious copium. And then he goes on with his list of fake accomplishments and talks about how great it is to be in the Oval Office. But make no mistake, Donald Trump is in his feelings. He's having a hard time eating his KFC. No amount of gravy is going to make it go down easy as his feelings are hurt over his poll numbers. But here's the good news. This shows that the country is turning on him. They recognize how bad his policy is. And we have to stay focused and remember, vote."
7566607666362027319,https://www.tiktok.com/@zoeclip098/video/7566607666362027319,🚨 Trump’s claims vs. cold hard facts: Why polls don’t lie! #Truth #Trump #FactCheck #News #viral    ,2025-10-29T11:42:32.000Z,105,4,8,12,785,61,"truth, trump, factcheck, news, viral",Brillante,10400,False,US,trump poll numbers,generic_only,,"description, transcript",YES,"Donald Trump was wide awake, ranting on his Truth Social account, trying to claim that he has the best approval ratings he's ever had. Take a look at this. He says, after winning three elections, by a lot, I am now getting the best polling numbers that I have ever received. People see how strong the economy is, the trillions of dollars investment pouring into our country, the record-setting strong border, ending eight wars in eight months, no men and women's sports, no transgender for everyone, rapidly falling energy prices, and much more. Then he says the radical left losers are taking fake ads, not showing real polls, but rather saying that I'm polling at lower levels. He says these are the same people I've been beating for years and am continuing to do so, but by even bigger margins. These ads should not be allowed to run because they're fake. First of all, the ad where Reagan is talking negatively about tariffs is very easy to verify. It's been historically documented, and his approval rating is absolutely terrible. This was updated today. He's sitting at negative 17%, with only 39% of people approving of him. Of course, he's not ended eight wars either, and economic uncertainty is skyrocketing. He inherited a booming economy and has destroyed it. It's also been proven time and time again he lost the 2020 election. It was one of the most investigated, insecure in all of US history. His mental decline is on full display here. It is way past time to invoke the 25th amendment."
7627926622066232590,https://www.tiktok.com/@facethenation/video/7627926622066232590,"According to a new CBS News poll, there is increasing concern about President Trump's handling of the war and its impact among Americans. Those factors, and more, add up to a new low in the president's overall job approval rating for his second term. The inflation report out late last week did not help. It was the worst of Mr. Trump's second term, showing a monthly jump not seen in nearly four years. #trump #news #politics #inflation #poll ",2026-04-12T17:31:29.000Z,2201,40,105,165,53500,24,"trump, news, politics, inflation, poll",Face The Nation,844700,True,US,trump poll numbers,source,CBS poll,"description, hashtags, transcript",YES,"According to our new CBS poll, there is increasing concern about the president's handling of the war and its impact among Americans. Those factors and more add up to a new low in President Trump's overall job approval rating for his second term. The inflation report out late last week did not help. It was the worst of Mr. Trump's second term, showing a monthly jump we hadn't seen in nearly four years."
7563318688225496333,https://www.tiktok.com/@user3171913011788/video/7563318688225496333,📉 Trump’s POLLING NUMBERS hit a 70-YEAR LOW — it’s officially a meltdown 😬 #trump #polls #election #breakingnews #politics #fyp #viral,2025-10-20T15:00:18.000Z,104,1,11,3,5775,62,"trump, polls, election, breakingnews, politics, fyp, viral",Daodau Glaas,10500,False,US,trump poll numbers,source,Gallup,"description, hashtags, transcript",YES,"Donald Trump just became the most unpopular president in 70 years and it matters. Now I know many people like to say these people don't care about polls, they'll do whatever they want. It doesn't matter. I disagree. Let me explain. Donald Trump loves to talk about ratings, his TV ratings, his rally crowd sizes, his record breaking presidency, his polling, his other size elements. But here is one record that he is not going to be bragging about, which is that he is now the most unpopular president in 70 years. At this point in his term, mid to late February of the first year of the term, Gallup puts Trump's approval at 45 percent. That is 15 points lower than the historical average for February of year one, dating all the way back to 1953. Donald Trump just became the most unpopular president in 70 years and it matters. Now I know many people like to say these people don't care about polls, they'll do whatever they want. It doesn't matter."
7515924816101231914,https://www.tiktok.com/@user8375841593323/video/7515924816101231914,Trump’s New Poll Numbers are AWFUL #fyp #breakingnews #new #trump ,2025-06-14T21:47:35.000Z,30,1,1,2,318,179,"fyp, breakingnews, new, trump",Bulwark Media,584,False,US,trump poll numbers,source,Quinnipiac,"description, transcript",YES,"Hey everybody, it's me, Sam Stein, Managing Editor at The Bulwark, back again. I'm here with Sarah Longwell, our fearless publisher. Sarah, how's it going? It's going pretty good. I don't know, I haven't seen a tank yet, but the traffic in DC downtown is annoying. And so, you know, I do not like having everybody in my town's lives disrupted by this insane man's need for a birthday tank parade. I'm supposed to travel to DCA, to Reagan on Saturday morning, and I'm like kind of nervous that I'm going to get stopped by tanks. Yeah, I'm pretty interested to see what the reaction is here, whether or not like the protests that are being kind of pushed out, you know, because I think smartly, they've organized the protests basically everywhere but DC. Yeah. That said, when Trump came out and said, if there's any, any protests during my parade, they will be met with force. I was like, that sounds like an invitation to me. Yeah, he's basically, come on down to Constitution Avenue. I wasn't considering going, but suddenly I am. Well, let's see what happens. Hopefully you don't get in trouble on Saturday, just for my own well-being. We're here to talk about polls, and there's been a slew of them. I will admit, the first ones I was like, this, I feel like this is an outlier, but I feel like at this point we have some compelling data sets that suggest that Trump is in actual trouble, and I'm going to get into that. Before we do, subscribe to the feed. We appreciate your subscriptions. All right, so this all started with Quinnipiac poll a couple days ago. It showed that Trump's approval rating was at 3854, approve, disapprove, and we were sort of like, wow, that's a real outlier. That doesn't really jive with what we're hearing. Then today, we have this APNORC poll that has him at 39 approve, and was it 60 disapprove? No, can't be 50. It's got to be 50. I'll double check that. Either way, the approval is still down in the toilet at 39%. No, they've got him at disapprove 60% and approve 39%. Yeah. What is going on here? Should we read into this at this point or now? I think you can read in a little. Here's what I would do. Instead of just taking these two polls, let's think about how things have been now for a while, which is you saw during the introduction of the tariffs, the concept of the tariffs, Trump's rollout of the tariffs, it was disorganized. He was walking them back. Everybody was talking about them. This is a thing that I have seen happen over and over again with Trump. When he does a thing, when he takes one of his big, beautiful ideas and he shows it to the American people for real, everybody goes, wait, I'm sorry, what? And so then the tariffs were happening. His disapproval also jumped during that period. And then there was this middle period where everybody was like, the tariff stuff, there was a lot of talk, but then he pulled back, he tacoed. And as a result..."
7543064294569676045,https://www.tiktok.com/@2010_rafael_b/video/7543064294569676045,You Won’t BELIEVE Trump's REAL Poll Numbers!!! (PART 1) #news #breakingnews,2025-08-27T01:02:06.000Z,76,3,1,9,702,67,"news, breakingnews",Dr Steve,8061,False,US,trump poll numbers,generic_only,,description,YES,"are the two most accurate predictive indicators for how an election is going to turn out. And how are Democrats doing in this area? Well, all we have to do is look at the latest from the New York Times. They're calling it the Democrat voter registration crisis. Yes, crisis. The Times is admitting that Democrats are in their words, quote, hemorrhaging voters and are facing a stampede away from the Democrat party. In fact, every single state that tracks voter registration by party, all 30, in every single one of those 30 states, the Democrats are losing ground to the Republicans. I will say that again. In every single state, all 30 that track voter registration by party, the Republicans are crushing the Democrats. And they've been crushing them for the last four years. There's been a 4.5 million voter registration swing to the Republicans since 2020. And yet, this is the nonsense."
7568894564262497549,https://www.tiktok.com/@end.yt.supremessy/video/7568894564262497549,Donald Trump’s approval rating just hit one of its lowest points yet — only 37% of Americans approve of his presidency. 📉🇺🇸 #TrumpApproval #PollNumbers #USPolitics #TrumpNews #PresidentialRatings @TheWashingtonPost @CNN ,2025-11-04T15:37:12.000Z,123,14,11,10,1909,21,"trumpapproval, pollnumbers, uspolitics, trumpnews, presidentialratings",BWWM biracial LGBTQ+ Dad/ally,52700,False,US,trump poll numbers,generic_only,,description,YES,"Congratulations, Trump supporters. You got your big win, and no doubt you're gloating we won, but let's be honest, we've all lost, and you're too deep in denial to see it. You've thrown your support behind a recently convicted felon, a twice-impeached serial liar and insurrectionist who tried to violently overturn a legitimate election based on"
7600164614294293791,https://www.tiktok.com/@kickclip9/video/7600164614294293791,Trump gets applauded by Applebees restaurant after revealing his poll numbers to them😳👀 #asmongold #news #trump ,2026-01-27T22:00:31.000Z,100,2,9,2,4771,23,"asmongold, news, trump",kickclip9,87700,False,US,trump poll numbers,generic_only,,"description, transcript",YES,"By the way, our base is with us. I think they're the best poll numbers, the real poll numbers, I think we have the best poll numbers we've ever had. That's pretty good. If I were to run again, if I run again, would you? Well, well."
7623725488950955271,https://www.tiktok.com/@the.global.daily/video/7623725488950955271,new poll show trump approval on economy hits record low,2026-04-01T09:48:40.000Z,20,,0,1,504,60,,THE GLOBAL DAILY,493,False,KE,trump poll numbers,source,CNN poll,"description, transcript",YES,"Donald Trump has just hit a record low approval rating on his handling of issue number one. On the economy, only 31% of Americans approve of the way Donald Trump is handling that issue, and it is far and away the issue that Americans consistently say is their most important. Only 71% of Republicans approve of the way he's handling the economy. We've seen some slippage there from members of his own party. Nearly 2 3rds of Americans, 65% in our brand new CNN poll, say that Donald Trump's policies have worsened economic conditions in this country. That's a 10% higher number than it was just in January. On the issue that is most important to Americans, that was a calling card of Donald Trump's, his 31% approval rating on the economy now is a career record low across both terms of the Trump presidency."
7607671398781226253,https://www.tiktok.com/@msnow/video/7607671398781226253,New polling shows Donald Trump’s approval ratings trending downward as public frustrations mount ahead of the midterms — with both Republicans and Democrats in Congress also losing approval from voters. MS NOW’s Vaughn Hillyard reports. #news #trump,2026-02-17T03:31:03.000Z,14600,107,470,330,175000,85,"news, trump",MS NOW,7300000,True,US,trump poll numbers,source,Morning Consult,"description, transcript",YES,"So, this is a bit more of a politically difficult President's Day for Donald Trump compared to last year. His polling numbers, well, they're not doing all too great. Last spring, AP polling showed his approval rating at 42 percent. This month, it's down to 36 percent. And Morning Consult shows the country's view of him deteriorating, too. His net approval rating was above water when he took office, but now it's sunk all the way to negative 9 percent. And we're now only a bit more than seven months away from the critical midterm elections. The state of frustrations with the White House have simmered, from tariffs and an economy with higher prices and utility costs, to global unease over Trump's interventionism, and especially over his mass deportation operations. His net approval rating, specifically on immigration, has plummeted from minus 2 percent last spring to negative 22 percent now. Trump even doing some of his own expectation setting for the midterms. If you go back a long way, the sitting president, whether it's Democrat or Republican, always loses the midterm. Even if they've done well, almost always. That all said, it's worth noting, folks don't appear to be all that much happier with Congress. Either party, Congressional Republicans' net approval rating sits at negative 10 percent right now, and Congressional Democrats, just negative 7 percent. These numbers, they're all trending downward, as Americans' apparent frustrations, they continue to go up."
7576602037396229390,https://www.tiktok.com/@wodabkel07f/video/7576602037396229390,“Trump’s Polling Numbers Hit 70-Year Low—New Data Shows Historic Drop in Support - #TrumpPolls #2024Election #PoliticalPolling #USPolitics”,2025-11-25T10:07:02.000Z,51,4,0,1,581,50,"trumppolls, 2024election, politicalpolling, uspolitics",wodabkel07f,9914,False,US,trump poll numbers,source,Gallup,"description, transcript",YES,"Donald Trump just became the most unpopular president in 70 years and it matters. Now I know many people like to say these people don't care about polls, they'll do whatever they want. It doesn't matter. I disagree. Let me explain. Donald Trump loves to talk about ratings, his TV ratings, his rally crowd sizes, his record breaking presidency, his polling, his other size elements. But here is one record that he is not going to be bragging about, which is that he is now the most unpopular president in 70 years. At this point in his term, mid to late February of the first year of the term, Gallup puts Trump's approval at 45 percent. That is 15 points lower than the historical average for February of year one, dating all the way back to 1953."
7470973372072234286,https://www.tiktok.com/@realamericasvoice/video/7470973372072234286,"TRUMP'S POLL NUMBERS SOAR: 48% OF BLACK MEN APPROVE ""These are BIG numbers!"" CitizenFreePress @The Charlie Kirk Show #conservativesoftiktok  **The opinions expressed in these aired segments are just that—opinions. These views are safeguarded by the First Amendment of the U.S. Constitution. As a news agency, we are committed to reporting the news and providing a platform for diverse perspectives, without endorsing any particular viewpoint.  As always please take personal responsibility and do your own research**",2025-02-13T18:32:35.000Z,166,,7,9,2449,83,conservativesoftiktok,REAL AMERICA’S VOICE,170400,True,US,trump poll numbers,generic_only,,"description, transcript",YES,"He's not going to stop executive orders, you know, day after day. I wouldn't have thought that his that his poll numbers would be this good. There's something I've got in the stack this morning. Forty two percent of black men approve. Yeah, it really is. And Trump's you know, it's the expansion of the populist base from white working class to black working class, Hispanic working class and Asian working class. That's sort of, you know, what we're looking at. We're thinking bigger. You know, where is this going to go in twenty twenty eight? Can we can we maintain the hold on the House, Senate and the presidency? And it's looking good for populist, you know, for populism, for nationalist populism. Everything is sort of falling in order. The media is even being, you know, though he's still being attacked, the media isn't being as aggressive as they used to be because they're seeing these approval ratings and it's just sort of all coming together. Five hundred executive orders, I think we've had five hundred in three weeks. These are big numbers. And and we didn't see it coming. And you and I, you know, we started in the darkness of future indictments. I mean, that's when when I started coming on. Yeah. How is Trump going to handle these indictments? So we had you on. We had you on every week, sometimes multiple times a week. And everybody in this audience deserves incredible credit for how you had the resolve and you stayed focused."
7546244345322589470,https://www.tiktok.com/@heisbuzzy/video/7546244345322589470,"President Trump's approval rating just hit the highest point of his entire presidency, according to a shocking new J.L. Partners poll. This is breaking news that has everyone talking!  But here’s the real question: do YOU agree with these numbers? 🤔 Let us know in the comments! ⬇️ 👉 AGREE? Comment ""YES"" if you think this reflects the current mood of the country. 👉 DISAGREE? Comment ""NO"" and tell us why this poll might be off. 👉 UNDECIDED? Tell us what you think it would take to win your vote! This is a safe space for civil discussion—let's see where the TikTok community stands! Remember to follow for more breaking news updates and political deep dives. 🔥 — #Trump #DonaldTrump #Politics #PoliticalTikTok #News #BreakingNews #Polls #ApprovalRating #2024Election #Election2024 #Conservatives #GOP #Republican #Democrat #Liberals #Debate #CurrentEvents #WorldNews #USA #America #JLParters #PollingData #PoliticalAnalysis #viralvideo #viral ",2025-09-04T14:42:21.000Z,12,,1,8,1617,,"trump, donaldtrump, politics, politicaltiktok, news, breakingnews, polls, approvalrating, 2024election, election2024, conservatives, gop, republican, democrat, liberals, debate, currentevents, worldnews, usa, america, jlparters, pollingdata, politicalanalysis, viralvideo, viral",ℬuzzy,16500,False,US,trump poll numbers,generic_only,,"description, hashtags",YES,
7566681080330259743,https://www.tiktok.com/@nypost/video/7566681080330259743,"Speaking aboard Air Force One, President Trump said he has “the highest poll numbers ever” but is “not allowed to run” for another term.",2025-10-29T16:27:35.000Z,390,7,29,29,35200,75,,New York Post | News,3800000,True,US,trump poll numbers,generic_only,,description,YES,"Sir, Speaker Johnson says there's no time to amend the Constitution to allow you to serve a court term. Is that an inaccurate representation of the Constitution? I don't want to even talk about that because, you know, the sad thing is I have my highest numbers that I've ever had. As I said, I ended eight wars and we have the greatest economy in history. And by the way, energy prices are way down. Everything's way down. Beef is a little bit high. We're going to get beef down, too. But prices are down and the economy's up. The only thing that's not down is the stock prices. And 401Ks are through the roof. Everyone's 401Ks hitting records. So we have the greatest economy we've ever had. I have my highest ball numbers that I've ever had. And, you know, based on what I read, I guess I'm not allowed to run. So we'll see what happens. Johnson says you're trolling when you talk about a third term. Are you trolling or are you serious? I don't think he said that. I don't think he just said that. But it's a very interesting thing. I have the best numbers for any president in many years, any president. And I would say that if you read it, it's pretty clear. I'm not allowed to run. But we have a lot of great people."
7610236569575853325,https://www.tiktok.com/@msnow/video/7610236569575853325,"According to the latest Washington Post–ABC–Ipsos poll, 60% of Americans disapprove of President Trump ahead of the State of the Union address. MS NOW’s Ari Melber reports. #news",2026-02-24T01:25:06.000Z,15900,326,614,715,229300,48,news,MS NOW,7300000,True,US,trump poll numbers,source,Ipsos,"description, transcript",YES,"Donald Trump's plummeting support. The new polls show that now 60% of Americans disapprove of Trump's job performance. We're told that we are this divided nation on every issue. Well, not this one. You can see the wide gap, the public souring on Trump as he heads into this big address. He's at an all-time low with independence, which is a key voting block for the midterms. Trump says he's amazed that there is not more support, but he adds that he has silent support. Well, consciously or not, he is echoing a claim made by the most unpopular reviled president in modern American history, whose scandals drove him from office early. Remember, Nixon argued that even if he seemed unpopular, he actually represented a, quote, silent majority that backs him, that backs what he was saying, just quietly."
7498383864558062878,https://www.tiktok.com/@hal_for_ny__/video/7498383864558062878,Donald Trump is not having a very fun time in the Ehite House! #donaldtrump #trump ,2025-04-28T15:19:59.000Z,16300,416,612,993,256700,62,"donaldtrump, trump",Hal_for_NY__,537000,False,US,trump poll numbers,generic_only,,transcript,YES,"Donald Trump has responded to his sinking poll numbers, and he is not taking it well. This is very traumatic for him, and he is all in his feelings. Now today, Donald Trump took to True Social to say this. Take a look. We don't have a free and fair press in this country anymore. We have a press that writes bad stories and cheats big on polls. It is compromised and corrupt. Sad. Yeah, Donald Trump is not handling this well. His poll numbers, his approval rating, is in the 30s, and we're just getting started. Empty shelves are on the way. Sheen, Timu, Walmart have all announced that prices are going up, some as much as 300 percent or more. Donald Trump is having a hard time, but isn't it amazing that the one thing that is falling, that is hurting, his approval rating, is the one thing he responds to. The stock market crashing? Doesn't matter. Prices rising? Doesn't matter. Donald Trump is in a little bit of pain, but his ego gets hurt, and he immediately rushes to respond to it. But this is only going to get worse for Donald Trump, and I'm here for it."
7476837184222514478,https://www.tiktok.com/@user71477569016098/video/7476837184222514478,Trump polling numbers LOWEST in 70 years,2025-03-01T13:47:55.000Z,8,,0,1,1009,16,,user71477569016098,25,False,US,trump poll numbers,generic_only,,description,YES,
7536198880849841463,https://www.tiktok.com/@clariceshaleen/video/7536198880849841463,#DonaldTrump #Trump2024 #2024Election #Democrat #Republican #WhiteHouse Donald Trump’s polling numbers continue to get worse,2025-08-08T13:00:50.000Z,299,27,24,23,3777,68,"donaldtrump, trump2024, 2024election, democrat, republican, whitehouse",clarB908,12900,False,US,trump poll numbers,generic_only,,"description, transcript",YES,"But listen, I definitely think it's official. Donald Trump's little press secretary has lost her fucking mind. Like, this bitch knows nothing about what she's talking about. Because here's the deal. This is how all this fucking works is Donald Trump's poll ratings are dropping at a rapid rate. 51% of people are saying it's his fault for the economy. Only 29% says anything about Joe Biden and his economy. Also looking at the simple fact of Donald Trump continues to be reckless with our economy and I'm pretty sure you dumb fucks voted for that. I didn't. But I'm pretty sure y'all voted for a better economy. And now he's put this blonde bitch up here that has no clue what the fuck she's talking about. She's like 29 fucking years old and married some 60 year old for fucking money. And it's just a slush fest of bullshit and what this does, this makes the Republican Party look weak, it makes them look incompetent, and it makes them just look ridiculous. Gotta be careful what you say on this fucking app because they'll censor you. But at the end of the day, this does nothing but hurt the Republican Party and it only takes your talking points away, Macca. It's all it fucking does. You ain't got a fucking right to say shit because at the end of the day, your boy is running this bitch into the ground and it shows."
7515427950519438622,https://www.tiktok.com/@3reecrossingradio/video/7515427950519438622,"Trump’s poll numbers continue to go in the wrong direction because he seriously thinks he’s doing the right thing when it comes to immigration, his parade and everything else!",2025-06-13T13:38:57.000Z,891,19,36,48,7234,231,,Zeus | Host/Hiphop Artist,272900,False,US,trump poll numbers,generic_only,,description,YES,
7476838324741819694,https://www.tiktok.com/@user71477569016098/video/7476838324741819694,Trump polling numbers LOWEST in 70 years,2025-03-01T13:52:30.000Z,18,,0,0,1117,16,,user71477569016098,25,False,US,trump poll numbers,generic_only,,description,YES,
7565940540248706359,https://www.tiktok.com/@unitingnow/video/7565940540248706359,"🚨 Trump’s rant vs. reality: polls are tanking, economic uncertainty is growing, and facts still matter. #Trump #FactCheck #Truth #News      #greenscreen ",2025-10-27T16:34:14.000Z,3102,81,211,232,33000,74,"trump, factcheck, truth, news, greenscreen",Devin,118300,False,US,trump poll numbers,generic_only,,"description, transcript",YES,"At 4 in the morning, Donald Trump was wide awake, ranting on his Truth Social account, trying to claim that he has the best approval ratings he's ever had. Take a look at this. He says, after winning three elections by a lot, I am now getting the best polling numbers that I have ever received. People see how strong the economy is, the trillions of dollars investment pouring into our country, the record-setting strong border, ending eight wars in eight months, no men and women's sports, no transgender for everyone, rapidly falling energy prices, and much more. Then he says the radical left losers are taking fake ads, not showing real polls, but rather saying that I'm polling at lower levels. He says these are the same people I've been beating for years, and I'm continuing to do so, but by even bigger margins. These ads should not be allowed to run because they're fake. First of all, the ad where Reagan is talking negatively about tariffs is very easy to verify. It's been historically documented, and his approval rating is absolutely terrible. This was updated today. He's sitting at negative 17 percent, with only 39 percent of people approving of him. Of course, he's not ended eight wars either, and economic uncertainty is skyrocketing. He inherited a booming economy and has destroyed it. It's also been proven time and time again he lost the 2020 election. It was one of the most investigated and secure in all of US history. His mental decline is on full display here. It is way past time to invoke the 25th Amendment."
7543064393341275405,https://www.tiktok.com/@2010_rafael_b/video/7543064393341275405,You Won’t BELIEVE Trump's REAL Poll Numbers!!! (PART 1) #news #breakingnews,2025-08-27T01:30:00.000Z,66,,2,0,742,85,"news, breakingnews",Dr Steve,8061,False,US,trump poll numbers,source,Emerson poll,"description, transcript",YES,"polling is cratering, you would have to admit the same thing even more so with Obama, which of course no Democrat would ever dream of doing. And it gets even better. Despite all of the negative press, despite all of the hoaxes, the frauds, the fabrications, the 24-7 barrage of lies and deceit that we get from the legacy media, despite all the claims that Trump's polls are collapsing and that pollsters are hearing that Trump supporters are now regretting their vote, despite all that nonsense and despite their unending fawning over Democrats and Kamala Harris in particular that continues to this day, take a look at the latest from Harvard-Harris polling. Were the election held today, Trump would win by an even larger margin than in November. Trump won by 1.5% of the popular vote. According to this latest polling, he would win today, but he was up against Cackles Kamala, he would win today by triple that. He would win by six points. In fact, Cackles Kamala is getting more bad news. According to the latest polling, California Democrats are all in with Gavin Newsom. They don't appear to want to have anything to do with Kamala, so they're telling her more or less to sit out 2028. The latest Emerson polling has greasy haired Gavin at 25% support with Harris at just 19%."
7473571032578673951,https://www.tiktok.com/@mdg650hawk7thacct/video/7473571032578673951,Trump poll numbers tanking ,2025-02-20T18:33:18.000Z,1235,41,48,97,6909,143,,mdg650hawk,1100000,False,US,trump poll numbers,source,"Quinnipiac, Ipsos, CNN poll, Gallup","description, transcript",YES,"has been the worst day of polling for Donald Trump during his entire second term in office. What am I talking about here? Take a look at Trump's net approval rating. CNN, you see it on this side of the screen. Minus five. Gallup, minus six. Ipsos, minus seven. Quinnipiac, minus four. Negative, negative, negative, negative. Underwater, underwater, underwater, underwater. These four polls, all of them tell a consistent story, and that is Trump is on the negative side of the ledger. His net approval is negative. He is underwater like the Little Mermaid. All right, what are the changes since the beginning of his term? Oh, January. Right, all right, so we don't have a CNN poll to compare, but we do have the other three pollsters that we can look at. Trump's net approval rate and the change since January. Look at this. Gallup, down five points. Quinnipiac, down seven points. Ipsos, down 13 points. They polled right at the beginning of his presidency, so not a big surprise that that shows the worst, the worst change for Donald Trump. But the bottom line is this. Across the four new polls that we have, all of them have Trump in net negative approval rating, and the three in which we have a trend line, we see Donald Trump heading in the wrong direction. Swimming upstream, you might say. What is driving this? Like, what is making people so upset? Yeah, you know, one of Donald Trump's great strengths during his first term, one of Donald Trump's great strengths during the 2024 campaign was the economy. The idea that Donald Trump could fix the economy. This was one of Donald Trump's great strengths. Now it's one of his great weaknesses. What am I talking about? Trump's net approval rating. You go back to his first term, February 2017. Ipsos, he was at plus 16 points on his net approval. Quinnipiac, plus six. Look at where he is now in Ipsos. He's eight points underwater on the economy. Quinnipiac, four points under on the economy. I honestly never thought I'd see the day in which Donald Trump would be polling so poor on the economy, but that day is here. As I said last week, inflation ate the Joe Biden presidency alive, and right now it is very much the case that Donald Trump is in danger of inflation eating his presidency alive because his net approval ratings on the economy are underwater. I just have one last question. What's this for? What's this for? If I wanted to say something, if I wanted to do math, if I wanted to write my name, if I wanted to do whatever, this is what we have the blackboard here for, and I can say Harry plus Sarah. Your girlfriend and my husband will be very annoyed."
7543422536491470094,https://www.tiktok.com/@coldrainweather/video/7543422536491470094,You Won’t BELIEVE Trump's REAL Poll Numbers!!! #drsteveturley #news #breakingnews #politics #trump ,2025-08-28T00:12:14.000Z,138,2,9,4,1032,190,"drsteveturley, news, breakingnews, politics, trump",Steve Turley NT,20200,False,US,trump poll numbers,source,Gallup,"description, transcript",YES,"pulls the polls. Democrats and their allies in the legacy media have a new fabricated fraud they're both pushing. They want their dwindling audience to believe that Trump's poll numbers are cratering. They want you to think that Americans are experiencing voters remorse and are clawing back to the Democrats and begging them to stop Donald Trump. Um, just one problem. Even CNN is admitting that that hoax is indeed a hoax. Democratic brand right now has about the appeal with the American voter as the crackle barrel rebrand has with the American consumers. Bad, bad, bad. What are you doing? Oh, my goodness gracious. What are we talking about here in terms of big party registration changes in the key swing states? Let's look at the key four swing states that in fact do keep track of registration by party. Look, the Republican Party is in their best position at this point in the cycle since at least 2005 and all four of these key battleground states. We go out to the southwest Arizona. How about Nevada? Republicans haven't done this well since 2005. Oh, my goodness, gracious. At this point in the cycle, North Carolina, I couldn't find a point at which Republicans were doing better at this point in the cycle. It's at least this century. It probably goes way back in the last century. And Pennsylvania, very similar. Republicans doing better at this point than at any point at any point this century, at least as far as I could find. Now, what types of gains are we talking about here for the Republican Party? Well, let's compare it to this point during the first Trump administration all the way back in 2017. Look at this. The Republican Party gains in party registration compared to this point back in 2017 during the Trump first administration in Arizona. You got a Republican gain of three points. Okay, how about Nevada? Up the hill we go, even though we're sticking in the southwest, a gain of six points. How about again, we come to the East Coast, North Carolina, a gain of eight points for the Republicans. And in the Keystone State in the Commonwealth of Pennsylvania, again, we're talking about a gain of eight points. My goodness gracious for Republicans. They are converting old former Democrats to their side of the ledger as well as picking up new voters, registering new voters, and it absolutely paid off for them back in the 2024 election. Yeah. Translation, Democrats are more unpopular than they have ever been. I mean, what you're seeing there is precisely what we have been talking about on this channel for nearly two years now. The ultimate poll besides an election, so I should say the penultimate poll is voter registration trends. Voter registration trends and voter identification are the most accurate predictors for election turnout results. Gallup has found that voter identification surveys consistently come within literally tenths of a point in accurately predicting the popular vote over the last four election cycles. So back in 2008, Gallup found that voter identification favored Democrats plus eight."
7529571806051585311,https://www.tiktok.com/@donlemon/video/7529571806051585311,Donald Trump is spinning #donaldtrump ,2025-07-21T16:24:36.000Z,2503,26,64,52,28000,51,donaldtrump,Don Lemon,2300000,True,US,trump poll numbers,generic_only,,transcript,YES,"I'm so tired of talking about him, but Donald Trump is spinning. Do I think that this breaks the spell somewhat? Absolutely. I'm going to show you the poll numbers. This is February 9th of this year, shortly after he took office, his approval rating was 51%, March 30th, 50%, and now 42%. Now let's take a look at his approval rating among independents. Disapproval is 68%. That's almost 70%. 32% approved. Let's go to Harry Enten over at CNN. Is the government hiding Epstein's alleged client list? Get this 69% of Americans agree that the federal government is in fact, hiding Epstein's alleged client list. You can never get a majority of Republicans and Democrats to agree on anything, but they do agree on this particular issue. Trumpstein unites us all, which is Trump Epstein. I love it. That's a, that's a new moniker. Trumpstein unites us all."
7535299628330224926,https://www.tiktok.com/@joeclark207/video/7535299628330224926,#poll #cnbc #trump #lie ,2025-08-06T02:51:11.000Z,202,7,13,7,4413,85,"poll, cnbc, trump, lie",joeclark207,99300,False,US,trump poll numbers,generic_only,,"description, hashtags, transcript",YES,"It's Joe from Georgia. I did a post earlier about poll numbers for the president and you have a huge disapproval rating. People, only 38% of the people in America, are approving of the job that he's doing. Well, the president took a lot of offense to that and he was on CNBC, on the Squawk Box today, and his very first thing that he said, he said, I have the biggest numbers ever. I'm at 71% and he goes on and the anchor there on CNBC goes, well, Mr. President, that's with Republicans. He goes, no, that's everybody. No, you're not seeing, those are fake polls that you're seeing. Those are fake. But listen to Harrieton on CNN. Now, he's telling people to listen to the guy on CNN because the guy on CNN, Harrieton, said something positive about some number that he had. But the president is denying that he's underwater by 20 points, thinking that he has got the best numbers ever and everything else, as usual, is a fake poll. So that's how you know he knows what the real numbers are because he's got to go out there, get on CNBC live with the anchor and deny it. So yeah, you're underwater."
7515406486114290986,https://www.tiktok.com/@thebulwarkjvk/video/7515406486114290986,Trump’s New Poll Numbers are AWFUL #thebulwark #new #breakingnews #news #trump #donaldtrump #trump2024🇺🇸 #trumpsupporters #politics #political #democrats #fyp #thebulwarkjvk ,2025-06-13T12:15:50.000Z,169,1,7,7,2332,189,"thebulwark, new, breakingnews, news, trump, donaldtrump, trump2024🇺🇸, trumpsupporters, politics, political, democrats, fyp, thebulwarkjvk",The Bulwark JVK,9830,False,US,trump poll numbers,source,Quinnipiac,"description, transcript",YES,"Hey, everybody, it's me, Sam Stein, Managing Editor at The Bulwark. Back again, I'm here with Sarah Longwell, our fearless publisher. Sarah, how's it going? It's going pretty good. I don't know. I haven't seen a tank yet, but the traffic in D.C. downtown is annoying. So annoying. And so, you know, I do not like having everybody in my town's lives disrupted by this insane man's need for a birthday tank parade. I'm supposed to travel to D.C. A to Reagan on Saturday morning. And I'm like kind of nervous that I'm going to get stopped by tanks. Yeah, I'm interested to see what the reaction is here, whether or not like the protests that are being kind of pushed out, you know, because I think smartly they've organized the protests basically everywhere. But D.C. Yeah, that said, when Trump came out and said, if there's any, any protests during my parade, they will be met with force. I was like, yeah, that sounds like an invitation to me. Yeah, he's basically come on down. I wasn't considering going, but suddenly I am. Well, let's see what happens. Hopefully you don't get in trouble on Saturday just for my own well-being. We're here to talk about polls and there's been a slew of them. I will admit the first ones I was like this. I feel like this is an outlier, but I feel like at this point we have some compelling data sets that suggest that Trump is in actual trouble. And I'm going to get into that before we do subscribe to the feed. We appreciate your subscriptions. All right. So this all started with Quinnipiac poll a couple days ago. It showed that Trump's approval rating was at 3854, approve, disapprove, and we were sort of like, wow, that's a real outlier that doesn't really jive with what we're hearing. But then today we have this APNORC poll that has him at 39 approve and was it 60 disapprove? No, can't be 50. It's got to be 50. I'll double-check that. But either way, the approval is still down in the toilet at 39%. No, they've got him at disapprove 60% and approve 39%. Yeah. What is going on here? Is that, are you, should I, should we read into this at this point or now? I think you can read in a little. Here's what I would do. And instead of just taking these two polls, let's think about how things have been now for a while, which is you saw during the introduction of the tariffs, the concept of the tariffs, Trump's rollout of the tariffs. It was disorganized. He was walking them back. Everybody was talking about them. And this is a thing that I have seen happen over and over again with Trump when he does a thing, when he puts it like takes one of his big beautiful ideas and he shows it to the American people for real. Everybody goes, wait, I'm sorry. What? No, it's like when the tariffs were happening, his disapproval also jumped during that period. And then there was this this middle period where everybody was like, you know, the tariff stuff kind of there was a lot of talk, but then he pulled back. He taco'd and as a result, you saw his numbers start to drift back up. And the other thing that was happening is Trump's numbers were drifting back up was that everyone was talking about Biden because of the Tapper book. Like there was suddenly almost a three weeks of news cycle in which the market was a little bit up and down, but you know, no big deal. And you know, Trump was having had some of these like crazy meetings, but it wasn't super Trump. We were all relitigating Biden. Everybody was. And so Trump's numbers had started to drift back up because"
7572295722905701662,https://www.tiktok.com/@ringoffiremedia/video/7572295722905701662,Trump's poll numbers are HISTORICALLY low w/ @farronbalanced,2025-11-15T11:00:00.000Z,319,5,9,5,2152,121,,The Ring of Fire,437800,False,US,trump poll numbers,source,"Quinnipiac, Ipsos, YouGov","description, transcript",YES,"Donald Trump set a new dismal record recently by having the lowest approval rating of either of his terms. And this of course breaks the record that he had actually set about a week and a half ago for having the lowest approval rating of either of his two terms. Depending on which poll you look at, Donald Trump is anywhere from 18 points underwater to as good as only 14 points underwater from the non-biased pollsters. Let me read you this. Individual polls by Quinnipiac University have Trump at negative 14%. YouGov Economist has him at negative 18. Ipsos Reuters has him at negative 17. And Navigator Research has him at negative 15 with his approval rating. In some of these polls, the disapproval rating is close to 60% of the country says, I don't like what he is doing. And of course on issues like the economy, Donald Trump is more than 20 points underwater with a disapproval rating somewhere in the high 60s. Immigration, he is double digits underwater. It seems like most people seem to hate every single thing this guy is doing. But that's not the shocking part. No, we know that this guy is historically unpopular. So if you ever see all these crazy MAGA freaks online, gloating, bragging, talking about, yeah, we're the greatest. Please understand that those people are in fact, the minority, okay? Most people in the country do not feel that way. So if you get inundated with that crap on social media, please remember that the internet is not real life, okay? These people are living in a bubble and everybody outside the bubble hates them and everything their guy is doing."
7550746673077619981,https://www.tiktok.com/@farronbalanced/video/7550746673077619981,New Trump poll numbers are HORRIBLE,2025-09-20T22:30:00.000Z,119,2,3,1,1702,176,,Farron Cousins,52700,False,US,trump poll numbers,generic_only,,"description, transcript",YES,"Republicans in Washington, DC are freaking out this week after a new poll shows that Donald Trump's support among a critical voting block here in the United States has plummeted this year. On top of that, not only is he losing support with this particular demographic, when you break it down into different subsets of the demographic, he's losing with all of them. Some of them lot more than others. And of course that group happens to be Hispanic voters. The voting block that Republicans have been desperately trying to crack into for decades now. They've made plenty of headway and now thanks to Donald Trump's exceptionally racist immigration policies, who to thunk it, but it's actually making Hispanic voters not support you guys. But in typical Republican fashion, they're denying the reality of the multiple polls that have now shown this. First and foremost, before I get to their denials, let me tell you the numbers. Among Hispanic voters, Donald Trump dropped from a net negative 12 points in February to a net negative 20 points in September. So he was always underwater with the group, but now he's eight points lower than he was back in February. For young Hispanic voters, Trump's favorability fell from 43% in February to 33% in September. So that subset, he lost 10% with Hispanic men. He went from 52% a positive approval rating all the way down to 47%. And as I said, Republicans aren't happy about this. They know they've worked forever to try to get this group onto their side. So what are they going to do? Are they going to tell Donald Trump to change his immigration policies? Are they going to, you know, and maybe enact some legislation to help the Hispanic population in the country? Maybe, maybe just not be racist against them anymore. No, they're just going to deny it. Mike Marinella, the national press secretary for the national Republican congressional committee called the findings a junk poll and told Politico that it proved quote, Democrats have no message, no leader, and no plan to stop Hispanic voters from moving toward Republicans. They're already leaving you. They're leaving you. And he continues here. He went on to flatly reject the polls findings, even though the results closely mirrored a CNN survey last week, showing similar declines in Trump's approval among Hispanic voters. Democrats are desperate to spin a false narrative about Hispanic voters, but the reality is simple Republicans continue earning their trust while Democrats have been losing it for years. Marinella told Politico."
7623848522399452446,https://www.tiktok.com/@donlemon/video/7623848522399452446,Harry Enten: “These numbers are a disaster for President Trump ... the worst of all time at this point” via atrupar/X,2026-04-01T17:46:24.000Z,5348,245,215,229,107000,179,,Don Lemon,2300000,True,US,trump poll numbers,source,CNN poll,transcript,YES,"that this is just scratches the surface because there's some other numbers here that are really staggering. This is no April Fool's joke. This is a disaster. All these numbers are a disaster for President Trump. I mean, let's just talk about inflation, which is the name of the game. OK, highest disapprovals on this on inflation about this time in a presidency. Whenever you have Joe Biden and Jimmy Carter on the board and you're matching them or slightly exceeding them when it comes to inflation, you know it's bad. Look at this. Sixty two percent. And our latest CNN poll say they disapprove of the president on inflation. Joe Biden, an average of polls at this point in his presidency, 68 percent. And Jimmy Carter, whose presidency, just like Joe Biden's, was absolutely wrecked by inflation, was at 66 percent about at this point in his presidency back in nineteen hundred and seventy eight. Donald Trump even worse than they are. So you see it here. And the one word is or phrase I might say is, oh, my goodness gracious. What a disaster. And just what's so interesting here is inflation way, way higher. Yes. So they just right now, voters don't like what the president is doing on it, even if it isn't as high as it was at these other times. What about gas prices? What about gas prices? Which, of course, is part of this inflation picture, only making this nine number climb ever higher. How about disapprove on gas prices? OK, disapproval ratings on gas prices. Biden's worst number, his worst number in any poll I could find was 72 percent disapprove of Joe Biden on gas prices. Donald Trump right now in our Senate 76 percent, 76 percent, three in four Americans disapprove of the way that Donald Trump is handling gas prices. And again, the gas prices were higher during Biden. But the increase has been so dramatic under the last month under Donald Trump. We're talking about an increase of about a dollar. It's the highest increase that we've seen since at least nineteen hundred ninety one in terms of raw dollars. No wonder this number is so high. He is beating or doing even worse than Joe Biden was on gas prices, which, of course, was such a major issue. So talk about his disapproval on the economy. Put it in historical perspective. OK, so you see the gas prices here, disaster. You see the inflation here, disaster. How about the economy? You know, you mentioned it was the worst in terms of the approval rating for Donald Trump in any poll conducted. How about highest disapprovals on the economy about this point in term to look at this? These are the worst. In our poll, 69 percent disapproved of Donald Trump on the economy. For George W. Bush, it was 57 percent in terms of the average. Barack Obama, 56 percent. Donald Trump is crushing him on a metric you don't want to be crushing anybody on, which is disapproval ratings on the economy. He's double digits worse. I was looking at some other polling data also above the 57 and 56 percent, the worst of all time at this point in term number two. It's the economy dragging Trump down, being, of course, accelerated by inflation being so bad. And of course, the gas price is just adding up. It's like a pancake tower and you're just reaching the top. And this is not a tower you want to climb."
7563288363042704671,https://www.tiktok.com/@user5090011777285/video/7563288363042704671,Trump's approval rating drops to 44% 📉—and it's only going down from here. Broken promises + rising prices = a deeply unpopular president.#TrumpApproval #PollNumbers #BrokenPromises #Inflation #ReutersPoll   ,2025-10-20T13:02:07.000Z,37,1,2,4,325,67,"trumpapproval, pollnumbers, brokenpromises, inflation, reuterspoll",user5090011777285,10200,False,US,trump poll numbers,source,Ipsos,"description, transcript",YES,"Uh-oh, looks like Donald Trump's poll numbers are down again, down to just 44% approval. This is according to a new Reuters Ipsos poll. Now I know if you watch Fox News and other right-wing Trump propaganda media, you would be led to believe that Donald Trump is the most popular president in all of American history. The truth is almost the exact opposite. He's one of the least popular presidents in American history. Let's not forget that he won with one of the smallest popular vote victories in history. He won just 49.9% of the vote, not even a majority, hardly a landslide. And his poll numbers are dropping because he's doing such a shit job. All those promises he made, you know, he was going to end the war in Ukraine on day one. Yeah, it didn't happen. Uh, he was going to start lowering the prices of everything starting on day one. Yeah, it didn't happen. In fact, prices have gone up since Trump took office and everything he's doing with his tariffs and everything else."
7543233087375691063,https://www.tiktok.com/@lottiegibson20012/video/7543233087375691063,You Won’t BELIEVE Trump's REAL Poll Numbers!!! #believe #trump #fyp #drsteveturley ,2025-08-27T11:57:08.000Z,177,5,7,4,1209,178,"believe, trump, fyp, drsteveturley",DST BreakingNews.,19600,False,US,trump poll numbers,source,Gallup,"description, transcript",YES,"The polls, the polls, Democrats and their allies in the legacy media have a new fabricated fraud they're both pushing. They want their dwindling audience to believe that Trump's poll numbers are cratering. They want you to think that Americans are experiencing voters remorse and are clawing back to the Democrats and begging them to stop Donald Trump. Just one problem. Even CNN is admitting that that hoax is indeed a hoax. The Democratic brand right now has about the appeal with the American voter as the crackle barrel rebrand has with the American consumers. Bad, bad, bad. What are you doing? Oh, my goodness gracious. What are we talking about here in terms of big party registration changes in the key swing states? Let's look at the key four swing states that, in fact, do keep track of registration by party. Look, the Republican Party is in their best position at this point in the cycle since at least 2005. And all four of these key battleground states, we go out to the southwest, Arizona. How about Nevada? Republicans haven't done this well since 2005. Oh, my goodness gracious. At this point in the cycle, North Carolina, I couldn't find a point at which Republicans were doing better at this point in the cycle. It's at least this century probably goes way back in the last century. And Pennsylvania, very similar Republicans doing better at this point than at any point at any point this century, at least as far as I could find. Now, what types of gains are we talking about here for the Republican Party? Well, let's compare it to this point during the first Trump administration all the way back in 2017. Look at this. The Republican Party gains in party registration compared to this point back in 2017 during the Trump first administration in Arizona. You got a Republican gain of three points. OK, how about Nevada? Up the hill we go, even though we're sticking in the southwest, a gain of six points. How about again? We come to the East Coast, North Carolina, a gain of eight points for the Republicans. And in the Keystone State in the Commonwealth of Pennsylvania, again, we're talking about a gain of eight points. My goodness gracious for Republicans. They are converting old former Democrats to their side of the ledger, as well as picking up new voters, registering new voters. And it absolutely paid off for them back in the twenty twenty four election. Yeah, translation. Democrats are more unpopular than they have ever been. I mean, what you're seeing there is precisely what we have been talking about on this channel for nearly two years now. The ultimate poll besides an election. So I should say the penultimate poll is voter registration, trends, voter registration, trends and voter identification are the most accurate predictors for election turnout results. Gallup has found that voter identification surveys consistently come within literally tenths of a point in accurately predicting the popular vote over the last four election cycles. So back in 2008, Gallup found that voter identification favored Democrats plus eight and Obama won the popular vote by seven point two in twenty twelve."
7551034376469875999,https://www.tiktok.com/@zsp18240ext/video/7551034376469875999,Trump Approval Hits RECORD LOW – Quinnipiac Poll Reveals Shocking Numbers!#Trump #DonaldTrump #Politics #BreakingNews #QuinnipiacPoll #FYP #ForYouPage #Trending #NewsUpdate #PoliticalNews #USA #Election2025 #TrumpApproval #ViralNews #PoliticalTikTok,2025-09-17T12:30:20.000Z,49,1,1,10,430,64,"trump, donaldtrump, politics, breakingnews, quinnipiacpoll, fyp, foryoupage, trending, newsupdate, politicalnews, usa, election2025, trumpapproval, viralnews, politicaltiktok",zsp18240ext,13200,False,US,trump poll numbers,source,"Quinnipiac, quinnipiac","description, hashtags, transcript",YES,"Oh, more bad news for Donald Trump. Check this out. New Quinnipiac poll. His approval ratings in the thirties. Approval 38%. Disapprove 54%. This piece is far and away the single most unpopular president at this point in his term of any president in American history. His big, beautiful bill that the testable piece of shit that he's ramming through Congress, 53% oppose. You know how many people support this piece of garbage? 27% barely a quarter. How about immigration? His number one issue. You know how many approve 43% disapprove 54% he's underwater. On his signature issue, this isn't going well for him and it's only going to get worse."
7584488288354848030,https://www.tiktok.com/@sharen.lorelei/video/7584488288354848030,"New Poll Numbers Are In: Trump's Approval Rating Takes a Significant Hit.
 #Trump #ApprovalRating #Polling #PoliticalNews",2025-12-16T16:08:44.000Z,11,,0,6,411,68,"trump, approvalrating, polling, politicalnews",Sharen Lorelei,2227,False,US,trump poll numbers,generic_only,,"description, hashtags, transcript",YES,"Donald Trump is not just unpopular. Donald Trump is historically unpopular. The man who continues to walk around telling everybody I got a mandate for leadership has now seen the largest approval rating drop in their first two months in office in the history, in the history of approval rating polling dating back to 1937. No other president in the history of approval rating polling has lost as much support in the first two months in office as Donald Trump has also worth noting. Only one person has ever had a disapproval rating higher than what Donald Trump has right now. And you know who that person was. I think it's pretty obvious. Donald Trump during his first term in office in his first two months, Donald Trump, again, first term, had the lowest approval rating or highest disapproval rating, I should say, of anyone to come into the Oval Office."
7542666588068138254,https://www.tiktok.com/@farronbalanced/video/7542666588068138254,Trump gets HORRIBLE new poll numbers,2025-08-26T16:30:00.000Z,131,5,3,3,1126,92,,Farron Cousins,52700,False,US,trump poll numbers,generic_only,,"description, transcript",YES,"At the beginning of the Epstein scandal, when all of this started blowing up in Donald Trump's face and it became obvious that he was trying to engage in all these distraction tactics to prevent having to release the files, because let's face it, as we all think, his name is probably all over it. But at the time, myself, polling experts, you know, political analysts, political campaign advisors on the right and left, they all said the same thing. If this becomes a big issue, Donald Trump could probably lose one to 2% of his MAGA base from it. And even that we all said would be huge. That would be big enough to swing elections. You know, so one to 2% was kind of what we all thought would happen. Maybe at best 5% of MAGA would abandon him over this. Turns out we were all wrong because a new poll from the university of Massachusetts Amherst has come out and found that it's not one or 2% that say they no longer support him because of Epstein. It's not 5%. Hell, it's not even 10%. It's roughly 12 and a half percent of Trump voters who now say, I do not approve of him. I do not like him. If I could go back to 2024, I wouldn't have voted for him because of Epstein."
7623791655937690910,https://www.tiktok.com/@williedlive/video/7623791655937690910,Trump's NEGATIVE 17% Approval ! CNN Poll SHOCKS MAGA! https://youtube.com/live/0efvBB8NRCY,2026-04-01T14:05:30.000Z,32,3,4,1,377,50,,Willie D,42800,False,US,trump poll numbers,source,"CNN poll, CNN Poll","description, transcript",YES,"Why is Donald Trump so mad, you might ask? Because there's a new CNN poll that came out that has Donald Trump ranked as the worst president ever. His voting numbers came back at negative 17%. His approval rating is negative 17%. It ain't even 17%, fam, it's negative 17%. You know how sometimes when you're doing ratings and you have an experience that is so horrible with a company, you wanna give them a negative zero? Like you wanna give them a zero? This is worse than a zero. You know how you'd be wanting to give like a zero star? This is negative. This is worse than zero, negative."
7531058327569141006,https://www.tiktok.com/@jim__adkins/video/7531058327569141006,#donaldtrump  #trump  #maga ,2025-07-25T16:32:50.000Z,98,1,2,14,609,61,"donaldtrump, trump, maga",jimadkins,27900,False,US,trump poll numbers,generic_only,,transcript,YES,"As a MAGA Republican, I am not surprised by Donald Trump's latest poll numbers. Latest poll numbers show that Donald Trump is down 5 points with women. Oh no! 5 points. Really. I've been married to the same woman for almost 30 years. Do you know how many points I've went down with her in 30 years? A lot more than 5, I promise you that. And speaking of women, have you heard that Candace Owens is being sued by some angry French dude? We would love to show Candace Owens some support, right? But we're not gonna. God bless America, and as always, God bless you."
7554059037243985183,https://www.tiktok.com/@user85155268813765/video/7554059037243985183,Trump’s Poll Numbers Drop Among EVERY SINGLE Demographic #usa #news #trump ,2025-09-25T16:07:22.000Z,163,20,13,18,1136,183,"usa, news, trump",user85155268813765,3383,False,US,trump poll numbers,source,YouGov,"description, transcript",YES,"Every week we get a new poll, you know, an opinion poll about Donald Trump. That's worse than the week before. This guy is just tanking across the board with each and every passing week. But this week we got a new YouGov poll that was so shocking, so amazing, and of course so hilarious that I had to take time to talk about it. Because according to this new YouGov poll, there is not a single age group in the United States that supports Donald Trump. He is underwater with his approval rating in every single age group. And that's just half the story. The other half is that among every single ethnicity, including white folk, Donald Trump has an underwater approval rating. For the first time ever, the president of the United States is underwater with every single possible demographic. Let me read you these results because honestly, this is just hilarious to me. First and foremost, overall approval rating. When he came into office, he was positive three points, so he had a 3% basically approval rating or differential. But now he's underwater by 17 points. So that is a 20 point swing overall since he came into office. Now let's break it down by demographic. Trump enjoyed a 13 net positive approval rating among white Americans when he took office. He now has an approval rating of negative two with white Americans. Among Hispanic voters, the president was underwater by 12 points to start the term. He's now underwater by 30 points. Trump's worst approval rating to start his second term was with black Americans at negative 31%. His disapproval with black Americans has further cratered to a staggering negative 71 net approval rating, negative 71 with black Americans. Trump's approval rating is also taking a notice dive across every age group. Young adults between the ages of 18 and 29 gave the president a plus five net approval rating to start the term. But his support with that group has eroded to a negative 33 net approval rating among 30 to 44 year olds. Trump's approval rating has gone from negative six in the start of a second term to negative 26 today. The only age group where Trump had a positive approval rating, 45 to 64 year olds, uh, at the start of his term, he's now underwater with them. He went from a positive 12 point approval rating to a negative four net approval rating today and among American 65 and older, he went from a negative four to a negative 13. So not only is he underwater with every ethnicity, every age group, but he's lost support. Okay? It's not like he was negative 13 then and negative 13 now or negative 13 then and even negative 10 now across the board with every demographic. This guy has pushed people away in eight months, eight months becoming the least popular person to ever serve as the president of the United States in the history of presidential approval polling. It's official. He is the least popular president we have ever had in this country. Then that begs the question, why doesn't it feel like that?"
7550353149660335391,https://www.tiktok.com/@lieucam.hong/video/7550353149660335391,Trump polling numbers LOWEST in 70 years #storytime #pyf #foryou #news #fyp   ,2025-09-15T16:26:55.000Z,128,1,8,2,1548,50,"storytime, pyf, foryou, news, fyp",LieuCam Hong,12,False,US,trump poll numbers,source,Gallup,"description, transcript",YES,"Donald Trump just became the most unpopular president in 70 years. And it matters. Now, I know many people like to say these people don't care about polls. They'll do whatever they want. It doesn't matter. I disagree. Let me explain. Donald Trump loves to talk about ratings, his TV ratings, his rally crowd sizes, his record breaking presidency, his polling, his other size elements. But here is one record that he is not going to be bragging about, which is that he is now the most unpopular president in 70 years. At this point in his term, mid to late February of the first year of the term, Gallup puts Trump's approval at 45 percent. That is 15 points lower than the historical average for February of year one, dating all the way back to 1953."
7604478894971964680,https://www.tiktok.com/@globalnewsdijital/video/7604478894971964680,"According to a new poll, Donald Trump is the worst president in history. What do you think ? A. Yes B. No #BreakingPoll #USPolitics #DonaldTrump #PublicOpinion #politicaldebate ",2026-02-08T13:02:01.000Z,2,,0,2,499,,"breakingpoll, uspolitics, donaldtrump, publicopinion, politicaldebate",GlobalNewsDigital,2091,False,TR,debate polls,generic_only,,description,YES,
7387470553608637728,https://www.tiktok.com/@nflhighlights117/video/7387470553608637728,See new CNN poll results after Biden-Trump debate #biden #usa #news #new #foryou ,2024-07-03T17:58:54.000Z,69,2,3,20,1588,619,"biden, usa, news, new, foryou",NFL Highlights,13000,False,US,debate polls,source,CNN poll,description,YES,
7521839464629538103,https://www.tiktok.com/@proamericanewsdaily/video/7521839464629538103,“His poll numbers crashed” Best moments from the 2016 debates 😂😂 #trump #fyp ,2025-06-30T20:19:02.000Z,19700,507,1753,223,298400,131,"trump, fyp",Pro-America News 🇺🇸,66600,False,US,debate polls,generic_only,,description,YES,
7626115108913089800,https://www.tiktok.com/@chrismartenson/video/7626115108913089800,"Poll Shows Big Discontent With Democrats and Both Parties: A new CNN poll finds 74% of voters say congressional Democrats don’t have the right priorities, and 55% of Democrats themselves agree they’re off track. At the same time, about one‑quarter of voters have a negative view of both major parties ahead of the midterms. Where do you stand — with the Republican Party’s agenda or with Democrats who even their own voters doubt? #PolicyDebate #2026War #BreakingNews ",2026-04-07T20:21:37.000Z,4,,0,0,176,,"policydebate, 2026war, breakingnews",Dr. Chris Martenson,1084,False,NG,debate polls,source,CNN poll,description,YES,
7625985532954152210,https://www.tiktok.com/@avacadoumbrella/video/7625985532954152210,US Opinion on Iran War: Polls Reveal Divided Nation #joerogan #iran #usa ,2026-04-07T11:58:44.000Z,7,,2,2,844,76,"joerogan, iran, usa",Avocado umbrella,753,False,ID,debate polls,generic_only,,description,YES,
7414423219190500651,https://www.tiktok.com/@darrenmonroepolitics/video/7414423219190500651,#biden2024💙💙💙 #2024election #harris2024 #kamalaharris #biden2024💙 #dnc #harris2020🇺🇸 #Darrenmonroe #harris2024🇺🇸💙 #democrats #democratsoftiktok #HarrisWalz2024 #timwalz  #democratsoftiktok #HarrisWalz2024,2024-09-14T09:09:20.000Z,68,,5,3,1605,,"biden2024💙💙💙, 2024election, harris2024, kamalaharris, biden2024💙, dnc, harris2020🇺🇸, darrenmonroe, harris2024🇺🇸💙, democrats, democratsoftiktok, harriswalz2024, timwalz, democratsoftiktok, harriswalz2024",darrenmonroepolitics,200700,False,US,post debate polls,source,"Ipsos, YouGov",transcript,YES,"A bunch of post-debate polls have just been released and every single one of them show Kamala Harris gaining support and Donald Trump losing support. So the first one is by YouGov and it shows Kamala Harris beating Donald Trump by four at 49 percent, Donald Trump at 45 percent. Another one, an Ipsos poll shows Kamala Harris beating Donald Trump by five points. Donald Trump's at 42, Kamala Harris is at 47 percent. Another one, a Morning Console poll with a huge sample size shows Kamala Harris beating Donald Trump by five points. Again, she's at 50 percent, Trump's at 45. And finally, the last poll I want to show you is from the New York Post, which is a very conservative outlet. It shows Kamala Harris beating Donald Trump by three points. She's at 50, he's at 47. So I think the verdict is in. I think that debate went so badly that Kamala Harris is actually gaining support in the polls, increasing her lead, and Donald Trump continues to go down and down and down. Remember to register to vote, check your registration, make a plan to get out there and do something to do so. But these are very good numbers for Kamala Harris and her campaign."
7536793265463495991,https://www.tiktok.com/@user5296378083808/video/7536793265463495991,You Won’t BELIEVE What the Post-Debate POLLS Are Saying!!! #olebrandselect #drsteveturley #trump #trump2025🇺🇸 #news ,2025-08-10T03:27:40.000Z,7,,1,1,273,179,"olebrandselect, drsteveturley, trump, trump2025🇺🇸, news",Dr.Steve Turkey,15700,False,US,post debate polls,generic_only,,description,YES,
7433963942130568491,https://www.tiktok.com/@fox32chicago/video/7433963942130568491,Paris is back with everything you need to know about exit polls!  Comment your election question below.  #electionpolls #election2024 ,2024-11-06T00:56:54.000Z,151,1,13,8,36600,80,"electionpolls, election2024",Fox 32 Chicago,1500000,True,US,polls 2024,generic_only,,description,YES,
7422842001520905504,https://www.tiktok.com/@mediastouchusa/video/7422842001520905504,Part 3 The 2024 US Senate Map Based on the Latest Polls in EVERY KEY RACE!#electionprediction #election #breakingnews #politics #news #trump2024 #harris #fyp ,2024-10-07T01:39:04.000Z,8,,1,0,556,179,"electionprediction, election, breakingnews, politics, news, trump2024, harris, fyp",Election Predictions,31400,False,US,polls 2024,generic_only,,"description, transcript",YES,"Let's fill out the 2024 US Senate map based on the latest polls. Democrats are tasked with defending 23 of the 34 Senate seats up for election this November, including 8 of the 10 most competitive races and 3 seats in states that Donald Trump carried in both 2016 and 2020. This makes the 2024 Senate map highly favorable for Republicans. According to Decision Desk HQ's latest forecast, Republicans have a 71% chance of flipping the majority. And over on BetOnline, the prediction markets have Republicans favored at negative 350, which translates to a slightly better 75-80% chance of retaking control. Now let's dive into the latest polls across the most competitive Senate races to see if Republicans are on track to get the job done. With that said, let's start by filling out the safe seats for both parties, where their chance of winning is greater than 95%. For the Democrats, this includes Washington, California, and Hawaii, as well as New Mexico, Minnesota, New York, Vermont, Maine, Massachusetts, Rhode Island, Connecticut, New Jersey, Delaware, and Virginia. Most of these states are also expected to vote for Kamala Harris by at least a 10-point margin at the top of the ticket. The only exceptions are Virginia and Minnesota. But in Minnesota, Democratic incumbent Amy Klobuchar is a proven electoral powerhouse, having been re-elected in 2018 with 60% of the vote, and she has never lost a race by less than 20 points. Similarly, in Virginia, Democratic Senator Tim Kaine won by 16 points in 2018 and has led his Republican challenger by double digits in every 2024 poll thus far. Now with these 14 safe states providing Democrats with a solid foundation at 42 Senate seats, it's hard to imagine them ending up with fewer than this number once all the votes are counted. On the Republican side, their safe states include North Dakota, Wyoming, and Utah, along with Nebraska's special election, Missouri, Tennessee, Mississippi, West Virginia, and Indiana. These are all solidly Republican states at the presidential level, with no unique factors making them competitive in this cycle. Notably, West Virginia will be a flip as Democratic incumbent Senator Joe Manchin is retiring, paving the way for GOP Governor Jim Justice to win by a landslide in November in this Trump-plus-40 state. You may also have noticed that I did not place Nebraska's regular election down as safe Republican. That's because a number of polls have come out recently showing independent candidate Dan Osborne within the margin of error or even outright leading Republican incumbent Senator Deb Fischer, who is pretty unpopular even within her own party. I would still be shocked if Fischer went down, but there's more than enough uncertainty here."
7435045973224672558,https://www.tiktok.com/@modern_warrior__/video/7435045973224672558,64% of American Indian voters voted for trump? Nah. Lets take a closer look… #kamala #trump #election2024 #nbc #exitpolls #fyp #nativetiktok #nativeamerican #modernwarrior #greenscreen ,2024-11-08T22:55:45.000Z,45500,5930,4309,1111,450000,250,"kamala, trump, election2024, nbc, exitpolls, fyp, nativetiktok, nativeamerican, modernwarrior, greenscreen",modern_warrior__,2200000,False,US,polls 2024,source,NBC poll,transcript,YES,"After the election, I was genuinely surprised to see NBC's exit poll results. It indicated that 64% of American Indian voters cast their ballot for Trump. Because I was confused, I decided to take a closer look and this is what I found. According to the 2020 US Census, there are 331 million people living in the United States. Of that number, there are only 3.7 million people who identified as American Indian or Alaskan Native, which is only 1% of the overall population. Now, the US Census Bureau has a demographic map that shows where American Indians live here in the United States. The darker the green, the higher the population rate. This is important because, based on the NBC exit poll data, they indicated that they interviewed people from 10 key states. And those states are Arizona, Florida, Georgia, Michigan, Nevada, North Carolina, Ohio, Pennsylvania, Texas, and Wisconsin. I took this list and reanalyzed the map provided by the US Census Bureau. And of all the states on that list, Arizona is the one with the largest American Indian population. So, I looked at the racial demographics of Arizona provided by NBC. Two things stand out. First, American Indian is not listed as a category, only other. And two, there's not enough data in the one key state that had the largest American Indian population. Because I was still confused, I did more digging and came across this article. Will Native voters support Harris or Trump? Two polls find two outcomes. A survey conducted by Northern Arizona University asked Native American voters in Arizona who they favored more for president, Kamala Harris or Donald Trump. And Harris led Trump by 35%, and she was polling at 64% over him, who stood at 29%. And there's this poll, conducted by Northwestern University's Metal School of Journalism, which was distributed by Native News Online, and asked Native people on a national scale who their choice was for president. The results showed that Trump came ahead at 44.8% compared to Kamala Harris, who came in at 37.44%. Now compare those two polls to NBC's, and the margins for favoring Trump are just drastically different. It just doesn't make sense, and I have three potential explanations as to why. One, major news outlets do not know how to accurately collect data regarding American slash Native American peoples. Just four years ago, CNN exit polls categorized us as something else, which we laughed about because it was kind of funny. But the NBC exit polls are anything but funny. Two, our Native identities are very complex, in that we have a racial and political relationship with the United States government. And if you're not familiar with navigating these intricacies, it makes analyzing this data very difficult, and sometimes harmful. Three, the NBC pollsters most likely did not verify the identity of those who were participating in their polls. They're alleging that someone identified themselves as American Indian, and because of the complexities of our identities, which I pointed out in point two, they had to take it as fact. And I need to point this out. The poll director for Northern Arizona University stated that polling Native American people is a particularly hard thing to do. In conclusion, I don't find the NBC exit polls accurate. There are conservative Native people who did vote for Trump, but that's a conversation for later. And if any news agencies are looking to collect meaningful data regarding Native people, please know it is a much more involved process than asking and or assuming if people are Native. I hope this information was helpful, and I genuinely hope that you're doing okay. Take care."
7408346571059842336,https://www.tiktok.com/@electrictimenews/video/7408346571059842336,Part 3 The 2024 Senate Map Based On The Latest Polls From EVERY SINGLE RACE!#2024 #election #breakingnews #news #politics #democracy #trump #trump2024 #harris #foryou ,2024-08-29T00:08:41.000Z,10,,1,0,4561,179,"2024, election, breakingnews, news, politics, democracy, trump, trump2024, harris, foryou",Electric Time News,45600,False,US,polls 2024,generic_only,,"description, transcript",YES,"came close to winning in 2018 when he lost by just a 3-point margin, but O'Rourke really was a very strong candidate at the time, and he was running in a blue wave year. We don't have those types of conditions right now, and Colin Rolred is not better O'Rourke, so this race is easily going to go to the GOP. Ted Cruz is going to defend his seat successfully for a second time. While down in Hawaii, there's no doubt Mazie Hirono, the incumbent Democrat, is going to win re-election. Moving up to the Midwest, we have an election in Minnesota where incumbent Democrat Amy Klobuchar is running for re-election. She leads by nearly 13 points, which is just half of her 2018 margin when she won by 24%. Klobuchar is popular in her home state. She is on track to winning, but her margin of victory is going to be significantly less than what it was six years ago. Minnesota is going to be a likely blue state on our map. While in neighboring Wisconsin, we have a slightly more competitive election with Tammy Baldwin running for a third term. Now she's running against Eric Hovday, and Hovday is currently down in the polls by a nearly seven-point margin. Baldwin leads in basically every single poll that's been conducted for this election. Just like I said in Nevada, incumbency does have a significant advantage. If you didn't have Baldwin running as an incumbent here, the election would be neck and neck. We saw in 2022 Ron Johnson, the Republican, get re-elected in a Senate seat for Wisconsin, so there's no doubt Republicans can win in a state like this. But with the incumbency on the Democrats' side, we are seeing Tammy Baldwin with a slight advantage. That's why Wisconsin is currently lean blue. Indiana is, of course, going to be a solid red state with the GOP on track to holding onto the seat, while Michigan is going to be slightly more competitive. Debbie Stabenow chose not to run for a fifth term, as we have now a matchup between Democrat Alyssa Slotkin and Republican Mike Rogers. Slotkin is a current member of the House, while Rogers served in the House of Representatives for over a decade and retired in 2015. And so both candidates here definitely have a good chance at winning this seat. The polling right now does favor Slotkin very slightly by a five-point margin, although it's mainly because of some outlier polls, especially this one that shows her leading by 10 points. As a non-incumbent, there's basically no way she can win by a double-digit margin in a state as competitive as Michigan. And looking at the 2020 Senate race, Gary Peters, the incumbent Democrat, was expected to win by at least a five-point margin. He ended up winning by just 1.7 percent. Polls have been known to overestimate Democratic support in the Wolverine state, and without an incumbent here, Democrats are vulnerable. Republicans could certainly flip this seat. Mike Rogers can definitely get within a one- to two-point margin of Slotkin, or maybe even win the race entirely. And so right now, the race is lean Democratic, but I would definitely say this is among the most competitive in the entire country. While in neighboring Ohio, this is another seat that Republicans have a good chance at flipping. Ohio is a state Trump's won by eight-point margins in both of the last presidential elections."
7425337894757289258,https://www.tiktok.com/@facethenation/video/7425337894757289258,"The latest CBS News poll shows Kamala Harris with a three-point lead over Donald Trump nationally, while the two candidates are effectively even in all seven of the battleground states likely to determine the presidential election. #news #politics #election2024 #vote #trump #harris ",2024-10-13T19:03:26.000Z,16600,1128,1141,3651,1200000,21,"news, politics, election2024, vote, trump, harris",Face The Nation,845000,True,US,polls 2024,generic_only,,"description, transcript",YES,"Our new CBS News poll shows the race for the White House remains a toss-up, with Vice President Harris up just three points over former President Donald Trump nationwide, 51 percent to 48 percent. That's one point tighter from last month. Among voters in the seven battleground states that will decide this election, it's just a one-point difference, 50 to 49."
7581770917521509663,https://www.tiktok.com/@dfght234/video/7581770917521509663,#creatorsearchinsights ,2025-12-09T08:24:35.000Z,24,,1,3,430,136,creatorsearchinsights,dfght234,12500,False,US,polls 2024,generic_only,,transcript,YES,"A new poll just dropped and it is shaking the entire midterm landscape. This RMG survey shows Republicans leading the generic ballot by four points. And that is the moment Washington finally realized the map is collapsing for Democrats. For months, media voices insisted a blue wave was coming. They dismissed every warning sign. They pushed the same message. Republicans are finished. But now the numbers expose the truth. The country is shifting and Trump's approval is climbing to levels that predict serious losses for the Democrats. This is not a one-off poll either. It matches every real-world data point that has been building for months. The redistricting changes alone place Republicans close to a House majority before anyone even votes. Texas adds five new Republican seats. North Carolina adds one. Missouri adds one. Indiana adds two. Ohio adds two. Florida is preparing to add as many as five. When you total those, the GOP crosses the majority line. Democrats can redraw Virginia all they want. They are up against the clock and they are out of time. Then there's just straight voter registration. The data is blunt. Democrats are losing voters in every key state. Pennsylvania has watched the Democrat advantage collapse by more than 40% since last year. North Carolina is less than 2,000 registrations away from flipping Republican for the first time in history. Arizona, Colorado, and Florida show the same trend. This is why party leaders are panicking. They know registration shifts are some of the strongest indicators for upcoming elections. Those indicators point to a Republican hold and possible expansion in 2026. The poll confirms what the numbers already reveal. The country is not moving left. It is moving right and fast. If these conditions hold, the Democrats walk into a midterm storm that will decide control of Congress for years. Republicans enter with momentum, structural advantages, and a map that favors them at every level. The ground is shifting under the Democrats and 2026 is shaping up to be the moment voters make the shift permanent."
7033517654078016774,https://www.tiktok.com/@karlemmrich/video/7033517654078016774,2024 #politics #poll #news #democrat #republican #president #political #2024election #progressive #leftist #liberal #conservative #biden #trump #maga,2021-11-22T22:00:43.000Z,7840,58,147,807,104000,36,"politics, poll, news, democrat, republican, president, political, 2024election, progressive, leftist, liberal, conservative, biden, trump, maga",Karl Emmrich,120100,False,US,polls 2024,generic_only,,"description, hashtags, transcript",YES,"New poll looking at the 2024 Republican primary, let's break it down. Trump has an enormous lead at 55%. If he runs, he's gonna get the nomination, there's no question about it. Thankfully, they also did the poll without Trump, so we have an idea of what the field looks like without him. Ron DeSantis is leading with 25%, then Trump Jr. at 20%, Mike Pence at 13%, Ted Cruz at 7%, Mitt Romney at 5%, Nikki Haley at 4%, and Candace Owens at 3%. Just wow. So if Trump runs, he'll get it, and if he doesn't run, it will almost definitely be DeSantis, because I really don't see Trump Jr. edging him out. And they are all terrible, so hopefully the Democrats put someone good forward. Bernie 2024."
7429898713998380321,https://www.tiktok.com/@mediastouchusa/video/7429898713998380321,Part 3 The 2024 US Senate Map Based on the Latest Polls in EVERY KEY RACE!#electionprediction #election #news #breakingnews #trump2024 #harris #politics #fyp ,2024-10-26T02:02:43.000Z,21,,2,0,1043,179,"electionprediction, election, news, breakingnews, trump2024, harris, politics, fyp",Election Predictions,31400,False,US,polls 2024,source,YouGov,"description, transcript",YES,"retiring, the party's nominee, U.S. House Representative Lisa Blunt Rochester, is heavily favored to succeed him. A mid-September YouGov poll shows her leading by 21 points. Delaware is safely in the solid blue category. Maryland is usually one of the bluest states in the nation, with Biden having won it by 33 points in 2020, his third best state. A Republican hasn't been elected to the Senate out of Maryland in more than 40 years. However, with the retirement of the Democratic incumbent and the Republicans nominating former Governor Larry Hogan, this race has become far more interesting than usual. Hogan has won two statewide elections as a Republican in Maryland and left office in 2023 as one of the most popular governors in the country, boasting nearly 80% approval, a remarkable feat in today's polarized political environment. His entry into the race has raised concerns for Democrats. Their nominee, Angela Alsobrooks, isn't considered a strong candidate by any means, but all that really matters here is that she isn't a weak one, either. The latest poll from Emerson College still shows Alsobrooks leading by 14 points among 865 likely voters surveyed from October 19th to the 21st. Ultimately, Hogan is simply facing near-impossible odds, likely needing to overperform Trump by around 30 points. Alrighty, wrapping up in the Northeast with Pennsylvania. Widely regarded as the single most important battleground on the Electoral College map, Pennsylvania's Senate race has generally received less attention. Incumbent Democrat Bob Casey is one of the strongest incumbents in the nation. Since first being elected state auditor back in 1996, Casey has never lost a race by less than 9 percentage points, a remarkable feat considering how consistently competitive Pennsylvania is in statewide elections. That being said, the race has definitely narrowed here over the last few weeks. The latest Emerson College poll, surveyed between October 21st and 22nd, has his lead at just 1% here over Republican nominee Dave McCormick among 860 likely voters. The overall average, including more than 100 total polls, has Casey's lead down to just 2.7% now, compared to the 7-point lead he had just a month ago. Back on our map, Pennsylvania will tilt blue. Meanwhile, down South, Republican incumbents are expected to cruise to re-election in the deep red states of Tennessee, Mississippi, and Missouri. Trump is likely to carry each of these states by at least 15 points, and the latest polls show incumbent Republicans Marsha Blackburn ahead by 23 points in Tennessee, Roger Wicker leading by 13 points in Mississippi, and Josh Hawley up by 12 points in Missouri. The race in Florida is a bit more competitive. Republican Senator Rick Scott won his first election to the Senate back in 2018 by the absolute narrowest of margins, with a"
7431531130215615774,https://www.tiktok.com/@politiplot/video/7431531130215615774,"US Election Live Updates | Live US Elections | US Poll Survey 2024 | Trump Vs Kamala | Polls Divided Over Trump Vs Kamala In a nail-biting finish to the 2024 US presidential race, the latest polls show Vice President Kamala Harris and former President Donald Trump locked in a dead heat. A Reuters/Ipsos poll puts Harris just 1% ahead of Trump, 44% to 43%, effectively a tie given the 3% margin of error. Trump holds an advantage on key issues like the economy and immigration, while Harris leads on handling extremism. A New York Times/Siena College poll has the candidates deadlocked at 48% each. Trump maintains slight leads in Arizona, Georgia, Nevada, and North Carolina, with Harris ahead in Michigan, Pennsylvania, and Wisconsin. With voter enthusiasm high – 89% of Democrats and 93% of Republicans certain to vote – the election outcome hinges on the candidates' ability to mobilize supporters in these crucial battleground states.
 #trump #kamala #uselection2024 #poll #uselection2024latestnews #uselection2024latestupdate #uselection2024latestpolls #uselection2024polls #trumpvskamala #trumpvskamalaupdate #fyp ",2024-10-30T11:36:32.000Z,132,6,7,20,48200,101,"trump, kamala, uselection2024, poll, uselection2024latestnews, uselection2024latestupdate, uselection2024latestpolls, uselection2024polls, trumpvskamala, trumpvskamalaupdate, fyp",Politi Plot,145400,False,US,polls 2024,source,"Fox News poll, Ipsos","description, hashtags, transcript",YES,"Kamala Harris and Donald J. Trump are essentially tied, with neither candidate ahead by even a single point in the New York Times's polling average of five critical battleground states – Pennsylvania, Michigan, Nevada, Wisconsin and North Carolina. As per a Fox News poll, Trump has a nationwide two-point lead as opposed to Harris who led by two points in its prior poll. Meanwhile, Reuters' If-So's poll shows Harris up between two and four points over last week's poll. In North Carolina, Pennsylvania and Michigan, neither candidate even leads by more than two-tenths of a percentage point. And neither can realistically win the presidency without winning at least one of these states. While every poll prediction varies from the other, one thing seems to be constant – a slight shift towards Trump. However, history is proof that polls can paint a misleading picture. While these figures give us an idea of voter sentiment, they don't always predict the final outcome, especially when it comes to battleground states. Harris has managed to blunt Trump's perceived strength on key issues like the economy and jobs. However, this isn't just about national numbers. The true test comes down to the swing states – the battlegrounds where Harris and Trump seem to be neck and neck. However, Trump has slight leads in three crucial battlegrounds – Arizona, Georgia, and North Carolina. And these are the states that could determine the winner. Using the 2016 and 2020 elections as case studies, let's look deeper into why trusting the polls might be a risky gamble for Harris."
7420981424305622305,https://www.tiktok.com/@mediastouchusa/video/7420981424305622305,Part 3 The 2024 Presidential Map IF the Election Were Held TODAY! (NEW POLLS)#electionprediction #election #breakingnews #politics #news #trump2024 #harris #fyp ,2024-10-02T01:18:42.000Z,16,,0,1,892,179,"electionprediction, election, breakingnews, politics, news, trump2024, harris, fyp",Election Predictions,31400,False,US,polls 2024,generic_only,,"description, transcript",YES,"Less than 3% are tilt, 7-10 likely, and anything over 10 is safe. With that said, taking an updated look at the electoral college count, after Trump sweeps the first 5 states, he now leads with 252 electoral votes over Harris' 199. This does put Trump just 18 votes away from the presidency, leaving very little margin of error for Harris as we move on to the next few critical states. Let's start with North Carolina, worth 16 electoral votes, the state has consistently leaned towards the GOP over the last decade. After Obama narrowly won it by 0.3% in 2008, Romney flipped it back into the Republican column in 2012 by 2 points, and then Trump expanded that margin to 3.7% in 2016. However, the race then tightened in 2020, with Trump winning by less than a point and a half. Now in 2024, the latest poll from Meredith College shows the race tied, with both candidates sitting at 48%. This survey sampled 796 likely voters between September 17th and 20th, and so as a result, on our electoral map, North Carolina goes in the tie column, making it a pure toss up. Up in Virginia, 13 electoral votes, the latest poll does suggest that Kamala Harris is favored to win them. She leads by 7 points, with 52.7%, to Trump's 46.2%. According to a survey of 860 likely voters conducted by Emerson College between September 22nd and 24th. This puts Virginia, squarely, in the likely blue column for Harris, marking the first battleground to go blue in this update, yet it is worth noting that this would still be an underperformance compared to Biden's 10 point margin of victory here in Virginia in 2020. And now before we move on to the upper Rust Belt quartet, let's take a quick look at New Hampshire. A consistent lean blue state in recent cycles, Biden carried it by 7 points in 2020, a notable shift to the left after Hillary Clinton nearly lost it in 2016. Now here in 2024, the latest poll has Harris leading by her largest margin yet, 11 percentage points, holding 54% to Trump's 43%, based on a University of New Hampshire survey of over 1600 likely voters conducted between September 12th and 16th. So with that said, New Hampshire will go in the solid blue column, blending in with the rest of the Democratic-dominated Northeast region, and it does keep Harris in the race. Now we can turn to the core Rust Belt region that has been decisive in the last two elections. In 2016, had Hillary Clinton held Wisconsin, Michigan, and Pennsylvania, she would have reached 270 electoral votes. And then in 2020, if Biden had not flipped these states back, Trump would be serving a second term at this very moment. Let's start in the bluest of the four, Minnesota, worth 10 electoral votes, it doesn't get the same attention as the other three states here."
7407090115572469010,https://www.tiktok.com/@theefutureeflashh/video/7407090115572469010,2024 Election Map According to the Latest Polls! #election #map #accrding #latest #polls #time ,2024-08-25T14:52:42.000Z,25,,1,3,810,194,"election, map, accrding, latest, polls, time",Red Eagle Politics Map,49,False,US,polls 2024,generic_only,,"description, hashtags, transcript",YES,"Unfortunately, we have yet to see a poll survey the 2024 race between Biden and Trump in Hawaii, but the Aloha state is one of the strongest Democratic states in the country, having last voted Republican in 1984, so it is solid blue. In stark contrast to Idaho, an Emerson College poll from October of last year shows Trump with a staggering 29-point lead, making it safely Republican. This trend continues in states like Montana, where a SurveyUSA poll from February shows Trump ahead by 22%, and Wyoming, also with an Emerson College poll from October of 2023, showing Trump leading by 53, both solidifying their positions as safe Republican states. Utah's January 16-21 Dan Jones and Associates poll for the Deseret News and the University of Utah shows Trump with a 10-point lead, smaller than you would expect given that Trump won in Utah by more than 20 percentage points in 2020. The state will therefore join Alaska in the likely Republican column. In Nevada, our first true battleground state, another Emerson College poll here, this one for The Hill and a TV station in Las Vegas. Surveyed between February 16 and 19, it shows Trump with a commanding 6-point lead. That is significant as Nevada has been a blue state in 4 straight elections. Biden won it most recently in 2020 by 2.5 points. That being said, it has been a GOP target for a few years now due to favorable demographic trends, and this is not the only poll showing Trump in front by this much. In fact, he actually leads Biden by over 6 points according to DDHQ's average. Nevada is lean Republican on this map. Down in Arizona, another battleground, the second closest state in 2020 behind Georgia, Biden won it by 0.3 percent. Again, an Emerson College poll for The Hill from the same exact survey period shows Trump with a strong lead over Biden, 7 points, among 1,000 registered voters in the Grand Canyon state. That margin is just enough to place it in the likely Republican category. Remember that likely states are between 7-12 points and lean states 2-7 points. As for Colorado, it shifted harder towards Democrats between 2016 and 2020 than any other state in the country. Biden won it by 13.5 points 4 years ago. Yet once again, an Emerson College poll, this one from January, shows Biden ahead by only 6 points, less than half of his 2020 margin. So Colorado leans Democrat. Then, in New Mexico, there has not been a poll taken here since last August. That one from Public Policy Polling, in consultation with the New Mexico Political Report, showing Biden in front by 8 points. That means that New Mexico is a likely blue state. Interesting, as 2020 actually marked the first election since 1968, in which New Mexico voted more Republican than neighboring Colorado."
7393148520812842273,https://www.tiktok.com/@electrictimenews/video/7393148520812842273,NEW Polls Show Trump Winning By A LANDSLIDE | 2024 Election Map Projection#2024 #electiontime #news #breakingnews #politics #fyp #foryou #trump2024 #map #trump ,2024-07-19T01:12:53.000Z,441,9,19,18,18200,179,"2024, electiontime, news, breakingnews, politics, fyp, foryou, trump2024, map, trump",Electric Time News,45600,False,US,polls 2024,generic_only,,"description, transcript",YES,"For Republicans, Democrats are trying to flip Texas, saying that they could win it. We saw a pretty competitive Senate race there between Ted Cruz and Beto O'Rourke in 2018. But Texas is a big state. It's really going to take a lot of effort and a lot of time for a state like this to actually vote blue on the presidential level. And right now, we're seeing Democrats' improvements in the Lone Star State in 2020 get completely wiped out. Texas went actually down to a five-point margin in the last election, but Trump has doubled his performance from what we saw four years ago, and now leads by 10%. According to the most recent poll, Biden is not going to be anywhere near competitive in Texas this time around. So the state is going to be likely Republican, but it could even be solid come Election Day. We also have Alaska and Hawaii. Joe Biden is going to win the state by a solid margin, while in Alaska, Donald Trump leads by 12%, according to the only poll that we have from the state. With the western half of the U.S. all filled in, Trump leads with 100 electoral votes to Joe Biden at 94. Now moving on to the Midwest, this is going to be a really hotly contested region, as Donald Trump has a good chance at flipping Minnesota, becoming the first Republican to win the state since 1972. Richard Nixon was the last Republican to carry Minnesota. And so looking at the polling we're seeing today, we actually have a tie, according to the most recent Emerson College poll. And for the purposes of the map, just the fact that Trump is even remotely competitive here, I'm going to give Trump the benefit of the doubt and give him the state with a tilt margin, just to see hypothetically what the map would look like if Minnesota does go down to the wire and Trump actually edges Biden out. It is definitely within the realm of possibility. If there's any state that Trump has never won before that he could win this time around, the first one we have is probably Nevada, but Minnesota would be second on that list. According to what we saw in 2016, Trump really could be competitive here. Hillary Clinton won the state by less than two percentage points. Now down in Iowa, we're seeing Donald Trump perform really well, doubling his eight point margin from 2020. Today, Donald Trump leads by 15%, according to the latest Des Moines Register poll. So Iowa, without a doubt, is going to be solid red. Next up, we have Wisconsin, which is going to be significantly more important for both campaigns and especially for Donald Trump, because this is a state that can carry him over 270. If the former president wins Wisconsin, he essentially has the election in the bag. If you look at the 2016 results, it was Wisconsin that won Trump the election. He did not need..."
7433852073638268206,https://www.tiktok.com/@fallontonight/video/7433852073638268206,Lester Holt explains what preliminary polling can indicate and what to expect as the polls close in key states later today. #FallonTonight #TonightShow #LesterHolt #Election2024 #JimmyFallon ,2024-11-05T17:42:50.000Z,3584,16,111,31,139600,53,"fallontonight, tonightshow, lesterholt, election2024, jimmyfallon",FallonTonight,29200000,True,US,polls 2024,generic_only,,"description, transcript",YES,"The polls are very useful in terms of us understanding where the story is going, what issues are animating people or driving people to the polls, what they think on a particular topic. In terms of picking a winner or a loser, I don't count on them for that, so I'm not disappointed. As I said, it's something to help us prepare for the coverage, but we'll see. Will people be talking as much if the polls are right on the numbers? In this case, they're 49-49. That's wild. Isn't it crazy? So it's going to be dramatic. Yeah, it will be dramatic. Could run late into the night. I mean, there's some states I would watch early. Georgia, you know, the polls close there at 7 Eastern. That's a battleground state, so that might give some indication, you know, where things are going. North Carolina will be at 7.30 Eastern time. Once again, could be a pivotal state, so we're going to be looking for those early clues in our coverage, trying to figure out which way the winds are pointing."
7385199982850198816,https://www.tiktok.com/@donnabeckerwif5e4/video/7385199982850198816,2024 Election Map Based On the Latest Poll Taken in ALL 50 STATES! #election #map #based #latest #poll #taken #all #states #trump #biden ,2024-06-27T15:07:55.000Z,6,,0,0,76,200,"election, map, based, latest, poll, taken, all, states, trump, biden",Donald Trump & Biden,0,False,US,polls 2024,generic_only,,"description, hashtags, transcript",YES,"The latest surveys here have him up by 25, 31, and then 21 percentage points, respectively. Kentucky and West Virginia are both Zogby polls, and then Indiana is from Emerson College. Now West Virginia was Trump's second-best state in 2020, after Wyoming, at Trump-plus-39. Kentucky was Trump-plus-26, and Indiana Trump-plus-15. Now that rapid-fire round of safe Trump states has raised his electoral vote tally all the way up to 182 electoral votes here, while Biden remains at just 94. That being said, we can also go rapid-fire here through all of the safe blue states, starting in Illinois. And then up in the Northeast, there is New York, Vermont, Connecticut, New Jersey is only likely Dem, then Delaware, Maryland, D.C., Massachusetts, and Rhode Island. Biden leads by 13 points in Illinois, according to Zogby strategies, 10 points in the Empire State, New York, per Emerson College, that's just barely enough to be safety, though Biden did carry New York by 23% in 2020, he's up 21 points in Vermont, this was his best state in 2020 at Biden-plus-36, and he leads by 17 in Connecticut, both of these surveys via Zogby, again. New Jersey is only Biden-plus-7, 46% to 39%, among a thousand registered voters, Jersey was Biden-plus-16 in 2020, and only Clinton-plus-14 in 2016, which does make it one of the less solid safe blue states on the map. Still, I certainly don't expect Trump to actually sniff victory here. Biden's home state of Delaware is Biden-plus-11, another Zogby survey there, then in Maryland, the Senate race might become somewhat competitive with former Republican Governor Larry Hogan in the race, but the presidential race will not be whatsoever, as the latest survey from Emerson College is Biden up 22 points among a thousand one hundred and fifteen registered voters. Maryland was Biden's second-strongest state in 2020 at Biden-plus-33, D.C. is D.C., we don't have a poll here, but Biden did receive 92% of the vote in 2020, Rhode Island is Biden-plus-20, according to the most recent survey taken by the University of New Hampshire, conducted between May 16th and 20th, so that's safe blue, and then finally we have Massachusetts, Biden-plus-33 in 2020, just like Maryland, it's as deep blue as it gets, and the same latest survey from the same period by the University of New Hampshire has him up by a whopping 36 points among 453 likely voters. Now that leaves us with 12 states, and they're all reasonably competitive, they combine for 160 electoral votes, exactly, Biden has taken an ever-so-slight lead in the electoral vote count with 196 to Trump's 182, let's start in the upper Midwest with Minnesota. A SurveyUSA poll from May 8th through 11th, sponsored by a local news station in Minneapolis, shows Biden leading Trump by 2 points among 625 likely voters, now that is much closer to Hillary Clinton's margin in 2016 than Biden's 7 point win in 2020, as Minnesota will tilt Democrat."
7384779017880161569,https://www.tiktok.com/@donnabeckerwif5e4/video/7384779017880161569,2024 Election Map Based On the Latest Poll Taken in ALL 50 STATES! #election #map #based #latest #poll #taken #all #states #trump #biden ,2024-06-26T11:54:21.000Z,3,,1,1,259,178,"election, map, based, latest, poll, taken, all, states, trump, biden",Donald Trump & Biden,0,False,US,polls 2024,generic_only,,"description, hashtags, transcript",YES,"If the 2024 election were held today, on June 9th, 2024, Trump would likely win the national popular vote. He leads Biden by 0.8%, based on 730 polls tracked in Decision Desk HQ and The Hill's head-to-head average. And then, when including the full field of candidates, including Robert F. Kennedy Jr., he leads by 2%. But how is he performing state-by-state? In order to be elected president this November, one candidate must reach at least 270 electoral college votes. In today's video, we are going to create a 2024 presidential election map based on the most recent poll in all 50 states. We're setting aside third-party impacts for now and focusing exclusively on polls assessing the two-way race between Biden and Trump, aiming for a more straightforward and light-hearted analysis compared to my more complex data analysis videos that you can check out by heading over to my channel page below. And hey, while you're at it, why not subscribe as well and hit that notification bell so you don't miss any of my future content either. Let's dive in, keeping in mind our rating classifications. Tilt states are within a 0-3% margin, lean states between 3-7%, likely between 7-10%, and then safe or solid above 10%. Alrighty, without further ado, let's get started with our journey across the states from the West to the East, starting in the Pacific Northwest. Washington shows strong support for Biden, with a public policy polling survey from May 15th through 16th showing Biden leading Trump by 16 points. This is hardly surprising, as Washington backed Biden by 19 in 2020 and has not voted for a Republican presidential candidate since 1984. This places Washington in the safe Democrat column. The state of Oregon will follow suit, with a poll conducted by Civics from mid-April showing Biden ahead by 20%, also making Oregon safe Democrat. Now Oregon and Washington have gone blue at the presidential level in 9 consecutive cycles. Moving down to California, Democrats are on an 8 election win streak here, which should extend to 9 this November, as the latest poll from the Independent Center, surveyed between April 16th and 23rd, shows Biden with a commanding 25-point lead, reinforcing California's status as a safe Democrat stronghold. The Golden State backed Biden by 29% in 2020, though it did shift right relative to the nation, as Hillary Clinton won by 30 points in California in 2016. Heading out of the contiguous 48 states over to Alaska, Trump leads Biden by 19 points here in another survey by the Independent Center."
7434973123159657770,https://www.tiktok.com/@realclearpolitics/video/7434973123159657770,Exit Polls - Late Deciders Swung For Trump #politics #polls #election2024 ,2024-11-08T18:13:07.000Z,0,,0,0,32,,"politics, polls, election2024",RealClearPolitics,3402,False,US,polls 2024,generic_only,,"description, hashtags",YES,
7433916379016858923,https://www.tiktok.com/@couriernewsroom/video/7433916379016858923,it’s almost time! @Lucy has your breakdown on what to watch for once polls start closing #election #election2024 #vote #vote2024 #greenscreen ,2024-11-05T21:52:22.000Z,3524,176,368,66,128000,74,"election, election2024, vote, vote2024, greenscreen",Courier Newsroom,3600000,True,US,polls 2024,generic_only,,"description, transcript",YES,"Okay people, it is almost time. When I'm filling this, polls are about to start closing in just under two hours. So let's talk about what to look for tonight. Here's a super helpful map that shows you when polls close in each state. We're starting with the red, orange, and yellow colors over here towards the east as you can see. But, and this is a big one, even if the polls are closed in a certain state, we won't necessarily see results from that state. And also this, what you really need to be focusing on tonight is Georgia right over here. Polls close at 7 p.m. and because of the way they count their ballots, we should have answers pretty quickly, even potentially within an hour or two. And we're specifically in Georgia looking at metro Atlanta and seeing how blue that area gets. Another place to watch tonight, because we'll probably have some answers relatively early, is North Carolina. Here's a super helpful list that I highly recommend screenshotting just for your own expectations. Obviously this is all hypothesized based on what we've seen happen before, so not a guarantee. And I want to draw your attention to something. Pennsylvania, the polls close relatively early, right? 8 p.m. eastern time. As I flagged before, we could be waiting on the results for Pennsylvania, which very well might determine who wins the presidency, into Thursday and possibly even beyond. So yeah, in a couple hours from now, keep your eyes in Georgia and North Carolina and we'll see how this thing goes."
7424950920103955744,https://www.tiktok.com/@mediastouchusa/video/7424950920103955744,Part 2 The 2024 US Senate Map Based on the Latest Polls in EVERY KEY RACE!#electionprediction #election #news #breakingnews #trump2024 #harris #politics #fyp ,2024-10-12T18:01:51.000Z,1,,0,0,499,179,"electionprediction, election, news, breakingnews, trump2024, harris, politics, fyp",Election Predictions,31400,False,US,polls 2024,source,YouGov,"description, transcript",YES,"here at this point to hold off on a rating here until we get to the likely states. Now with those solid Republican seats lifting the GOP to 47 total, they are just three seats shy of a potential majority, which they could reach if Donald Trump defeats Kamala Harris in the presidential race. In that case, his running mate J.D. Vance would cast the tie-breaking vote in the Senate. However, even if Trump were to lose, Republicans would still only need to win four of the remaining 11 contested races to secure a majority that would hold regardless of the presidential outcome. Of the remaining races, five are in states Trump won in 2020, while five more are in states that Biden narrowly won by less than three points. With that in mind, it's essential to recognize the decline of split-ticket voting over the last decade. Currently, only five U.S. senators represent states that were carried by the opposite party's presidential candidate in the last election. This is a significant drop from more than 20 such senators just 12 years ago. Voters are increasingly less likely to support candidates from different parties for different offices, which amplifies the challenge Democrats face in trying to retain their narrow 51 to 49 majority in the Senate. Let's now get to these more 11 competitive races and assign them a rating based simply on the latest poll. For a more detailed look at each race beyond just the polls, check out the video that just popped up on the top right-hand corner of your screen. We'll go by order of poll closing time, starting in Ohio, where the polls will close at 730 p.m. on the East Coast. Democratic incumbent Sherrod Brown is seeking a fourth term against Republican Bernie Moreno, a businessman. Brown is something of an anomaly in today's political landscape, managing to stay in office in what is now a strongly Republican-leaning state due to his broad cross-party appeal. He won re-election in the 2018 midterms by 8 percentage points, while the state's gubernatorial race went to Republican Mike DeWine by 4 points. However, that was a Democratic wavier without the presidential race on the ballot. Donald Trump carried Ohio by 8 points in the 2020 presidential election, and is expected to do so again this November. To win, Brown will likely need to overperform Kamala Harris by at least 8 points. Brown will benefit from the fact that his opponent, Moreno, was viewed as the least electable candidate in the Republican primary, but secured the nomination with Trump's endorsements. The latest poll from YouGov and Bowling Green University shows Brown leading by 4 points among a 180,000 likely voters surveyed between September 18th and 27th, which is consistent with the overall polling average, where Brown holds a two-point lead. He has led in all but two polls going all the way back to June. So back on our map here, Ohio will lean in favor of Brown and the Democrats. As you'll soon see here, this is going to be a must-win race for the party to have any chance."
7415280636446919968,https://www.tiktok.com/@kerryramirez20047/video/7415280636446919968,"Part 2 2024 Election Map Based on the Latest Poll in ALL 50 STATES! SEPTEMBER 15, 2024 ROAD TO 270 UPDATE#thetecshow #news #breakingnews #politics #election #trump2024 #harris #fyp ",2024-09-16T16:36:10.000Z,11,,1,0,300,179,"thetecshow, news, breakingnews, politics, election, trump2024, harris, fyp",The TEC Show,4,False,US,polls 2024,generic_only,,description,YES,
7606125172537462030,https://www.tiktok.com/@cbsla/video/7606125172537462030,"With no clear frontrunner in California's 2026 governor's race, two Republicans are now leading in the polls in this heavily Democratic state, raising the question: Could the primary election lead to a Republican vs. Republican runoff? According to data from Democratic data expert Paul Mitchell's political simulation, the chances are slim but not impossible.",2026-02-12T23:30:49.000Z,2209,111,189,211,95200,97,,CBS LA,495000,True,US,polls 2026,generic_only,,description,YES,
7607913634055900429,https://www.tiktok.com/@trendsnewsline/video/7607913634055900429,"Stunning New 2026 Poll Reveals Harris Leading President Trump! #breaking #trending #news #usa #america  latest trending news, top stories updates today, happening right now news, headline USA stories and current event,top trending news.",2026-02-17T19:11:20.000Z,81,9,9,19,7663,71,,Breaking News Headlines Today,31900,False,US,polls 2026,generic_only,,"description, transcript",YES,"Right now, a massive political shockwave is tearing through the heart of Washington. A stunning new poll has just surfaced, and the numbers are absolutely exploding online. In a shocking hypothetical redo of the 2024 election, Kamala Harris has suddenly surged to a commanding eight-point lead over President Trump. What makes this report so explosive is the methodology. It is weighted directly by the president's recent victory, yet it exposes a complete and total reversal of public opinion. Analysts are stunned, calling this a historic level of immediate buyer's remorse. The American people appear to be signaling massive regret, with support for President Trump collapsing in this specific model. This is not just a simple statistic. It is a direct and humiliating challenge to the new administration's mandate. As these numbers go viral, the White House is facing a narrative disaster. The ground is shifting, and everyone is asking, is the president losing the country this quickly? The fallout is just beginning."
7626259179837148447,https://www.tiktok.com/@faith.in.god274/video/7626259179837148447,"Voters head to polls in key elections in Wisconsin, Georgia",2026-04-08T05:40:46.000Z,0,,0,0,29,178,,Faith In God,229,False,US,polls 2026,generic_only,,"description, transcript",YES,"Voters are headed to the polls today for key elections in two states. In Georgia, Democrats are hoping to flip the deep red congressional seat left vacant after Marjorie Taylor Greene's resignation, and Wisconsin is deciding its next state Supreme Court justice. ABC News Washington Bureau Chief Rick Klein is here for more. Rick, let's start with that special election in Georgia. Democrat Sean Harris and Republican Clay Fuller are facing off for former Congresswoman Marjorie Taylor Greene's seat. Do Democrats have a chance to flip it? It is a long shot. It is a very conservative district. But the combination of forces here, Marjorie Taylor Greene didn't just resign from Congress. She did so by breaking, along the same time that she was breaking with Donald Trump in a very dramatic way. And she is even suggesting just today that the 25th Amendment be used to potentially oust Trump from office, about as big a reversal as you can imagine. The question, are her constituents in the same place? If they're not, if they're still pretty pro-Trump, then the Republicans will have no trouble. But if they turn to the Democrats, or even if the margins close, it's a different story. And this happens to be a race featuring two military veterans who are on very different sides of this Iran issue. The Democrat in this race, who happens to be a former general in the Army, says that he does not think that this is a good use of military resources, and he thinks that voters are going to respond to it. So we'll watch the margins there. It's definitely a long shot for Democrats. If they were to win, though, it would mean an even thinner margin for Republicans for the balance of the year. Yeah. And you mentioned former Congresswoman Marjorie Taylor Greene. She's calling for the Cabinet to remove President Trump under the 25th Amendment over his threats to Iran. So how is the war with Iran playing into this race? Well, we're seeing it kind of cleave between the two parties and inside the party. And that's where it becomes interesting. If this is just about Democrats voting in a very red district, the Democrats have no chance. But if there's a significant number of Republicans who want to register the disapproval, either with the war or Trump's conduct overall, that's how the Democrats get close in a race like this. And to see some prominent figures, including Tucker Carlson, split with Trump as dramatically as has happened in the last couple of days, at least raises that as a possibility. But we haven't seen any signs yet in polling that suggest that it's going to be borne out. That's why today's voting is so interesting. And the other big election, this Wisconsin Supreme Court race, it could widen the court's liberal majority for years to come. What are you watching for there? Yeah, we may remember a year ago when the liberals won the majority. That's when Elon Musk wore that cheesehead hat and got as involved as he ever was, talked about the future of civilization. Well, civilization's still here, but the liberal justice actually won. Now there's a chance to expand that majority slightly because you have a retiring, more conservative justice. These are nominally nonpartisan elections, but they have huge impact because of the kinds of issues, including issues around voting rights and voter, just basic vote counting that wind their way through state courts these days. Wisconsin, one of the closest states in the nation in the last several elections. And for the Democrats or the liberals to have a bit more of an advantage there might be something of a buffer if there's some election challenges. Rick Klein, thank you. Thank you."
7595471527420661014,https://www.tiktok.com/@user87088151465743/video/7595471527420661014,The SHOCKING 2026 Election Map Based On The Newest Polls! part1#news #polls #2026,2026-01-15T09:30:00.000Z,2,1,0,0,718,180,"news, polls, 2026",user87088151465743,308,False,US,polls 2026,generic_only,,"description, hashtags, transcript",YES,"Wisconsin are not going to be nearly as close starting off in Minnesota. Tim Walls is on track to win a third term. He was, of course, Kamala Harris is running mate in 2024. He did not perform very well on the national level, but he is popular enough in his home state to win reelection. He leads by five points in the polls against Republican Scott Jensen. Minnesota is going to be likely for the Democrats. Wisconsin will also be likely blue. And here we have Mandela Barnes, the incumbent lieutenant governor, running for the governorship after serving eight years under Governor Tony Evers. He leads by six points against Tom Tiffany, his main Republican opponent. And Tony Evers narrowly won reelection in 2022 is a big surprise. Many people expected Tim Michaels to unseat him. However, Tony Evers was able to squeak out a 3.4 percent victory. Wisconsin remain blue. And according to the data thus far, it is likely to remain blue after the next midterm cycle. Wisconsin will also be likely for the Dems down in Iowa and Illinois. We have two incumbent governors that are not eligible to seek reelection. We have Kim Reynolds in Iowa and JB Pritzker in Illinois. However, they will be succeeded by members of their own party. Iowa will be likely red. Illinois will be likely blue, especially after Kamala Harris's disaster of a performance here in 2024, winning the state by just 11 points compared to Biden's margin of 17 just four years prior. And so we're not going to move on up to Michigan. This is the big race that we have in the Midwest. Wisconsin and Pennsylvania are not likely to be overly competitive. Michigan, though, is going to be the closest of them all. And like I said earlier, Republicans just took the lead in the battle for the governorship in the Wolverine State. John James now leads by 0.2 percent against his main Democratic opponent, Jocelyn Benson. We also have Mike Dugan, an independent, in the race. His odds here are very low. But John James is a current member of Congress. He also ran for the U.S. Senate in 2020. He actually came very close to winning, almost unseating incumbent Gary Peters, who is actually retiring now. And a big reason for that is probably because of how well John James performed five years ago. But on the Democratic side, we have Jocelyn Benson, the current secretary of state of Michigan. And ultimately, Republicans are in a very good spot for now. However, Democrats do have the upper hand. It is generally more of a left-leaning state. And looking at the betting markets, Democrats have a 65 percent chance of winning, Republicans at 19. The odds are a little messed up right now. That's why they don't add up to 100. However, Republicans do have around a one in four chance generally. This is going to be a very competitive race. But for now, Republicans are in a good spot and based solely on the polling data. Michigan will be the second flip on the map for the GOP, as incumbent Governor Gretchen Whitmer will make way for Republicans."
7601390352204909846,https://www.tiktok.com/@user87088151465743/video/7601390352204909846,The 2026 Senate Map Based On The Latest Polls (1 Year ‘Till The Midterms) part1#news #2026 #Senate,2026-01-31T09:30:00.000Z,7,,0,3,3871,180,"news, 2026, senate",user87088151465743,308,False,US,polls 2026,generic_only,,"description, transcript",YES,"of victory in 2024. And so Virginia does have the capacity to be significantly more competitive. But for now, with Youngkin out of the race, the state is going to be likely blue. And so those were all of the solid and likely states that will appear on this map. All 11 of the remaining races have a polling average of five percentage points or less separating the two candidates, which means we're going to have an incredibly competitive midterm cycle with a ton of states in play. And so we're now going to categorize the lean states races that will be decided by margins of one to five points. And we'll begin down south in North Carolina, where Tom Tillis is the incumbent Republican. However, he has chosen not to run for reelection after barely being able to win a second term in 2020 by a margin of less than two points. And so North Carolina on the entire map is the best opportunity for Democrats to pick up a seat next year. And that is why they are going to nominate Roy Cooper, the state's popular former governor, as their nominee to run against Michael Whatley, the former chair of the RNC, who is the presumptive Republican nominee. He has already received the endorsement of President Trump in the primary. And according to the polling data, Roy Cooper leads Michael Whatley by an average of five points. However, this is an incredibly competitive race. And the advantage that Cooper has now is that he does have significantly more name recognition in the state as the state's former governor. Michael Whatley is more of a national figure. And so as time goes on, I do expect this race to get closer and closer as North Carolina voters get to know Whatley better. According to the market odds on Cali, this is basically a toss up with Democrats at a 61% chance of winning Republicans at 39. This is going to go down to the wire, despite what current polling says. And so North Carolina will be placed into the lean Democratic column. But ultimately, it could be significantly more competitive. Moving on up now to Maine, where we have an incredibly contentious race, as Susan Collins is likely to seek a sixth term in office. She was first elected in 1996, and is already Maine's longest serving a member of Congress in the state's history, even before she wins a sixth term. And so in 2020, everybody thought Susan Collins would lose. But somehow she came out on top and defeated Sarah Gideon by a whopping nine points on the same ballot, where Joe Biden defeated Trump by almost the exact same margin. And so Susan Collins has historically been incredibly popular in her home state, although her popularity has waned in recent years. And that is why this race is going to be so close. On the Democratic side, we have two candidates vying for the nomination. On the establishment side, we have Janet Mills, the incoming governor, who was reelected in 2022 by a double-digit margin. And further to her left, we have Graham Platner. He has no previous political experience. However, he is the younger, more progressive candidate who has received the endorsement of Bernie Sanders. And according to the betting markets on Cali, Janet Mills is the slight favorite. But this is going to be a very close"
7595472071895862550,https://www.tiktok.com/@user87088151465743/video/7595472071895862550,The SHOCKING 2026 Election Map Based On The Newest Polls! part3#news #polls #2026,2026-01-15T11:30:00.000Z,0,,0,0,212,180,"news, polls, 2026",user87088151465743,308,False,US,polls 2026,generic_only,,"description, hashtags, transcript",YES,"the governorship again. Instead, the Republicans will nominate Elise Stefanik, who is currently third in line in House Republican leadership. And according to the polling data, Kathy Hochul is on track to win by 10.4%, although that margin is tightening. As we saw in October, she led by 15, and that margin is now just two thirds of what it once was. Kathy Hochul is not going to win by a solid margin. However, she is still the favorite to ultimately come out on top, although there are a lot of people that do not believe she will win, as according to the betting markets on Calshi, Democrats have an 84% chance of winning. Republicans actually have a 17% chance of winning, which is surprisingly high, considering that New York is supposed to be one of the bluest states in the entire country. And so Democrats are the favorites here, and for now, New York will be likely blue. But this is definitely a race to watch, and one that can definitely be full of surprises, just like it was three years ago. Finishing off the Northeast now, we're going to come into New England and begin with Vermont, which is the bluest state in the country. Kamala Harris won it by 32 points. There was no state that she won by a larger margin. However, what's interesting is that it does actually have a Republican governor that's been reelected four times already. He could be now seeking a sixth term. He hasn't made up his mind yet, but governors in Vermont are reelected every two years. And so in 2024, Phil Scott was reelected to a fifth term by a 52-point margin. He is one of the most popular governors in the country, and if he runs, Vermont will be very safely solid red. However, since it isn't a guarantee, I'm currently only going to place the state into the likely red column. In neighboring New Hampshire, we have another state that elects its governors every two years, and another blue-leaning state that has been controlled by Republicans in the governor's mansion for the last decade. We saw eight years of Chris Sununu, and now we have a new governor in Kelly Ayotte, who is a former senator and was elected governor in 2024. She defeated Democrat Angie Craig by nine points in last year's elections. And according to the polling data, in 2026, she is on track to win by three points against a generic Democrat. Ultimately, she will win by a larger margin. The market odds on Cal she give her a 73% chance of winning re-election. And so New Hampshire will be lean red on our map, but ultimately she will win by more than 5%. The remainder of the states are all going to be blue, though. In Maine, Janet Mills will not seek re-election. She'll be running instead for the U.S. Senate seat against Susan Collins, although she might not even win the primary there. But in the end, Democrats are likely to hold on to the governorship in Maine. It'll be likely blue. While in Massachusetts, Maura Healey, the newly elected governor from three years ago, is running for re-election. She currently leads Mike Kennelly by 19 points in the polls. Massachusetts will be safe blue. And in Connecticut, Ned Lamont"
7606213912173890838,https://www.tiktok.com/@user87088151465743/video/7606213912173890838,The 2026 Senate Map Based On SHOCKING New Polls! part1#news #2026 #senate,2026-02-13T09:30:00.000Z,284,11,46,15,51900,180,"news, 2026, senate",user87088151465743,308,False,US,polls 2026,generic_only,,"description, transcript",YES,"The 2026 midterms are fast approaching, and today, I will show you which party is on track to win the U.S. Senate later this year based solely on the latest polling averages. We have a ton of new data from key states, and by the end of this video, you will know exactly what the numbers are saying regarding the battle for the upper chamber of Congress. And so, we're going to do this a little bit differently. Instead of going through all of the solid states and then lean likely tilt, we're just going to go from the west coast and move our way east, covering each state along the way. And so, starting off in Oregon, Jeff Merkley is on track to win his reelection pretty easily. Meanwhile, Republicans will take Idaho, Montana, and Wyoming. They will also take South Dakota, but we do have a polling for this race. Mike Rounds, the incumbent Republican, is on track to win a third term. He leads his Democratic opponent by 22 points. And so, South Dakota will also be safe red on our map. Next up in Nebraska, we have a shockingly close race. Despite generally being a Republican stronghold, Pete Ricketts is fighting for his political career against independent candidate Dan Osborne. So, instead of a Democrat challenging Ricketts, we have an independent candidate who is not a Democrat, and that is one of the big reasons why this race is so competitive. Nebraska would never consider electing a Democrat, but Dan Osborne is a credible challenger. He actually challenged Deb Fischer, the other Nebraska senator in 2024, and only lost to her by 6.7%. It was a surprisingly close race. And so, this time, Osborne is running again, this time against Ricketts. But according to the polling data thus far, Pete Ricketts leads, on average, by 3.4%. And these polling averages are time-weighted, and they also take into account the partisan liens of the various polls. So, as you can see here, Republicans are ahead by 1% in two of the polls, with Osborne ahead by 1% in the other. But all three polls were Democrat sponsored, and so that is going to give Osborne a little bit of an unfair advantage in them. And so, this polling average has worked to adjust for that. And so, for now, based on the numbers, Pete Ricketts leads by 3.4%. The race is a lean Republican. Kansas and Oklahoma, though, will be safe red. These races are not going to be close at all. Meanwhile, Colorado and New Mexico are going to remain blue. In Colorado, John Hickenlooper is on track to win re-election to a second term. And then, in New Mexico, it'll be Ben Ray Lujan, both of them elected in 2020. And both these races are going to be likely Democrat. Moving on down to Texas, we have two very competitive primaries on both sides. On the left, James Tallarico is fighting against Jasmine Crockett. Meanwhile, in the Republican primary, we have John Cornyn, Wesley Hunt, and Ken Paxton. It's basically a dead heat between the three right now. But with Cornyn as the incumbent, we're going to include him in the polling average, at least for now. And based on the numbers thus far, John Cornyn leads James Tallarico by 3.6% on average. Based on the four..."
7596951477881507094,https://www.tiktok.com/@user87088151465743/video/7596951477881507094,The 2026 Senate Map Based On The NEWEST Poll From EVERY State! part3#news #polls #Senate,2026-01-19T11:30:00.000Z,11,,0,0,331,180,"news, polls, senate",user87088151465743,308,False,US,michigan senate polls,generic_only,,"description, hashtags",YES,
7598105983298194710,https://www.tiktok.com/@user87088151465743/video/7598105983298194710,The 2026 US Senate Map Based On The Newest Polls! part2#news #Senate #2026,2026-01-22T10:30:00.000Z,2,,1,1,355,180,"news, senate, 2026",user87088151465743,308,False,US,michigan senate polls,generic_only,,description,YES,
7604721118166994198,https://www.tiktok.com/@user87088151465743/video/7604721118166994198,The 2026 Senate Map Based On New Polling Averages! part1#2026 #senate #news,2026-02-09T09:30:00.000Z,25,,9,2,8894,180,"2026, senate, news",user87088151465743,308,False,US,michigan senate polls,generic_only,,"description, transcript",YES,"election to another six-year term. And so Texas will be likely red on this map. Cornyn is probably not going to win by more than 15, but it will definitely be more than five. And now that we have the western half of the US filled in, we're going to move on over to Alaska, where Dan Sullivan is running for re-election to a third term. He was re-elected in 2020 by 12 points, even though all the polls had him winning by just around three. Many of them even had him losing the election entirely to Democrat Al Gross. And so even though this poll here shows Mary Poltola within 1% of Sullivan, this is nothing to worry about for Republicans. This is a Democratic sponsored poll. Mary Poltola is the former US representative for Alaska's at-large district, who lost her re-election back in 2024. And so Dan Sullivan is very likely to win a third term here. All of the pundits have this as a solid Republican race, except for race at the White House, which is by far the most left-leaning of the four. And so Alaska is going to be likely red on our map. Moving up now to the Midwest, we'll begin in Minnesota, where we have a hotly contested race to fill the seat that will be vacated by Tina Smith, who was re-elected by just 5 points in 2020. On the Democratic side, the nominee will likely be Lieutenant Governor Peggy Flanagan. On the Republican side, it's likely going to be Royce White, a former basketball player who challenged Amy Klobuchar in 2024. And just look at how poorly Democrats did in the presidential election. Kamala Harris wins by just 4.2%, and that is with Tim Walz, the literal governor of Minnesota, on the ballot with her. And so in 2026, Minnesota is going to be competitive, but Democrats do have a slight advantage, and so we'll be placing it into the lean Democratic column. Down in Iowa, Joni Ernst leads by just 2 points against a generic Democrat. This is not what you would want to see as the incumbent US Senator. However, this is a poll funded by a Democratic sponsor, and ultimately, Joni Ernst will be able to win if she does indeed run. There is a movement to primary her, but she would probably survive that if she were to enter the race. And all the pundits have this as likely Republican, again with race to the White House as the only exception. Iowa will very likely re-elect Joni Ernst, and if not her, another Republican. The state will be likely red, with Ernst on track to win a third term. In neighboring Illinois, five-term incumbent Dick Durbin will not be seeking re-election, which will make the seat open. However, Democrats are very likely to hold on. The Democratic nominee is probably going to be Raja Krishnamoorthi. He's a current US congressman. And while this seat would generally be"
7608981710318996749,https://www.tiktok.com/@nickroberts/video/7608981710318996749,BREAKING: DEMOCRAT ROY COOPER LEADS TRUMP REPUBLICAN IN NORTH CAROLINA SENATE RACE BY 10 POINTS 💙🙏🏻🌊 #charlotte #raleigh #durham #wakeforest #northcarolina ,2026-02-20T16:16:01.000Z,11700,542,348,1195,88600,27,"charlotte, raleigh, durham, wakeforest, northcarolina",Nick Roberts,27400,True,US,north carolina senate polls,generic_only,,transcript,YES,"Big poll just dropped out of North Carolina for the U.S. Senate race, former governor Roy Cooper, who would be a great pick for the Senate, is ahead over Trump's RNC chair by 10 points in the state that voted for Trump last time and is historically very purple state. Again, I think governor Cooper will be a fantastic U.S. Senator. If you're supporting him, drop a blue heart down below. It is so important that we win the Senate this year. North Carolina is an incredibly crucial part of that."
7609079261810396446,https://www.tiktok.com/@carlos_eduardo_espina/video/7609079261810396446,Este demócrata tiene a Trump temblando 👏🔥,2026-02-20T22:34:02.000Z,8157,107,326,153,128600,69,,Carlos_Eduardo_Espina,14300000,True,US,north carolina senate polls,generic_only,,transcript,YES,"Tremendous last minute news my people, Donald Trump and the Republicans are shaking, this is incredible. And as you probably already know, this November there are midterm elections here in the United States to decide which political party will control the House of Representatives and the Senate. Currently, we know that the Republicans control both chambers, but a new poll has just revealed that in the state of North Carolina, which currently controls the Republicans, could win and will probably win a Democrat in the Senate. And yes, according to this new poll, Democrat Roy Cooper is leading 50% to 40%. That is, if the elections were today, Roy Cooper, the Democrat, would sweep with his Republican opponent and would win a position that the Republicans currently have. And if this happens, it would be a big step forward for the Democrats to regain control of the United States Senate and put an end to the disastrous administration of Donald Trump. So it's really amazing to see and well, let's hope that the people in North Carolina do the right thing and vote Democrat."
7533324668934180127,https://www.tiktok.com/@left.of.old.north/video/7533324668934180127,"Roy Cooper leads in the first poll we have for the #USSenate race here in North Carolina, where Thom Tillis is not running for reelection and Trump-endorsed Michael Whatley trails by three points. we've got to do everything we can to flip this senate seat and keep power out of the hands of Republicans  #uspolitics #ncpol #ncpolitics #democrats #ncdemocrats #2026elections ",2025-07-31T19:07:23.000Z,814,11,23,71,8494,109,"ussenate, uspolitics, ncpol, ncpolitics, democrats, ncdemocrats, 2026elections",Left of Old North,3456,False,US,north carolina senate polls,generic_only,,"description, transcript",YES,"We just got our first real polling numbers out of North Carolina for the Senate race, and Roy Cooper is leading by three points. Now don't get me wrong, three points isn't exactly a landslide victory, but it's really big news for Democrats both in the state and nationwide because Cooper is currently the only candidate that is flipping a previously held Republican seat in a state that Trump won by four points in 2024. Not only are they starting on a good foot with polling, but they're also starting on a good foot with money. In the first 24 hours after the announcement, the Cooper team raised three and a half million. With independents and liens, it shows a tighter race, but Cooper still edges out Whatley in a general election. Keep in mind, Cooper has won multiple times statewide. He is undefeated. He'll also have the backing of Governor Josh Stein and Attorney General Jeff Jackson, who, despite what Republicans would have you believe, are two very popular Democrats who also both won statewide in a year, again, where Trump won by four points in this state. But okay, let's have some real talk here. Whatley has Trump's backing. They have deep pockets of GOP money, both with PACs and with dark money, and the entire Republican machine is going to line up behind him. Fun fact, here in the Tar Heel state, we have one of the largest percentages of unaffiliated voters in the nation, and with independents and lieners still undecided, about 16% of the voting population, this could break either way. Now the Victory Insights poll that we get this from only polled 600 people. So really, we're going to need to see some better polling as the race goes on. But the important thing to remember is that this is the most flippable Senate seat in the country. Roy Cooper is a very strong candidate to flip this seat, like once in a generation, the strongest candidate. If we organize, we knock doors, we show up, we can win. Let's go flip this Senate seat."
7545065661412674830,https://www.tiktok.com/@hometownholler/video/7545065661412674830,NC hasn’t sent a Democrat to the U.S. Senate since 2008—but polls suggest 2026 could be a big year. Former Gov. Roy Cooper leads GOP frontrunner Michael Whatley by 7-8%—huge in a state where races are usually decided by fractions of a point. #northcarolina,2025-09-01T10:30:24.000Z,1026,14,26,13,11300,60,northcarolina,The Hometown Holler,33000,False,US,north carolina senate polls,generic_only,,"description, transcript",YES,"The last time North Carolina sent a Democrat to the U.S. Senate, Jay-Z and Beyoncé had just gotten hitched and Heath Ledger was playing the Joker. So it's been a minute. But recent polling suggests big things could be on the horizon for state Democrats. In the upcoming Senate race, former Democratic Governor Roy Cooper is leading GOP frontrunner Michael Watley. Polls currently show Cooper holding a firm 7-8% lead. In a state where elections are frequently won or lost by fractions of a percentage point, Cooper's lead is probably the second most impressive poll performance we've seen in recent state history. I say second most because it was only last year that North Carolina saw Democrat Josh Stein beat Republican Mark Robinson by almost 15 points. Stein won more than 3 million votes, the highest ever for a statewide candidate in North Carolina. And he was also the only Democrat to win a governorship in a state carried by Trump in 2024. Now, the 2026 Senate election is well over a year away, and anything can happen between now and election day. But these numbers show us that the race is already in full swing, both sides know the stakes, and they are playing for keeps."
7421044503877815598,https://www.tiktok.com/@funnyclipz601/video/7421044503877815598,"🗺️✨ Check out this election map I created based on recent polls! The latest data is in, and it's shaping up to be an exciting race! Each state is color-coded to show where support is leaning, with some key battlegrounds still up for grabs. 🔥 Whether you're watching for a big red wave 🌊 or a blue surge 🌊, this map highlights the shifting dynamics across the country. Which states are swinging? Who's leading where? Take a closer look and let me know if you think the polls will hold or if there will be any surprises on election day! 🗳️ #Election2024 #Polls #ElectionMap #RedVsBlue #SwingStates #PoliticalTrends #VoterPulse #YourVoteMatters ",2024-10-02T05:22:55.000Z,12,,0,16,1896,56,"election2024, polls, electionmap, redvsblue, swingstates, politicaltrends, voterpulse, yourvotematters",Floptropica Elections 💜🌴,150,False,US,#pollingdata,generic_only,,"description, hashtags",YES,
7626073465090624782,https://www.tiktok.com/@dogwooddailydispatch/video/7626073465090624782,"🚨 Gov. Abigail Spanberger's approval rating sits at 47% with 46% disapproving, according to a Washington Post-George Mason University poll of 1,101 registered voters. The poll shows her approval is 13 percentage points lower than the average for Virginia governors in Post polling since the 1990s. Spanberger won her election with 57% of the vote in a 15-point landslide against Republican Lt. Gov. Winsome Earle-Sears. The poll was conducted from March 26-31 with a margin of error of plus or minus 3.4 percentage points. The survey found 41% of voters think her policies will make Virginia less affordable, while 31% say more affordable and 23% see no difference. Previous Virginia governors averaged higher approval ratings, including Terry McAuliffe at 52%, Bob McDonnell at 59%, and Tim Kaine at 62%. What do you think drives approval ratings for new governors? 👇 #VirginiaGovernor #SpanbergerApproval #VAPolitics #VirginiaPoll #Breaking #Politics",2026-04-07T17:40:05.000Z,582,64,56,142,13400,54,"virginiagovernor, spanbergerapproval, vapolitics, virginiapoll, breaking, politics",dogwooddailydispatch,3602,False,US,#pollingdata,generic_only,,description,YES,
7625212695792405774,https://www.tiktok.com/@kophu59/video/7625212695792405774,Surprising poll data from independent voters: Only 26% of independent voters said they would vote for Republicans. #fyp #tiktok #news #foryou #fypシ,2026-04-05T10:01:49.000Z,14,,0,0,402,93,"fyp, tiktok, news, foryou, fypシ",kophu,10600,False,US,#pollingdata,generic_only,,description,YES,
7619451934545644830,https://www.tiktok.com/@politicswithrowan/video/7619451934545644830,"Trumps administration is lying about polling data, on support for Trumps war on Iran. This administration is getting desperate. #politics ",2026-03-20T21:25:12.000Z,2217,22,295,22,12800,65,politics,🇮🇶🇺🇸politicswithrowan,55200,False,US,#pollingdata,generic_only,,description,YES,
7610853281950174478,https://www.tiktok.com/@marketsbeat.daily/video/7610853281950174478,"Current data shows Trump's Epstein handling at -39 net approval, his worst issue by far according to CNN polling. Markets tracking political sentiment show this 70% disapproval rate consistently across surveys, making it more toxic than immigration (-25) or economy (-16). Search interest hitting all-time highs suggests this remains a major liability heading into 2026 midterms. Follow @marketsbeat.daily for daily U.S. market breakdowns 📊",2026-02-25T17:18:49.000Z,89,2,2,3,1103,34,,Market Beat Daily,440,False,US,#pollingdata,source,CNN poll,"description, transcript",YES,"This is bad political news for President Trump. You know, yesterday we spoke about the fact that Donald Trump's overall approval rating, his net approval rating, was at a record low for term number two. What is the worst issue for Donald Trump of any of the major issues? Look at this. We got them all up on the screen. Immigration, foreign policy, the economy, trade and tariffs, and then all the way down on the bottom is the Epstein case. Look, he's underwater on immigration, foreign policy, the economy, and tariffs, all between minus 16 and minus 25 points. The Epstein case, though, is on another planet. Look at this. Negative 39 points. He's 39 points under."
7343352066359840046,https://www.tiktok.com/@prawn065/video/7343352066359840046,Polls#fyp ,2024-03-06T20:37:08.000Z,89,2,1,33,1148,45,fyp,Prawn,358,False,US,#pollingdata,source,Morning Consult,"description, transcript",YES,"What's your message to Democrats who are concerned about your poll numbers? My poll numbers, the last five polls you guys don't report, I'm winning. Five. Five in a row. You guys only look at the New York Times, they're a great paper. Donald Trump up 52-48 over Joe Biden. Recent set of polls from Bloomberg News and Morning Consult showed President Biden trailing former President Trump in Michigan and virtually every other battleground state. Right now about Trump's support among early primary voters, still a strong lead, right? Yeah, a new poll out just this morning from the Des Moines Register that has him over 50%. My poll numbers, the last five polls you guys don't report, I'm winning. Five. Five in a row."
7600123361309625630,https://www.tiktok.com/@purpleroompolitics/video/7600123361309625630,"Harry Enten’s latest video breaks down sobering polling data: Trump’s economic net approval has plunged to -20 points, mirroring Biden’s at a similar stage in his term. The clip highlights how the economy undermined Biden’s presidency and warns it’s now eroding Trump’s support. Historical patterns suggest presidents underwater on the economy often see their party lose House control in midterms—pointing to potential 2026 trouble for Republicans. ",2026-01-27T19:20:30.000Z,191,25,11,9,10900,188,,PurpleRoomPolitics,5704,False,US,#pollingdata,generic_only,,description,YES,
7585521981185903885,https://www.tiktok.com/@tyranny_recon_2/video/7585521981185903885,"CNN’s own data guy just said the quiet part out loud. When the numbers don’t match the narrative, the polls speak for themselves. This isn’t opinion — it’s math. 📊 Watch closely. 👀 #PollingData #VoterTrends #ElectionTalk #PoliticalShift #WatchTheNumbers",2025-12-19T10:59:41.000Z,35,3,0,7,481,43,"pollingdata, votertrends, electiontalk, politicalshift, watchthenumbers",Tyranny_Recon_2,1562,False,US,#pollingdata,source,Quinnipiac,"description, transcript",YES,"in the minds of the American public are lower than the Dead Sea. What are we talking about here? Well, let's take a look. The net approval rating for Democrats in Congress, you said it, Kate Baldwin, the lowest ever. Look at this. Overall, they are 55 points underwater. Their approval rating is south of 20 percent. It's even worse when you look at independents. Look at this. Negative 61 points. That means that their approval rating is 61 points lower than their disapproval rating. Quinnipiac has been polling this question for the better part of the 21st century. They have never found Democrats, at least those in Congress, in worse shape than they are right now."
7624155101292137741,https://www.tiktok.com/@jacksonwtf7293/video/7624155101292137741,The SHOCKING 2026 Senate Map Based On The Latest Polls! #news #breakingnews #fyp #viral ,2026-04-02T13:35:56.000Z,8,,0,1,964,257,"news, breakingnews, fyp, viral",Jackson,407,False,US,#pollingdata,generic_only,,"description, transcript",YES,"In this video, I will show you the 2026 Senate map based only on the latest polls. We've gotten a ton of new data over the past few weeks, mainly from key states like Maine, North Carolina, and Texas. And today we will see what the polls say the balance of power will look like in the upper chamber of Congress following the midterms later this year. Jumping right into it, we're going to begin by filling in the solid states for both parties, races that they'll easily win by margins of 15 percentage points or more. And so starting off with the Republicans, we have Idaho, Montana, Wyoming, and South Dakota. We're in South Dakota. Polls project a 22 point margin of victory for Mike Rounds. He is on track to win a third term in office. We also have Kansas, Oklahoma, and Arkansas. In Arkansas, Tom Cotton leads his Democratic opponent by 22 points. He is on track to easily win a third term as well. And then the remaining safe red states include Louisiana, Mississippi, Alabama, Tennessee, and West Virginia, giving the GOP 43 seats. Meanwhile, for the Democrats, they're obviously going to win in Oregon, Illinois, and Massachusetts. Polling in Massachusetts shows Ed Markey leading John Deaton by 25 points. And this is with pretty extensive polling data for such an uncompetitive race. We also have Rhode Island, New Jersey, and Delaware in the safe Democratic column. And so with the solid states now filled in for both parties, Republicans lead with 43 seats while Democrats trail at just 40. We're now going to move on to filling in the likely states races where the polls project a 5 to 15 point margin of victory for the eventual winner. These states are going to be a bit more competitive, but it's still pretty clear who the favorite is. And so we're going to begin with the Republicans again, starting down South in Florida. The incumbent here is Ashley Moody, who was appointed earlier last year by Governor Ron DeSantis and is now running for an additional two years in the Florida Senate special election before she can run for the full six in 2028. And so Ashley Moody leads Alexander Vindman, her Democratic opponent, by a seven point margin. And considering that Marco Rubio won his last term in the Senate by a whopping 16 point margin, it's pretty safe to say that Democrats are not going to flip a Senate seat in the Sunshine State any time soon. According to the market odds on Calshi, Moody has an 84% chance of winning. And so Florida will be placed into the likely Republican column where Moody is on track to win an additional two years. Next up, we have Kentucky, where Mitch McConnell is finally retiring after over four decades in the upper chamber of Congress. He has also served as the Republican Senate leader for over half that time. And so in Kentucky, most likely it's going to be Andy Barr, a Republican congressman who will replace him. He leads the Democratic front runner Charles Booker by an 11 point margin, according to a recent public policy poll. Now, this is a Democrat sponsored poll. So in the end, Andy Barr can probably win by a safe 15 point margin. But for now, based solely on the data, Kentucky will be placed into the likely red category. And then finally, we have South Carolina. This is Lindsey Graham's seat, and unfortunately, he is still running for reelection. The only reason why he's not being primaried is because he still does have the backing of President Trump. Now, Graham is incredibly unpopular, and according to the latest polls between him and Democrat Andy Andrews, Graham leads by just a 7%. He would be lucky to win by a double digit margin. South Carolina is not going to be safe right this cycle, but there's no doubt that Republicans are going to hold on to the seat. And so the state will be placed into the likely red category with Republicans now at 46 seats with all of their solid and likely races filled in. And now for the Democrats, we're going to get the three obvious ones out of the way first, starting off in Colorado, where John Hickenlooper is going to win a second term after unseating Republican incumbent Cory Gardner back in 2020. We also have New Mexico, where Ben Ray Lujan is also going to win a second term. He was also elected back in 2020. And then out east in Virginia, it's going to be Mark Warner. Without Glenn Youngkin in this race, Democrats are going to easily win here, probably by a margin of around 10%. And then the less obvious of the four likely blue states is going to be North Carolina. This is the seat currently held by Tom Tillis, who barely won his reelection back in 2020. In 2026, he's retiring, and so instead, Republicans have nominated Michael Watley, the former chair of the RNC, while Democrats go with Roy Cooper, North Carolina's former."
7625714754153188630,https://www.tiktok.com/@thestatenews5/video/7625714754153188630,Dems Face Polling NIGHTMARE for Midterms as another Blue State TURNING RED!!!#DemsInCrisis #MidtermNightmare #RedWaveComing #BlueToRed #PoliticalShift #Election2026 #USPolitics #BreakingNews #ViralPolitics #TrendingNow #ConservativeWave #LiberalMeltdown #PollingDisaster #RedWave #AmericaVotes #SwingState #PoliticalNews #ElectionAlert #Vote2026 #NewsUpdate,2026-04-06T18:28:00.000Z,85,2,6,3,6055,71,"demsincrisis, midtermnightmare, redwavecoming, bluetored, politicalshift, election2026, uspolitics, breakingnews, viralpolitics, trendingnow, conservativewave, liberalmeltdown, pollingdisaster, redwave, americavotes, swingstate, politicalnews, electionalert, vote2026, newsupdate",The us news,13700,False,US,#pollingdata,generic_only,,"description, transcript",YES,"Democrats are in a free fall, seven months out from the 2026 midterms, the party that once dreamed of a permanent blue majority is staring at poll numbers so catastrophic that even their own operatives are calling it a nightmare. And it's not just the polls. One of the bluest states in the nation, a state Democrats have won in every single presidential election for 20 years is now on a clear, documented, undeniable trajectory toward turning red. It's why virtually every major Democrat presidential hopeful for 2028 is now running away from the very positions they once championed as recently as 2020. That's not a pivot. That's panic. And we're going to find out exactly what the numbers say, exactly which blue state is turning red and exactly why today is a very, very bad day to be a Democrat. Hey gang, it's me, Dr. Steve, your pager professor enjoying yet another glorious day in Trump's golden age that you made possible back in November 2024. So if you want a front row seat on how you continue to change the world in ways you never even imagined."
7163823840294980910,https://www.tiktok.com/@npr/video/7163823840294980910,Exit poll data shows mixed messages. #NPR #midterms2022 ,2022-11-09T01:35:24.000Z,3970,16,46,109,73300,60,"npr, midterms2022",npr,1700000,True,US,#pollingdata,generic_only,,"description, transcript",YES,"We've got some early exit poll data that's come in. It's important to remember that you don't wanna look at exit poll information early in the night and go number by number. So I'm just gonna talk broadly because these numbers will change throughout the night. But right now the white vote from what we've seen overall is actually much higher than we'd seen in previous past elections. And that would typically be a bad sign for Democrats because this would reverse a decades long trend of having seen the white vote shrink in each consecutive election. Part of that is because we're also seeing that black voters seem to have not turned out at the rates that Democrats would have needed them to. And Asian American voters as well, still a little bit further down. But we'll see as those numbers change as the night goes along, those are all good signs for Republicans. Now on the flip side of that, abortion rights are actually popping in the polls way more so than we'd seen in some of the earlier polls heading into the election, as well as in a place like Pennsylvania, abortion rights is the top issue for a lot of voters. And that could be a good sign for Democrats because Pennsylvania is really the key state for whether or not Democrats hold the Senate."
7587641126748802318,https://www.tiktok.com/@marketsbeat.daily/video/7587641126748802318,"Current data shows Trump's approval rating at negative 18 points nationally according to Susquehanna polling. Political analyst Ethan Kelly converts this into state-by-state electoral projections using multiple poll averages from 538, G Elliott Morris, and other sources. This represents a significant shift from his 2024 campaign approval numbers. Markets are indicating potential electoral vulnerabilities when approval ratings translate to swing state performance. Follow @MarketsDaily for daily market analysis 📊",2025-12-25T04:03:07.000Z,6,,1,0,387,60,,Market Beat Daily,440,False,US,#pollingdata,source,538,"description, transcript",YES,"But what jumps out to me isn't really the recalled vote. It's that in tandem with what the approval rating numbers say for Donald Trump on the national stage, holding him at about negative 18 points on the national stage in this approval rating poll. Now, you might be wondering, am I just basing this entire electoral map strictly on Donald Trump's approval rating in one singular poll, and I have to quickly tell you that that is not the case. What we're working with today are averages, averages that work out based off of Donald Trump's approval rating across a number of different metrics, whether it's 50 plus one, whether it's Susquehanna University, whether it's also to G. Eliot Morris, who has his own data in terms of Donald Trump's approval rating, which has now moved over to 50 plus one. But what is interesting is that, you know, his data points here translate into a state by state map, right? Something that tells us where does Trump's approval rating stand in Iowa, Maine, California, and so on and so forth."
7625857716166151438,https://www.tiktok.com/@jacksonwtf7293/video/7625857716166151438,The SHOCKING 2026 Senate Map Based On Brand New Polls! #news #breakingnews #fyp #viral #update ,2026-04-07T03:43:07.000Z,12,,2,0,2002,189,"news, breakingnews, fyp, viral, update",Jackson,407,False,US,#pollingdata,generic_only,,"description, transcript",YES,"We've just been hit with a tsunami of new polls for the 2026 Senate elections, and in this video, we'll be filling in the 2026 Senate map based on the latest data. We'll be going over every single race, and just to change things up a bit, we'll be going in alphabetical order. And so going from A to Z, we'll begin in Alabama, where incumbent Republican Tommy Tuberville is not running for re-election. Instead, he'll be running for the state's governorship. And so we will have a new U.S. Senator from Alabama that likely will be Barry Moore, a current member of Congress. He is on track to be the Republican nominee and will win by a safe margin. Next up in Alaska, we have a surprisingly close race as Mary Peltola has jumped in to challenge Republican incumbent Dan Sullivan. Peltola is basically the only Democrat that would even have a chance at winning in the state. She's a former member of Congress. However, she did get voted out of office in 2024. And so according to the latest polling data, she trails Sullivan by 0.1 percent. It is going to be a close race, but in the end, the GOP is likely to win by a wider margin. Alaska is not going to so easily reject one of their incumbent senators. But based on just the data alone, the state will be placed into the tilt Republican column. And then in Arkansas, the state is going to be safe Republican. Tom Cotton is on track to winning a third term in office. Meanwhile, in Colorado, Democrats are going to win here with John Hickenlooper winning a second term. But he's probably not going to win by more than 15 points. So the state will only be placed into the likely category. Delaware, though, is going to be safe for the Dems. Chris Coons will win a third full term. He's been in the Senate since 2010 and will win by more than 15. Moving on to Florida, we have a special election. This is where Ashley Moody is running to serve out the remainder of Marco Rubio's term. She was appointed early last year after Rubio was nominated to become Trump's secretary of state. And she is on track to winning another two years. And then in 2028, she'll be able to run for the full six. Now, Moody leads Jennifer Jenkins by 7.6 percent, according to polls conducted late last year. However, Jenkins has since dropped out. But she's the only candidate that we have polling data for. But no matter who it is, Republicans will win in the sunshine state. Florida will be likely red, especially after Marco Rubio won his reelection in 2022 by a whopping 16 points. The state simply isn't competitive anymore. Next up in Georgia, the state is almost always competitive and 2026 will be no exception. In 2020, Georgia basically gave Democrats the Senate majority after two runoffs that went to John Ossoff and Wafaya Warnock, provided them with the 50 seats needed to control the upper chamber of Congress. And so now in 2026, John Ossoff is running for a second term and he'll be challenged by Republican Congressman Mike Collins, who trails Ossoff slightly in the polls by 3.5 percent. But this race is going to be very, very tight. Ossoff led by seven points in July of last year."
7627254139528973581,https://www.tiktok.com/@yourdailyupdatesofficial/video/7627254139528973581,"Talk of another impeachment battle is beginning to grow in Washington, even though neither President Trump nor Vice President JD Vance is currently facing formal impeachment proceedings. As the 2026 midterm elections approach, the issue has become an increasingly visible political fight. A January survey found that 49% of likely voters support impeaching Trump, while 45% oppose it, with Democrats strongly in favor, Republicans mostly against it, and independents nearly split down the middle. Several impeachment resolutions have already been introduced in the House. One of the most recent, H. Res. 939, was filed in December 2025. But the effort stalled almost immediately when the House voted 237-140 to table the measure, preventing it from moving forward. Prediction markets currently put the chances of Trump being impeached before early 2027 at around 14%, but those odds rise sharply to roughly 70% by January 2028. Many political analysts say the 2026 midterms could decide whether impeachment becomes a real possibility, especially if Democrats regain control of the House. Trump has also warned supporters that if Republicans lose Congress, another impeachment fight could follow.",2026-04-10T22:01:45.000Z,25,,1,14,463,11,,Your Daily Updates,1535,False,US,#electionforecast,generic_only,,description,YES,Thanks for watching!
7625605458908187917,https://www.tiktok.com/@jacksonwtf7293/video/7625605458908187917,My Updated 2026 Midterm Election Map Prediction (Governors #news #breakingnews #fyp #viral #update ,2026-04-06T11:25:07.000Z,8,1,1,1,2769,366,"news, breakingnews, fyp, viral, update",Jackson,407,False,US,#electionforecast,generic_only,,transcript,YES,"In this video, I will show you my updated 2026 election map prediction for the 36 governor races happening all across the country later this year. This is actually my first governor's prediction since September, and so we're going to take a comprehensive look at every single state so you know exactly what to expect when the midterms roll around in just eight months. We'll begin out on the West Coast with California, which does not have a traditional two-party primary system. Instead, it's just one big primary with every single candidate, no matter their party, and the top two advance to the general election. And so Republicans actually lead here. We have two Republicans at the very top in the race to succeed Gavin Newsom. Chad Bianco and Steve Hilton are both polling ahead of Democratic frontrunner Eric Swalwell. However, as we approach the June primary, it is likely that many of the lower-polling Democrats are going to drop out and consolidate their support behind either Eric Swalwell or Representative Katie Porter. And if that happens, the odds for Republicans do drop dramatically. And so for now, based on the market odds on Cauchy, Eric Swalwell is the favorite to become the next governor of California. And given just how liberal the state is, we will place the Golden State into the solid Democratic category. Next up in Oregon, Democratic incumbent Tina Kotek is running for re-election to a second term, but she is very unpopular and our polling average has her ahead of Republican Christine Drazen by just two points. And this polling average does adjust for partisan polls that are sponsored by either Democrats or Republicans. And so in 2022, Kotek narrowly won her first term when she defeated Drazen by 3.4 percent. Drazen is now running again. The 2026 race is going to be competitive, but given that Tina Kotek now does have the incumbency advantage, I will place Oregon barely into the likely Democratic column. But I do expect it to be a single-digit race. Republicans, though, will fare better in Nevada, where they do currently hold the governorship with Joe Lombardo as the incumbent. He was elected back in 2022 in a shocking victory, where he unseated the incumbent Democratic Governor Steve Sisolak by 1.5 percent. It is very difficult to beat an incumbent governor. And this comes just two years before President Trump defeated Kamala Harris in the Silver State in the presidential election, becoming the first Republican to win it in two decades. And so in 2026, Joe Lombardo is on track to win his reelection against Democrat Attorney General Aaron Ford. According to our polling average, Lombardo leads by 1.3 percent, and we can expect him to win by around two points come November. Nevada will be lean red. And then in Arizona, this is going to be one of the closest races of the entire year. Incumbent Democrat Katie Hobbs is running for reelection to a second term after she was barely elected to a first in 2022 when she defeated Republican Carrie Lake by two-thirds of one percent. This was the closest election of the last midterm cycle. And if Republicans had run anyone else, they likely would have won. Carrie Lake simply wasn't the right candidate for this election. And so in 2026, Republicans will nominate Congressman Andy Biggs, who trails Hobbs by 4.3 percent in the polls. But in the end, I do expect Republicans to outdo the Democrats just slightly, especially given the fact that President Trump carried the state by five and a half points against Kamala Harris in 2024. This was a dramatic shift to the right, considering that Democrats had won it in the election prior. And so in 2026, I do expect Katie Hobbs to be voted out of office. It is going to be by a tilled margin, and it will no doubt be extremely competitive. Arizona will be the first flip on our map, going from blue to red. In Colorado and New Mexico, the two incumbents are term limited, and so we will have two new governors from the states, both of pretty high profile nationally. In Colorado, it's going to be Senator Michael Bennett, who has served in Congress since 2009, but he has decided to leave Washington, D.C. behind and will probably win by around 10 percent. And then in New Mexico, it's likely going to be a Deb Haaland, President Biden's secretary of the interior. She is on track to being elected to her first elected office, and the state will also go to Democrats by a likely margin. Next up, we have Kansas. This is going to be the second flip on the map in favor of the GOP, and that's because Democrats do currently control the governorship of Kansas, even though it's a state that's voted for President Trump by solid margins in virtually all of his presidential runs. And so in 2022, Laura Kelly, the incumbent Democrat, was reelected very narrowly. But in 2026, she will be term limited, and this is a great opportunity for Republicans to take back control. They're likely going to do so with their former governor, Jeff Collier, who was actually primaried back in 2018. And the candidate that eventually won the Republican nomination lost to Laura Kelly in 2018. And so in 2026, Jeff Collier is on track to becoming his party's nominee. He has a 56 percent chance of winning the primary. It is still going to be close. There are other major candidates in here, but for now, it seems like the former governor is going to return to the governor's mansion in Kansas. The state is going to be likely red. It's probably not going to be solid after eight years of Democratic control, but there's no doubt Republicans will flip it. This is the second flip on our map and another flip going in favor of Republicans. Moving on to Idaho, incumbent Republican Brad Little is going to win his reelection to a third term. The state does not have term limits for its governors in Wyoming. It's going to be another safe red state in the most conservative state in the country. This time it'll be a Megan Degenfelder. She is on track to succeed at the term limited Mark Gordon. Wyoming will also be safe Republican next up in South Dakota. We're not going to have a competitive general election, but the Republican primary is going to be close. So far, Toby Dodin is the front runner. He's a businessman from the state, and he leads over Congressman Dusty Johnson, according to the market odds on Cali. What's even more surprising is that Larry Rodin actually is the incumbent. He came into office after Kristi Noem resigned to become a president, Trump's secretary of Homeland Security."
7433970289039527199,https://www.tiktok.com/@shopwithchris06/video/7433970289039527199,What do you think is going to happen on this election?! #trump #harris #election #greenscreen #greenscreenvideo ,2024-11-06T01:21:43.000Z,807,39,68,36,65100,31,"trump, harris, election, greenscreen, greenscreenvideo",Pol and Pop with Chris,9809,False,US,#electionforecast,generic_only,,transcript,YES,the election polls are about to close so what are the big swing states that we need to keep an eye on so we've got arizona georgia michigan nevada pennsylvania wisconsin but i even heard some analysts saying that there's some states that might flip that we're not even tracking but according to prediction markets like this we are still seeing that trump is projected to win this election by about 63 which is a huge margin so tonight when we get into which states are officially being called you're gonna want to follow me because i'm going to be posting all about it
7600920424574225678,https://www.tiktok.com/@kevinbarton55/video/7600920424574225678,"Democrats Can Win Big in 2026—But Only If This Happens. The 248‑seat projection isn’t a guarantee; it’s what happens if the current 13‑point special election overperformance and polling lead actually carry through to November.​ That depends on organizing, turnout, and funding over the next 9 months—not a last‑minute panic in October. Patreon lets us keep tracking the numbers and producing tools organizers and donors can actually use.​  Don’t just watch the data—help bend the curve ##NWAA #Democrat #Democrats #DataDriven #Politics",2026-01-30T23:30:00.000Z,118,8,12,73,1748,86,"democrats, politics",DandyDon 🗞️🎙️🕊️💙,2707,False,US,#electionforecast,generic_only,,"description, transcript",YES,"Democrats are on track to win 248 House seats in November, but there's a catch. This projection assumes Democrats maintain their current momentum, the 13-point special election overperformance, the five to nine point polling lead, and that momentum depends entirely on whether people stay engaged for the next nine months. Right now, campaigns are hiring field staff, ad buys are being reserved, voter registration and other deadlines are approaching. If you wait until October to pay attention, it's too late. The data shows Democrats win if trends hold, but trends only hold if people act. So here's the question, are you going to watch this happen or help make it happen? Support this work. Link in the description. Let's build the infrastructure that turns 248 from a projection into reality. If you get value from this kind of independent news and analysis, consider supporting the work on Patreon. For about five bucks a month, you help keep it going and get access to deeper breakdowns and extras I can't fit into the main videos. The link is in the description or the pinned comment."
7627879320572218638,https://www.tiktok.com/@jacksonwtf7293/video/7627879320572218638,2 GOP FLIPS Incoming! 2026 Election Map Based On The Latest Polls #news #breakingnews #fyp #viral ,2026-04-12T14:28:06.000Z,2,,0,0,321,190,"news, breakingnews, fyp, viral",Jackson,407,False,US,#electionforecast,generic_only,,"description, transcript",YES,"The 2026 governor elections are the most important races happening in the midterms this year. And in this video, I will tell you exactly which party will control each and every governorship based solely on the latest polling data. These 36 races will directly determine who will exert executive power in a majority of states for the next four years. And so we're just going to jump right into it, starting off on the West Coast with Oregon, where Democrats continue to struggle under Tina Kotech, who is running for re-election to a second term after being elected to her first in 2022 by a margin of just three points against Republican Christine Drazen, who is running again in 2026. This race is going to be competitive, even though Oregon is generally a solid blue state. And according to the polling data, Kotech leads by just five points. And so Oregon is going to be placed into the lean Democratic column. Next up in California, the Golden State doesn't have a two-party primary system. Instead, it's just one big primary with every single candidate. And right now we have two Republicans leading the pack, those being Chad Bianco and Steve Hilton. They've led in virtually every single poll. However, in the end, it's likely that many Democrats are going to drop out so that they can consolidate their support. And according to the betting markets on Cali, Eric Swalwell is the current favorite to become the next governor of California, succeeding Gavin Newsom. However, the odds are certainly not low for the Republicans. Hilton is at 10 percent, Bianco at eight. The GOP is in a pretty good position here. If you add up all the support for Democrats and compare that to the support for the two Republicans, Democrats lead by just nine point six percent, which is a pretty small margin considering that Joe Biden won this state by 30 points back in 2020. And so based on the data thus far, California will be likely blue. In neighboring Nevada, Republicans currently control the executive branch here with Joe Lombardo as the incumbent. He was elected back in 2022 when he defeated Steve Sisolak, the incumbent governor at the time, by just under two percent. This was a pretty impressive victory and quite a surprise considering that Democrats actually won the Senate race here with Catherine Cortez Masto being reelected. And so in 2026, Lombardo is running again and he will be challenged by Democratic Attorney General Aaron Ford, who currently trails Lombardo by one point three percent in the polls. This race is going to be close, but Lombardo is popular and he will probably be able to pull off another victory. And so Nevada will be placed into the lean Republican column. This is certainly going to be one of the races of the year. But for now, the GOP has a clear edge. Next up in Arizona, Democrats are currently in control here with Governor Katie Hobbs running for reelection to a second term. She was very narrowly elected back in 2022 when she defeated Carrie Lake by just two thirds of a percentage point. This was the closest race of the year and the only one decided by less than one percent. Republicans could have won this election if they had brought any other candidate, as all of the other primary contenders pulled better against Katie Hobbs head to head than Carrie Lake did."
7413069477832641835,https://www.tiktok.com/@trishregan/video/7413069477832641835,The latest updates from Nate Silver's electoral college predictions are MIND BLOWING. Subscribe and watch the FULL show at YouTube.com/@TrishReganChannel #trishregan #trishreganshow #joebiden #donaldtrump #election2024,2024-09-10T18:30:00.000Z,12600,1250,685,872,208400,540,,Trish Regan,457100,False,US,#electionforecast,source,Nate Silver,description,YES,
7622092121742298398,https://www.tiktok.com/@new24h02/video/7622092121742298398,Megyn Kelly Breaks Down the Latest Polls Showing the DIRE State of the 2026 Midterms For the GOP #breakingnews #megynkellytoday #news ,2026-03-28T00:10:35.000Z,5246,1538,568,891,183800,142,"breakingnews, megynkellytoday, news",News 24h 🇺🇸,22600,False,US,#electionforecast,source,Fox News poll,"description, transcript",YES,"There are serious political pundits now predicting the Republicans genuinely may lose the Senate in addition to the House. But then the next election in 28, where there's a presidential race on the line as well, the Republicans are more exposed. So I mean, now you're now we're on route on route to a what, a 60, a 60 seat Democrat majority. Do you know what that is? That's a fucking nightmare, because the Democrats could actually win the White House too with these approval numbers. President Trump's approval numbers are in the basement. They're the lowest that they have been. And it's it is the economy, first and foremost, that's dragging him down. And now the Iran war. And by the way, he's lost Hispanics, too. He's the the entire coalition that put him over the top is falling apart. So it's older Republicans who support this war. And it's only older Republicans who support the war, only that the independents are overwhelmingly against it. As you heard Harry Anton talk about, Democrats are united against it for their own reasons. And look at the numbers for Hispanics. Let me just show you, because that's another part of the Trump coalition, right? You had the young people. You had a greater number of black voters. You had men. Harry Anton did a thing the other day showing men are against this. Young men in particular, completely against this war. And look at Hispanics. Fox News did a poll. The Trump net approval rating dropped 40 points among Hispanics in the new Fox poll in just December. In just December, the Hispanic approval of Trump was it was 48 percent approved, 52 percent disapproved. All right. So he was four points underwater. Now, March 20th to 23rd, approval has gone from 48 percent to 28 percent. Disapproval, 72 percent instead of a net negative of four. He's now at a net negative of 44 with Hispanics. This is a Fox News poll broadening out to overall, not just Hispanics, the entire electorate. Do you approve or disapprove of the way Donald Trump's handling Iran? Approved 36 percent, disapproved 64 percent. How concerned are you about gas prices? Not concerned. 20 concerned, 80 percent. And then there's Mark Levin. Here's a poll question no media outlet asks. Would you prefer that the Iranian regime launches nuclear missiles at our country or paying 50 cents more a gallon for gasoline? If they go with that Mark Levin approach between now, November and thereafter, then they deserve the giant effing they're going to get."
7597261781891009847,https://www.tiktok.com/@karminreyes_/video/7597261781891009847,Pronóstico de los midterms en Estados Unidos ,2026-01-20T02:16:16.000Z,40400,1983,2262,2706,1400000,71,,karmin,2400000,True,US,#electionforecast,generic_only,,transcript,YES,"Ladies and gentlemen, the predictions are coming out of how the elections would look like this November, of what would be the House of Congress of the United States, which says that there may be a change and the Republicans may lose both the House and the Senate. It says here that, well, as you can see, the Democrats would take 16, well, the Republicans would lose the 16 seats they have there, placing the Democrats with 54% of the House, 45% would be on the part of the Republicans. It is said that there may be this radical change in the middle term of Trump, it is not something strange, with Biden it happened, with Trump in his first term it also happened, and with Obama it also happened, which changed the House and the Senate as well, but in this case they would change both, which is what is said in the polls. Polymark also says that it is very likely that they will change, that there is an 80-20 probability that they will really change the House and end up winning the Democrats again, which would be the House and the Senate. So we will be very aware of those elections that will take place in November, but so far things do not look good for the Republicans in this matter."
7433882074932710687,https://www.tiktok.com/@michellebackus_/video/7433882074932710687,Brand new #election forecast #polling #usa_tiktok #elections #electionday #vote #trump #harris #america #news ,2024-11-05T19:39:27.000Z,22200,703,1374,1410,966100,22,"election, polling, usa_tiktok, elections, electionday, vote, trump, harris, america, news",michellebackus_,24000,False,US,#electionforecast,source,Real clear politics,"description, hashtags, transcript",YES,"I hate even saying this, but I feel like I have to. Real clear politics, now predicting that Trump is going to be the projected winner of the 2024 presidential election, taking back the White House's data, includes Sunday's polling as well. Now, keep in mind, anything can happen. We've seen this be entirely false. Stay in line. Make sure you vote today. Make sure your friends vote today."
7556215431489391902,https://www.tiktok.com/@bg.loves.math/video/7556215431489391902,Think of polling like soup 🍲—one ladle tells you the flavor. That’s sample size + margin of error in action. Even Steve Kornacki knows you don’t need the whole pot to see what’s cooking in NJ’s governor’s race 🗳️ #Election2025 #SteveKornacki #Polling #NJGovernor @Team Mikie #jackciattarelli ,2025-10-01T11:35:29.000Z,44,15,3,9,668,127,"election2025, stevekornacki, polling, njgovernor, jackciattarelli",BG Loves Math,13000,False,US,poll margin of error,generic_only,,"description, hashtags",YES,
7568586964929219895,https://www.tiktok.com/@zachwh1te/video/7568586964929219895,PLEASE PLEASE PLEASE #california #losangeles #prop50 #politics ,2025-11-03T23:10:00.000Z,713,11,19,20,9151,75,"california, losangeles, prop50, politics",Zach White,63400,False,US,poll margin of error,generic_only,,transcript,YES,"It's crazy the midterms could actually come down to California, and it's scary because California voters are notoriously complacent and don't show out. Prop 50 is actually in the margin of error expected for this poll to go no. I know everyone's really focused on Zoran, right, and I think that's a great one to focus on because it's a very inspiring election, but nationally with all the crap happening with Trump, with ICE, with SNAP right now, with the shutdown, with Israel still bombing Palestine, getting Republicans out of the House and actually giving people a way to fight back and have Democrats actually influence what we want as American people, it's so important. So if you actually care and live in California like myself, I've already voted, me and my wife have already voted yes on Prop 50, it is supported by the California Teachers Association, it is supported by the California Federation of Teachers, I'm part of both of those labor parties, it is supported by Obama, AOC, Bernie, pretty much every Democrat is like, please, please, please vote, and when I talk to my students as a teacher, I talk to them and they're all 18 and 19 and they're not voting, which is kind of scary, so please, if you can."
7496480131289107758,https://www.tiktok.com/@ovidastargell/video/7496480131289107758,Harris Beats Trump in Latest Reuters Poll! 🗳️ #foryou #foryoupage #fypシ #pyf #fyp #kamalaharris #donaldtrump #tiktok #kamala,2025-04-23T12:11:49.000Z,22,3,2,1,555,64,"foryou, foryoupage, fypシ, pyf, fyp, kamalaharris, donaldtrump, tiktok, kamala",Ovida 132,22000,False,US,poll margin of error,source,"Reuters poll, Reuters Poll","description, transcript",YES,"Donald Trump's lead in the polls has completely evaporated and then some. Kamala Harris has not only closed the gap, but she has overtaken him beyond the margin of error. In our first, completely post, Harris becoming the nominee poll, Kamala Harris is beating Donald Trump 42 to 38. This is a Reuters poll. As you can see, the margin of error is three points, meaning Harris is beyond the margin of error. Not only that, but Gen Z has come back to support the Democratic nominee. Where they were absent with President Biden, Kamala Harris has retaken that 2020 advantage, beating Donald Trump by 25 points among Gen Z. On top of that, Vote.org has announced that they have seen a 700% increase in voter registration, most of which is among young voters since Kamala Harris has been announced as the nominee. Now, as always, while this is great news, it means absolutely nothing come November because it will be close. And the only way she wins is if you vote."
7438000301740657950,https://www.tiktok.com/@bcc638/video/7438000301740657950,,2024-11-16T22:00:12.000Z,82,17,3,2,6400,24,,NOT YOU,186,False,US,poll margin of error,generic_only,,transcript,YES,North Carolina shows Donald Trump leading Hillary Clinton in a possible presidential match-up but that's not the part that's grabbing people's attention today. It is the third party candidate on that poll. Candidate named Deez Nuts. Oh no. Really. A candidate registered as an independent from Iowa has the legal name of Deez Nuts. No. Public policy polling showed him pulling 9% of the vote in North Carolina.
7111342965133561131,https://www.tiktok.com/@legaldad/video/7111342965133561131,Reply to @that.guy.will  #math #survey #marginoferror #statistics #surveyresearch #polls #politics #president,2022-06-20T15:22:41.000Z,529,9,18,21,12800,112,"math, survey, marginoferror, statistics, surveyresearch, polls, politics, president",Legal Dad,190600,False,US,poll margin of error,generic_only,,"description, hashtags, transcript",YES,"Here's a great question. How do they figure the margin of error in a survey? So, for example, you have a presidential preference survey and you say, if the election were held today, would you vote for candidate A or candidate B? And A has 48% and B has 43%. Then you see a margin of error number, usually somewhere in the neighborhood of 3 to 5%. In surveys, that margin of error is to a 95% confidence interval, which means, say, there's a 3% margin of error. At the 48% number for the candidate A, there is a 95% chance that the actual preference for that candidate among everybody in the country is between 45% and 51%, 3% on either side of the 48%. And it's calculated based on the size of the survey, the number of respondents in the survey. The more respondents, the lower the margin of error. Here's where it gets kind of screwy, though. At least in a presidential election, what really matters is state by state. And even with a very large survey, say 2,000 or 3,000 people, the number of people in a given state might be very small. You might only have a handful of people from Wyoming, for example, who responded. So the margin of error of the poll for just the people in Wyoming would be enormous, as to be meaningless. So that margin of error goes up as you get into subcategories, either, say, gender or income or age, and you get a higher and higher margin of error because there are fewer people in the survey who fit into those categories. It gets even more complex and nuanced than that, but just remember, the number of people surveyed and the margin of error are directly related."
7564212793369578782,https://www.tiktok.com/@bg.loves.math/video/7564212793369578782,More on the new Rutgers-Eagleton Poll. Breaking down the weighted margin of error and what the design effect really means. #Polls #MarginOfError #Elections2025       #NJ #mikiesherrill @Team Mikie ,2025-10-23T00:49:11.000Z,95,17,7,18,1911,86,"polls, marginoferror, elections2025, nj, mikiesherrill",BG Loves Math,13000,False,US,poll margin of error,generic_only,,"description, hashtags",YES,
7561535892859407629,https://www.tiktok.com/@bg.loves.math/video/7561535892859407629,"🗳️ NEW POLL  I broke down the latest Quinnipiac poll on the NJ Governor’s race — including the margin of error, sample size, and methodology — because the details matter. 📊 Stay informed, New Jersey. #NewJerseyElection #NJPolitics #MikieSherrill #Election2025   #jackciattarelli @Team Mikie ",2025-10-15T19:41:21.000Z,506,18,27,153,7689,142,"newjerseyelection, njpolitics, mikiesherrill, election2025, jackciattarelli",BG Loves Math,13000,False,US,poll margin of error,source,Quinnipiac,"description, transcript",YES,"A new poll just dropped in the New Jersey governor's race. If you don't know me, I'm BG Loves Math and I taught for over 30 years. And as the statistics teacher you wished you had, let's take a deeper dive into some of the features of this poll. This one's pretty much on par with the other polls that we've seen. We've got Mikey Sherrill up 50 and Jack Cianrilli 44. So I scrolled all the way down to the bottom of the article and it talks about how many people were surveyed. This sample was 1,327 people, so it was a good size. And the margin of error is plus or minus 3.6. So the margin of error means we know this poll is not going to be correct. Isn't that crazy? You do something and you know that there's going to be error. So we build in margin of error. If we were to sample and sample and sample and sample, none of our samples would be exactly the same, but they would all be in a certain range. And that plus or minus 3.6 helps us to narrow that range down. That means Mikey Sherrill could be up as high as 53.6% or she could be 3.6 points lower than that. So that's your margin of error. I dove a little bit deeper. How did they reach these people? So these people were all reached via telephone. They tried them at most three times to reach them. And it was interesting looking through TikTok, some of the people talking about the Quinnipiac poll that were surveyed, people called multiple times and it was only on that second or the third ring that they actually picked up the phone call. Kind of interesting. Of the people that were surveyed, of the 1,327 people that were surveyed, only 271 were reached by a landline and 1,056 were reached by a cell phone. Kind of interesting. Quinnipiac is very reputable. We trust their polls. They do a great job with that. Just read articles about polls. You need to look at where all of the data comes from. Remember, data tells a story. And this data is telling us that Mikey Sherrill is leading by six points. And the undecided voters, they're down to just 6%. I think that's the real story. One of the previous polls had about 12% undecided. This one's down to 6%. People have made up their minds. If you have questions about polls, drop them in the comments. I love to talk about math."
7568865643034955021,https://www.tiktok.com/@news.update.daily/video/7568865643034955021,BREAKING: TRUMP HITS 67% DISAPPROVAL #news #breaking #breakingnews #trump2024🇺🇸 #fyp ,2025-11-04T13:45:24.000Z,43,1,1,26,1262,60,"news, breaking, breakingnews, trump2024🇺🇸, fyp",News,10700,False,US,poll margin of error,generic_only,,transcript,YES,"Breaking news, Trump has broke a record for the highest disapproval rating so far. Trump had a poll that hit him at 67% disapproval. This poll now has him at the highest disapproval rating this far into his term in over 125 years. As for the Democrats, they have him at around a 82% disapproval. The Republicans have around a 45% disapproval. And the Independents are at the high end, a 69% disapproval. Trump has already slammed these polls as, quote, fake news built by the left-wing media to attack me on a no basis. Now, the previous record holder for a Republican was Donald Trump in his first term of 2017, when his disapproval rating was a 61%. But now he's shattered his old record and shattered the record of all the presidents combined. Despite this, his approval rating for boomer generation Republicans remain at a 92%, as the older generation can't get enough of President Trump. Do you support President Trump? Comment below and follow me for the newest update."
7563117891613134110,https://www.tiktok.com/@bg.loves.math/video/7563117891613134110,How do you decrease the margin of error? Short answer increase the sample size. Long answer— watch this. #polls #NJ #mikiesherrill #jackciattarelli #marginoferror @Team Mikie ,2025-10-20T02:00:20.000Z,72,7,8,13,815,103,"polls, NJ, mikiesherrill, jackciattarelli, marginoferror",BG Loves Math,13000,False,US,poll margin of error,generic_only,,"description, hashtags",YES,
7585924716045585672,https://www.tiktok.com/@parrhesia_n_wertfreiheit/video/7585924716045585672,"What_95%_Confidence_Means_TT '95% confidence level' in public opinion polls does not mean the result is 95% accurate. Instead, it signifies a probability: if the survey were repeated 100 times, the result would contain the true value 95 times. There is always a possibility that the single poll result we see is an outlier—falling within the 5% that lie 'outside the margin of error' and fail to capture the actual figure. Therefore, rather than overreacting to a single result, the wise approach is to synthesize findings from multiple agencies and analyze trends over time. #PollAnatomy, #95PercentConfidenceLevel, #StatisticalLiteracy, #MarginOfError, #ElectionPolls, #SamplingError, #Statistics101, #ApprovalRatingAnalysis, #DataLiteracy, #NormalDistribution",2025-12-20T13:02:18.000Z,0,,0,0,126,296,,독립신문,233,False,KR,poll margin of error,generic_only,,description,YES,
7533084452830940446,https://www.tiktok.com/@bg.loves.math/video/7533084452830940446,Just read the comments on a recent poll and… the math teacher in me had to step in. Let’s talk sample size and margin of error. 🎯📊  #NJ #MathMatters #PollBreakdown #SampleSize #MarginOfError @Team Mikie  #jackciattarelli ,2025-07-31T03:35:22.000Z,82,4,5,10,2323,176,"nj, mathmatters, pollbreakdown, samplesize, marginoferror, jackciattarelli",BG Loves Math,13000,False,US,poll margin of error,generic_only,,description,YES,
7430944579538504990,https://www.tiktok.com/@chartosaur/video/7430944579538504990,"Polls (or any surveys) can vary a lot depending on how they're run. A lot of charts will hide the margins of error - a range within which the true value is expected to fall based on the sample sizes. While this is a good first step, a web of other biases can impact how accurate these polls really are. Sampling bias can leave certain groups are left out, while interview bias influences responses through subtle cues from the interviewer. Question framing can lead answers in a particular direction, and response bias occurs when people answer based on what they think sounds best, not what they truly believe. Always look beyond a single poll! By examining an aggregate of polls, patterns emerge, revealing a more trustworthy view of public opinion than any single survey alone. All data shown in the video is sample data and does not resemble any real life events. #Polls #Election #Politics #Survey #Charts #Viz #Graph #Vizualization #Education #Data #Nyt #Misleading #Ballots #Vote #FiveThirtyEight #Statistics ",2024-10-28T21:40:29.000Z,2639,26,160,12,49500,12,"polls, election, politics, survey, charts, viz, graph, vizualization, education, data, nyt, misleading, ballots, vote, fivethirtyeight, statistics",Chartosaur,132200,False,US,poll margin of error,source,"fivethirtyeight, FiveThirtyEight","description, hashtags, transcript",YES,"You see new polls every day. But did you know they're not all created equal? Look at these two examples. A lot of times, the margins of error are cleverly hidden. So you can't tell which ones to trust. But be careful. There's plenty of other biases out there."
7563698844475657486,https://www.tiktok.com/@dr..hill.law/video/7563698844475657486,"Breaking News: Polls are showing New Jersey Gubernatorial candidate George Ciattarelli within the margin of error of the Democratic candidate. Showing Ciattarelli poised to flip NJ red. This would be a bad sign for democrats come midterms and great for Republicans. Let me know your thoughts in the comments. 🤯🗳️ Election News, Gubernatorial Race, Midterms, Republicans, Democrats. #breakingnews #politics #politicalnews #NewJersey #debate ",2025-10-21T15:35:26.000Z,62,30,4,13,769,86,"breakingnews, politics, politicalnews, newjersey, debate",Dr. Hill Law,35000,False,US,poll margin of error,generic_only,,description,YES,
7433146010609782059,https://www.tiktok.com/@lovecripto1/video/7433146010609782059,#greenscreen #usasenegal🇺🇸🇸🇳 #usa🇺🇸 #viral #frypgシ ,2024-11-03T20:02:56.000Z,316,3,49,34,17000,103,"greenscreen, usasenegal🇺🇸🇸🇳, usa🇺🇸, viral, frypgシ",Crypto Wolof 🇸🇳💸💵💵🪙💲,18600,False,US,prediction markets more accurate than polls,generic_only,,transcript,YES,"I am here to update you about the election results and the results of the last two days. I am currently live on Monday. As you can see, I am live on Monday, 11.10am. As you can see, the election is currently going on. As you can see, I have been reacting to the polls for the past week. There are 39 people voting for me, and 45 people are voting for me. As you can see, I have been voting for the last two days. The state of Pennsylvania has said that it will decide the election. It can win or lose. As you can see, the polls are still going on. I am telling you, the polls are still going on. I am telling you, the polls are still going on. It is up to the people to decide who will win or lose. It is up to the people to decide who will win or lose. As you can see, only 5% of people are voting for him. We are still waiting for the rest of the people to vote for him. We are still waiting for the rest of the people to vote for him. The rest of the people are voting for him. That is why he is losing. I have seen that no one is voting for him. He is still losing. He is losing every time he loses. He is losing. As I said, I am only here to report the results. I am not here to vote for the candidates."
7433940689144057118,https://www.tiktok.com/@shopwithchris06/video/7433940689144057118,Replying to @The candy wizard man there is a reason the election happens for the final say because lets face it.. there is no 100% way to project the outcome. But prediction markets have historically been close as to the outcome projections of a given election #trump #harris #election #greenscreen ,2024-11-05T23:26:51.000Z,179,8,17,17,17400,58,"trump, harris, election, greenscreen",Pol and Pop with Chris,9807,False,US,prediction markets more accurate than polls,generic_only,,transcript,YES,"We've gotten a lot of comments recently that prediction markets are not an accurate representation of actual projections. Let's debunk it. So as we know, last night, the election predictions closed with Trump in favor by about 63%. Now as we know, in relatively recent history, prediction markets like Polly Market have been historically accurate 10 out of 11 times. But this commenter is right. It is not a poll. So let's talk about polls. Let me ask you this. If you're an American citizen, has somebody ever came up and asked you, who are you voting for? I am recording this for a national poll. No one's ever asked me. Recent history has proved that polling is not necessarily the most reliable source, as it projected Hillary Clinton to beat Trump by 98%. We know that didn't happen. Similar to prediction markets, polls are an estimate. Think of it this way. You have a thousand people in your city. You have election officials that poll 100 people. Those 100 people now represent the 1000 people. Not necessarily 100% accurate. Follow me as we get through this election. Let's do it."
7578681998177340685,https://www.tiktok.com/@60minutes/video/7578681998177340685,"“It's the most accurate thing we have as mankind right now, until someone else creates some sort of a super crystal ball,” says Polymarket founder and CEO Shayne Coplan. Polymarket is an online prediction market that offers its users a chance to bet against each other on real-life events. It offers all kinds of questions: Who will win the Super Bowl? Will Taylor Swift get married this year? When will there be a ceasefire in Ukraine? #predictionmarket #polymarket #techinnovation #forecasting ",2025-12-01T00:37:17.000Z,10400,1365,1685,119,294700,123,"predictionmarket, polymarket, techinnovation, forecasting",60 Minutes,3200000,True,US,prediction markets more accurate than polls,generic_only,,transcript,YES,"It's a site where you can basically bet on current events. Some sort of question about the future, like an election. And as a result, when a ton of people are betting, you get the betting odds, which basically tell you how likely each outcome is. And how accurate is it? It's the most accurate thing we have as mankind right now, until someone else creates some sort of super crystal ball. Shane Copeland may be prone to hyperbole, but he's definitely on to something. The race is a dead heat. In the run-up to the 2024 presidential election, while pundits opined and pollsters canvassed, PolyMarket posted a simple question for users to put money on. Who will be the presidential election winner in 2024? Donald Trump started pulling away in early October. I think one thing that's important to understand about PolyMarket is, it is not a poll. That's not the function of PolyMarket. Correct. PolyMarket is trying to predict the outcome. The percentage of people who are gonna vote for a candidate is not the same as who's likely to win. And you would look at PolyMarket and it would say 70-30 for Trump. And people are like, no way it's gonna be 70-30. But he could win by one point, but he's 70% likely to win. Which is a different question than pollsters are asking. Exactly. But it's the question people actually want to know. By the way, we brought all four of you. PolyMarket posted another question, months before President Biden's disastrous debate. Biden drops out of presidential race? Early on, the odds hovered between 10 and 30%. The market was pricing it that it was unlikely, but that it was possible. And ultimately, during the debate, the price started skyrocketing. You could watch it during the debate. Exactly. And everyone was talking about it. Because by that point, odds were on PolyMarket, he's gonna drop out. Yes. The idea that this was able to go and surface this, at a time when a lot of the mainstream media, and like, no knock to mainstream media, but a lot of people were trying to say, hey, he's gonna stay in. The fact that PolyMarket was able to be the signal through the noise there, was our first step on the scene of mainstream politics."
7433787565133548846,https://www.tiktok.com/@todayshow/video/7433787565133548846,"As Election Day begins, Steve Kornacki shares a look at the final @nbcnews poll and breaks down where the presidential race stands. #TODAYShow",2024-11-05T13:32:31.000Z,429700,30600,15440,8072,11200000,111,todayshow,TODAY Show,3100000,True,US,national polls election,generic_only,,"description, transcript",YES,"final NBC News poll. Yes, a dead heat. 49% for Harris, 49% for Trump. NBC national political correspondent Steve Kornacki joins us. Is it going to be a long night? We had to wait till Saturday to call the election in 2020. What do you expect? Yeah, there's cautious optimism. I think on both sides of this that it could be faster, maybe much faster this time. Take a look here. These are the seven core battleground states you've been hearing so much about. Here's when the polls close in those states tonight. And a couple of notes. First of all, in Georgia, they have changed how they report out their votes to make it potentially much faster. The rule in Georgia is that all of the early votes that have been cast and there've been more than 4 million there by 8pm tonight, they've got to release the results that could be 80% of Georgia in the first hour 730 along comes North Carolina. Let's go through the map then let's say you get some of these answers early. These are the expectations of both parties of where the battlegrounds going to be next. We mentioned that poll closing in Georgia 7pm and the potential for fast results of all of these states. Trump has been pulling the best in Georgia still very close. But if Trump were to get Georgia and that were to happen early, you see that would do North Carolina again, quick and Trump won it in 2020. If Trump sweeps those two southeastern states early in the night, then all eyes immediately turn again the 8pm closing in Pennsylvania because if Trump has those two in his pocket, when Pennsylvania starts reporting out its results, look what happens if Trump wins Pennsylvania. That's the magic number of 270 right there. So when you saw Kamala Harris finishing up in Philadelphia, that's why it's crucial to her campaign to block Trump there. Because if they do, if they block Trump in Pennsylvania, now look, if Harris can sweep those three northern to your battleground states, which Joe Biden won all of them four years ago, she hits 270. So Pennsylvania at eight, very big moment, we see those numbers."
7410618081581583648,https://www.tiktok.com/@peterpannewday/video/7410618081581583648,Steve Kornacki Breaks Down National Polls #politicstiktok #politics #foryou  #uselection,2024-09-04T04:00:00.000Z,341,9,21,29,44900,51,"politicstiktok, politics, foryou, uselection",Live World News,15400,False,US,national polls election,generic_only,,"description, transcript",YES,"Joining us now at the big board, NBC News, national political correspondent, the one and only Steve Kornacki. So where are we today, Steve? All right, Katie, we'll look at it from two vantage points here. First, nationally, this is the average of all the national polls coming out of that Labor Day weekend. Harris, 48, Trump, 45, three point advantage for the Democrats. They're happy to be ahead. They're happy to be in a different position than they were when Joe Biden was their candidate. Of course, he was basically trailing Donald Trump all year. But for Republicans, there's solace in these numbers, too, because Donald Trump is no stranger to this kind of a setup. Labor Day being a little bit behind, that was the case in 2016. He trailed Hillary Clinton by five points at this point, won the election. 2020, he trailed Joe Biden by high single digits at this point, didn't win the election, but came awfully close in the Electoral College."
7611702717538438430,https://www.tiktok.com/@harryjsisson/video/7611702717538438430,02/27,2026-02-28T00:14:17.000Z,16000,295,1008,282,150100,53,,Harry Sisson,2200000,True,US,national polls election,generic_only,,transcript,YES,"Here's where everything stands for the 2026 midterms, and completely unsurprisingly, it is not looking good for Donald Trump and the Republicans. So first and foremost, we have a poll from Emerson that has Democrats on a generic congressional ballot at 50%, Republicans at 42%, and they've pretty consistently stayed in that range, whereas Democrats have gone progressively up. On the prediction markets, it's actually much worse for the Republicans. The Democrats have an 85% chance of taking back the House of Representatives, whereas the Republicans are sitting at a measly 15%. And actually, I just saw this as well. The odds of Democrats taking both the House and the Senate has gone up pretty rapidly recently as well. And really, this just shouldn't surprise anybody. I mean, when Donald Trump has been covering up files that expose bad men who did bad things with Epstein, the economy is not any better. Matter of fact, it's much worse. People aren't going to like you. You're not gonna be popular with the American people. And so Republicans are going down, Democrats are going up."
7433084187378339115,https://www.tiktok.com/@nbcnews/video/7433084187378339115,"Kamala #Harris and Donald #Trump head into #ElectionDay neck and neck at 49% each, the final NBC News poll of the 2024 presidential campaign finds. @Steve01450 #Kornacki breaks down the numbers. ",2024-11-03T16:03:01.000Z,461900,10500,19158,10900,13900000,47,"harris, trump, electionday, kornacki",nbcnews,11200000,True,US,national polls election,generic_only,,"description, transcript",YES,"At the very end, we find a tie nationally. 49% for Harris, 49% for Trump. Really, that's what we found when we last polled this a couple weeks ago. We go under the hood here and look at some of the other numbers there. There's this question of enthusiasm. A couple notable things here. This is the share of voters who are calling themselves very interested in this election. You can see it stands at 77%, which is down from 2020 when we had that historic turnout. Also, interestingly here, the interest is lower among Hispanic voters and black voters. Typically, you would say that is bad news for Democrats, but this year, keep in mind, among black voters, that could be very troubling for the Democrats, but among Hispanic voters, the Trump folks are hoping for big strides. They've been seeing that in the polls. If that does not translate into election day votes, that could be trouble for them."
7425835714744519943,https://www.tiktok.com/@v.isualize.com/video/7425835714744519943,"Line chart race of 2024 Presidential National Polls (Updated Oct. 14, 2024) Latest national polls as of October 14 Harris: 48.5% Trump: 46.1% Created by @v.isualize.com Source: https://projects.fivethirtyeight.com/polls/president-general/2024/national/ Link: https://blog.v.isualize.com/line-chart-race-of-2024-presidential-national-polls-updated-oct-14-2024/ #linechart #linechartrace #presidentialelection #presidentialelection2024 #joebiden #donaldtrump #kamalaharris",2024-10-15T03:15:15.000Z,2,1,0,0,226,33,"linechart, linechartrace, presidentialelection, presidentialelection2024, joebiden, donaldtrump, kamalaharris",v_isualize_com,17,False,JP,national polls election,source,fivethirtyeight,description,YES,
7582701876106300702,https://www.tiktok.com/@amyactonoh/video/7582701876106300702,🚨 NEW POLL 🚨 #amyacton #ohio #ohiostate #ohiocheck #vivekramaswamy  ,2025-12-11T20:36:09.000Z,7635,224,345,235,130600,40,"amyacton, ohio, ohiostate, ohiocheck, vivekramaswamy",Team Amy Acton,30800,True,US,ohio senate polls,generic_only,,description,YES,"And we had Ramaswamy up by 10 points back in August. And we said, wow, this looks like an easy race for the Republicans. Now we're here in December and we have Acton up by a point. That's a huge, huge shift. Her messaging going around the state, and keep in mind, she has been campaigning since last January. She has been out, she's going into rural communities, she's focusing on affordability. She has been going, she's been doing things like meeting with farm wives, talking to them directly about what she can do to make life easier for them. 19 point swing, I think that's remarkable."
7601391172216540438,https://www.tiktok.com/@user87088151465743/video/7601391172216540438,The 2026 Senate Map Based On The Latest Polls (1 Year ‘Till The Midterms) part4#news #2026 #Senate,2026-01-31T12:30:00.000Z,81,1,9,2,22200,180,"news, 2026, senate",user87088151465743,308,False,US,ohio senate polls,generic_only,,description,YES,
7616817449006124302,https://www.tiktok.com/@nickroberts/video/7616817449006124302,BREAKING: POLLS SHOW DEMOCRATS AHEAD IN BIG LEAD FOR OHIO GOVERNOR AND SENATE RACE 💙🌊🙏🏻  #cincinnati #columbus #columbusohio #cleveland #ohio,2026-03-13T19:02:19.000Z,9885,785,340,1237,67800,33,"cincinnati, columbus, columbusohio, cleveland, ohio",Nick Roberts,27400,True,US,ohio senate polls,generic_only,,"description, transcript",YES,"Wow. Now this is awesome. Two polls dropped out of Ohio for the U S Senate race and the governor's race and the state for the governor's race. Dr. Amy Acton, the likely Democrat nominee is a head double digits over Reverend Ramaswamy, who's obviously a Trump ally and said a lot of controversy for a lot of his statements. And then former Senator Sherrod Brown has a head over the incumbent U S Senator John Husted. This is very exciting. If you're in Ohio voting blue or excited to see this drop blue heart down below. It is so, so important that Democrats make a statement in Ohio that is not a permanently red state Democrats are in good campaigns. We can win."
7616433253410721038,https://www.tiktok.com/@nickroberts/video/7616433253410721038,BREAKING: DEMOCRAT SHERROD BROWN IN LEAD FOR US SENATE RACE OUT OF OHIO 💙🌊🎉 #cincinnati #columbus #ohio #senate #cleveland,2026-03-12T18:11:53.000Z,3687,88,136,318,24200,28,"cincinnati, columbus, ohio, senate, cleveland",Nick Roberts,27400,True,US,ohio senate polls,generic_only,,transcript,YES,"Really exciting news out of Ohio, a new poll just dropped showing a former Democratic Senator Sherrod Brown is in the lead against the incumbent Republican Ohio Senator John Husted. This is awesome. Sherrod Brown is a great champion for working people, and we need to show that in states like Ohio, which were purple, now a little more red, that Democrats can still win by running the right kind of campaigns. If you're excited to support him, drop a little heart down below. Sherrod Brown needs to go back in the Senate because he's a great champion for all the right issues."
7594384189856828694,https://www.tiktok.com/@user87088151465743/video/7594384189856828694,The 2026 Senate Map Based On The Latest Polls part3#news #Senate #polls,2026-01-12T11:30:00.000Z,2,,0,1,337,181,"news, senate, polls",user87088151465743,308,False,US,ohio senate polls,generic_only,,"description, hashtags, transcript",YES,"is the best possible candidate that they could nominate, but ultimately Republicans are the heavy favorites. They are going to hold on to the Buckeye State. Ohio will be lean red on the map, but in the end, I do expect Houston to win by just over five points. We will now move our way up into the Northeast. Many of these races will be solid Democrat, though Rhode Island, New Jersey and Delaware will all be solid blue. Meanwhile, Massachusetts will also be safe. However, we do have two polls here conducted between incumbent Democrat Ed Markey and Republican challenger John Deaton. Markey leads by 21 points on average. The state is not going to be close. New Hampshire and Maine, though, will be significantly more competitive and will get the Granite State out of the way first, where in New Hampshire, incumbent Democrat Jeanne Shaheen will be retiring after three terms in office. She'll be replaced by Chris Pappas as the Democratic nominee. He's been a member of Congress since 2019. Meanwhile, Republicans will nominate John Sununu, who is actually a former U.S. senator that held this very seat prior to losing his reelection to Jeanne Shaheen in 2008. And according to the polls, Democrats lead by four point two percent. And according to the two most recent polls, Pappas is ahead by six and three percent. Both of these polls that were conducted in December. And so John Sununu is the older brother of former Governor Chris Sununu, who won four terms. And the reason why Republicans are struggling here is because New Hampshire is still much more liberal of a state than it is conservative. It does like to elect Republican governors. But in elections with national implications like these U.S. Senate elections, they are going to favor Democrats. And so the race will be close. John Sununu does have a chance here. But for now, Democrats are the favorites. New Hampshire will be lean blue on the map. And then in Maine, this is the most vulnerable Republican held seat. It's actually the only seat where a Republican incumbent is running for reelection in a state that Kamala Harris won in twenty twenty four. Now, Maine has always been like this. It's always been pretty liberal. However, Susan Collins, the Republican incumbent, has somehow been able to win reelection bid after reelection bid, most recently in 2020, when nobody thought she would win. When all the polls showed Democratic House Speaker Sarah Gideon winning by around five to eight points, Susan Collins not only won the race, but won it by eight points. She outperformed Donald Trump in Maine in the presidential election by nearly 20 points. Susan Collins is popular in her home state, although her popularity has been waning in recent years. The race is going to be a lot closer than it was last time. It's very unlikely that either candidate will win by more than five points. According to the polls, Democratic frontrunner Janet Mills, who is the incumbent governor, leads by zero point three percent. Susan Collins, though, is now seeking her sixth term. She has always outperformed expectations. She is not going to lose if the polls that show Democrat."
7602128108317166870,https://www.tiktok.com/@user87088151465743/video/7602128108317166870,The 2026 Senate Map Based On The Latest Polling Averages part3#news #2026 #Senate,2026-02-02T11:30:00.000Z,10,,3,0,2170,180,"news, 2026, senate",user87088151465743,308,False,US,ohio senate polls,generic_only,,"description, transcript",YES,"to hold the state's other senate seat. And the last likely state on this map will be Ohio, where we have, again, another very contentious race. This is another state where we have two senators running against each other, and that is between John Husted and Sharon Brown. John Husted is the incumbent Republican. He was sworn in earlier this year alongside Ashley Moody. He, of course, filled the vacancy left by J.D. Vance. And so John Husted is now going to run for a full term in this special election. Meanwhile, on the Democratic side, Sharon Brown is going to be the nominee. There's no doubt about it. He is a former three-term senator who served from 2007 until just earlier this year. He was voted out by voters and lost to Republican Bernie Moreno by just under four points. And now that he is running against the incumbent and is no longer the incumbent, he is not going to perform nearly as well as he did last time. He is very likely not going to be able to get his old job back. We also have Tim Ryan, who could have been the nominee here. If he ran, he has chosen to not run for the nomination. And so that has paved the way for Sharon Brown to lead the Democrats at the top of the Ohio ticket. But ultimately, Democrats are not likely to win here. The odds on Calhoun give them just a 38% chance, Republicans at 62. And so based on the polling data, John Husted leads by five points. Ohio will be the last likely state on this map. With both the solid and likely races filled in, Republicans are at 48 seats, Democrats at 44. The GOP is just two away from maintaining their majority. And so we're now going to fill in the lean states, races that will be decided by five points or less. These are the most competitive races in the entire country. There are eight of them. And we're going to begin with the two where we do not have polling data from, and those are Minnesota and Maine. In Minnesota, incumbent Democrat Tina Smith is not running for reelection, but Democrats are still likely to hold onto the seat, although it can definitely get more competitive in the coming months. We will be waiting for the data from Minnesota. Although in Maine, this is one of the most talked about races, even though we still don't have polling data from it. And that is the race concerning Susan Collins. Susan Collins is now running for her sixth term. She is the longest serving member of Congress in Maine's history, despite being elected over 30 years ago when she said that she would only run for two terms. And so Susan Collins has this huge incumbency advantage. She has also historically been very popular in Maine, although that has changed in recent years, especially after she voted to not acquit Donald Trump. And so Susan Collins is facing a tough challenge, but she can definitely edge it out. I mean, just look at what happened in 2020 when nobody thought she could win. When she was losing in every single poll leading up to November, she was down by over five points against Democrat Sarah Gideon. She doesn't just win the race, she wins by 8.6% in a state that Donald Trump lost in the same election by 9.1. Susan Collins outperformed Trump by 16%."
7618941655101558029,https://www.tiktok.com/@newsforce247/video/7618941655101558029,"Ohio U.S. Senate Race Tightens into Statistical Tie, Poll Shows Healthcare Costs Leading Voter Concerns https://newsforce247.com/ohio-us-senate-race-tightens-into-statistical-tie-poll-shows-healthcare-p1115-37.htm",2026-03-19T12:25:04.000Z,3,6,1,0,806,,,NewsForce 24/7,248,False,US,ohio senate polls,generic_only,,description,YES,
7627838205424880927,https://www.tiktok.com/@ydxcrasx42/video/7627838205424880927,🔥 Shocking Poll Alert: Trump Hits 33% Approval – Are GOP Midterm Dreams Crumbling? 😱📉 #TrumpPoll #GOPCrisis #MidtermElections #PoliticalDrama #Election2024   ,2026-04-12T11:49:03.000Z,96,3,0,2,885,66,"trumppoll, gopcrisis, midtermelections, politicaldrama, election2024",ydxcrasx42,10400,False,US,#electionpolls,generic_only,,"description, transcript",YES,"or bad news for Donald Trump. Wow, another day, another terrible poll for the orange buffoon. This one from the University of Massachusetts. This is a serious poll and it has Donald Trump at just 33% approval. Now, I know some of you think, well, so what? You know, who cares about polls? They don't matter. I hear that all the time. And if that's what you think, well, then you don't understand how politics works because polls do matter. And it certainly matters to Republicans just months before the midterm elections. And they are panicked right now. They are scared to death. They look at these polls. And the problem for them is 33% approval for Donald Trump. They are Donald Trump. Donald Trump is the Republican Party. There's no daylight between Trump and Republicans because Republicans have made it a point for the last decade to tell everybody that they are Donald Trump and that Donald Trump is the Republican."
7617457570566999326,https://www.tiktok.com/@d.a.r.y.l.2.0/video/7617457570566999326,#ohio #politics #liberal #fyp #greenscreen ,2026-03-15T12:26:59.000Z,229,6,10,14,1829,61,"ohio, politics, liberal, fyp, greenscreen",D.A.R.Y.L.2.0,113500,False,US,#electionpolls,generic_only,,transcript,YES,"So I just saw this poll recently and it is a poll so you got to take it with a grain of salt, we know how these are. But they currently have Amy Acton leading Vivek Ramaswamy for governor and Sherrod Brown leading John Husted for senator. For the love of God Ohio, do not elect another billionaire, Vivek Ramaswamy, into political office. This is not good for anyone that's in the working class. They do not give a shit about you. And Senator Sherrod Brown should stomp a fucking mud hole in John Husted. Sherrod Brown was a fantastic Senator for Ohio before. John Husted wasn't even elected Senator, he was appointed Senator. I did a video on him just yesterday or the day before. He is absolutely clueless when it comes to the working class of Ohio. And he doesn't even compare, when you look at his record, compared to Sherrod Brown. Sherrod Brown passed tons of legislation to help out the working people of Ohio, to help bring jobs to Ohio. Something John Husted knows absolutely nothing about."
7433988495468743967,https://www.tiktok.com/@blackbeltbabe/video/7433988495468743967,2024 Election Results as of 9:23PM EST,2024-11-06T02:32:20.000Z,8621,107,464,106,393900,68,,Monique | Blackbeltbabe,974800,False,US,#electionpolls,generic_only,,transcript,YES,"All right, y'all, no surprises so far. Kamala Harris has 99 electoral college votes. Donald Trump is leading with 177 electoral college votes. Let's take a look at these battleground states of Georgia. With 70% of the vote in, Donald Trump is currently leading. You could see other battleground states as well, such as North Carolina, 50% of the vote in, Donald Trump leading by a slight margin. Then you can take a look at other battleground states as well, for example, let's take a look at Pennsylvania, where Kamala Harris is leading with 22% of the vote in. That means there's a lot more of the vote. Then let's take a look at the battleground state of Michigan, where Kamala Harris is currently leading with only 11% of the vote that has been in. We can also look at Wisconsin, which is another battleground state. It has 5% in. Donald Trump has a lead with 5% of the overall votes in. That means we got a lot more votes to count. Then let's take a look at a state that gave us a little bit of drama with the Seltzer poll, Iowa. With 9% reporting, Kamala Harris is leading in Iowa. That is probably gonna change, y'all. Then we can take a look at Kansas. Kamala Harris is leading, but only 40% of the overall vote in. I'll do my best to keep you guys updated. How y'all feeling, y'all, all right?"
7434299918682066222,https://www.tiktok.com/@neverstopnews/video/7434299918682066222,#greenscreen #whoistoblame #kamala #demographics #donaldtrump #election #latino #vote #puertorico #asian #FYP #NBC #menliewomenlienumbersdont #CLOCKIT #POLL #NEWS #PRESIDENT ,2024-11-06T22:40:41.000Z,198200,24400,16155,8832,3400000,225,"greenscreen, whoistoblame, kamala, demographics, donaldtrump, election, latino, vote, puertorico, asian, fyp, nbc, menliewomenlienumbersdont, clockit, poll, news, president",NEVER STOP NEWS,198100,False,US,#electionpolls,generic_only,,"description, hashtags",YES,"If we're going to point fingers, we're going to point them at the right people. It's your girl Shari and y'all know I don't lie for likes. White people, you can exhale because this truly was not your fault. More white people voted for Kamala in 24 than they did for Biden in 2020, as you can see. In 2020, 41% of white people voted for Biden. In 2024, 43% voted for Kamala. Donald Trump went down 3% in 2024. So it ain't white people's fault. Clock that. Kamala lost this race based on what they call being unalive by a million cuts, where black people in 2020, 87% voted for Biden. But in 24, 86%. That was a 1% decrease. 12% voted for Trump. 12% voted for Trump in 24. Nothing changed. What changed gigantically was the Latino vote, where in 2020, 65% voted for Biden. But in 2024, after being called Puerto Ricans, the slum or a garbage island, 53% of them voted for Harris, which means that was a 12% decrease. You see what I'm saying? A cut. So you got 1% down by black people, 12% down for Latinos, where Trump went up 13% with Latinos, where 32% in 2020, 45% in 2024. But also Asian Americans. Let's look at this. In 2020, 61% voted for Biden. 34% voted for Trump. But in 24, 56%. She went down by 5%. 56% voted for Harris. That's a 5% decrease. And 4% went up, went up to 38% for Trump. So again, 4% may not seem like a lot. But when you add the 12, 13% from the Latino population, the 1% from blacks, it all went down where white Americans actually went up. Other, which I guess I'm going to say might be Native Americans, interracial people, things like that. 55% voted for Biden in 2020. 41% for Trump. But in 24, what do we have here? But in 2024, for the other category, 43% went for Harris instead of the 55%, which again is a 12% decrease. And 53% went for Trump, where only 41% went for him in 2020. So this truly was not white people's doing. Kamala actually won white educated voters. Peep this. Individuals that had a JD, a master's degree, 61% of them went for Harris. People that had a master's degree, 54% went for Harris. They said she won the white college educated vote. It's the individuals who lacked education, who never had a college education, that went totally opposite for Trump. And I don't understand when clearly this man does not have any love for y'all. You know what I'm saying? He's an elitist. But anyway, the point of the matter is just to say that if you're going to blame people, make sure you are blaming the right people. She lost because of being alive by a bunch of cuts, which was a decrease in the black vote, a decrease in the Asian vote, a decrease majorly in the Latino vote, and a decrease in the other vote. It ain't white people's fault this time. Have a good day."
7433260249554914603,https://www.tiktok.com/@itslinklauren/video/7433260249554914603,"People are in an uproar over the polls. Some show Donald Trump with a victory, some Kamala Harris. #uspolitics #politicstiktok #politicaltiktok #foxnews #cnnnews #donaldtrump #kamalaharris ",2024-11-04T03:26:13.000Z,114500,1168,4873,3248,869800,290,"uspolitics, politicstiktok, politicaltiktok, foxnews, cnnnews, donaldtrump, kamalaharris",Link Lauren,963700,True,US,#electionpolls,generic_only,,description,YES,
7626331948545264927,https://www.tiktok.com/@12qb628w/video/7626331948545264927,🔥 Kamala Harris Shocks Trump in Polls! What Does It Mean for 2024? 😱 #polls #politics #elections #Trump #Harris   ,2026-04-08T10:23:11.000Z,7,,1,20,833,74,"polls, politics, elections, trump, harris",mtebcd2,43,False,US,#electionpolls,generic_only,,"description, hashtags, transcript",YES,Fox News just ruined Donald Trump's day again. Michigan registered voters put her and the former president at 49% each that's three percentage better percentage points better than President Biden was performing. In Minnesota the presumptive Democratic nominee is up and has a six point advantage there. They are both tied at 49 in Pennsylvania and former President Trump has a one-point lead in Wisconsin. Those results are comparable with the Trump versus Biden numbers. Many of the new polls coming out nationally and in the swing states have been within the margin of error in this new race. Well Donald Trump what are you going to do now that you're not dominating in the polls because guess what Kamala Harris is actually polling a lot better than you. Ladies and gentlemen I think it's safe to say Donald Trump is getting cooked like he's never been cooked before and there's nothing he can do and wait till we see what's happening after those debates. Trump supporters!
7433555477998456096,https://www.tiktok.com/@lnformation_hub/video/7433555477998456096,2024 Election Poll: Trump Leads Over Harris in Key States 🔴🔵 #Election2024 #TrumpVsHarris #USPresidentialRace #PollingUpdate #KalshiPoll #SwingStates #ElectionPolls #USPolitics #RedVsBlue #VoterSentiment #PoliticalTrends #Trump2024 #Harris2024 #PoliticalNews #ElectionMap,2024-11-04T22:31:59.000Z,2652,496,274,392,405100,8,,lnformation Hub,170,False,DE,#electionpolls,generic_only,,description,YES,.
7625959091935939854,https://www.tiktok.com/@nkcoofuf/video/7625959091935939854,The United States president Donald Trump has just got a 96% approval rating 🇺🇸#DonaldTrump2026 #breakingnews🚨 #usnewstoday #pollratings ,2026-04-07T10:16:20.000Z,211,4,12,30,4208,122,"donaldtrump2026, breakingnews🚨, usnewstoday, pollratings",nkcoofuf,12400,False,US,#electionpolls,generic_only,,description,YES,
7627163647403379981,https://www.tiktok.com/@cassellouisa/video/7627163647403379981,Kamala Harris Climbs in Battleground States as Trump Falters — Will Your Vote Turn the Map Blue? #KamalaHarris #Trump #BattlegroundStates #VoteEarly #Polls #Election2024 #fyp #foryou #tiktok #storytime #viral #fypシ #pov #story,2026-04-10T16:11:03.000Z,6,,0,1,284,66,"kamalaharris, trump, battlegroundstates, voteearly, polls, election2024, fyp, foryou, tiktok, storytime, viral, fypシ, pov, story",cassellouisa,10200,False,US,#electionpolls,generic_only,,"description, hashtags",YES,
7430403501974441259,https://www.tiktok.com/@simpleblacktheory/video/7430403501974441259,@Xaviaer DuRousseau you are tripping #foryoupage❤️❤️ #fyp #elections #polling  ##election2024,2024-10-27T10:40:56.000Z,16800,169,1207,366,249600,88,"foryoupage❤️❤️, fyp, elections, polling, election2024",SimpleBlackTheory,522600,False,US,#electionpolls,generic_only,,"description, hashtags, transcript",YES,"I promise you, by the end of this video, I will be laughing. Kamala, what are you doing on the floor? Mind you, I don't trust any of these mainstream election polls. They're usually biased and have terrible test groups. But I just learned from my future VP, Jadarius Vance, that if you want accurate looks at the direction of our country, you need to look at Kalshi. That makes no f***ing sense. For those of you who don't know, Kalshi is basically a betting platform. And recently, it became legal for people to bet on the election. Don't ask me why I think it's stupid. Because Donald Trump is the favorite to win the election in the betting polls, a lot of Trump supporters are using this as an accurate sign that Donald Trump should win the presidency. Not only am I going to prove you wrong, but I won't be surprised if you guys use this as proof that Donald Trump should've won if he loses. First, in order to gamble, you would have to be 20 years of age. There are some states that allow you to be 18, but most of them do say 21. Now, we know that the legal age to vote in the United States is 18 years old. Also, not all 50 states are participating in online betting. Studies also show that the majority of the demographic that bets online are young men. So it has restrictions with age, location, and there's a big gender gap when it comes to betting online. I was supposed to laugh at this moment, but it's just really sad to see you guys really try hard to fight for something you're not going to win."
7626104854322187550,https://www.tiktok.com/@commonsensewithz/video/7626104854322187550,🚨 CNN SHOWS POLL SUGGESTING THE GOP IS FAVORED TO WIN THE SENATE IN THE 2026 MIDTERMS 🚨 #viral #foryou #foryoupage #cnn #media ,2026-04-07T22:55:00.000Z,49,1,4,2,2925,126,"viral, foryou, foryoupage, cnn, media",Common Sense With Z,27600,False,US,#electionpolls,generic_only,,description,YES,
7626660423495912717,https://www.tiktok.com/@nkcoofuf/video/7626660423495912717,The United States president Donald Trump has just got a 96% approval rating 🇺🇸#DonaldTrump2026 #breakingnews🚨 #usnewstoday #pollratings ,2026-04-09T07:39:03.000Z,1052,35,67,135,18400,72,"donaldtrump2026, breakingnews🚨, usnewstoday, pollratings",nkcoofuf,12400,False,US,#electionpolls,generic_only,,description,YES,
7624617666224868621,https://www.tiktok.com/@officialkarel/video/7624617666224868621,"Nationwide poll shocker: 2/3rds disapprove of economic handling. Approval dips to 33%, even MAGA feels the pinch on prices and broken promises. #Polls #Economy #Trump #USPolitics #PublicOpinion",2026-04-03T19:31:01.000Z,0,,0,0,16,59,"polls, economy, trump, uspolitics, publicopinion",karelofficial,24,False,US,#electionpolls,generic_only,,"description, hashtags",YES,
7435058330021793070,https://www.tiktok.com/@lucasbrowneyes/video/7435058330021793070,Natives have historically voted Democrat. And the top 10 majority Native counties reflect this. That exit poll is only of 10 states and doesnt include data from the top 5 states with the highest Native population. And leaves out Native data from the states they did include. Native Voter Suppression and Data Erasure is real and harmful. Please spread facts and not misinformation. ,2024-11-08T23:43:41.000Z,1310,192,223,72,11800,55,,LucasBrownEyes,496,False,US,#polls2024,generic_only,,"description, transcript",YES,"So this is going around, but it's just an exit poll of 10 states. Let's look at the actual voting results. This is the top 10 counties that have a majority Native population. All but two of them went blue, and if you notice, the higher the population of Natives, the bluer it gets. This is in line with historic voting patterns, and I couldn't find Alaska counties to do a direct comparison, but the area that was 97% Indigenous went blue. Now look at Wisconsin, which was in the 10-state exit poll. Its majority Native county also went blue, just like Arizona, whose Native communities also went blue. These are the top five states with the highest Native population, and that exit poll didn't include any of them. That exit poll also doesn't include Native data for any of the 10 states it included. And none of this takes into account voter suppression that happens to Native communities. Natives have faced historic data erasure. Polls tend to exclude our communities, especially reservations, and this is harmful."
7404758346168880426,https://www.tiktok.com/@thepuzzzler12/video/7404758346168880426,Latest Arizona polls #election #election2024 #polls #polls2024,2024-08-19T16:00:00.000Z,41,2,0,17,2150,17,"election, election2024, polls, polls2024",ThePuzzzler,39,False,US,#polls2024,generic_only,,"description, hashtags, transcript",YES,"It just came out with a new poll in Arizona, so let's take a look. Harris actually had a pretty big 5% lead in this one, and has led in the last two. If you average the last five that have come out, she has almost a 2% lead, which is still within the margin of error, so this one's very close."
7420823346688085294,https://www.tiktok.com/@lawyermatt/video/7420823346688085294,Replying to @golfgurl How polls work.  #fy #fyp #Kamala #Harris #trump2024🇺🇸 #Georgia,2024-10-01T15:04:45.000Z,28,,1,9,504,154,"fy, fyp, kamala, harris, trump2024🇺🇸, georgia",Matt Wilson,9387,False,US,#polls2024,generic_only,,description,YES,
7627697771084090638,https://www.tiktok.com/@casual.politics/video/7627697771084090638,"MAGA BASE IS CRACKING? 🏛️😱 Ana Kasparian reveals a massive drop in the polls! 📉 Support from 2024 voters fell 8% in just THREE WEEKS. 📊🚫 ""People who supported him no longer do."" ✨ #TYT #Politics #Polls #MAGA #BreakingNews",2026-04-12T02:43:24.000Z,36,1,2,3,955,64,"tyt, politics, polls, maga, breakingnews",Casual Politics,55100,False,US,#polls2024,generic_only,,"description, hashtags",YES,
7627176505612750094,https://www.tiktok.com/@blackgoat.zeiser/video/7627176505612750094,Who Will Own the Texas Senate? Shocking Poll Results Revealed! 🗳️🤯 #TexasPolitics #Senate2024 #fyp #foryou #viral #tiktok #fypシ #greenscreen,2026-04-10T17:00:41.000Z,32,,0,2,848,61,"texaspolitics, senate2024, fyp, foryou, viral, tiktok, fypシ, greenscreen",blackgoatzeiser,10200,False,US,#polls2024,generic_only,,description,YES,
7573028218932972855,https://www.tiktok.com/@law.enforcement.og/video/7573028218932972855,California Finally Wakes Up: GOP Surges in Governor Polls. #california #losangeles #northerncalifornia #maga #trump2024🇺🇸 ,2025-11-15T18:57:45.000Z,909,27,38,206,5081,138,"california, losangeles, northerncalifornia, maga, trump2024🇺🇸",law.enforcement.og,28000,False,US,#polls2024,generic_only,,description,YES,
7443179028535577887,https://www.tiktok.com/@elizabethjune2022/video/7443179028535577887,"The 2024 presidential election polls showed some improvement over previous years, however still had their fair share of misses. On the positive side, national polls were more accurate than in recent elections, correctly predicting key demographic shifts ahead of the presidential race. However, there were some notable errors. Polls slightly overstated support for Kamala Harris & understated it for Donald Trump. For instance, the final national NBC News poll had Trump & Harris tied at 49% each, while the actual result showed Trump leading Harris nationally by 2 percentage points: 50% to 48%. Additionally, battleground state polls had larger misses than national polls, highlighting the challenges of polling in specific regions. Despite these imperfections, polls are getting better, & it's essential to remember that they're just predictions, not precise measurements. By acknowledging both the strengths & weaknesses of polling, we can stay informed & engaged in the democratic process. #Election2024 #PollingAccuracy #USPolitics #ElectionAnalysis #PollingImprovement #DemocracyInAction #ElectionIntegrity #VotingMatters #ElectionResults2024",2024-11-30T20:56:19.000Z,4,,1,0,379,8,"election2024, pollingaccuracy, uspolitics, electionanalysis, pollingimprovement, democracyinaction, electionintegrity, votingmatters, electionresults2024",ElizaBeth Harbour,4524,False,US,#polls2024,generic_only,,description,YES,.
7426884294964006186,https://www.tiktok.com/@trishregan/video/7426884294964006186,New Polls Hit Record With ONE Candidate FIRMLY In Lead! Subscribe and watch the FULL show at YouTube.com/@TrishReganChannel #trishregan #trishreganshow #joebiden #donaldtrump #election2024,2024-10-18T01:00:00.000Z,6085,337,341,535,217200,444,,Trish Regan,457200,False,US,#polls2024,generic_only,,description,YES,
7433410849286507808,https://www.tiktok.com/@electrictimenews/video/7433410849286507808,Part 1 The SHOCKING 2024 Election Map Based On FINAL Polling Averages!#2024 #election #breakingnews #news #politics #democracy #trump #fyp #harris #trump2024 ,2024-11-04T13:10:48.000Z,228,12,40,24,54000,179,"2024, election, breakingnews, news, politics, democracy, trump, fyp, harris, trump2024",Electric Time News,45600,False,US,#polls2024,source,New York Times poll,"description, transcript",YES,"In this video, we'll be taking a look at the 2024 electoral map based on current polling averages from all 50 states. These are going to be the final averages. They're not going to be updated following today. We only have two days left to go until the election, and basically all the major new polls have been released. So this really is it. We've been going over these polls for four years, and this is going to be the last time we cover them to see where Kamala Harris and Donald Trump stand on the path to 270 electoral votes. And so we're just going to dive right into it, starting off on the West Coast in Washington, where Kamala Harris leads by 22 percent, very similar to Biden's margin of victory from back in 2020. The state is going to be solid blue. However, in Oregon, we only have one poll from Hoffman Research. This is a Republican internal, but it still does show Harris leading by just five. This is pretty concerning, but it's still going to be likely for the vice president in terms of margins. Anything over 15 is solid. Five to 15 is likely one to five is lean and any margin less than one percent is going to be tilt down in Kamala Harris's home state of California. She's actually ahead by just twenty three point seven, even though Joe Biden won the Golden State by twenty nine point two four years ago. And once again, this is Kamala Harris's home state. She served not only as California attorney general, but also as a U.S. senator from California for four years before becoming vice president. Next up in Nevada, we have our first swing state. This is the first of seven. The other ones, of course, being Arizona, Georgia, North Carolina, Pennsylvania, Michigan and Wisconsin. Now, the race in Nevada really is quite interesting because Donald Trump leads by one percent on average. We have two recent polls that have put Trump ahead by six. I mean, these are startling margins for Democrats. The final New York Times poll, though, does have Harris leading by three, but they always overestimate support for Democratic candidates. In general, though, Nevada has been really competitive over the last few months, basically since Joe Biden dropped out. It's been neck and neck between Harris and Trump here. But as of right now, with just two days to go, it does seem that Trump has taken a slight lead in a state that no Republican has won since 2004. And so with a one point lead in favor of Trump, Nevada is going to be a lean Republican. Arizona is also going to be incredibly competitive. Here Donald Trump leads by 2.9 percent. This is a shockingly high margin considering that Joe Biden carried the Grand Canyon state just four years ago. In 2020, he won Arizona by 0.3 percent. This was a huge victory for Democrats as no nominee from the party had won Arizona going all the way back to 1996. Biden couldn't win North Carolina, but somehow he was able to flip Arizona. But today, it does seem that Trump is on track to easily win the state back. He carried it by nearly four points back in 2016. Polling in Arizona has generally favored Trump throughout the entirety of the election cycle. And as the election has neared, his lead..."
7399730737357933866,https://www.tiktok.com/@jess89763/video/7399730737357933866,#greenscreen #fypage #bluewave #politicaltiktok #politics #election2024 ,2024-08-05T18:54:39.000Z,1601,35,55,149,19500,43,"greenscreen, fypage, bluewave, politicaltiktok, politics, election2024",jess,41900,False,US,#polls2024,source,Nate Silver,transcript,YES,"Remember how, like, three weeks ago we were all freaking out about how Trump was gonna win the election because of that photo after he almost got pew-pewed and he's going like, fight, fight, fight, and we were all like, oh no, he's gonna win. And then Biden steps down and Trump's lead is completely erased. He has lost so much ground in the two weeks that Kamala has been announced as the nominee. Like, they're shitting themselves. He is shitting himself right now. Nate Silver is a highly respected pollster, like, forecaster of elections, and to have Harris' chances of winning at 53% is just, compared to the state of where we were last month to now, it's just, it truly feels like we're in a different timeline."
