post_id,url,description,create_time,digg_count,share_count,collect_count,comment_count,play_count,video_duration,hashtags,profile_username,profile_followers,is_verified,region,_search_keyword,_platforms,_match_source,_topic,_transcript,_relevance,_info_vs_trading
7561548278920252727,https://www.tiktok.com/@whatsnextpolitics/video/7561548278920252727,Midterm Election Update 🚨 #politics #kalshi ,2025-10-15T20:29:31.000Z,71,3,8,5,2443,58,"politics, kalshi",What’s Next,74,False,US,kalshi midterms,kalshi,"description, hashtags",YES,"The midterm elections are closer than you think. So what are the closest races that'll decide the balance of power in the House? According to Calhoun's prediction market, the Democrats now have a 64% chance of flipping the House, down from an 80% chance in May. Let's go over some of the closest races and seats currently held by the Democrats. First, we have New Mexico's 2nd congressional district that was held by Gabe Vasquez, who only won by 11,000 votes last election. He currently has a 73% chance. Then we have Don Davies from North Carolina's 1st district, who only won by 6,000 votes in 2024. And he currently has a 67% chance of keeping the seat blue. Next up, we have Vincente Gonzalez from Texas's 34th congressional district, who won by just 5,000 votes. The market's only giving him a 41% chance after Texas's tough redistricting. And finally, in one of the closest elections last election, that was only decided by 2,500 votes, we have Jared Golden from Maine's 2nd congressional district, who currently has just a 55% chance of winning re-election.",RELEVANT,INFORMATION
7412746504315735339,https://www.tiktok.com/@unpopularlogic/video/7412746504315735339,"In a groundbreaking development for U.S. markets, a federal judge's ruling on Friday has paved the way for Americans to legally place trades on the outcome of elections a first in the nation's history. The ruling allows Kalshi, a fully regulated prediction-market, to launch contracts next week enabling users to wager on whether Donald Trump or Kamala Harris will win the Presidential election along with congressional races in November. This decision is a pivotal moment in financial markets and for Kalshi. #trading #election #kalshi #betting #donaldtrump #kamalaharris ",2024-09-09T20:42:28.000Z,3,,0,0,386,,"trading, election, kalshi, donaldtrump, kamalaharris",Unpopular Logic,15400,False,US,kalshi midterms,kalshi,"description, hashtags",YES,Outro,RELEVANT,INFORMATION
7532603666704993550,https://www.tiktok.com/@whatsnextpolitics/video/7532603666704993550,These 5 races will determine the balance of power in the House We will be releasing updates until Election Day! #kalshi #politics #democrats ,2025-07-29T20:29:54.000Z,158,,9,6,3581,72,"kalshi, politics, democrats",What’s Next,74,False,US,kalshi midterms,kalshi,"description, hashtags",YES,"The midterm elections are closer than you think. So what are the close races that'll decide the balance of power in the House? According to Calhoun's prediction market, the Democrats have a 68% chance of flipping the House, which sounds good, but this was all the way up at an 83% chance in late April. If the Democrats want to win the House, they can't just hold their seats. They have to flip some, as the current balance of power is 219 Republicans and 212 Democrats. So here are the five closest races and seats currently held by Republicans that the Democrats need to win in 2026. If you know anyone who lives in or near these districts, share this video with them, as the primaries are happening in less than a year. First up, we have Derek Van Orton from Wisconsin's 3rd congressional district, who won by 8,000 votes in 2024. Next up, we have Scott Perry from Pennsylvania's 10th congressional district, who won by just 5,000 votes in last elections. Then we have Ryan McKenzie from Pennsylvania's 7th congressional district, who won by only 4,000 votes. Next up, we have Gabe Evans in Colorado's 8th congressional district, who won by only 3,000 votes. And finally, Marionette Miller-Meeks in Iowa's 1st congressional district, who won by just 800 votes.",RELEVANT,INFORMATION
7534475156605996301,https://www.tiktok.com/@whatsnextpolitics/video/7534475156605996301,The CLOSEST elections in 2026 👀  #kalshi #politics ,2025-08-03T21:32:12.000Z,52,,2,1,1442,61,"kalshi, politics",What’s Next,74,False,US,kalshi midterms,kalshi,"description, hashtags",YES,"The midterm elections are much closer than you think. So we have to ask, what are the closest races that'll determine the balance of power in the House? According to Calhoun's prediction market, the Democrats now have a 70% chance of flipping the House. But for this to happen, they will have to hold all of the seats that experts call toss-up seats. So who are the most vulnerable Democrats? But first, if you wanna know what's going to happen next in the political world, make sure to click here to follow. Here are the five closest races and seats currently held by the Democrats. First up, we have Marie Gusenkamp Perez from Washington's 3rd Congressional District who won by 16,000 votes in 2024. Next, Gabe Vasquez from New Mexico's 2nd Congressional District who won by 11,000 votes last election. Then we have Don Davies from North Carolina's 1st Congressional District who won by only 6,000 votes. Next up, we have Vincente Gonzalez from Texas's 34th Congressional District who won by just 5,000 votes. And finally, in one of the closest elections last election, that was only decided by 2,500 votes, we have Jared Golden from Maine's 2nd Congressional District.",RELEVANT,INFORMATION
7532983812712680718,https://www.tiktok.com/@whatsnextpolitics/video/7532983812712680718,Who could possibly challenge Roy? We will keep you posted on all updates regarding the Senate race in North Carolina #kalshi #politics #northcarolina ,2025-07-30T21:05:01.000Z,147,4,7,1,3278,74,"kalshi, politics, northcarolina",What’s Next,74,False,US,kalshi midterms,kalshi,"description, hashtags",YES,"The Democrats just scored a massive win this week. Former governor of North Carolina, Roy Cooper, announced that he will run for the Senate in 2026. And he has never lost an election. According to Calhoun's prediction market, the Democrats have a 68% chance of winning this race in 2026. The current Republican Senator, Tom Thillis, announced that he will not run for re-election after butting heads with Trump. Roy Cooper is almost guaranteed to be the Democratic nominee with other Democrats that have considered running already throwing their support behind him. Why does Cooper have this level of support? Cooper served an unprecedented four terms as state attorney general over 16 years before he unseated a Republican incumbent to be elected governor in 2016. He won that election and re-election in 2020 by a larger margin, despite President Trump carrying the state in the presidential election in both years. Now, the Republican Party is terrified. If you Google Roy Cooper right now, the top hit will be a sponsored website funded by the Republican State Leadership Fund that tries to pay Roy Cooper as a radical liberal. Seriously, look it up. It's pretty funny. This is great news for the Democrats and unsettling news for Republicans that will need to find the candidate that can find a way to contend.",RELEVANT,INFORMATION
7582033775085833527,https://www.tiktok.com/@jessicainskip/video/7582033775085833527,"Prediction markets can be used for more than just tracking expectations, or speculating, they can also help illustrate how investors think about event risk. Markets often react to surprises around economic releases or earnings announcements.  Understanding how expectations shift ahead of these events can help investors think about potential risks in their portfolios. In this video, I walk through how event contracts on Kalshi can be used as an educational example of managing event-driven risk.  These contracts offer a straightforward yes/no format tied to specific events, which can help users explore how different scenarios might impact market sentiment. Event contracts are not suitable for all investors and involve the risk of loss. This video is for educational purposes only and is not investment advice, a recommendation, or a suggestion to buy or sell any security, derivative, or product. Always evaluate your own financial situation and risk tolerance before making any decisions. Kalshi is a regulated event-contracts exchange. Trading involves risk, including the potential loss of your entire position. Past events or outcomes do not guarantee future results. #ad",2025-12-10T01:23:51.000Z,336,27,100,14,18400,86,ad,Jess Inskip,260000,True,US,kalshi midterms,kalshi,description,YES,"You're probably using prediction markets wrong. They can be used to hedge your portfolio against event risk. What is event risk? Do you know what moves the markets? Surprises. Positive surprises, like better earnings than expected, can cause a rally. But negative surprises, like the Fed not cutting interest rates like the market expects it to, can cause a sell-off. These are events. Let me show you how to hedge event risk with Calshi. It is all about portfolio positioning. Go to calshi.com, select Economics, and select the event that you would like to hedge. I am choosing the Fed decision in December. I'm going to use this information as a form of soft data to gauge changing rate expectations. If rate expectations are high, I may need to hedge a no-rate-cut scenario, meaning, since the prediction markets expect a cut, if that doesn't happen, we could experience a sell-off. So by buying an event contract based on the Fed not cutting, I can offset my potential portfolio losses that would be triggered by a more restrictive Fed, offset by the gains on this contract. We can apply the same strategy to totally different scenarios, just select yes or no depending on the event that you want to hedge. Put in the dollars based on your personal risk tolerance, which earned 3.5% interest until the event end date. Submit your order, and that's it. Hedging is a way for investors and businesses to offset risk tied to economic events. In the oil industry, you might buy a futures contract that locks in the price of oil if you are afraid it will rise in price due to geopolitical tension or something like that. I'm using Calshi for an alternative to soft data and to hedge event risk. Go check it out.",RELEVANT,TRADING
7608375098726255890,https://www.tiktok.com/@sacred.alpha/video/7608375098726255890,"[EN] It’s official: The Federal Reserve is now using Kalshi to track the economy! In a groundbreaking report released in February 2026, Fed researchers stated that Kalshi markets provide a ""high-frequency, continuously updated benchmark"" that is ""valuable to both researchers and policymakers."" The study found that traders on these platforms are just as accurate as Wall Street's top economists in predicting inflation and interest rates. What was once seen as ""gambling"" is now being hailed by the central bank as an essential tool for real-time economic truth. The world of finance has just entered the era of ""Information Finance."" [ID] Resmi: Federal Reserve kini mulai pakai data Kalshi untuk pantau ekonomi! Dalam laporan besar per Februari 2026, peneliti The Fed menyatakan bahwa pasar Kalshi menyediakan ""benchmark yang diperbarui terus-menerus"" dan ""sangat berharga bagi pembuat kebijakan."" Studi tersebut menemukan bahwa trader di platform ini punya akurasi yang setara dengan ekonom top Wall Street dalam menebak inflasi dan suku bunga. Sesuatu yang dulu dianggap ""judi"" kini diakui oleh bank sentral sebagai alat krusial untuk melihat data ekonomi secara real-time. Dunia keuangan resmi memasuki era ""Information Finance."" #federalreserve #kalshi #predictionmarkets #economics2026 #finance ",2026-02-19T01:01:25.000Z,0,,1,0,734,,"federalreserve, kalshi, predictionmarkets, economics2026, finance",sacredalpha,2377,False,ID,kalshi midterms,kalshi,"description, hashtags",YES,Just show this one on the screen. yes yeah,RELEVANT,INFORMATION
7560353693929852173,https://www.tiktok.com/@jonaswillett/video/7560353693929852173,"Trade on anything.  Kalshi is the fastest growing prediction market in the world. The company was founded by Tarek Mansour and Luana Lopes Lara, two MIT grads. The predictions market is projected to hit ~$100B by 2035 @Kalshi  __ #kalshi #tech #startups #vc #nyc   ",2025-10-12T15:14:14.000Z,95,4,23,0,5533,60,"kalshi, tech, startups, vc, nyc",jonaswillett,147,False,US,kalshi midterms,kalshi,"description, hashtags, transcript",YES,"Kalshi just raised $300 million at a $5 billion valuation to power degeneracy. Our generation is cooked. Kalshi is the fastest growing prediction market in the world. Basically, it lets you trade on outcomes. Anything from who wins a presidency, to sports, to government shutdowns. Each market has real-time odds that update as people predict what they think will happen. It's one of the first times ever that A16Z and Sequoia have co-led an investment. Kalshi is now in over 140 countries, and they're on pace to hit $50 billion in annualized trading volume. It feels like every big VC is invested in Kalshi, from General Catalyst to Google Ventures to Paradigm. KD and Kevin Hart are investors. The company was founded by two MIT grads, Tarek and Luana. For a while, the future of Kalshi wasn't 100% certain, mostly because the CFTC, the Commodity Futures Trading Commission, hadn't fully approved them. Kalshi was officially cleared in August of 2024, and that presidential election cycle, they absolutely took off. They saw over $500 million in trading volume in just the political markets. Besides being degenerate and having fun, Kalshi actually has a really cool function, which is aggregating massive amounts of data. It can aggregate millions of traders, turning dispersed knowledge into actionable and specific forecasts. Kalshi is estimated to hit almost $100 billion by 2035. I tagged them below, so feel free to check them out.",RELEVANT,INFORMATION
7619009592462380318,https://www.tiktok.com/@graceatcandid/video/7619009592462380318,Live on Candid #trump #dhs #kalshi #polymarket #candid ,2026-03-19T16:48:37.000Z,1,1,0,0,1,,"trump, dhs, kalshi, polymarket, candid",Grace | Prediction Markets 🔮,24,False,US,kalshi midterms,"kalshi, polymarket","description, hashtags",YES,,RELEVANT,INFORMATION
7612987779961687318,https://www.tiktok.com/@bfmbusiness/video/7612987779961687318,"Iran/États-Unis : le business morbide des paris sur la guerre 🇮🇷 Sur des plateformes comme Polymarket ou Kalshi, les internautes parient sur la date des prochaines frappes américaines, le nom du futur Guide suprême iranien ou la chute du régime des mollahs, empochant parfois des sommes folles. 🎙️ Nathan Cocquempot #business #economie #sinformersurtiktok #international #iran",2026-03-03T11:20:53.000Z,2991,456,332,23,70900,54,"business, economie, sinformersurtiktok, international, iran",BFM Business,234600,True,FR,polymarket desantis,"kalshi, polymarket","description, transcript",YES,"The U.S. will strike Iran by the... More than 500 million dollars have been bet on this kind of contract on the PolyMarket platform before the strikes on Saturday. Problem, the American law prohibits betting on war, murders or other violent events. The timing is also at the heart of the controversy. 6 bettors identified by an analysis company have each made more than 1 million dollars in profits on these contracts, betting on the exact date of the strikes. A situation reminiscent of the bets around the departure of Nicolas Maduro. An anonymous person had then bet more than 400,000 dollars, betting just before his capture, raising suspicions of criminal offences. After the start of the strikes and the death of Ramenei, the contracts were closed and some users were reimbursed to try to put out the fire. But the controversy continues and several Democratic parliamentarians push to ban this kind of platform. On the side of PolyMarket and Kalshi, all speculation is denied, aiming to take advantage of death.",RELEVANT,INFORMATION
7581855141419142421,https://www.tiktok.com/@nftcomrico/video/7581855141419142421,MERCADO DE PREVISÕES 🔮 💵 Dá para ganhar dinheiro?  A resposta é: SIM!  #bitcoin #criptomoedas #prediction ,2025-12-09T13:50:23.000Z,464,64,193,30,10100,140,"bitcoin, criptomoedas, prediction",Rico,113,False,BR,polymarket desantis,polymarket,transcript,YES,"Imagine a world where your opinions about the future are worth real money. This is PolyMarket, the largest forecast market platform on the planet. Founded in 2020 by Shane Coplan, it was created with the aim of combating misinformation precisely at the time of COVID-19, making people bet on the reopening of cities. Despite the regulatory challenges that PolyMarket faced in its beginning with a $1.4 million fine by the CFTC in 2022, PolyMarket was able to raise more than $270 million from investors such as Vitalik Buterin and Peter Thiel, in addition to accurately predicting the results of the 2024 US elections. But how does this work in practice? It's simple and powerful. You can use a crypto wallet to deposit USDC on Polygon's network, or you don't even need to use crypto. And then you buy shares for binary questions, such as, does Trump win the election? You can choose yes or no. Will it rain at the Oscars? You can choose yes or no. And then each stock is worth $0 to $1, representing the probability. So, for example, if a stock is worth $0.70, the probability of that happening is 70%. And the dynamics are pure. The more people bet on one side, the price moves automatically by supply and demand, creating odds in real time. And then you can sell your shares at any time. You don't have to wait for it to happen to make a profit. And then in the end, if that bet comes true, the stock is worth $1. And if that doesn't come true, it's worth $0. And then there's hot news for those who like to farm drops. In October 2025, Polymarket's own team confirmed that there will be a Token Poly and it will be distributed to those users loyal to the platform. So if you're not interacting yet, I recommend you start. And the impact of this is huge. But that's not all. Even Bloomberg has already integrated Polymarket into its platform, which is used by more than 350,000 analysts around the world. Even Yahoo Finance itself has integrated Polymarket into its app. Platforms like NFL and NHL also participate in campaigns with Polymarket. With billion-dollar volumes, Polymarket has already proven that it fights fake news and is also responsible for directing political, sports and even cultural decisions. Polymarket is changing the way we see tomorrow in a more democratic and lucrative way. Comment here the bet that I'm going to explain how I made money with this platform.",RELEVANT,TRADING
7578856487821249805,https://www.tiktok.com/@60minutes/video/7578856487821249805,"Shayne Coplan made a risky bet when he built Polymarket in 2020. He created the platform in three months and didn’t seek regulatory approval as the law required. In 2021, the Commodity Futures Trading Commission launched an investigation. Coplan paid a penalty and could not have customers in the U.S. With the second Trump administration came a new appreciation for prediction markets. In the summer of 2025, Polymarket bought a fully licensed, legally compliant trading platform, paving the way for its U.S. customers to access the platform for the first time in three years. Today, Polymarket is valued at $9 billion. #polymarket #betting #predictionmarket #entrepreneur #politics",2025-12-01T11:54:57.000Z,10800,934,1199,173,217100,195,"polymarket, predictionmarket, entrepreneur, politics",60 Minutes,3200000,True,US,polymarket desantis,"kalshi, polymarket","description, hashtags, transcript",YES,"Shane Copeland made a risky bet when he built PolyMarket in 2020. He did it fast, in just three months, and didn't seek regulatory approval as the law required. His chief competitor, Kalshi, did. In 2021, the Commodity Futures Trading Commission launched an investigation into PolyMarket. Copeland cooperated and ultimately paid a penalty. It was a $1.4 million fine. And also- It was a settlement. You could not have customers in the United States. Yeah, we had to go and geoblock trading in the US and move certain operations offshore. And it wasn't, hey, you're banned from trading in the US. It's like, until you're licensed. I mean, it was breaking the law. I mean, people say breaking the law, it's like, which law, you know? So if anything, it's incompatible. It's incompatible with the law. Yeah, with the regulatory matrix that existed. The regulatory matrix was pretty clear. US customers couldn't trade on PolyMarket. But plenty continued to. All they needed was a VPN connection to mask their computer's location. In 2024, in the final weeks of the Biden administration, Copeland got a surprise visit at home from the FBI. There was a lot of yelling and banging on the door. Like knocking, this is the FBI, or like- No, like a battering ram. He wasn't arrested, but agents seized his phones and computers. But with a new administration came a new appreciation for prediction markets. In July, the government dropped its investigations. And PolyMarket was able to buy a fully licensed, legally compliant trading platform, paving the way for their US customers to bet openly. Three months ago, Copeland named Donald Trump Jr., already an advisor to Calshi, to PolyMarket's advisory board. And Trump Jr.'s 1789 capital fund invested around $10 million in the company. I think there's going to be people watching who think that you put the president's son on your advisory board to get influence, to be able to protect yourself. So it's definitely not to protect myself. I mean, look, like they invested, right? We're in this admin. This admin is very pro-innovation and pro-crypto and pro-PolyMarket, which is amazing. The admin administration. Yeah. And, you know, I need help navigating that, right? I'm a young entrepreneur. If I have people who believe in what I do, who understand how politics works and can help me, help guide me and teach me, you know, there's nothing wrong about that. Last month, PolyMarket got its biggest validation yet. The company that owns the New York Stock Exchange announced it was investing $2 billion in PolyMarket. Days later, we met Copeland on the trading floor. What's it like to see your name up there? Yeah, I love it. I love it. It's cool, man. He told us PolyMarket's data will soon be integrated into the exchange to help investors and traders get an edge. What valuation now has PolyMarket been given? $9 billion post-money valuation. $9 billion. Did you anticipate that? I mean, I didn't start it to not get here, you know? Shane Copeland is now a billionaire, at least on paper, and PolyMarket, it still hasn't made any profit. It gives away its main product, its predictions, for free and doesn't charge fees on trades. At least, not yet.",RELEVANT,INFORMATION
7612802391620078869,https://www.tiktok.com/@traderfinder/video/7612802391620078869,"O Polymarket é como uma ""Bolsa de Valores"" de eventos reais! 📈🌍 Diferente de apostas comuns, aqui você compra ações de previsões sobre política, esportes e economia usando cripto. ✅ Como lucrar: Se você acha que algo vai acontecer, compra a ação barata. Se o evento se confirmar, ela passa a valer US$ 1,00. ✅ Dinâmico: Você pode vender sua posição a qualquer momento para garantir lucro antes mesmo do evento acabar. ✅ Transparente: Tudo roda na rede Polygon com a segurança do dólar digital (USDC). Recentemente, a gigante dona da Bolsa de NY investiu pesado na plataforma, consolidando o  Polymarket como o termômetro de verdade do mundo! 🚀💸 #eua #ouro #petroleo #iran ",2026-03-02T23:21:32.000Z,5,,2,0,353,38,"eua, ouro, petroleo, iran",TraderFinder,1095,False,BR,polymarket desantis,polymarket,"description, transcript",YES,"If you don't follow me, look what you missed here. On February 19th, I recorded a video talking about PolyMarketing. PolyMarketing is a predictive market based on blockchain. And look what the market was already predicting. That on February 28th, the United States would start the conflicts in Iran. So, for those who followed me, managed to have a direction that the conflicts would start on the 28th, although I'm not sure, but the probability was very high. And we were able to position ourselves in gold, we were able to position ourselves in oil, which shot. And so we were able to obtain the profits that the market delivers. If you want to understand a little more about this market, and how you can have predictions in advance about what will happen, start following me there.",RELEVANT,TRADING
7434942889752317230,https://www.tiktok.com/@dailymail/video/7434942889752317230,"An anonymous French Polymarket trader who goes only by ‘Théo’ has raked in a whopping $85 MILLION after betting tens of millions of dollars that Trump would win the election. 🤯 He was originally thought to have won  $48 million, but new research from Chainalysis has revealed he’s getting $37 million more than previously reported. 🎥 Reuters  #trump #election2024 #betting #news #politics ",2024-11-08T16:15:47.000Z,16800,485,733,245,1600000,9,"trump, election2024, news, politics",Daily Mail,26100000,True,GB,polymarket desantis,polymarket,description,YES,Thanks for watching!,RELEVANT,INFORMATION
7592327208501366046,https://www.tiktok.com/@cbsmornings/video/7592327208501366046,"The night before the U.S. military captured #Venezuelan dictator Nicolás #Maduro and his wife, Cilia Flores, somebody, somewhere placed an extremely well-timed bet on the prediction markets site #Polymarket. On January 2, an anonymous user bet $32,000 that the Venezuelan leader would be out of power by January 31. At 4:21 a.m. the following morning, President Trump announced that Maduro was in custody — and the user chased out, making more than $400,000. While the bettor’s identity is still unknown, lawyer Dennis Kelleher said “this particular trade really has all the hallmarks of an insider trade.” The FBI said it “declines to confirm or deny the existence of an investigation” into insider trading.",2026-01-06T19:07:51.000Z,376200,57700,30239,4537,5700000,175,"venezuelan, maduro, polymarket",CBS Mornings,3800000,True,US,polymarket desantis,polymarket,"description, hashtags, transcript",YES,"The night before the U.S. military captured Venezuelan dictator Nicolás Maduro and his wife, somebody, somewhere placed an extremely well-timed bet. An anonymous user on the prediction market site PolyMarket, where users can wager on nearly any topic, bet $32,000 that the Venezuelan president would be out of power by January 31st. The following morning at 4.21 a.m. Eastern, the president announced Maduro was in custody. And that user cashed out, making more than $400,000. These markets are the wildest of the Wild West. Lawyer Dennis Kelleher focuses on regulation of securities and financial markets. He's the president of Better Markets. What evidence is there that this was non-public information being used to make this bet? The facts are not known publicly yet. However, this particular trade really has all the hallmarks of an insider trade. PolyMarket and its competitors like Kelshi have recently exploded in popularity. Millions of users place bets on current events, pop culture, and now national security issues. If this was insider information, it means that somebody used the most highly classified confidential military secrets and information of the United States to place a bet, actually putting the entire operation potentially at risk. PolyMarket did not respond to our multiple requests for comment. Last year, before it gained regulatory approval in the U.S. and well before Maduro was captured, PolyMarket CEO Shane Copeland sat down with 60 Minutes. But predictive markets do rely on someone having some inside information. Yeah, I think that people going and having an edge to the market is a good thing. Obviously, you need to curate them and you need to be really clear and stringent on where the line is drawn and like sort of ethics. And we spend a lot of time on that. In the meantime, users can already bet on the next U.S. military operation. PolyMarket offers markets on another U.S. strike on Venezuela, meaning there's money to be made by the nose in the know. That's the only reason that this is a story and a real problem, because it happens to involve highly, highly classified information. So the big question is who placed this bet? And unless the better comes forward, experts are telling us because PolyMarket is an anonymous platform, you could deduce who it might have been. But there isn't a 100 percent foolproof way to prove who the account belongs to. Now, the Commodity Futures Trading Commission, the CFTC, that's the federal agency that regulates prediction markets, did not respond to our multiple requests for comment. And the FBI said it, quote, declines to confirm or deny the existence of any investigation into possible insider trading.",RELEVANT,INFORMATION
7608180964329557269,https://www.tiktok.com/@ali_hleewa/video/7608180964329557269,,2026-02-18T12:28:01.000Z,539,84,236,4,30600,131,,Ali Al Hleewa - علي الحليوة,44900,False,BH,polymarket desantis,polymarket,transcript,YES,"On the PolyMarket website for bribes, they have a lot of bribes Elections, attacks on a certain country, Epstein files, Trump and Biden, attacks on Iran, attacks on a certain country, on Venezuela Anything, Trump says a certain word, the president of a country will wear this thing in an interview Imagine now, they put a bet on predicting the federal result, and whether it will stabilize or decrease interest rates or increase They put a bet that if you put $1,000, you win $1,000 And I say 93%, which is nothing for sure, but 93% that it will be stabilized Because everything in the monetary policy tells you to stabilize, unless there is a shocking or something, for example, Cairo in the news may change Of course, this bet is that you put anything that you take from it, meaning a double Of course, in our religion, this is considered an adventure Anyway, what I want to say is that the stabilization of interest rates is coming, expected, but there is something that will happen today at 10 pm The statement of FOMC, which will show us the strongest behavior So they, I mean, they put this, let's say, estimate, it is still 50-50 Because you can't estimate the results of this news without going to the statement So you see all the papers give you 93%, 95%, 97% But in fact, this is not certain I just wanted to tell you that without looking at the documents, without looking at the files, without looking at the federal opinions And what is the estimate and analyze it, you will never know Even if you knew, you will have a high edge But in the end, these news that you see or go out in the market, it is very important to know what is inside it",RELEVANT,INFORMATION
7570461920025709831,https://www.tiktok.com/@thecoinzone/video/7570461920025709831,GOVERNMENT SHUTDOWN ENDING SOON? POLYMARKET BETS ON NOV 20TH #cryptonews #cryptok #polymarket,2025-11-08T20:58:47.000Z,8,,1,0,428,36,"cryptonews, cryptok, polymarket",TheCoinZone,3405,False,US,polymarket ohio senate,polymarket,"description, hashtags, transcript",YES,"Knock, knock. Who's there? It's the federal government. Okay, maybe they're not knocking on your door, but they might be knocking soon on the door of the White House and federal buildings because the government shutdown might come to an end finally. As you guys probably know, hopefully, the federal government has been shut down for a couple weeks now. PolyMarket says that this shutdown will last until November 20th, so I guess we'll see what happens. But anyway, the government getting back to work and doing their jobs is super important for the crypto markets because we need market structure and we need bills to pass. We're also waiting on a ton of ETF approvals from the SEC as well. Let me know in the comments, chat. Is the government finally getting back to work or is this going to continue to go on?",RELEVANT,INFORMATION
7616185849625070861,https://www.tiktok.com/@npr/video/7616185849625070861,"A federal judge in Ohio has ruled that prediction markets are evading the law, and that apps like Kalshi and Polymarket are no different than gambling. Kalshi argues it should not be regulated like a gambling operation because it’s technically a type of “futures contract,” not a gambling site. But billions of dollars are spent every week on Kalshi, where people bet on who will win the latest season of ""Survivor;"" whether Trump will say “midnight hammer,” and how many times sports announcers will say the word “foul.” Nearly $6 billion was traded in the past week on Kalshi and Polymarket — up nearly 2,000% from last year. In her ruling, Morrison wrote treating this as anything other than gambling is “absurd.” Kalshi says it plans to appeal. #NPR",2026-03-12T02:11:24.000Z,6282,266,293,149,122600,59,npr,npr,1700000,True,US,polymarket ohio senate,"kalshi, polymarket","description, transcript",YES,"A federal judge in Ohio has ruled that prediction markets are evading the law, and Pierre's Bobby Allen reports there are more than 20 federal lawsuits pending over the future of the betting craze. U.S. District Judge Sarah Morrison says apps like Kalshi and Polly Market are no different than gambling. Kalshi argued it should not be regulated like a gambling operation because it's technically a type of futures contract, not a gambling site. But billions of dollars are spent every week on Kalshi where people bet on who will win the latest season of Survivor, whether Trump will say Midnight Hammer, and how many times sports announcers will say the word foul. In her ruling, Morrison wrote, Treating this as anything other than gambling is absurd. Kalshi says it plans to appeal. Nearly $6 billion was traded in the past week on Kalshi and Polly Market, which is up nearly 2,000 percent from last year. Bobby Allen, NPR News. I'm Corva Coleman, NPR News. For more of today's news, be sure to like and follow us, or check out NPR News Now, wherever you listen to podcasts.",RELEVANT,INFORMATION
7583380272264138004,https://www.tiktok.com/@hamad_almajidi/video/7583380272264138004,أحد أشهر القصص على Polymarket لشخص فرنسي، لم يصدق الأخبار أن السباق الرئاسي سيكون مقارب. و أرسل فريق خاص لسؤال الناس في الولايات المتأرجحة لكن ليس ليسأل عن رأيهم بالفائز لأنه مقتنع أن الناس لا يقولون الحقيقة عن أنفسهم.. لكن ليسأل عن المرشح الذي يظنون أن جيرانهم سيصوتون لصالحه.. و هنا كانت المفاجأة أن الغالبية العظمى توقعوا أن يصوت الجيران لترامب بالتالي راهن على موقع Polymarket في منتصف 2024 على فوز ترامب بالرئاسة بحوالي 30$ مليون، و بعد فوز ترامب وصلت أرباحه إلى 80$ مليون ملاحظة: الموقع لا يعمل في الخليج، وهالتداول يعتبر غير جائز شرعا.. الغرض من الفيديو هو التثقيف لأن هذه المنصات يتم الاستدلال بها بشكل كبير خاصة في ما يخص الانتخابات الأمريكية و السياسة عموما ‏#Polymarket #دبي #الامارات⁩,2025-12-13T16:28:36.000Z,4423,880,2266,63,266400,67,"polymarket, دبي, الامارات",HamadAlMajidi,16800,False,ES,polymarket ohio senate,polymarket,"description, hashtags, transcript",YES,"In Washington, Mohamed Bin Salman spoke on the mic and said What he's talking about is a poly market, the biggest prediction site in the world that lets you bet on any sporting, political or global event with a yes or no system Will Trump win the elections? Will Riyadh win the round? Will the Ukrainian war end by the end of 2025? In every bet, there has to be someone else betting against you When you say yes, Riyadh will win by 40% someone else has to accept betting against you by 60% And each question has a different liquidity, depending on how people are interested in it A question about the presidential elections, for example has a liquidity of 3.5 billion dollars Of course, the possibilities change with the increase in donations If, for example, Riyadh is issued before the end of the round and you don't want to wait You can sell your bet after the possibilities have increased for your benefit The poly market today has become so huge that people resort to general guidance For example, the site predicts Trump's victory and its percentage of winning on the site increased by 95% before any state announces its results Which created a huge market today that circulates monthly in billions and continues to grow",RELEVANT,INFORMATION
7580840601768250655,https://www.tiktok.com/@pvp_dot_trade/video/7580840601768250655,insane prediction markets trader makes $1m in a single day from insider trading ?? #futures #polymarket #kalshi #trading #fintok #tjr #investing ,2025-12-06T20:13:42.000Z,1069,84,470,23,42300,43,"futures, polymarket, kalshi, trading, fintok, tjr, investing",PVP.TRADE,65,False,US,polymarket ohio senate,"kalshi, polymarket","description, hashtags, transcript",YES,The craziest things just happened on Polymarket. One trader made a million dollars in a single day only from trading Google searches. Essentially this trader was predicting who would be the most searched person on Google this year. We have options like Bianconcins or Poplio and you can see their trades and then that profit over here. Here is where it gets a little weird. All the markets they're trading are Google markets. Google publishes the results early and 22 out of 23 predictions of theirs are correct which has led them to make a million dollars in a day. But this isn't the first lucky streak they have. They've also predicted the early release of Gemini and made 150k from it and Gemini is made by Google. So this is where sources and people from the internet say that it is definitely a Google insider because why do you know all this information and why is your hit rate so high?,RELEVANT,TRADING
7567411800707255582,https://www.tiktok.com/@wakeupwithlinda/video/7567411800707255582,"A socialist may be the next mayor of New York City 🚨 Polymarket predicts that Mamdani will be the next mayor of New York City.  If you’re in New York, what’s the mood like? Is there any hope for Cuomo??? Let me know in the comments #cuomo #mamdani #nyc #bigapple ",2025-10-31T15:43:01.000Z,166,23,11,38,2438,72,"cuomo, mamdani, nyc, bigapple",Wakeupwithlinda,3996,False,US,polymarket midterms,polymarket,"description, transcript",YES,"This is what it looks like when you walk inside of a government-owned supermarket in La Habana, Cuba. I know that because I've been there myself and seen that it's not a medicarean propaganda and they're actually starving the people. This is exactly what Mondami wants for New York City as he has already pitched the idea of having government-funded supermarkets. And I don't mean to alarm anybody, but the reality is that Mondami is favored to win the New York election next Tuesday. He has an 88% chance according to Polymarket. Yesterday there was a slight dip in the market with Andrew Cuomo surging, but it's nowhere near the chances that Mondami has. Unlike traditional polling, which in my opinion is not accurate at all, Polymarket is a decentralized prediction platform where people are actually putting their money where their mouth is and betting in real-world events. I can't believe that in 2025 we're actually supporting Andrew Cuomo because the odds are that a socialist is going to be the mayor of New York. So early voting already started. Please go out to vote for Andrew Cuomo and try to save New York City.",RELEVANT,INFORMATION
7436953271719169310,https://www.tiktok.com/@friendly.floridian/video/7436953271719169310,11/13/24 #fyp #polymarket #election #president #weird ,2024-11-14T02:17:04.000Z,155,17,15,15,3053,54,"fyp, polymarket, election, president, weird",FriendlyFloridian 🌴🇳🇴🇺🇸,30200,False,US,polymarket midterms,polymarket,"description, hashtags",YES,"Okay, so we're going to talk about this Polly Market thing, right? The FBI raided the CEO's home in New York early this morning because supposedly they were allowing U.S. citizens to bet on the presidential election. Polly Market is a betting site where you can bet on all sorts of random shit, but you can't bet on the American election if you're a U.S. citizen for obvious reasons, but they're accused of allowing citizens to bet on it anyway. They're also accused of wash trading, which is like some kind of market manipulation, but also someone, a user by the name of Theo out of France, opened like 11 different accounts leading up to the election and kept placing bets and won like $85 million. And I'm not spinning conspiracy theories. This is stuff that all happened. I'm just saying something feels off and it's a little fishy.",RELEVANT,INFORMATION
7618254830221462814,https://www.tiktok.com/@repcasar/video/7618254830221462814,"A single secret account made $500,000 off of betting precisely right when Trump would go to war with Iran. We have a corruption crisis in America, and new prediction markets are making it worse.  Today, @ChrisMurphyCT and I introduced a bill to crack down on this corruption.",2026-03-17T15:59:49.000Z,351,19,41,23,2032,144,,Congressman Greg Casar,163900,True,US,polymarket midterms,polymarket,transcript,YES,"This bill is about cracking down on one of the most dangerous new venues for government corruption, and that's in prediction markets. On the day before the Iran war, 150 accounts placed highly unusual bets on polymarket that the war would start the next day. 109 of those accounts made over $10,000 betting on the war. 16 made over $100,000, and one person made nearly half a million dollars. Half a million dollars from betting on the start of a war that has cost billions of taxpayer dollars, over a dozen lives of US service members, and countless more civilians. While working class kids were getting sent to fight and die in the Middle East, others were cashing in, and they either got very lucky, or they were privy to very secret inside information. I expect most Americans don't need a list of the reasons why this is wrong and dangerous, but let me give you just a few. We shouldn't live in a country where someone sitting in the situation room, making decisions about whether to invade or to bomb, decisions about war and peace, life and death, that those decisions could be driven by the fact that they have hundreds of thousands of dollars riding on the decision. We shouldn't live in a country where government officials or well-connected people can make money off of secret information that is supposed to be used in the public interest. And we shouldn't live in a country where a foreign power can guess what Donald Trump is going to do next by going to a betting market. While we don't know the names of the people who, with insider information, correctly bet on the Iran war, we do know that, like with basically every other corruption story in Washington, DC, that the Trump family is getting a cut. Donald Trump Jr. is an investor in PolyMarket, a paid advisor to Kelshi, and he's starting to work on TruthPredict, the Trump's very own corruption machine in prediction markets. Needless to say, I don't think this administration is going to be cracking down on this form of corruption anytime soon, since they're cashing in on it. For more UN videos visit www.un.org",RELEVANT,INFORMATION
7584696051219696914,https://www.tiktok.com/@bangkokbiznews/video/7584696051219696914,‘ค็อปแลน’ หนุ่ม 27 ปี ขึ้นเป็น ‘เศรษฐีพันล้าน’ ด้วยการทำนายอนาคต | กรุงเทพธุรกิจNEWS . เชย์น ค็อปแลน เจ้าของ Polymarket ชายที่มีชีวิตยิ่งกว่าหนัง เขาคยโดนกระทั่ง FBI บุกบ้าน แต่สุดท้าย เขาได้ไปนั่งโต๊ะเดียวกับ เจ้าของตลาดหุ้นนิวยอร์ก พร้อมได้เงินลงทุนกว่า 6 หมื่นล้านบาท . Announcer | Thananan Yoktham Editor | Parama Tangjarukij . #Polymarket #ค็อปแลน #เศรษฐีพันล้าน #กรุงเทพธุรกิจNEWS #กรุงเทพธุรกิจ #InsightForOpportunities #กรุงเทพธุรกิจWealth,2025-12-17T05:34:29.000Z,3672,378,607,43,76400,271,,กรุงเทพธุรกิจ,745100,True,TH,polymarket midterms,polymarket,"description, transcript",YES,"A 27-year-old man who became a billionaire by doing business. Shane Copeland is not a fortune teller, but he owns a platform called Polymarket. A man who has more life than his photos, even though he was once raped by the FBI. But in the end, he sits at the same table as the owner of New York Stock Exchange with more than 60,000,000 USD in investment. So, what is Polymarket? It's a platform that allows people to invest their money to predict what will happen in the future. It's not just about stocks or crypto, but it also includes daily life events, from election, sports, to global warming. So, if you guess it right, you'll get money. But if you guess it wrong, you'll lose money. It's not a normal mode, but it uses money as a indicator of credibility. So, what's good about it? The best thing about Polymarket is that it's very accurate. It uses the principle of Wisdom of the Cloud, which is a theory that believes that a large number of people are smarter and more accurate than a few experts in making decisions, predicting, or solving problems by using the knowledge and opinions of a large number of people. For example, the election of the president of the United States in 2024 Most analysts think that the winner will be Kamala Harris. But most people on Polymarket say that Trump will be the winner that time. And that time, Trump will be the winner of the election. This is like a mirror that reflects the perspective of the public. And sometimes, it's more accurate than the experts. But it's not a coincidence that Shane Copland has a million followers. Because Copland has been interested in the market since he was a kid. When he was 14, he sent an email to the executive board of the United States or SEC to ask how to create a new online market. When he was 16, he wanted to work at Tech. But at that time, no one answered him. So, he chose to go to that company by himself. That's a pretext that he will be fired or everyone will remember him. The point is that everyone can remember him. And he got an internship at that tech company. And he got a letter from the executive board to the university that said if he chooses to be a tech founder, his name will appear on the front page again. Copland dropped out of school in 2017. And he failed in the crypto project. In 2020, during the COVID-19 pandemic, the world was full of fake news. He saw this problem and created a poly market. Instead of arguing about what will happen, he asked for money to be deposited and released to the public to tell the truth. But his path was not smooth. Because in 2022, he was ordered by the executive board of the United States to pay 44 million baht. Because he thought that this was an online casino in the technology field, not a data system. At that peak, in 2024, he was searched by the FBI and was heavily attacked by the media. But Copland chose to take the risk instead of giving up. And the result of not giving up caused the government in the past 2025 to order a fair investigation. Unfortunately, Jeff Sprecher, CEO of Intercontinental Exchange, the parent company of the NYSE stock market, invited Copland to a dinner. The NYSE decided to invest in the poly market up to 6,400 million baht. From a young boy who was attacked by the FBI to become the most influential billionaire in Wall Street. Do you think the future of the stock market such as the poly market will be able to replace the old poll? Have you ever invested in the poly market? Please leave a comment. And if anyone has seen this clip, don't forget to follow the Bangkok Business page to support New and the team. You",RELEVANT,INFORMATION
7599640235655302408,https://www.tiktok.com/@thedailyfeed6/video/7599640235655302408,POLYMARKET WHITEBOARD on NYC asking to predict next president? #nyc #polymarket #fypシ ,2026-01-26T12:05:32.000Z,10,201,0,0,1871,16,"nyc, polymarket, fypシ",TheDailyFeed,468,False,JP,polymarket midterms,polymarket,"description, hashtags",YES,,RELEVANT,INFORMATION
7569803255912369463,https://www.tiktok.com/@informedwithanthony/video/7569803255912369463,"Just IN 🚨: Democrats chances of taking back the house in the midterms has skyrocketed to 70% odds, according to @polymarket . It’s also projected shutdown will go past mid-November. Why do you think that is? What can Republicans do to get back on track, especially with young voters who voted Democrat in this weeks elections? #polymarket ",2025-11-07T02:23:19.000Z,877,41,68,89,32500,144,polymarket,Anthony Cabassa,42700,False,US,polymarket midterms,polymarket,"description, hashtags, transcript",YES,"All right, ladies and gentlemen, it's looking like Republicans are in major trouble ahead of the 2026 midterm elections. This is poly market breaking. The odds of Democrats winning the house in the midterms have just soared past 70%. I know what you're thinking. Polls are just polls, but the poly market, it is not just any poll. It is a market where people put their money where their mouth is. If I remember correctly, if a poll reaches over 90%, it's almost basically guaranteed. Poly market was able to rightfully predict Mamdani would win New York City mayor, and now it's looking like Democrats will be winning house in midterm, soaring past a 70% margin. Now I know it's too early to tell. We've got a whole year. There's a lot Republicans can do to kind of salvage this. But why is it? Why do you guys think that it's looking like the Republicans are going to lose or are on track to lose by 2026? And that's not the only projection here. Poly market, everyone wants to know about the government shutdown. It's looking like the most probable thing that's going to happen is it's going to go past mid-November. It's not looking like it's going to end anytime soon according to this projection market. It's interesting, but I want to hear from you guys. Why do you guys think this is? Why is it that places like poly market, people are turning to it and saying, this is what I actually believe, and I'm willing to put money on it. You've got political analysts. It's basically polls are long gone. People are looking, I use it. I'm using it now as a way to really project the market here, the outcome, and it's not just politics, it's sports, it's almost anything. There's like a market for, will this happen before Grand Theft Auto 6 is happening? But anyways, I digress. Why do you guys think, or what can Republicans do before next year's midterm elections to win back these young voters, which many of them voted Democrat in the special elections just this week? I want to hear from you guys. Let me know in the comments down below what you guys think. I want to hear from you, and as always, hit that follow button for more breaking news.",RELEVANT,INFORMATION
7576794715899645191,https://www.tiktok.com/@thecoinzone/video/7576794715899645191,"Rate cut odds just hit 75 percent for December on  @kalshi That is not a small number.   If Powell actually follows through, we might be looking at a full-on Santa rally in crypto. Are you positioned for it? #fyp #cryptok #cryptonews #kalshi",2025-11-25T22:33:18.000Z,4,,0,0,170,29,"fyp, cryptok, cryptonews, kalshi",TheCoinZone,3405,False,US,kalshi odds,kalshi,"description, hashtags",YES,"75%. That's the current odds that we are getting another rate cut in December. Now, according to Calshi, that is a 50% spike from last week alone. As we know, TooLatePal just dropped the rates in October, and many are expecting him to do so again in December. With the current market conditions, I do think it makes sense for JeromePal to make that 25 basis point cut again. If he does, that would be super bullish for crypto. So stay tuned, guys. Follow us here at the Coin Zone, because Santa could come early and around the December-Christmas time frame, and crypto could jump if we get rate cuts.",RELEVANT,INFORMATION
7519614725710253326,https://www.tiktok.com/@toniloolie/video/7519614725710253326,I had no idea this website existed but I kind of love it?? #zohranmamdani #nycdemocraticprimary #nyc #newyork #democrat #progressive #dontrankcuomo #kalshi ,2025-06-24T20:26:15.000Z,638,11,15,27,12000,43,"zohranmamdani, nycdemocraticprimary, nyc, newyork, democrat, progressive, dontrankcuomo, kalshi",toniloolie,24700,False,US,kalshi odds,kalshi,"description, hashtags",YES,i've been following the new york city mayoral democratic primary for the last couple of weeks and zoran didn't really look like he had a chance until recently and his numbers have been soaring right now he looks like he's head to head with andrew cuomo and he might actually win he actually just pulled ahead and you can see all of this on this website called calshi exchange and i think they have some kind of billboard in manhattan and i've been seeing a lot of tiktoks about it but if you just go on the website you can see everything right here and you look 52 for zoran and look how big that gap was and he closed it he closed it and now he's edging out andrew cuomo did anybody else know about this you can actually bet on this website too so i don't know,RELEVANT,INFORMATION
7585139108272524564,https://www.tiktok.com/@swiftlyboutique/video/7585139108272524564,public events are measurable with kalshi #Kalshi #PredictionMarkets #MarketOdds #FinTok,2025-12-18T10:13:48.000Z,0,,0,0,96,46,"kalshi, predictionmarkets, marketodds, fintok",Ssynaaa,1731,False,PH,kalshi odds,kalshi,"description, hashtags",YES,"What did Barron do? Nah, I need the comb. So that's 19% but it's going down since the documentary. Oof. Wow. God damn. So that's another thing. If a doc makes him so radioactive, he can't get a pardon because it looks so bad on the person that's in power. Yeah. Ooh. And he's only got one crazy pardon to go. You know what I mean? It's either Diddy or Ghislaine. Yeah. You gotta go Ghislaine on that one. You really think he only has one pardon to go? I mean, in terms of crazy PR. Where's the political capital in giving a Diddy pardon? I think that should be zero, guys. He's been pardoning motherfuckers you don't even know who they are. The Asian dude, the crypto guy, he's like, I don't know who that is. Oh, the Binance dude? Yeah. Yeah. Like, that's crazy. That's a little wild. You can't pardon someone you don't know who they are. Yeah.",RELEVANT,INFORMATION
7529645525193198862,https://www.tiktok.com/@whatsnextpolitics/video/7529645525193198862,Way too early 2028 Dem Presidential Primary Odds We will keep you updated as the Kalshi market evolves #kalshi #politics #democrats ,2025-07-21T21:10:47.000Z,929,11,64,73,36900,64,"kalshi, politics, democrats",What’s Next,74,False,US,kalshi odds,kalshi,"description, hashtags",YES,"Who will the Democrats nominate for president in 2028? It's never too early to take a look. Here are the six candidates most likely to win based on Cauchy's prediction market. In sixth place, we have John Ossoff, senator from Georgia, age 38, currently serving his first term in the Senate, and he has a 6% chance. In fifth place, we have Wes Moore, the current governor of Maryland and former army captain, also pulling at a 6% chance. In fourth place, we have Josh Shapiro, the current governor of Pennsylvania, who was won by double digits in 2022. He's also at a 6% chance. In third place, we have Pete Buttigieg, past secretary of transportation and former mayor of South Bend, Indiana. He has a 10% chance. Second place, we have AOC, Alexandria Ocasio-Cortez, current congresswoman in New York, who's raised the most money of any member of Congress this year, and is at a 13% chance. And at first place, number one, is the current governor of California, Gavin Newsom, who is currently pulling at an 18% chance.",RELEVANT,INFORMATION
7432067728707521822,https://www.tiktok.com/@upcloseinsights_/video/7432067728707521822,Are we stupid?? #polymarket #2024election ,2024-10-31T22:18:43.000Z,3,,0,8,289,20,"polymarket, 2024election",upcloseinsights_,25,False,US,polymarket biden,polymarket,"description, hashtags",YES,"Did you see that Biden called a bunch of Americans stupid? I for sure thought this would have more of an impact on the election prediction numbers, but it still looks like Trump is at 61.7%, which hasn't shifted too much, whereas Harris is at 38.3%, and it's been rising. So I'm really curious to see how this plays out.",RELEVANT,INFORMATION
7449536078786071851,https://www.tiktok.com/@political.popcorn/video/7449536078786071851,#biden #polymarket ,2024-12-18T00:04:45.000Z,17,,0,4,803,11,"biden, polymarket",Political Popcorn,27,False,US,polymarket biden,polymarket,"description, hashtags, transcript",YES,"People in polymarket are betting if Biden will finish his term. With a 95% chance yes, I don't see why not. And he doesn't have that much time left in office. Is there any reason he wouldn't finish his term? Can someone fill me in here?",RELEVANT,INFORMATION
7509149713229221151,https://www.tiktok.com/@bettok_/video/7509149713229221151,Biden got @Polymarket worried with his prostate cancer.  #joebiden #presidentbiden #fyp #foryoupage #relateable #cancer #politicstiktok #polymarket #crypto ,2025-05-27T15:36:25.000Z,48,2,0,6,1042,27,"joebiden, presidentbiden, fyp, foryoupage, relateable, cancer, politicstiktok, polymarket, crypto",BetTok,6,False,US,polymarket biden,polymarket,"description, hashtags",YES,"A cancer scare for former President Joe Biden, the 46th president, was diagnosed Friday with prostate cancer that's metastasized to his bones, according to a statement from the former president's office. The statement says, quote, while this represents a more aggressive form of the disease, the cancer appears to be hormone sensitive, which allows for effective management, end quote. The 82 year old Biden and his family are reviewing treatment options with doctors. The statement concludes.",RELEVANT,INFORMATION
7436992730074533127,https://www.tiktok.com/@crypto_the_money/video/7436992730074533127,"Vào ngày 13 tháng 11, FBI đã đột kích nhà của CEO Polymarket, Shayne Coplan, tại New York, thu giữ các thiết bị điện tử của ông.  Polymarket mô tả vụ việc là “trả thù chính trị” từ chính quyền Biden, liên quan đến vai trò của nền tảng này trong các dự đoán bầu cử Mỹ.  Vụ đột kích không dẫn đến bắt giữ và đã dấy lên nhiều thuyết âm mưu về động cơ chính trị đằng sau hành động của FBI. @Airdrop_the_money 📰 #tiktokviral #polymarket ",2024-11-14T04:50:09.000Z,5,,1,1,306,,"tiktokviral, polymarket",crypto_the_money,69,False,VN,polymarket biden,polymarket,"description, hashtags",YES,(*upbeat music plays*),RELEVANT,INFORMATION
7615754286860963095,https://www.tiktok.com/@ben.bida19/video/7615754286860963095,The odds of a full Democratic sweep on Polymarket have skyrocketed to 44%!,2026-03-10T22:16:20.000Z,4,,0,0,81,,,Ben bida,1211,False,GB,polymarket biden,polymarket,description,YES,♪♪ ♪♪ ♪♪ ♪♪ ♪♪ ♪♪ ♪♪ ♪♪ ♪♪,RELEVANT,INFORMATION
7437173059305606446,https://www.tiktok.com/@ryan_shead/video/7437173059305606446,This polymarket guy is in spme trouble. #fyp #greenscreen #america #news #ryanarmy ,2024-11-14T16:29:58.000Z,565,13,22,21,2828,100,"fyp, greenscreen, america, news, ryanarmy",RyanShead,119400,False,US,polymarket biden,polymarket,description,YES,"So, if you were on social media for the last few months, then you probably saw posts about Polly Market and people betting on the presidential election. And if so, then you probably know who Shane Copland is. Oh, his home was raided by the FBI yesterday. So he wasn't arrested, but they did raid his home and take all of his electronics. It turns out that Polly Market isn't supposed to be doing any betting in the United States, and they think that they were. And it also turns out that Polly Market is being investigated in France because they don't think that it's abiding by their laws as well. The most interesting part for me is that one of the biggest pushers of Polly Market was Elon Musk. Here, they're all talking about Biden dropping out of the race, talking about Pennsylvania and Michigan. Elon Musk said, cool. And then when Polly Market posted this, Elon Musk said it was inevitable. If he means inevitable by it was purchased, so of course they won, then yeah, inevitable. When you're handing out million dollar checks every day for support, and you're handing out $100 for signatures on petitions, yeah, no wonder you won. I mean, I can't be the only one that found it interesting that Donald Trump got really quiet about election fraud when he started winning. But prior to that, he was already setting up election fraud claims for Georgia and Pennsylvania so that if he lost, they had something to go off of. So, you know. Now, even though I don't feel comfortable pushing election fraud claims on my platform yet, this definitely does raise a few eyebrows. But let's see where it goes. If the current DOJ is any indication, it'll be nowhere.",RELEVANT,INFORMATION
7436953443568323882,https://www.tiktok.com/@mardoclips/video/7436953443568323882,Polymarket Ceo Raided by the FBI!! #DidYouKnow #TiktokHumanitiesCampaign ,2024-11-14T02:17:42.000Z,87,9,7,4,3145,80,"didyouknow, tiktokhumanitiescampaign",DO,21800,False,CA,polymarket biden,polymarket,description,YES,"The FBI just raided this man's home for predicting the outcome of the election correctly. So this 26-year-old entrepreneur founded this betting company called ParliMarket. If you don't know what ParliMarket is, it's a platform where users can bet on elections, wars, sports, etc. Elections betting was legalized in the U.S. recently, but ParliMarket had to restrict access to Americans since 2022 because the CFTC accused them of fraud. Now, despite access being restricted to Americans, users on the platform were able to predict correctly that Donald Trump would win when majority of the mainstream media had it wrong. They even predicted correctly that Joe Biden would drop out of the race. Now, the people are spending and making insane amounts of money on ParliMarket. One guy, whom they are now calling the Trump whale, profited over $85 million on the Trump win. And guess what? He's not even American. He's French. Now, some people are associating this with Peter Thiel, who is one of the largest investors in ParliMarket and who is also a big Trump and J.D. Vance supporter. Other people are saying that this is retaliation of the Biden administration against ParliMarket only because they were right when everyone else was wrong. That's bullshit. What do you think?",RELEVANT,INFORMATION
7452199889120857387,https://www.tiktok.com/@political.popcorn/video/7452199889120857387,#biden #trump #polymarket,2024-12-25T04:21:40.000Z,10,,0,4,346,14,"biden, trump, polymarket",Political Popcorn,27,False,US,polymarket biden,polymarket,"description, hashtags",YES,Polly market is kind of wild for this. People are betting on who Biden will pardon. 5% say Trump. Who is betting their money on this? Someone please explain this to me in the comments. Why would he pardon Trump?,RELEVANT,INFORMATION
7450922233045814571,https://www.tiktok.com/@political.popcorn/video/7450922233045814571,#polymarket ,2024-12-21T17:43:44.000Z,64,,7,8,5632,15,polymarket,Political Popcorn,27,False,US,polymarket biden,polymarket,"description, hashtags, transcript",YES,"It's a tough day if you made this bet. Polymarket says there's a 99% chance that the U.S. government will shut down. After two failed attempts this week, Senate finally passed a stopgap funding bill. By a Christmas miracle, the government is not shutting down. What do you think about this?",RELEVANT,INFORMATION
7437680735051369770,https://www.tiktok.com/@thehomelessnurse/video/7437680735051369770,"The Federal Bureau of Investigation seized the phone of the founder and chief executive of Polymarket, the  crypto-based prediction market that was a popular platform for bets on the U.S. presidential election, a person familiar with the matter said. #biden #fbi #news #trending #elite #abuseofpower",2024-11-16T01:19:58.000Z,86,4,14,11,6446,,"biden, fbi, news, trending, elite, abuseofpower",The Homeless Nurse,3153,False,US,polymarket biden,polymarket,description,YES,You,RELEVANT,INFORMATION
7451467855662452014,https://www.tiktok.com/@trending_with_ty/video/7451467855662452014,Is the US gov going to be shut down?!? #us #shutdown #polymarket ,2024-12-23T05:01:01.000Z,15,1,4,7,1549,37,"us, shutdown, polymarket",trending_with_ty,2727,False,US,polymarket biden,polymarket,"description, hashtags, transcript",YES,"Okay, so I was scrolling around and finding the things that the most people are betting on on poly market And this is one of them almost 25 billion dollars is going into will the US government be shut down Apparently there's a 99% Chance. Okay, that's that's this close to being a hundred. Okay, so this got me thinking very interesting So I scrolled down and I was like, okay. What is this? What does this mean? Okay, what? Walk me through this poly market. So apparently it goes through outcome proposed Disputed outcome proposed disputed and a final review you have I believe at this point now Less than a day left to go put money on this. So check it out. Go see it now",RELEVANT,INFORMATION
7451337778144546091,https://www.tiktok.com/@upcloseinsights_/video/7451337778144546091,Hot take? #polymarket #abortionban,2024-12-22T20:36:15.000Z,1,,0,4,520,16,"polymarket, abortionban",upcloseinsights_,25,False,US,polymarket biden,polymarket,"description, hashtags",YES,"As much as I hate abortion and think there should be a national ban, do we think that Trump is going to implement that? There's only a 9% chance based on this market. Bets are saying this likely won't happen. Honestly, I think the same. The top holder here has made $237 profit off of this market.",RELEVANT,INFORMATION
7394391502778092801,https://www.tiktok.com/@trantriluxury/video/7394391502778092801,💸😃😗😳😔 Một trader mất 2 triệu USD vì đặt cược Joe Biden thắng cử tổng thống Mỹ! Vào ngày 22/07. một trader trên Polymarket đã mất khoảng 2 triệu USD sau khi ông Joe Biden thông báo rút lui khỏi cuộc tranh cử năm 2024. Hãy cùng TradeCoinVN cập nhật các diễn biến mới nhất về cuộc bầu cử Mỹ bạn nhé!,2024-07-22T09:35:46.000Z,2,,0,0,524,,,TRẦN CHÍ LUXURY,2369,False,VN,polymarket biden,polymarket,description,YES,🎵 🎵 🎵,RELEVANT,INFORMATION
7595288800671075607,https://www.tiktok.com/@aupatraders/video/7595288800671075607,Abonne toi 😁 @aupatraders Polymarket est super utile pour trader les marchés ! #trading #business #reels #argent #motivation #mindset #entrepreneur #argentenligne #money #ecommerce,2026-01-14T18:39:45.000Z,1057,220,663,12,35000,30,"trading, business, reels, argent, motivation, mindset, entrepreneur, argentenligne, money, ecommerce",Aupa Traders,69300,False,FR,polymarket biden,polymarket,"description, transcript",YES,"For traders, I'd say it's essential. Here we're on Polymarket, it's a site where you'll see all the probabilities of things happening in the world. Like, the probability that Donald Trump will get killed in 2026, well, that probability exists in Polymarket. And so, when you're a trader, your goal is to try to predict things, and in fact, you have stats of absolutely everything. So it's really super interesting. Like, if you click, for example, on Trump here, or if you put, like, the Federal Reserve in the searches, you can see, for example, you have all the rates for January, for March, will the Fed go down, will it keep its rates? And I used it recently, and it just became the basis of my trading in 2025. So 2026, it's really going to be a big site to look at for traders.",RELEVANT,TRADING
7609755702982233366,https://www.tiktok.com/@roroelguapo/video/7609755702982233366,Les marchés de prédictions seront la norme d’ici quelques années. Apprenez à comprendre comment ils fonctionnent et comment en tirer profit. #futarchie #polymarket #politique #france ,2026-02-22T18:18:43.000Z,5251,376,1247,39,91000,120,"futarchie, polymarket, politique, france",roroelguapo,405200,False,FR,polymarket vance,polymarket,"description, hashtags",YES,"Polly Marquette was banned in France after a Frenchman won 85 million dollars by betting on Trump's victory in the presidential elections. And this guy understood something that no one had understood yet, it's that the polls in the media were right in 70% of the time, they were giving a super tight fight, 50-50, between Trump and Kamala Harris, while the prediction markets, themselves, were right in 95% of the time, and were giving Trump a wide advantage. But then, why is there such a gap? Well, it's very simple, from the moment you put your nose in it, well, you tell less bullshit right away. And so, there's an economist named Robin Henson who asked himself a crazy question, he said to himself, well, wouldn't we integrate the prediction markets to govern a country? Since they're always right. This principle is called the Futarchy, and you'll probably hear about it in 5-10 years. The Futarchy's principle is simple, citizens must vote for big political decisions. Let's say, increase purchasing power or reduce public debt. If people vote to increase purchasing power, the government, at that moment, will propose a law. So, let's say, increase the SMIC to 2,000 euros. At that moment, you have a prediction market that opens, with a very simple question, will the median purchasing power of a Frenchman increase in 3 years if the SMIC goes to 2,000 euros? People will vote for yes or for no. If there's more yes, the law will pass, if not, it will be rejected. And now, you're probably thinking that it's never going to work, because people will vote for their own interests, but if you have a SMICer who votes yes just because he thinks he'll be richer with a SMIC at 2,000 euros, but the reality is that all the bosses will fire you, that there will be more unemployment, that tasks will be automated, and that, in the end, purchasing power won't increase, well, people who will have voted yes will just lose money. With time, they'll just learn one thing, it's that in the prediction markets, we don't vote for what we want, but for what will work. And that's why, with the Futarchy, we can't manipulate political decisions anymore. And if you tell yourself that you'll never do anything against a billionaire who absolutely has to pass a law even if it's crap, well, he'll just have to put millions of euros on it. If it's totally stupid, well, everyone will vote for the opposite. And in the end, this billionaire, by putting a lot of money on a totally stupid event, he'll just increase the cost of a super probable event. So in the end, if it doesn't work, because it's logical, people will just take their money. So it makes all political decisions extremely difficult to manipulate. So the question to ask ourselves today is, would the prediction markets, and therefore collective intelligence, make better political decisions than our politicians?",RELEVANT,TRADING
7528869968469855510,https://www.tiktok.com/@magatrux1/video/7528869968469855510,"🚨 BREAKING: According to Polymarket, Vice President J.D. Vance is currently seen as the leading contender for the 2028 U.S. presidential race. Would you support his candidacy?  #BreakingNews #jdvance ",2025-07-19T19:00:44.000Z,178,4,7,75,5815,9,"breakingnews, jdvance",Maga TruX,1067,False,US,polymarket vance,polymarket,description,YES,,RELEVANT,INFORMATION
7578686112223284494,https://www.tiktok.com/@60minutes/video/7578686112223284494,"One of Polymarket’s biggest bettors, Domer, wagered on who would be Donald Trump’s running mate. He started betting on J.D. Vance five months before he was selected, when Polymarket gave Vance only a 2% chance. He tells 60 Minutes his strategy. “Buried in one of the articles for why he picked Mike Pence is that Mike Pence had a one-syllable name, and Trump has a one-syllable name, and Trump is very into marketing. And so I was looking at the names, and I was like, ‘Who is one syllable?’ And not only is Vance one syllable, he's only two letters off of Pence,” explains Domer. He won $250,000 when Vance was selected.  #predictionmarket #polymarket #forecasting #jdvance #vicepresident ",2025-12-01T00:53:12.000Z,84100,5626,3553,363,1700000,33,"predictionmarket, polymarket, forecasting, jdvance, vicepresident",60 Minutes,3200000,True,US,polymarket vance,polymarket,"description, hashtags",YES,"What did you see that made you think, oh, he might pick J.D. Vance? So that goes back to 2016, when he picked Mike Pence. And buried in one of the articles for why he picked Mike Pence is that Mike Pence had a one-syllable name. And Trump has a one-syllable name. And Trump is very into marketing. And so I was looking at the names, and I was like, who's one-syllable? And not only is Vance one-syllable, he's only two letters off of Pence. So you bet $4,000, and you ended up winning $250,000? Yes. Yeah. It's a smart play. It is. Good bet. Yeah.",RELEVANT,TRADING
7558973747076599070,https://www.tiktok.com/@cyber_warrior76/video/7558973747076599070,"JD Vance leads the 2028 U.S. Presidential betting markets at 28%, followed by Gavin Newsom at 23%. AOC, The Rock, Marco Rubio, and Andy Beshear trail far behind. Data reflects prediction market sentiment, not polls — but momentum is clear: the map’s changing fast. #polymarket ",2025-10-08T21:58:54.000Z,37,1,1,9,8896,43,polymarket,Cyber News Network,66500,False,US,polymarket vance,polymarket,"description, hashtags, transcript",YES,"So, the 2028 race just got real. J.D. Vance is leading the prediction markets on poly market at 28%, overtaking every major name in the game. Gavin Newsom right behind 23%, climbing fast after a recent surge in media coverage. AOC sits at 7%, while Dwayne, the Rock Johnson, has muscled his way up into 5%, up one point. The rest, Rubio at four, Beshear at three, barely moving the needle. But here's the catch, look at the gold line. J.D. Vance has been trending up all month, while the blue and orange trails show the opposition stalling. 2028 isn't going to be politics as usual. This looks like the beginning of a major power shift. So, again, this is all prediction markets here, out of the poly market, just something interesting to show. Love to get everybody's thoughts on this.",RELEVANT,INFORMATION
7542563134054092063,https://www.tiktok.com/@nowtalkaboutit/video/7542563134054092063,JD Vance will become President in 2028 #jdvance #fyp #Polymarket #greenscreen ,2025-08-25T16:37:35.000Z,8,1,0,1,432,57,"jdvance, fyp, polymarket, greenscreen",nowtalkaboutit,241,False,US,polymarket vance,polymarket,"description, hashtags",YES,"It seems like we already know who will be our president in 2028 according to poli markets with 50% chance of being a president is Alexander Cortez with 20% chance of being the president on 2028 we have Gavin Newsom and the number one according to poli market our President will be the one and only JD Vance with 25% What's your opinion on this if you didn't know poli market pretty much is it's just you're betting pretty much People bet on what they think and what they're behind. So let me know in the comments What do you think and do you think JD Vance have a chance to be a president of? 2028 of the United States, let's say",RELEVANT,INFORMATION
7543220153912265985,https://www.tiktok.com/@tcxcapital/video/7543220153912265985,Con trai cả ông Trump rót vốn và làm cố vấn cho Polymarket #tcxcapital #crypto #polymarket,2025-08-27T11:06:58.000Z,1031,36,108,3,113500,21,"tcxcapital, crypto, polymarket",TCX CAPITAL,3261,False,VN,polymarket vance,polymarket,"description, hashtags, transcript",YES,"His son-in-law, Tram Vuoc, has made crypto and finance move when he poured tens of millions of dollars into Polymarket and sat down to advise. This is a platform that was once banned in the US, is now suddenly legal again, backed by both money and politics. This return not only pushed Polymarket against Coinbase, Robinhood, but also turned Predicton Market into a new battlefield between finance, crypto and politics, just as the US election heat is boiling.",RELEVANT,INFORMATION
7528880021864221965,https://www.tiktok.com/@mytaketoday1/video/7528880021864221965,Polymarket has JD Vance as the favorite to be president in 2028... ,2025-07-19T19:40:17.000Z,32,1,1,29,958,207,,mytaketoday,402,False,US,polymarket vance,polymarket,"description, transcript",YES,"So, Polymarket came out with betting odds that JD Vance will win the presidency in 2028. I mean, what are we doing here, man? Why can't we just find someone who's just righteous, someone who's like, this goes for both sides too, damn it, and Republican, why can't we find someone who doesn't have a ton of baggage or is linked to some crazy ideology like JD Vance, man? This is totally insane. I don't understand, what the heck, bro. JD Vance is super dangerous, I don't know if you know, he's pretty much the lackey of Peter Thiel, and Peter Thiel is one of the most, how do I put this politically correct? Let's just say he's not the best person in the world, and that's a far stretch. Obviously, all the things with Palantir and spying on people, and a lot of people didn't like that. JD Vance is directly linked with that, and also, I mean, he just reeks of evilness, bro. I mean, come on, dude, let's look at this clip of him talking about how peace and safety is something of the Antichrist, and yeah, we shouldn't have peace and safety then? I don't know. What is his point? What is going on here? You're an investor in AI, you're deeply invested in Palantir, in military technology, in technologies of surveillance, in technologies of warfare, and so on, right? And it just seems to me that when you tell me a story about the Antichrist coming to power and using the fear of technological change to sort of impose order on the world, I feel like that Antichrist would maybe be using the tools that you were building, right? Wouldn't the Antichrist be like, great, we're not gonna have any more technological progress, but I really like what Palantir has done so far, right? Isn't that a concern? Wouldn't that be the irony of history, would be that the man publicly worrying about the Antichrist accidentally hastens his or her arrival? Look, there are all these different scenarios. I obviously don't think that that's what I'm doing. I mean, to be clear, I don't think that's what you're doing either. I'm just interested in how you get to a world willing to submit to permanent authoritarian rule. Will, but again, there are these different gradations of this we can describe, but is this so preposterous, what I've just told you, as a broad account of the stagnation, that the entire world has submitted for 50 years to peace and safetyism? This is 1 Thessalonians 5.3, the slogan of the Antichrist is peace and safety, and we've submitted... Not to mention that both of these dudes pretty much are techno-feudalists, and they learned all they had wanted to learn from Curtis Yarvin, this loser who felt like he was left out, so he just wanted to make a techno-feudal state. We can't afford any more degradation to this country, man. I don't know if you know what a techno-feudal state is, but basically corporations own cities, and you work for the corporation and not the government. It's a form of techno-libertarianism. It's ridiculous. It's disgusting. And you're basically under the yoke of some form of corporation, similar to when they had company towns back in the day. You get paid in their currency, and really you're not going to be able to leave. It's terrible, bro. Anyways, that's who we want as Americans to be the next President of the United States.",RELEVANT,INFORMATION
7603850941065989396,https://www.tiktok.com/@methods427/video/7603850941065989396,#Kalshi9061,2026-02-06T20:25:20.000Z,11,,0,0,531,74,kalshi9061,Methods,2,False,NZ,kalshi election,kalshi,"description, hashtags, transcript",YES,"Kalshi made $14.5 million from the 2024 presidential election. Essentially how Kalshi works is it lets you buy a $1 contract that executes if a binary event happens. And then they set the price of the $1 contract to make it so everyone who thinks one of the binary options will happen will account for the payment to everyone who thinks the other option will happen. Meaning that the cost to say yes or no to an option will always equal $1. And this is all to say that Kalshi doesn't make money when you lose a bet. All their money just goes to the people who bet on the other binary outcome to happen. Instead, Kalshi takes a two cent fee on every $1 contract and they also made $9.6 million from non-presidential election based contracts. Bring them to $24 million where they paid their 224 full-time employees $8 million collectively where most of their payments are obviously in stock options. They spent $6 million on servers, only $4 million on marketing, which is remarkable due to their grassroots free marketing strategy. Where with $2 million in legal costs, $2 million to their admin and overhead, they're left with $2 million left over. I hope this made sense and follow for more.",RELEVANT,INFORMATION
7573754101075315999,https://www.tiktok.com/@cbssundaymorning/video/7573754101075315999,"The prediction market Kalshi, where people can place wagers on their interests, called the 2024 election well before TV networks did: ""It was crazy."" As prediction markets expand, they're coming under the scrutiny of some state regulators and attorneys general.",2025-11-17T17:54:25.000Z,1810,110,334,34,100300,34,,CBS Sunday Morning,832000,True,US,kalshi election,kalshi,description,YES,"Tariq Mansoor and Luana Lopez Lara are former Wall Street traders turned co-founders of Kelshi. People can make money on what they know, actually monetize their knowledge, monetize their hobby because everyone's an expert on something. Kelshi made a name for itself in the 2024 election. Just over one week away from election day and the race is neck and neck. It looked close, unless you were keeping an eye on Kelshi, which called the race well before the TV networks did. It was like Kelshi, then Fox, then CNN. How did that feel? It was crazy.",RELEVANT,INFORMATION
7562615516456570143,https://www.tiktok.com/@podcasthighlight2/video/7562615516456570143,Kalshi CEO explains how Kalshi went MEGA VIRAL when the Election took place 😳 #kalshi #fyp ,2025-10-18T17:30:51.000Z,8,,2,0,765,26,"kalshi, fyp",Podcast Highlights,32400,False,US,kalshi election,kalshi,"description, hashtags",YES,"And if you structure that market and people get paid $1 if it does and $0 if not, then effectively the price at which it's trading, let's say that people are buying at $0.50, is actually the forecast, the probability, the chance that this event happens. And so we got really excited about this idea because one, if you could build that, it should in theory be one of, if not the largest financial market, because it's the broadest, it's capturing the largest universe of things.",RELEVANT,TRADING
7595993113143889182,https://www.tiktok.com/@cbsmornings/video/7595993113143889182,"Luana Lopes Lara is the youngest self-made female billionaire at age 29, according to Forbes Magazine. She co-founded Kalshi, the first federally-regulated exchange dedicated to trading on the outcome of future events, like when a musician might release a new album to which candidate will win an election. Lopes Lara told CBS Mornings why she’s passionate about “giving an opportunity for people to make money on what they know” and breaks down some of the safeguards she says are in place to try to prevent insider trading. #kalshi ",2026-01-16T16:13:12.000Z,9191,980,1098,232,280400,490,kalshi,CBS Mornings,3800000,True,US,kalshi election,kalshi,"description, hashtags, transcript",YES,"The youngest self-made female billionaire, according to Forbes magazine. At just 29 years old, Luana Lopez-Lara dethroned scale AI co-founder Lucy Guo, who had recently taken the title from Taylor Swift, and co-founded her startup, Kalshi, with MIT classmate Tarek Mansour in 2018. Kalshi is the first federally regulated exchange dedicated to trading on the outcome of future events. You can signify yes or no contracts on a range of topics, from, for example, who's going to win an election, to who will be a bridesmaid at Taylor Swift's wedding. You can also trade on which team will become Super Bowl champions, or who's going to be named Best New Artist at the Grammys. Kalshi has raised $1 billion in funding last year, valuing the company at $11 billion. Luana Lopez-Lara joins us now. Welcome. Thank you so much for having me. And congratulations to all of your successes. Thank you so much. I appreciate it. All right. So let me ask you this. You've argued that Kalshi is closer to a stock market than a gambling platform, because it offers price discovery on real-world events. But unlike stocks, these contracts don't represent ownership. They don't represent cash flows or any kind of productive enterprise. They're basically purely paying out on an outcome. So when does that price discovery, I guess, become a semantic distinction, rather than a meaningful economic one? That is a great question. For us, the very important thing about financial markets in general is about, as you said, pricing the future in a better way, but also giving opportunity for people to make money on what they know and what their passions are. And there's a lot of different financial structures, right? Options, swaps, futures that operate in a lot of different ways. But for us, the important thing is to have better unbiased information about the future and allow folks like one of our biggest users is an Ariana Grande super fan. And he actually turned a passion for music and music charts to be able to pay back student loans, buy a car, put himself through a master's degree. It's just way more people know about a lot of different things than just picking stocks. And it's important to expand what people know. But why then shouldn't regulators view that as sophisticated wagering rather than an investment? Well, because the fundamental structure of it is like a stock market. We don't actually make money when people lose. We are not incentivized to make people lose. We're not a house. We are just matching people with different opinions. So if someone thinks, you know, one person will win the election and someone else thinks someone else will win the election, they're able to trade on that and we get better information and they can make money on what they know. But is there concern if there is, you know, you're not going to influence necessarily the presidential election, but if there's a local city council election, somebody who is placing a bet, right, that Vlad's going to win, I can go out and I can tell a lot of people to vote for Vlad. I could maybe pay people to vote for Vlad. Are you worried that people might do things illegally to influence the market or even morally wrong to influence the market? For us, that's why when we started the company, the most important thing for us was building a safe and regulated platform. So it took three years before launching a single product, working with regulators in D.C. to build a platform that was going to be safe and not ripe for manipulation. And we launched the platform and we're seeing we have a lot of different from trade prohibitions to a lot of market surveillance. We know every single person trading on the platform and their activity. So it's a safe place the same way the stock market is. But the stock market is not necessarily a safe place, right? There's insider trading in the stock market. How do you guys how do you stop that from happening on your market? Especially where there are areas where there are a small number of people who may have advanced non-public knowledge, court rulings, regulatory decisions, moves that are happening geopolitically, for example, with the removal of the announced dictator. Right. To differentiate like what happened, for example, with Maduro, that happened in an offshore unregulated platform that would not happen on Kaohsiung because of a regulatory and safe free markets. And the important thing about the rules and how we actually enforce those rules and they happen in a very similar way to the stock market, of course, we can guarantee it's impossible for it to happen. But with the regulators and with D.C., we're able to to make sure it's a safe place for people to to trade and be able to make money and capitalize on what they know. N.C.A. president Charlie Baker is concerned about the integrity of the game. So the well-being of these student athletes, you know, specifically when it comes to betting on whether these athletes jump into the portal and in this portal window and in NCAA football, it was the most student athletes ever. Is Kaohsiung going to get into that space of allowing people to place wagers on athletes jumping into the portal to transfer for us in terms of every single league and every single sport or other markets is very important to have an open dialogue with with everyone. We're all on the same side. We want to have a very safe platform where people can come and get information about the future and trade. And so do the leagues. They also want that. And with us, we're very excited about working with them collaboratively on that. Of course, there are markets that we don't offer, for example, war, terrorism, assassination markets you never find on Kaohsiung. But for us, it's about having an open dialogue with a lot of different stakeholders and finding out what's best for America. You know, this is fascinating because we're all kind of touching on the same thing. I believe even though intentions may be pure, human nature is to meddle in things if they feel like they can change the outcome of it. So, you know, we talked about the portal. I have two sons that play college football, and I knew that I knew during the season that they were going to transfer. They weren't happy with the team, the coaches, and they wanted a new start. What would stop me in September from placing a wager in December that my two sons are going to jump in a portal knowing that I have that inside information? Right. That would constitute market manipulation and trading on insider information. That's illegal. You would be you could potentially go to jail. A lot of bad things would happen the exact same way it would happen if you have information about a Facebook or. And you guys have regulations of someone that would report me. Exactly. And we have on Kaohsiung. Exactly. We have every single when you sign up to the platform, we know your name. We know your address, know where you work, all of that information. We have a compliance team internally that runs investigations. And then, of course, every single trade on the platform is reported to regulators and they can also investigate on their end and bring up whatever. So as you know, during a fast moving crisis, for example, information is very fragmented. Rumors can move prices and official confirmations of what has actually happened can take hours. So are you and on Kaohsiung, those markets moves can be very dramatic. Those swings. How do you prevent your platform from incentivizing, I guess, rumor driven trading or even manipulation during emergencies when the difference between being informed and and being reckless is kind of thin? Right. It's a very important distinction to be made that having data about what's happening in real time is actually very important. So, for example, if you look at an election night, Kaohsiung prediction markets are able to tell you what's what's happening a lot faster. So, for example, 2024 election, I think it took less than one hour after polls closed for us to see Trump really, really spiking in the markets. So you actually get access to way faster information, which is very, very, very good. I think one of the most interesting things about this platform is all of the things you can bet on. Like you mentioned Ariana Grande and it kind of democratized a little bit like the markets. Right. You don't have to be an expert in stocks to make money in this market. What's the craziest topic? Some of them that you've seen on Kaohsiung. Wow. We have a lot, a lot of different ones. Some are very I'm like I'd really like pop culture. So I follow a lot of the Taylor Swift and, you know, Harry Styles now his new album. I'm looking at all the markets on who's going to be a collaborator. Apparently, he's going to release a new song, according to the markets, 80 percent chance the next two weeks. So I really follow that side instead of looking at Instagram and what's going to happen. Do you place bets yourself? We can't. So part of being regulated is that any employee like no employee can trade because of conflict of interest, of course. But but I'm like always looking at the data. The one bet that you placed on yourself, yourself, it out. Congratulations. Amazing. Thank you so much for joining us. Luana Lopez. Lara said that correctly. Yes, you did. That was perfect. I like how you also slipped into that. Correct. It's got a real sexy right there.",RELEVANT,INFORMATION
7432883384487120133,https://www.tiktok.com/@angelabelcamino1/video/7432883384487120133,OMG!!! Kamala Harris and Donald Trump are now TIED on Kalshi!  What’s happening here?,2024-11-03T03:03:55.000Z,2,,0,1,475,,,angelabelcamino,932,False,NG,kalshi election,kalshi,description,YES,,RELEVANT,INFORMATION
7579440232509033742,https://www.tiktok.com/@theofficertatum/video/7579440232509033742,Stop following the fake news polls and follow Kalshi’s real time prediction markets that help everyday Americans get a clear picture of what’s going on. #fyp #fy ,2025-12-03T01:39:41.000Z,120,,7,1,4297,46,"fyp, fy",Officer Tatum Store,1600000,True,US,kalshi election,kalshi,description,YES,"Since the beginning, we've tried to understand what comes next. We predicted. We argued. We believed. But for the first time, belief has structure. Conviction has value. Outcomes are priced. Because the future was never meant to be a mystery. It was meant to be a market.",RELEVANT,INFORMATION
7564490599647235358,https://www.tiktok.com/@podcasthighlight3/video/7564490599647235358,Owner of Kalshi EXPLAINS how he picked his $3M Lawyer to SUE the CTFC for not letting Kalshi bet on Elections 😳👀 #kalshi #fyp ,2025-10-23T18:47:06.000Z,14,,0,0,498,25,"kalshi, fyp",podcasthighlight3,16800,False,US,kalshi election,kalshi,"description, hashtags",YES,"Because the lawyer, so the lawyer, Yakov Roth, he's like this legend. The reason we picked this lawyer, we interviewed everybody, all the fancy, but this guy came to the office at the end of 23 to pitch us that we should go with Jones Day for it. And man, like this guy, I've never seen someone as passionate with putting, like reigning in the federal government. Nice, let's go. And I was like, I think this guy will be the best. Hell yeah, Yakov. Yeah, yeah, yeah. All right, good.",RELEVANT,INFORMATION
7618590439184059662,https://www.tiktok.com/@nbcnews/video/7618590439184059662,"Arizona prosecutors filed criminal charges against the prediction market Kalshi on Monday, accusing it of running an illegal gambling outfit in the state.",2026-03-18T14:00:00.000Z,168,12,16,12,13900,23,,nbcnews,11100000,True,US,kalshi election,kalshi,description,YES,"Arizona's Attorney General filing criminal charges against prediction market Kelshi. The state accuses the company of running an illegal gambling business without a license. The filing also mentions that taking bets on elections violates state law. In a statement to NBC News, Kelshi says the charges are based on quote paper thin arguments and the company is subject to federal jurisdiction.",RELEVANT,INFORMATION
7564486683270401310,https://www.tiktok.com/@podcasthighlight3/video/7564486683270401310,Owner of Kalshi EXPLAINS the day he sued the CFTC & WON for not letting him Bet Money on Elections 😳🏆 #kalshi #fyp ,2025-10-23T18:31:57.000Z,19,,2,0,540,27,"kalshi, fyp",podcasthighlight3,16800,False,US,kalshi election,kalshi,"description, hashtags",YES,"whatever happens. And so we ended up suing. I didn't sleep three weeks before filing the lawsuit. And then the day I filed the lawsuit, I like went to sleep pretty well. He's like, no, I don't see what happened. But that I think was maybe one of the most- Big turning point. And then the district court ruled in your favor. Yes. Yeah, yeah, which was a glorious day. I mean, that was the craziest day. That was the craziest. I mean, it was like that day we knew it was like, okay, this is going to- Were you at the office? Yeah. Yeah.",RELEVANT,INFORMATION
7564515556141927693,https://www.tiktok.com/@whatsnextpolitics/video/7564515556141927693,Who will control the Senate in 2026? #politics #kalshi ,2025-10-23T20:24:04.000Z,105,,8,9,4488,50,"politics, kalshi",What’s Next,74,False,US,kalshi election,kalshi,"description, hashtags",YES,"The Senate is up for grabs next year, and according to Calhie's prediction market, the Republicans have a 69% chance of holding on to power. Here are the three seats Democrats have a chance to flip in 2026. Don't forget to follow our channel to stay up to date on any changes in the market. On the list, at number one, Maine is going to have a tight general election and a tight primary for the Democrats. The Democratic primary will most likely come down to oyster farmer Graham Platner and the current governor of Maine, Janet Mills. As for the general election, the Dems currently have a 59% chance of beating Susan Collins and flipping the seat. At number two, Texas could be interesting. The Republicans have a commanding 82% chance of holding the seat, but Texas State Representative James Tallarico has come out of nowhere and is now the favorite to be the Democratic candidate. At number three, last but not least, we have Iowa. Republican Joni Ernst has a 73% chance of holding her seat, but it's looking like she will have to face either Zach Walls or Josh Church.",RELEVANT,INFORMATION
7433783192873717038,https://www.tiktok.com/@fierro_sonya/video/7433783192873717038,Vota 🗳️ y gana dinero con Kalshi #Kalshi #vota #elecciones2024 ,2024-11-05T13:15:37.000Z,76,9,25,6,6719,60,"kalshi, vota, elecciones2024",fierro_sonya,11900,False,US,kalshi election,kalshi,"description, hashtags",YES,"Déjame que te cuente, porque tú necesitas saber esto. Estas elecciones están siendo las más emocionantes. Es que, por si usted no lo sabía, en esta aplicación que se llama Carchi, usted va a poder hacer su predicción, va a poder hacer su voto a favor del candidato de su preferencia. Y lo más lindo es que también va a poder ganar dinero porque es a través de una apuesta. Esto está corriendo en vivo, cada una de las personas que están haciendo su apuesta en Times Square en tiempo real. Así es como está luciendo este estado de transacción segundo a segundo. Les voy a poner un pedacito para que puedan ver cómo se ve. Si no lo sabías, pues vaya y apueste. ¿Qué puede ser que no sea? Quizás usted puede ganar dinero también. Subtítulos realizados por la comunidad de Amara.org",RELEVANT,TRADING
7432447887591656747,https://www.tiktok.com/@alrightterry/video/7432447887591656747,#presidentialelection #election2024 #vote #sportsbetting #gambling #kalshi ,2024-11-01T22:53:51.000Z,21,,3,13,1068,110,"presidentialelection, election2024, vote, kalshi",Terry Thomas | Stand up comic,244,False,US,kalshi election,kalshi,"description, hashtags",YES,"All right, listen up hear me out now. I don't know if you a true degenerate gambler like myself. I mean like a Degenerate like I put money on the u.s. Men's water polo team This past Olympics shot to Croatia shot to Serbia. But anyway, if you're a true gambler, you check this website right here It's called Kalishi Kalashi. Now. Not sure about the name, but it's k a l s h i Now if you go to that website You can actually bet on who will win the presidential election Now you can put your hard-earned money and try to flip it on who will win now You probably wondering what's the eyes the projections right now? If you look at projections right now, 62% are going towards the Puerto Rican paper towel thrower himself Donald Trump But you can also go a bit of the other dog right here. Kamala Harris It's still early. It's a few days to election So if you want to make money that way you can now you're probably wondering is there another sign go to why? Yes, hold on. Check this out Now you want to you can go to DraftKings. DraftKings has a $10,000 prize pool. It's a free entry. It's over 46,000 people That's in entry right now. And like I said, you can decide who'll be the president Of course, you got your two candidates right here, but here's the kicker You can add somebody now. I think that's a waste of money But I think it's cool that you can see like, you know what? I'm gonna add Glorilla or young thug or somebody like that just as a joke to your friends Also, if you want to you want to get like really in-depth and probably things out the herd You can also bet on which state will have the smallest margin of victory. You got, Georgia, Pennsylvania North Carolina, Wisconsin, Minnesota You got any other state? It's like this is this is the epitome of capitalism right here This is if you want a summary of America, this is us right here We gamble everything even our democracy like I can't even believe this. This is wow This is something you see that",RELEVANT,TRADING
7562625487311342878,https://www.tiktok.com/@podcasthighlight2/video/7562625487311342878,Kalshi CEO says they were the FIRST to make betting on Elections LEGAL since 1929.. 😳 #kalshi #fyp ,2025-10-18T18:09:40.000Z,30,1,1,0,597,19,"kalshi, fyp",Podcast Highlights,32400,False,US,kalshi election,kalshi,"description, hashtags",YES,other issue which they didn't let us do the election markets which has been illegal for since the great depression basically and then we sued the cfc over it which so we sued our own regulator we can also talk about that you know our board was not happy about that but we believe we're right and so and we won in october so we won three weeks before the election,RELEVANT,INFORMATION
7563261832211877127,https://www.tiktok.com/@worldwideclips.com/video/7563261832211877127,kalshi ceo join 'squawk Box'#discuss #kalshi #fyppppppppppppppppppppppp #viraltiktok ,2025-10-20T11:18:49.000Z,0,,0,1,1064,21,"discuss, kalshi, fyppppppppppppppppppppppp, viraltiktok",Worldwideclips,432,False,US,kalshi election,kalshi,"description, hashtags",YES,"And on the global app store, I think we are just about to breach number 10. So we just overtook Facebook, Uber, Spotify, and a few other apps. I think we're gunning for number one for the entire app store by Election Day. So the demand curve is truly exponential and we're seeing, as of this week, I think we're in the hundreds. And what kind of, what are the amount of bets that people are making?",RELEVANT,INFORMATION
7581485644036230412,https://www.tiktok.com/@20vc_tok/video/7581485644036230412,Rivalry Made us Better #kalshi #polymarket #betting,2025-12-08T15:05:00.000Z,23,1,3,0,833,33,"kalshi, polymarket",20VC,265400,False,GB,kalshi election,"kalshi, polymarket","description, hashtags, transcript",YES,"Kind of what happened with Calshi in the election was a bit of a Chad GPT moment for our industry. Calshi is one of the fastest growing companies on the planet. In the last week, they announced their $1 billion raise and an $11 billion valuation. Dave Tarik joins me for his only interview following these announcements. An industry truly becomes an industry when there's a rivalry. Without PolyMarket, we wouldn't have pushed our marketing and pushed our product as hard. Did you ever cross paths with SPF? And what did you learn from observing FTX's implosion?",RELEVANT,TRADING
7609408927201070366,https://www.tiktok.com/@alexisanddean/video/7609408927201070366,How reliable are prediction markets? #kalshi #predictionmarkets #futurestrading #election #prediction ,2026-02-21T19:53:20.000Z,4377,167,640,100,119500,127,"kalshi, predictionmarkets, futurestrading, election, prediction",Alexis and Dean,2000000,False,US,kalshi election,kalshi,"description, hashtags",YES,"You know, how reliable are prediction platforms like Kholshi? How reliable are they? Okay, well from my perspective The thing about Kholshi that got me, you remember you were here like on the 2024 election We were sitting here and all the polls, you know, all the different news channels flipping through it We're saying it's a tight race. Some of them did call the winner right, Trump right But then when you go and look at Kholshi at that time Remember, we looked at it and it was like a landslide for Trump Because we were you know We were all paying attention to mainstream media and they were the polling was tight was tight Kamala was winning or Trump was winning But it was still tight and the next thing you know Kholshi was like landslide and guess what happened ever since that day I was like, you know these prediction markets like Kholshi It makes sense because you know when you poll someone for example, they don't have any quote-unquote money on the line But when you look at the prediction markets, it's futures. It's where the money is going like options trade on a stock It's the same thing money's going that way and you always you know, you always put you have a better to me It's a better prediction when you see where the more you follow the money, right? And even like like today there was a article I read on X that the Federal Reserve Did a research paper on prediction markets and they called out Kholshi and they said You know that our results suggest that Kholshi markets provide a high-frequency continuously updated distributionally rich benchmark That is valuable to both researchers and policymakers. The bottom line is you're saying that They're you know in layman's terms. You're saying that the data that they provide in their predictions is valuable for Researchers and policymakers meaning that you right see what I mean. It's true from what we We found back in 2024 election we saw that so that's yeah, I do believe like that's why it's my go-to if it's certain things That I'm not familiar with or anything. I just go there. It's the same thing when I look at a stock I'm not sure about this time another research I wonder where they're predicting the earnings is gonna go where the stocks gonna go. I look at the futures market I look at the options market",RELEVANT,INFORMATION
7431937990336810283,https://www.tiktok.com/@nynext/video/7431937990336810283,"In this episode of #NYNext, Lydia Moynihan sits down with the founders of #Kalshi, the first-ever legal election prediction market, now making waves and catching the attention of big names like #ElonMusk and #JDVance. They share how this platform is changing the game by bringing transparency to elections, the legal journey they took to get here and more. Catch it all at the link in bio.",2024-10-31T13:55:12.000Z,2,2,0,0,762,43,"nynext,, kalshi,, elonmusk, jdvance.",NYNext,18300,True,US,kalshi election,kalshi,"description, hashtags",YES,"In this episode of New York Next, we speak with the two 20-somethings who've launched the first legal election prediction market that's now getting cited by Elon Musk and JD Vance. They tell us how it's bringing transparency to elections. Markets don't lie. Just ask people to put money where their mouth is, have some skin in the game, and when they do it becomes unbiased, it becomes more truthful. How much money has flooded into the platform since it went live? The last I checked was over like $110 million, just on elections. And the legal fight they had to wage to make it all happen. If the government doesn't let us do something, we're like, okay, well let's take it up to the courts and see who's right on the law, and we were right on the law, and so now we're doing it legally.",RELEVANT,INFORMATION
7405978345478901025,https://www.tiktok.com/@electrictimenews/video/7405978345478901025,Part 1 The 2024 Election Map Based On Betting Odds From ALL 50 STATES!#2024 #electiontime #breakingnews #news #politics #trump2024 #trump #map #foryou #harris ,2024-08-22T14:58:36.000Z,134,5,8,15,10600,179,"2024, electiontime, breakingnews, news, politics, trump2024, trump, map, foryou, harris",Electric Time News,45600,False,US,betting odds election,polymarket,transcript,YES,"Trump is once again the favorite according to Polymarket's 2024 election forecast. He has a 52% chance at returning to the White House while Harris has just a 47% chance at being elected the next president. And so in this video, we'll be taking a look at the 2024 electoral map based on Polymarket's state-by-state odds to see where Harris and Trump stand on the all-important path to 270 electoral votes. We'll begin by filling in the solid states for both candidates. These are states where either Harris or Trump have a 95% chance or more of winning this November. And so starting off with the safe blue states, we have Washington, Oregon, California, Colorado, Hawaii, Illinois, and most of the Northeast, including New York, Vermont, Massachusetts, Connecticut, Rhode Island, New Jersey, which barely made the 95% cut, as well as Delaware Maryland, the District of Columbia, and the 1st District of Maine. For Trump, he is going to easily carry Utah, Wyoming, Idaho, Montana, North and South Dakota, all of Nebraska except the 2nd District, Kansas, Oklahoma, Missouri, Arkansas, Louisiana, Mississippi, Alabama, Tennessee, Kentucky, West Virginia, Indiana, and South Carolina. And so with all the solid states filled in, Harris takes an early lead with 191 electoral votes to Trump at 122, but we still have many states to go over, and Trump is going to receive a big boost from his likely states. Likely states are categorized by odds between 75 to 95% for either candidate. These states are going to be significantly more competitive than the solid states, but either Harris or Trump still do maintain a noticeable advantage. And so beginning with the likely blue states, we have Minnesota. This is Governor Tim Walz's home state. Walz was recently chosen to be Harris' running mate. And looking at the graph, you can see just how low the odds went for Biden before he dropped out last month. In fact, at one point, he had just a 56% chance at winning a state Democrats haven't lost since 1972. And so by choosing Walz as her running mate, Harris has sort of avoided disaster in Minnesota, and that is why she is the favorite. She has a 94% chance at winning. Minnesota is going to be a likely blue state. We also have New Mexico, a state where Republicans are probably going to outperform their 2020 margin when they lost by nearly 11 points. Kamala Harris has a 91% chance at winning. Before Biden dropped out, the odds for Democrats in the state went down to just a 2 in 3 chance. And so as Hispanic voters continue to shift away from Democrats, they are going to have more and more trouble winning states like New Mexico, which have a Hispanic majority electorate. And so today, Harris is the favorite, but she isn't in the most comfortable position.",RELEVANT,INFORMATION
7578681998177340685,https://www.tiktok.com/@60minutes/video/7578681998177340685,"“It's the most accurate thing we have as mankind right now, until someone else creates some sort of a super crystal ball,” says Polymarket founder and CEO Shayne Coplan. Polymarket is an online prediction market that offers its users a chance to bet against each other on real-life events. It offers all kinds of questions: Who will win the Super Bowl? Will Taylor Swift get married this year? When will there be a ceasefire in Ukraine? #predictionmarket #polymarket #techinnovation #forecasting ",2025-12-01T00:37:17.000Z,10200,1328,1623,116,290400,123,"predictionmarket, polymarket, techinnovation, forecasting",60 Minutes,3200000,True,US,betting odds election,polymarket,"description, hashtags, transcript",YES,"It's a site where you can basically bet on current events. Some sort of question about the future, like an election. And as a result, when a ton of people are betting, you get the betting odds, which basically tell you how likely each outcome is. And how accurate is it? It's the most accurate thing we have as mankind right now, until someone else creates some sort of super crystal ball. Shane Copeland may be prone to hyperbole, but he's definitely on to something. The race is a dead heat. In the run-up to the 2024 presidential election, while pundits opined and pollsters canvassed, PolyMarket posted a simple question for users to put money on. Who will be the presidential election winner in 2024? Donald Trump started pulling away in early October. I think one thing that's important to understand about PolyMarket is, it is not a poll. That's not the function of PolyMarket. Correct. PolyMarket is trying to predict the outcome. The percentage of people who are gonna vote for a candidate is not the same as who's likely to win. And you would look at PolyMarket and it would say 70-30 for Trump. And people are like, no way it's gonna be 70-30. But he could win by one point, but he's 70% likely to win. Which is a different question than pollsters are asking. Exactly. But it's the question people actually want to know. By the way, we brought all four of you. PolyMarket posted another question, months before President Biden's disastrous debate. Biden drops out of presidential race? Early on, the odds hovered between 10 and 30%. The market was pricing it that it was unlikely, but that it was possible. And ultimately, during the debate, the price started skyrocketing. You could watch it during the debate. Exactly. And everyone was talking about it. Because by that point, odds were on PolyMarket, he's gonna drop out. Yes. The idea that this was able to go and surface this, at a time when a lot of the mainstream media, and like, no knock to mainstream media, but a lot of people were trying to say, hey, he's gonna stay in. The fact that PolyMarket was able to be the signal through the noise there, was our first step on the scene of mainstream politics.",RELEVANT,INFORMATION
7433837143082011935,https://www.tiktok.com/@nateqtalks/video/7433837143082011935,Betting odds updates #fyp #foryou #election #election2024 #kamalaharris2024🇺🇸💙 #kamalahq #trump #donaldtrump #trump2024🇺🇸 #president #usa #kamala #betting #gambling ,2024-11-05T16:45:08.000Z,1207,84,125,105,121300,47,"fyp, foryou, election, election2024, kamalaharris2024🇺🇸💙, kamalahq, trump, donaldtrump, trump2024🇺🇸, president, usa, kamala",NateQTalks,1914,False,US,betting odds election,polymarket,transcript,YES,"As of 11 o'clock this morning, here are the official betting markets. Stay tuned because I'm going to be updating the betting markets all throughout the day until we get a victor. So Trump is currently 58% to Kamala Harris's 42 with about 250 million. Crazy. But his biggest lead continues to be poly market. As you can see, he hasn't dropped recently in poly market and 62.5 to 37.6. Now Trump also leads in every single swing state. I'm going to be making a video on all the swing states after this, so make sure to follow that. As you can see, Harris kind of made a little bit of a comeback on Cal sheet due to that Iowa poll. But then Joe Rogan just announced his endorsement of Donald Trump and he made like a big surge last night. Anyway, I'll update you guys in a few hours. Stay tuned. Hit that fall button.",RELEVANT,INFORMATION
7605108951536962839,https://www.tiktok.com/@polymarket.daily.edits/video/7605108951536962839,"Can Trump run in 2028? A look at Polymarket’s 2028 U.S. presidential election odds: Donald Trump is listed at 4.1%, far behind JD Vance (32%) and others. #viralitypoly #polymarket  #predictionmarkets",2026-02-10T05:47:09.000Z,13,,1,0,338,14,"viralitypoly, polymarket, predictionmarkets",Polymarket Daily Edits,11,False,US,betting odds election,polymarket,"description, hashtags",YES,Have you seen the Polly market on whether or not your grandpa would run for a third term? I think it's maybe a 4%. Your grandpa is at 4.1%. Do you think that's possible? He's not running for a third term. He's not. I feel like I'm still gonna buy yes. A lot could happen until 2028.,RELEVANT,INFORMATION
7427557730954513694,https://www.tiktok.com/@deltatrendtrading/video/7427557730954513694,"Over the past two weeks, Polymarket odds have shifted to suggest a 62% chance of a Trump vitory in November, and a 38% chance of a Harris victory. The two candidates were tied on Polymarket at the beginning of October. . . . . . . . #breakingnews #election2024 #wallstreet #finance ",2024-10-19T18:37:41.000Z,1023,48,87,84,24900,111,"breakingnews, election2024, wallstreet, finance",Thomas,90300,False,US,betting odds election,polymarket,"description, transcript",YES,"A mysterious $30 million dollar wave of pro-Trump bets has moved a popular prediction market called Polly Market. Although Harris and Trump are neck and neck in the polls, bettors on Polly Market are giving Trump a 60% chance of winning and Kamala a 40% chance of winning. So why the hell does this even matter if we have polls, right? Polls are supposed to be the most accurate statistical sampling of the population to get the most accurate prediction of the election outcome, right? But the thing is, polls, one, don't instantly take into account new news, and also they can be subjected to bias because there's no actual money on the line. And the thing with polls is, since they're like crowdsourced wisdom and predictions about the election and people are putting in actual money, there's no incentive to be biased because bias won't help you, the most accurate prediction will help you if you're putting actual money on the line. And also, there are instant reactions to news because it's like a very liquid market. You can make bets at any time and react to any news, whereas polls take a long time to like sample data. In 2016, as we were approaching the election, some betting markets took into account unconventional factors that weren't captured in polls. And so while most of the polls still had Clinton ahead, some of the betting markets had Trump ahead. In 2020, kind of the opposite thing happened. Betting markets heavily favored Trump, even when Biden was ahead in the polls, and they wound up being wrong. Elon Musk tweeted about Trump's growing lead on polymarket and tweeted that betting markets are quote, more accurate than polls as actual money is on the line. So that's definitely one way to look at it. That statement historically has had some truth to it. And another way that some people are looking at it is that this $30 million, which was spread across four different polymarket accounts, could be the same entity, and it could be part of an effort to boost social media buzz about former President Trump's campaign. Most of the bets placed by these four accounts were just straightforward bets that a former President Trump would win, but then they also made some more long shot bets, like that he would win in Pennsylvania, a swing state, or that he would win the popular vote. So it's really hard to say what this means, if anything, about either candidate's likelihood of winning, but I'll let you make that decision for yourself.",RELEVANT,INFORMATION
7415969303612116256,https://www.tiktok.com/@electrictimenews/video/7415969303612116256,Part 1 The 2024 Election Map Based On Betting Odds From ALL 50 STATES!#2024 #election #breakingnews #news #politics #democracy #trump2024 #trump #harris #foryou ,2024-09-18T13:08:31.000Z,53,2,10,6,10500,179,"2024, election, breakingnews, news, politics, democracy, trump2024, trump, harris, foryou",Electric Time News,45600,False,US,betting odds election,polymarket,transcript,YES,"With exactly 50 days to go until the election, today we're going to be taking a look at PolyMarket's 2024 election forecast and fill in this electoral map based on the individual betting odds for Harris and Trump in each of the 50 states. And so we're going to do this a little bit differently. We're going to fill in this map based on poll closing order. In case you didn't know, voting doesn't end in every single state at the same time. It'll end first in states on the east coast. So we'll fill in those first and then move our way slowly out west so you can see how the map will actually fill in on election night. And so we'll start off with the states where polls will close at 7 p.m. These are going to be the first batch of results that we get on the night of November 5th. And so in terms of margins, a solid state is any state where either candidate has an over 95 percent chance at winning. Between 75 to 95 will be likely, 55 to 75 will be lean, and between 50 to 55, those states will be categorized as being tilt. And so looking at these first six states, Donald Trump is easily on track to win in Indiana, Kentucky, and South Carolina. He has a virtually 99 percent chance at winning all three of these states. Three states he's won easily in both of the last two elections, while Kamala Harris is going to win Vermont. Only Virginia and Georgia are more competitive. And so beginning in Virginia, Kamala Harris has an 89 percent chance at winning. This is pretty good, but you have to consider the fact that Trump still has an 11 percent chance at winning a state. If Joe Biden hadn't dropped out, Trump would probably be the favorite in Virginia right now. In fact, before Biden exited the race, Donald Trump actually took the lead in the polling average. And at one point, Democrats only had a 57 percent chance at holding on to the Commonwealth of Virginia, which has shifted to the right. And so on this map, the only thing this is going to reflect is the odds of winning, not the actual margins. In terms of the margins, there's no way Kamala Harris is going to do better than Joe Biden. She's lucky if she can even win by half of Biden's 10 point margin. But in terms of absolute victory, Kamala Harris still maintains her spot as the frontrunner in Virginia. So it's going to be a likely blue state. While down in Georgia, Donald Trump is the favorite here. He has a nearly 60 percent chance at taking back the Peach State. Keep in mind, this state voted Democrat in the last election. Joe Biden narrowly won it by a 0.24 percent margin. This was the closest state in the entire country. And right now, the consensus is that Donald Trump is going to win Georgia back, a state that he carried by over five points just eight years ago. At one point, he had a nearly 80 percent chance at winning. His odds are slightly lower today. But there's no doubt he is going to win the state back. And this will be a crucial step in helping Trump get back to the presidency. Next up at 7.30 p.m., voting will end in Ohio, West Virginia and North Carolina. And first off, we're going to get West Virginia out of the way. Trump is going to win the state by",RELEVANT,INFORMATION
7428262056131874078,https://www.tiktok.com/@philrosennn/video/7428262056131874078,Betting markets could change elections FOREVER...@Kalshi Exchange @Polymarket  #election #trump #harris #news #financialnews ,2024-10-21T16:11:00.000Z,194,2,13,43,4388,44,"election, trump, harris, news, financialnews",Phil,2747,False,US,betting odds election,"kalshi, polymarket",description,YES,"Betting markets could change elections forever. Millions of dollars worth of bets give Trump a 16-point lead on Harris right now, according to Calshi. That's a way wider margin than most mainstream polls. The question is whether betting markets are more or less reliable than traditional surveys where opinions are free. In theory, betting markets are more honest because people put real money on the line. And skin in the game should make opinions more concrete. But critics say betting markets can be manipulated by supersized bets. But if prediction markets like Calshi end up being right in November, it could mark the beginning of the end for traditional polls. More people will start paying attention to where money is going instead of what anonymous surveys are saying. For now, it's anyone's guess. What do you trust more at this point? Leave a comment and let me know.",RELEVANT,INFORMATION
7432438624785894698,https://www.tiktok.com/@milliondollartiktok56/video/7432438624785894698,Latest betting odds on the U.S. Presidential Election Credit: @Polymarket ,2024-11-01T22:17:55.000Z,6,,0,1,326,66,,Million Dollar TikTok,199,False,US,betting odds election,polymarket,description,YES,you you you,RELEVANT,INFORMATION
7405408231067045166,https://www.tiktok.com/@societyseventysix/video/7405408231067045166,Trump takes BACK THE LEAD on Polymarket betting odds #election2024 #kamala #trump2024🇺🇸 #trump #presidentialelection #foryou #harris #polymarket ,2024-08-21T02:06:11.000Z,355,3,13,9,8444,,"election2024, kamala, trump2024🇺🇸, trump, presidentialelection, foryou, harris, polymarket",Society ‘76,2285,False,US,betting odds election,polymarket,"description, hashtags",YES,"You know what? If you want Donald Trump to win, then say it!",RELEVANT,INFORMATION
7433194622358195502,https://www.tiktok.com/@trending_with_ty/video/7433194622358195502,Its decided Trumps gonna win #election #vote #polymarket ,2024-11-03T23:11:34.000Z,1193,20,62,98,91800,9,"election, vote, polymarket",trending_with_ty,2727,False,US,polymarket trump,polymarket,"description, hashtags",YES,"What's this? Breaking news? Trump set to win? 55 to 48? Guys, the evidence is just continuing to stack up. I don't think Kamala's got any chance anymore.",RELEVANT,INFORMATION
7613384597627243799,https://www.tiktok.com/@clips_flips5/video/7613384597627243799,Polymarket #viralitypoly #Trump#gamble#2026 ,2026-03-04T13:00:43.000Z,33,,2,0,371,14,"viralitypoly, trump, gamble, 2026",Polymarket Clips,4,False,PL,polymarket trump,polymarket,description,YES,"Bro, what? Will Trump say waste this week? 23%? Bro, this can't be right.",RELEVANT,TRADING
7619987639470460181,https://www.tiktok.com/@mathh676/video/7619987639470460181,follow for more like this #polymarket #donaldtrump #fyp ,2026-03-22T08:03:58.000Z,23,,0,2,479,11,"polymarket, donaldtrump, fyp",mattheo,9,False,PH,polymarket trump,polymarket,"description, hashtags",YES,Will Trump say crypto or Bitcoin this week? I've also signed historic executive orders to end the federal government's war on crypto. Yes.,RELEVANT,TRADING
7521742829174000951,https://www.tiktok.com/@laneodoshwog/video/7521742829174000951,"El FBI incauta el teléfono del CEO de Polymarket, después de que la plataforma de apuestas predijera la victoria de Trump #trump2024 #hialeah #cubanosenhialeah #polymarket #conservative #trump2024🇺🇸 #conservadores #cubanosenusa #Trump",2025-06-30T14:04:02.000Z,45,,6,1,4929,67,"trump2024, hialeah, cubanosenhialeah, polymarket, conservative, trump2024🇺🇸, conservadores, cubanosenusa, trump",laneodoshwog,9441,False,US,polymarket trump,polymarket,"description, hashtags",YES,"Last hour, the FBI seized the phone of the CEO of PolyMarker after the betting platform predicted the victory of Donald Trump. The FBI agents raided the apartment in Manhattan of the CEO of PolyMarker, Shane Copland, on Wednesday morning, just a week after the electoral betting platform predicted Donald Trump's impressive victory, according to the New York Post. The 26-year-old businessman was awakened from his bed at 6 a.m. by the American police, who demanded that he hand over his phone and other electronic devices, a source close to the magnate said. It is the great political theater in its worst moment, the source said. They could have asked their lawyer for any of these things. Instead, they organized a raid to be able to leak it to the media.",RELEVANT,INFORMATION
7425541856915623173,https://www.tiktok.com/@alukaxkilua/video/7425541856915623173,"@everyone Calon Presiden dari Partai Republik Donald Trump kembali unggul dalam poling yang dilakukan platform prediksi media online, Polymarket. Eks-Presiden AS ke-45 tersebut diprediksi unggul sedikit lebih banyak dari pesaingnya yakni 54%. Tak hanya itu, dalam poling tersebut ditunjukkan bahwa Trump menguasai 5 dari 6 swing states atau negara bagian yang belum memiliki pilihan pasti seperti Arizona (67%), Georgia (64%), Pennsylvania (53%), Michigan (51%), dan Wisconsin (51%). Dengan demikian, apalagi poling tersebut benar dan sebagian besar swing states dikuasai, maka Trump akan terpilih menjadi Presiden AS berikutnya. Walau demikian, kans ini masih terbilang cukup fluktuatif. Pasalnya, kedua pasangan saling mengungguli satu sama lain. Sebelumnya, Kamala Harris juga sempat mengungguli Trump selama hampir sebulan terakhir. Ditambah, poling tersebut menyatakan Harris akan menang jika dihitung dari jumlah suaranya. #akademicrypto #president  #donaldtrump #kamala #haris #trump #as #amerika #swing #poly #market #fyp ",2024-10-14T08:15:05.000Z,6,,0,1,358,,"akademicrypto, president, donaldtrump, kamala, haris, trump, as, amerika, swing, poly, market, fyp",aklxkillua,985,False,ID,polymarket trump,polymarket,"description, hashtags",YES,"All you ladies fuck your pussy like this Shake your body, don't stop, don't miss All you ladies fuck your pussy like this Shake your body, don't stop, don't miss Just do it, do it, do it, do it, do it now Lick it good, suck this pussy just like you should Right now, lick it good, suck this pussy just like you should Monday, my back, lick my pussy and my crack Monday, my back, lick my pussy and my",RELEVANT,INFORMATION
7433139980995743006,https://www.tiktok.com/@upcloseinsights_/video/7433139980995743006,His numbers keep falling #polymarket #2025election ,2024-11-03T19:39:41.000Z,43,,2,21,1234,20,"polymarket, 2025election",upcloseinsights_,25,False,US,polymarket trump,polymarket,"description, hashtags",YES,"The election is only a couple days away and Trump's numbers have been falling more every day on Polly Market. He was leading at almost 60% a week ago and today he's only in the lead at 53.9%. And Kamala is starting to catch up at 46.1%. We shall see what happens in the next couple of days, I guess.",RELEVANT,INFORMATION
7434373586258840874,https://www.tiktok.com/@trending_with_ty/video/7434373586258840874,Polymarket has been calling it for days and Trump actually won! #election #trump2024 #polymarket,2024-11-07T03:26:33.000Z,194,7,21,7,11000,26,"election, trump2024, polymarket",trending_with_ty,2727,False,US,polymarket trump,polymarket,"description, hashtags",YES,"Oh my gosh, the next president of the United States is none other than Donald Trump. You heard it here first, folks. On Polly Market, they didn't lead us wrong. They were saying Trump was leading, and there he is, 100%. He won the popular vote, he won the electoral college, Republicans are leading in the House and in the Senate. I mean, there was haters, but we overcame the haters. Trump. Way to go, man.",RELEVANT,INFORMATION
7597644314117754130,https://www.tiktok.com/@amadeusgulan/video/7597644314117754130,bro just predicted trump to say a single word in January.🙏📈 #trump #polymarket,2026-01-21T03:00:23.000Z,336,178,41,5,20500,17,"trump, polymarket",Amadeus gulan,122,False,NG,polymarket trump,polymarket,"description, hashtags",YES,"will trump say fuck? or fucking or fucked in january? sigh he's offered everything, you know why? you know why? because he doesn't wanna fuck around",RELEVANT,INFORMATION
7618961248654314760,https://www.tiktok.com/@polmar06/video/7618961248654314760,Bro exposing Trump ☠️ #trump #viralitypoly #polymarket #fyp ,2026-03-19T13:40:58.000Z,7,,0,0,210,39,"trump, viralitypoly, polymarket, fyp",polmar,5,False,PH,polymarket trump,polymarket,"description, hashtags",YES,"Will Trump be impeached by the end of 2026 14% chance? No way Trump at this point is just part of the system like he ran and acted like he was gonna be a man of the People but he's bought and paid for he's like a Roman Emperor or something literally just enriched himself and his family for the next 100 years 150 years more than that like his great great great great great Grandchildren are good. He sold out like I voted for Trump, but the dude absolutely sold out 14% chance of him getting impeached. He's bulletproof. He's covered. He's playing ball with the deep state at this point He's good to go. He's owned by the government. Yeah, no ways getting impeached. No",RELEVANT,INFORMATION
7619445829794876693,https://www.tiktok.com/@papo.critico/video/7619445829794876693,Polymarket previu vitória de Trump #Polymarket #Trump #MercadosPreditivos #EleicoesEUA #Previsoes,2026-03-20T21:01:21.000Z,5,,0,0,184,15,"polymarket, trump, mercadospreditivos, eleicoeseua, previsoes",Papo crítico 🎙️,326,False,BR,polymarket trump,polymarket,"description, hashtags, transcript",YES,Predictive markets are more efficient and effective at predicting what's going to happen than public opinion research. It's in the American election. The polymarket got it right that Trump is going to be elected while the researches said it was the opposite. That's it. It was very famous.,RELEVANT,INFORMATION
7598534328691281159,https://www.tiktok.com/@davecryps/video/7598534328691281159,Bro made $56k betting on what Trump going to say 😩🫡 #polymarket #crypto #trading #fyp #predictionmarket,2026-01-23T12:34:03.000Z,147,40,26,11,8789,127,"polymarket, crypto, trading, fyp, predictionmarket",davecryps,99,False,NG,polymarket trump,polymarket,"description, hashtags",YES,"Will Trump say drugs this week? 4%? You're going to buy the drugs. Yeah. So I'm glad like you watched the first clip that I posted in this video. Like that actually explained, uh, that actually explained what I'm trying to talk about. If I open the market and look at a guy, the guy, the, uh, one guy did was just like, it puts a, what's it called? Uh, it puts, um, $2,000 on, on a particular tree. It seems that Trump is going to really mention this thing. I mean, Trump was interviewed to say that he's going to mention drugs. It's going to be $2,000 swing on 56,000 of us percent. That's how public market works. You understand that sometimes you bet on probability. Sometimes you bet on a sudden event like, Oh, no way. Trump's going to really say things like this. You understand that? I am so sure of that. And I mean, it was around like 4% that he bet on that. It came to around 4%, that's 4% that's what I really like. That's why he really booked something like that. Because it was like, it's probability. You understand? People are not so sure like maybe he's going to say drugs or any other thing. So it's just like, it's short to give just to show you how public market works. So when I said in my last video that I said, I'm going to really be dropping more content about public market. And I said, I'm going to really be pushing more content about public market, trying to, you know, trying to open more eyes of people to like, open more eyes of people, like, you know, to this thing. And to also get an advantage of, uh, you know, advantage of it. I know, uh, I see a lot of people talking about it already, but I want you to look around, like, I mean, around new countries and I mean, around the world in general, like, who gets to know that there's another way, like make money, betting on probability, betting on an event that you show up. And for me, I'm kind of so much focused on crypto because sometimes when I see crypto news, I'm just like, oh, this is going to really pay off. And that's what I'm doing with people that are around me. And if you really want to be, you know, like if you want to be part or you wanted to be like, wanted to be part of it, just reach out to me. Thanks for watching my content. My name is Dave Bruce. If you like this video, like, like even like what I'm doing here, like all the shit. Thanks for watching. Thank you.",RELEVANT,TRADING
7614108758590934294,https://www.tiktok.com/@predictionmarket.trader/video/7614108758590934294,People are having way too much fun on polymarket. #polymarket #viral #fyp #trending #trump ,2026-03-06T11:50:50.000Z,26,2,4,2,376,14,"polymarket, viral, fyp, trending, trump",predictionmarket.trader,61,False,GB,polymarket trump,polymarket,"description, hashtags",YES,"Bro, what? Will Trump say waste this week? 23%? Bro, this can't be right. Just listen to some of the appalling waste. Yeah!",RELEVANT,INFORMATION
7543244618213772552,https://www.tiktok.com/@digital_ascensoin1/video/7543244618213772552,"Donald Trump Jr. invests double-digit millions"" into crypto prediction platform F Polymarket. What does he know? #trump #donaldtrumpir #polymarket #crypto #investing",2025-08-27T12:41:45.000Z,3,,0,0,208,33,"trump, donaldtrumpir, polymarket, crypto, investing",DIGITAL ASCENSION TEAM,16500,False,US,polymarket trump,polymarket,"description, hashtags, transcript",YES,"Donald Trump Jr. invests tens of millions of dollars into crypto prediction platform, PolyMarket And if you guys didn't know, PolyMarket is a crypto prediction platform That accurately predicted the election for every single state, including all the swing states That's how good this platform is And so if Donald Trump Jr. is investing tens of millions of dollars into this platform Just keep your eyes on it guys, it might go nuclear here soon",RELEVANT,INFORMATION
7619306052017900803,https://www.tiktok.com/@predictionmarket.trader/video/7619306052017900803,Will Trump be impeached? #polymarket #viral #fyp #trump #ww3 ,2026-03-20T11:58:59.000Z,17,,0,0,247,40,"polymarket, viral, fyp, trump, ww3",predictionmarket.trader,61,False,GB,polymarket trump,polymarket,"description, hashtags",YES,"Will Trump be impeached by the end of 2026? 14% chance. No way. Trump at this point is just part of the system. Like he ran and acted like he was going to be a man of the people, but he's bought and paid for. He's like a Roman emperor or something. Literally just enriched himself and his family for the next 100 years, 150 years, more than that. Like his great, great, great, great, great grandchildren are good. He sold out. Like I voted for Trump, but the dude absolutely sold out. 14% chance of him getting impeached. He's bulletproof. He's covered. He's playing ball with the deep state at this point. He's good to go. He's owned by the government. Yeah, no way he's getting impeached. No.",RELEVANT,INFORMATION
7543650788405562644,https://www.tiktok.com/@peterparkercrypto/video/7543650788405562644,"Donald Trump Jr. invests ""double-digit millions"" into crypto prediction platform Polymarket.😱 What does he know? 🧐 #donaldtrumpjr #polymarket #crypto #xrpupdate #cryptocurrency.",2025-08-28T14:57:53.000Z,8,,2,3,451,33,"donaldtrumpjr, polymarket, crypto, xrpupdate, cryptocurrency",Peter Parker,9904,False,US,polymarket trump,polymarket,"description, hashtags, transcript",YES,"Donald Trump Jr. invests tens of millions of dollars into crypto prediction platform PolyMarket And if you guys didn't know, PolyMarket is a crypto prediction platform that accurately predicted the election for every single state Including all the swing states That's how good this platform is And so if Donald Trump Jr. is investing tens of millions of dollars into this platform Just keep your eyes on it guys, it might go nuclear soon",RELEVANT,INFORMATION
7431318170633325854,https://www.tiktok.com/@upcloseinsights_/video/7431318170633325854,Crazy or brilliant? #polymarket #2024election ,2024-10-29T21:50:10.000Z,4,1,0,4,246,11,"polymarket, 2024election",upcloseinsights_,25,False,US,polymarket trump,polymarket,"description, hashtags",YES,"Did you guys hear about the Frenchman who placed $45 million on Polly Market that Trump is gonna win? Gotta say, that's a little crazy, but based on these numbers, he might be onto something.",RELEVANT,INFORMATION
7618211013292215565,https://www.tiktok.com/@markus.markets/video/7618211013292215565,Story time and polymarket explanation… #polymarket #22yearsold #polymarkettrader #polymarketrading ,2026-03-17T13:10:24.000Z,2963,122,758,42,74700,75,"polymarket, 22yearsold, polymarkettrader, polymarketrading",Markus.markets,6225,False,US,polymarket trump,polymarket,"description, hashtags, transcript",YES,"I'm a very normal dude, but just two weeks ago, I made a single trade on poly market that completely changed my life. And I've gotten so much attention from this that people have literally thought that I myself am an insider trader, a politician in Trump's cabinet, a military general. There's all sorts of speculation on Twitter. As much as I would love to glaze myself and say I'm super smart, I'm genuinely just a normal dude. When Trump dropped a big, over there in that one place, I locked in over a hundred thousand dollars of positions, 60 to 65 minutes before it became national news. Like before Trump went live, before anyone else knew. And I did this not because I'm an insider, but I was just copying people who are insider trading. I still don't really know how to feel about it. I'm not happy to tell my parents that this is how I made a bunch of money. But over the past two to three months, I think I've kind of realized that the world is a weird place and it's only gonna get weirder. And if there's an opportunity to make money, even if it's a little bit strange or it's something that you're not happy to tell your girlfriend's parents about, you should just do it. Because I think any easy or creative ways to make money online in the next year or two or three are going to go away for the everyday average person. And I think prediction markets like Polymarket are one of the best places to do that. But this goes for anything. This goes for making content on social media too. At some point, if you wait too long, none of it's gonna work anymore. So you should try to figure out how you can make money on it now. Anyways, my name is Marcus. I post prediction market content right here on this page. So if that sounds valuable to you, hit my page with a follow.",RELEVANT,TRADING
7454373908884606254,https://www.tiktok.com/@upcloseinsights_/video/7454373908884606254,🇺🇸 first! #polymarket #trump #maga ,2024-12-31T00:57:59.000Z,10,,0,32,917,15,"polymarket, trump, maga",upcloseinsights_,25,False,US,polymarket trump,polymarket,"description, hashtags",YES,Are you ready for a border like never before? This is the America's first future we've all been waiting for. While Trump's deportation action has a strong chance of happening based on this market with a 94% chance. What are your thoughts on this? Leave them in the comments and let's start a discussion.,RELEVANT,INFORMATION
7457323140146793774,https://www.tiktok.com/@political.popcorn/video/7457323140146793774,#trump #greenland #panamacanal #canada #polymarket ,2025-01-07T23:42:35.000Z,25,2,0,0,611,14,"trump, greenland, panamacanal, canada, polymarket",Political Popcorn,27,False,US,polymarket trump,polymarket,"description, hashtags",YES,"So I saw this silly bet on polymarking and I thought it was just somebody screwing around. Of course, we have $278,000. Turns out Trump said this at a Mar-a-Lago conference, saying we need Greenland and Panama Canal for economic security. And he can't assure he won't use military force.",RELEVANT,INFORMATION
7457672455327468843,https://www.tiktok.com/@political.popcorn/video/7457672455327468843,#trump #greenland #polymarket ,2025-01-08T22:18:06.000Z,12,1,0,0,441,15,"trump, greenland, polymarket",Political Popcorn,27,False,US,polymarket trump,polymarket,"description, hashtags, transcript",YES,"Yesterday, this bet on PolyMarket was worth $278,000. In just one day, it jumped to $404,223. I'm guessing because more people heard what Trump said at his Mar-a-Lago conference. I don't think this will happen before July, though.",RELEVANT,TRADING
7542966961953705271,https://www.tiktok.com/@therealbankofjharol/video/7542966961953705271,"Donald Trump Jr. just dropped double-digit millions into Polymarket, a crypto prediction platform where people bet on real-world events. This move could push prediction markets into the mainstream. 👀 #fyp #crypto #DonaldTrumpJr #Polymarket #breakingnews",2025-08-26T18:44:54.000Z,13,1,1,4,761,80,"fyp, crypto, donaldtrumpjr, polymarket, breakingnews",BankofJharol,598,False,US,polymarket trump,polymarket,"description, hashtags, transcript",YES,"Donald Trump Jr. has invested double-digit millions into a crypto platform called PolyMarket. Now for those that don't know, PolyMarket is what's called a prediction market. That means instead of buying stocks or coins, you're betting on real-world events. Things like, will a certain politician win an election? Will inflation go up or down? Will a company hit its goals or not? People put money on their predictions, and if they're right, they profit. PolyMarket has become the world's largest platform in the world for this, with billions of dollars traded across politics, economics, and other major events. Trump Jr. isn't just throwing money at it, he's also joining their advisory board, which shows he wants to play a bigger role in shaping the platform. And why does this matter? PolyMarket has recently received a $1 billion valuation, cleaned up past regulatory issues, and even acquired a licensed United States exchange, so they can operate more openly in the American market. So bottom line, this move is a signal that prediction markets and crypto as a whole are gaining attention from big names and some serious investors.",RELEVANT,INFORMATION
7611500425136606485,https://www.tiktok.com/@michaelwyann/video/7611500425136606485,POV JADI TRADER POLYMARKET!!  #polymarket #crypto #trump ,2026-02-27T11:09:14.000Z,338,49,145,13,16100,55,"polymarket, crypto, trump",michaelwyann,44300,False,ID,polymarket trump,polymarket,"description, hashtags",YES,"It looks like Trump will say this word in his speech. Let's check it out in PoliMarket. Let's focus on Mentions Market. Then we go to What Will Trump Say in February. There are a few words here. But based on my analysis, it's possible that Trump will say the word, Daddy. I don't know why, but in the past few months, Trump has said the word, Daddy. Let's check it out. The probability is around 8%. If we look at it, it's around 9%. I think it's too high, so let's limit the order, guys. Let's limit the order to 8%. I think this is a low probability, so high risk, high reward. Let's try $200. How much is the result if we use $200? It's around $2,500. Okay, let's just look at it. Okay, let's just look at it.",RELEVANT,TRADING
7543643120408300814,https://www.tiktok.com/@getcryptwise/video/7543643120408300814,"Donald Trump Jr. invests ""double-digit millions"" into crypto prediction platform Polymarket.😱 What does he know?🧐 #trump #donaldtrumpjr #polymarket #crypto #investing #fyp #viral ",2025-08-28T14:28:18.000Z,4,,1,0,419,33,"trump, donaldtrumpjr, polymarket, crypto, investing, fyp, viral",getcryptwise,14400,False,US,polymarket trump,polymarket,"description, hashtags, transcript",YES,"Donald Trump Jr. invests tens of millions of dollars into crypto prediction platform PolyMarket And if you guys didn't know, PolyMarket is a crypto prediction platform that accurately predicted the election for every single state Including all the swing states That's how good this platform is And so if Donald Trump Jr. is investing tens of millions of dollars into this platform Just just keep your eyes on it guys. It might go nuclear here soon",RELEVANT,TRADING
7570719425842728200,https://www.tiktok.com/@bee.cryptos/video/7570719425842728200,"HƯỚNG DẪN SĂN AIRDROP POLYMARKET: VỪA DỰ ĐOÁN KIẾM TIỀN, VỪA CÓ CƠ HỘI NHẬN TOKEN! Sẽ thế nào nếu mình nói ràng đây là dự án các bạn có thể kiếm được tiền ngay trong quá trình cày airdrop với những phương thức như: Cá tư là statoshi nakamoto?, Cá xem ông Trump có muốn gặp putin trong 1 buổi tối thân mật . Hay thậm chí là  Mỹ có công bố người ngoài hành tinh vào 2025 - đủ loại từ a → z...v.v. #beecryptos #airdrop #crypto #polymarket",2025-11-09T13:38:01.000Z,226,28,80,8,15900,883,"beecryptos, airdrop, crypto, polymarket",BeeCryptos,9273,False,VN,polymarket senate,polymarket,"description, hashtags, transcript",YES,"How would it be if I told you that you can make money in the process of telling your Europe through very vague ways like guessing whether Trump is Satoshi Nakamoto or not or whether Donald Trump has met Putin on one of those days in 2025 or even more vague than the US has announced that the US has an alien in 2025 It sounds pretty fake, right? Because you can make money from this Europe project in the process of telling Europe through guessing about a certain trend or event in the future Not to mention that the government has already confirmed that there will be a Europe project for young people to participate in through guessing those events The more you guess, the more you win because your chances of winning the Europe project will be higher As many videos before, this is the summary of the video If you are interested in any part, please watch that part For those who want to know more tips or tricks, don't miss any steps because in each step, there will be instructions as well as good ways to save money And if you like this video and want to receive more good content, don't forget to leave a like and share below Thank you very much Now let's get to business And that is the Polymarket project A project with a strange name It's called Prediction Market It's on Polygon This is a project where they will give you the right to predict an event or something in the future through two options, yes or no of many fields out there For example, if Donald Trump meets Putin one day in 2025 If you predict that he will meet Putin in 2025 you will be rewarded and get money Of course, if Donald Trump doesn't meet Putin in 2025 you will lose money for those who predict that he will meet Putin Because it's a new model, it seems a bit strange and unique at the moment so it attracts the most attention is many big investors in the industry Some big investors such as Coinbase Ventures, Dragon 5, Blockchain Capital, Rebit Capital These are big investors in the crypto industry The project is estimated to be worth $2.2 billion and estimated to be worth $9 billion I want you to know that this is a huge number for a project out there As for the possibility of the project's adoption just recently, the CMO of the project has confirmed that it will be adopted in the future with the token Poly And this reward will be given to those who participate in the prediction on the platform from very early According to the summary table, it is precious, month, year With an impressive circle of tokens and an estimated value of $9 billion I think the potential of this project is not to be denied If you can receive this project's reward, the reward will be extremely worth it Now I will guide you on how to participate in this project's adoption Now let's get to it First, at Bcrypto, you choose the Polymarket project Here are the project information, tokens, and the project's adoption ability Now I will guide you on how to participate First, you need to prepare the metamask which I have mentioned many times before For those of you who do not have a metamask, please download the metamask Then save 12 zip keys and password For those of you who have participated and already have a metamask, we will skip this step For myself, you can see here I already have a metamask here, so I will skip this step I will press the button to complete Second, we will have a task, the Polygon network task through the channel list Click here for me In here, we will have a Polygon wallet Click here to connect to the wallet Click the word Use Metamask Click Approve For myself, I already have it You can check the URL here I already have it, so I won't have it anymore After finishing this step, click here to complete I will need some money on my wallet Specifically, from $50 to $100 I will withdraw it on this wallet for me I have completed it The next step is to create an account through Polymarket Click here In this step, you will need 2 parts 1 is Logging 2 is Sync Up For those of you who already have an account, you will have Logging For those of you who do not have an account, you will have Sync Up I will click Sync Up I will open my Metamask wallet Connect Confirm I have created my account here My money is $0 Portfolio is $0 For this tutorial, I will show you how to choose campaigns How to withdraw money But I will not directly participate I will withdraw money on the platform Click here to complete Connect to Metamask Click here to complete After connecting to Polygon Click here Click on Deposit You will need to deposit from the following methods Deposit Transfer crypto Paypal I will click on Deposit I will have options like BNB Or other networks For those of you who already have money, you can deposit through those networks Click here to complete In the Profile section, I want you to know a little There will be parts like Leaderboard Rewards, ABY Each network is very important I will talk about each part Click here to complete As you can see, there is a step to deposit I have deposited I will not deposit again Now we will join Start predicting Due to some factors of the video I will not directly predict on the video But I will guide you on how to predict For example, we will have topics News Breaking news Politics Sports Finance Crypto In each of these factors, there is a part to deposit There are only 2 main options 1 is YES 2 is NO What is YES Usually these deposits will start with a question For example, I will use a deposit method Let me show you Here we will have the deposit The first is bitcoin How much In October 2019 That is, we will have 9 hours We have 8 hours left To decide whether to eat or not There will be 2 main prices The first will be the price Up to 98,000 The second will be the price Up to 100,000 100,000 100,000 100,000 100,000 Bitcoin 113,428 Bitcoin 113,428 BTC Bitcoin 113,428 Bitcoin 113,428 Bitcoin 113,428 BTC BTC Bitcoin Bitcoin Bitcoin Bitcoin Bitcoin Bitcoin Bitcoin Bitcoin Bitcoin Bitcoin Bitcoin Bitcoin Bitcoin Bitcoin Bitcoin feature feature feature feature feature features feature feature feature feature feature feature feature feature feature feature feature feature feature feature feature feature feature feature feature feature feature feature feature feature feature feature feature feature feature feature feature feature feature feature feature feature feature feature feature feature feature feature feature feature feature feature feature feature feature feature feature feature feature feature feature feature feature feature feature feature feature feature feature feature feature feature feature feature feature feature feature feature feature feature feature feature feature feature we we we we we we we we we we we we we we we we we we we we we we we we we we we we we we we we we we we we we we we we we we we we we we we we we we we we we we we we we we we we we we we we we we we we we we we we we we we we we we we we we we we we we we we we we we we we we we we we we we",RELEVANT,TRADING
7437363749230480648,https://www.tiktok.com/@iblockchainedu/video/7437363749230480648,"💥Nghi vấn thao túng cuộc bầu cử tổng thống mỹ, CEO Polymarket bị fbi thu giữ điện thoại và các thiết bị điện tử #iblockchain #iblockchainedu #polymarket ",2024-11-15T04:49:53.000Z,271,11,23,21,23500,73,"iblockchain, iblockchainedu, polymarket",user53608500375,2498,False,VN,polymarket senate,polymarket,"description, hashtags, transcript",YES,"Hot, the FBI is investigating PolyMarket, a market-based platform after the US presidential election because it is suspected of political manipulation. On November 7, when the US election market closed, PolyMarket announced that Donald Trump was the winner, with a total transaction volume of $ 3.6 billion. Interestingly, although the major polls showed a 50-50 support rate between Trump and Harris, PolyMarket showed a different result. Not long after, the FBI confiscated Shane Copland's phone and electronic devices, the founder of PolyMarket, at his home in New York. This move made many people doubt the true purpose of the investigation. According to the New York Post, the FBI is conducting this investigation under the pretext of manipulating the market and intending to make a favorable election result for Trump. Which this article describes as a political race from the current administration. Mr. Copland has spoken on social media, accusing the administration of falsely accusing their companies of not supporting him. He affirmed that PolyMarket always maintains a neutral stance and is proud of the value it brings to millions of users. Please leave your thoughts on this matter in the comments and don't forget to follow iBlockchain to update the latest information. Thank you for watching the video.",RELEVANT,INFORMATION
7432369137298541866,https://www.tiktok.com/@andrewawesome59/video/7432369137298541866,Polymarket #election #gambling #kamala ,2024-11-01T17:48:17.000Z,41,3,5,21,8864,76,"election, kamala",Andrew Awesome,41000,False,US,polymarket senate,polymarket,"description, transcript",YES,These gambling markets are one final grift to try to take as much money from MAGA people as possible. They're trying to convince you that he's a lock-in to win the president because even the polls are telling you it's neck-and-neck but yet these gambling markets tell you he has a 65% chance to win. And let's take a look at the Robinhood numbers so I can prove it to you. I mean on Robinhood you actually have to be human and use an ID and you can see here she's got millions of more contracts for her than Donald Trump does and this is four days out from the election. It's getting closer to 50-50. Hmm but let's take a look a couple days ago. If you take a look at like six days out you could see that they were charging way more for Trump support than her even though again she has a lot more people making contracts on her side. It's interesting that they're charging more for the Trump one. I wonder if it's based off of those poly market polls and those other gambling polls that are skewing it to one side. I think there's some tomfoolery going on here. It's really easy to put money on one side to skew it to try to bring people into that side and then suddenly make your big bet for Kamala Harris. One thing's for sure is people don't like to lose money especially really rich and wealthy people but they can use their money to try to influence us peasants to make simple decisions. So I'm not saying anyone should gamble. You shouldn't gamble at all but I'm against this. I think you should be careful about what you think about these polls. Also I saw another content creator talking about this. If you see that original video because I looked into this after he did this video please tag me or tag him here so I can give him credit. Thank you.,RELEVANT,INFORMATION
7529559061050772749,https://www.tiktok.com/@polymarket/video/7529559061050772749,2028 election markets are LIVE on Polymarket 🔥 #election #usa #news #politics #lebron #edit #fyp ,2025-07-21T15:35:20.000Z,152,17,10,2,9701,25,"election, usa, news, politics, lebron, edit, fyp",Polymarket,31400,True,US,polymarket congress,polymarket,description,YES,"We're in the White House right now, this is like...",RELEVANT,INFORMATION
7613175046449696031,https://www.tiktok.com/@bloombergbusiness/video/7613175046449696031,NYSE President Lynn Martin discusses the partnership with Polymarket and how prediction markets are impacting traditional markets on the sidelines of the #BloombergInvest Conference in New York. #markets #investing #finance #money ,2026-03-03T23:27:38.000Z,823,40,90,11,31400,102,"bloomberginvest, markets, investing, finance, money",Bloomberg Business,1000000,True,US,polymarket congress,polymarket,"description, transcript",YES,"You have a poly market investment. Give us an update on how that partnership is going. And, and I'm curious if you would consider just doing prediction markets yourself. Yeah. I mean, if there's a regulatory framework that allows for us to do it, we absolutely would, would look at that as an opportunity, but our, to your question, your initial question is our investment in poly market. The partnership's going incredibly well. We announced an investment in poly market, about a billion dollars last fall. It was really focused more on the data side and giving transparency, particularly when you look at how the data is impacting your more traditional markets. As great example is, which I love to tell people is I was on the floor on election night and I remember looking up and you've been to the New York stock exchange. You see all the technology and market data that is, um, that is broadcast every day from there, and I saw the market starting to spike up. I said, well, what just happened? The S&P futures in particular started to spike up. I said, what just happened? And someone said, poly just called the election for president Trump. And that was more like a double click moment. Like, Oh, interesting that the prediction markets are influencing what is occurring in your more traditional markets. You look at everything that's gone on this past weekend, the Strait of Hormuz, which we've all been focused on. How is that impacting energy markets? Our parent company is the leader in energy futures contracts. So what you see on poly market around news and sentiment around the Strait of Hormuz is impacting what happens in our energy market.",RELEVANT,INFORMATION
7545918048289492231,https://www.tiktok.com/@successyd/video/7545918048289492231,"The *Commodity Futures Trading Commission (CFTC)* has officially granted approval for *Polymarket* to operate *crypto prediction markets* in the United States. This is a major milestone for decentralized finance and blockchain-based forecasting platforms. 🔍 *What’s the Big Deal?* Polymarket is a decentralized prediction market where users can bet on real-world outcomes—like elections, economic trends, or even celebrity news—using cryptocurrency. Until now, regulatory uncertainty kept platforms like this in a legal gray area. But with the CFTC’s green light, Polymarket can now legally offer its services to U.S. users under strict compliance guidelines. 💡 *Why It Matters* This move signals growing acceptance of blockchain-based financial tools by U.S. regulators. It could pave the way for more innovation in decentralized finance (DeFi), and it shows that prediction markets are being taken seriously as legitimate financial instruments. 🧠 *What’s Next?* Expect more platforms to follow suit, and for Polymarket to expand its offerings with increased transparency and user protections. This could also attract institutional interest and mainstream adoption. 📈 *Crypto Meets Wall Street?* With regulatory clarity, prediction markets might become a new frontier for data-driven investing, hedging, and even public sentiment analysis. #CryptoNews #Polymarket #CFTC #DeFi #PredictionMarkets ",2025-09-03T17:35:59.000Z,4,,0,0,201,,"cryptonews, polymarket, cftc, defi, predictionmarkets",user45361680071,4,False,MA,polymarket congress,polymarket,"description, hashtags",YES,Outro,RELEVANT,INFORMATION
7424886568927743264,https://www.tiktok.com/@electrictimenews/video/7424886568927743264,Part 1 SHOCKING NEW 2024 Electoral Map Based On Betting Markets#2024 #election #breakingnews #news #politics #democracy #trump #harris #trump2024 #foryou ,2024-10-12T13:52:05.000Z,162,2,14,12,7649,179,"2024, election, breakingnews, news, politics, democracy, trump, harris, trump2024, foryou",Electric Time News,45600,False,US,betting markets trump,polymarket,transcript,YES,"Trump is smashing Harris in poly markets new 2024 election forecast with 26 days left to go Trump has a Fifty five point four percent chance of winning He's flipped a number of key states in just the past two days and in this video We'll be taking a look at the 2024 electoral map based on poly markets new Projections will begin on the west coast where Washington, Oregon and California are all solid blue Kamala Harris has at least a 95% chance at winning these three states However, Nevada is going to be significantly more competitive Despite Joe Biden having won the state by over two points in 2020 today. We have basically a tie According to the markets Harris has a 52% chance at winning Trump at 49 In fact, this is the only state on the map where Kamala Harris is currently favored and she has just a three-point advantage So based on the betting markets, the silver state is going to be tilt blue but in the end it really could go either way next up in Arizona Trump has a two and three chance of winning the state isn't even close anymore Despite it having gone to Joe Biden in the last election He won it by 0.3 and Kamala Harris's performance in Arizona has been abysmal There's never been a point in time where she was the favorite in the state Even when she peaked during the Democratic Convention and so what we're seeing right now is that Democrats went through all the trouble to replace the nominee at the top of their Ticket and they're doing it just as badly as they were before Joe Biden dropped out Donald Trump has recreated the lead He was in before Harris became the nominee and he is on track to easily win Arizona at this time around According the polls he leads by 0.9% and as we all know Trump is never ahead in the polls And so Arizona is going to be lean red on our map moving on to Colorado and New Mexico Colorado is going to be solid blue with Kamala Harris at a 97% chance to win in New Mexico Her odds are at 91. In fact, the race got really close There was talk about Republicans potentially flipping the state before Joe Biden dropped out But now that Kamala Harris has replaced him as the nominee Democrats are in a better position So Colorado safe blue New Mexico is likely and then in neighboring, Texas The former president has a 90% chance at winning the odds here have been pretty stagnant throughout the entirety of the election cycle There's no doubt that if Donald Trump is going to win Texas for a third time in a row It is going to be likely Republican on this map and now to fill in all these states in the middle of the country Trump is easily going to win at Utah, Wyoming, Idaho, Montana, North and South Dakota all of Nebraska except its second district as well as Kansas and Oklahoma the second district of Nebraska is going to be likely blue Kamala Harris has an 89% chance at winning and then in a last",RELEVANT,INFORMATION
7433842867480612102,https://www.tiktok.com/@bitcoinmineriacolombia/video/7433842867480612102,"Una gran ballena 🐋 acaba de hacer una jugada arriesgada apostando la asombrosa suma de $6,93 millones de dólares 💰 a la victoria de Trump, lo que ha catapultado su probabilidad de éxito por encima del 60% 📈🇺🇸. Con esta apuesta masiva, los mercados se sacuden y las miradas de todo el mundo se centran en lo que podría ser un cambio de rumbo crucial en las elecciones. El apoyo de grandes jugadores podría ser una señal de tendencia 🧭, y este respaldo millonario ha generado un nuevo aumento de confianza entre los inversores y seguidores del exmandatario 🤔🔥. La pregunta que todos se hacen es: ¿Será este el impulso definitivo para Trump? ",2024-11-05T17:07:09.000Z,283,8,12,9,16500,6,,Bitcoin Mineria,754,False,CO,betting markets trump,polymarket,transcript,YES,"Last minute, the titans of the market line up with Trump in Polymarket.",RELEVANT,INFORMATION
7526726144280841527,https://www.tiktok.com/@qinoashi/video/7526726144280841527,"Betting on Trump not to fire Powell. Bought 300 “No” contracts at 82¢ — plan to scale up as the market overreacts to Trump headlines. Real-world forecasting, real money trades. #PredictionMarkets  #Kalshi  #TradingJourney  #HowToStartTrading",2025-07-14T00:22:02.000Z,22,3,5,2,779,61,"predictionmarkets, kalshi, tradingjourney, howtostarttrading",qinoashi,983,False,US,betting markets trump,kalshi,"description, hashtags",YES,"If Trump fires Jerome Powell, I'm going to lose a lot of money. This is day 6 of my prediction market challenge, and I've gone short to Jerome Powell out as Fed Chair contract. This means that I'm betting that Jerome Powell will stay as the Fed Chair. I've bought around 300 contracts so far at about $0.82 on the dollar, or around $250 worth of contracts. My view is that this contract is currently overpricing the risk of forced removal, and I think that the fair value is around $0.92 to $0.95 on the dollar. So here's why. First off, there's no real internal pressure from the Fed, and largely the International Monetary Community has rallied behind Powell, so I don't really see him voluntarily resigning before 2026. Now in regards to the potential removal, it's still up in the air if Trump has that ability to unilaterally remove the Fed Chair, but given that Powell's term ends within a year, and Trump has shown repeatedly that he is sensitive to sharp market reactions, I don't see Trump going ahead with an action that would definitely cause massive turmoil in the financial markets. I started this challenge with around $2,900 in the account, and this is what we look like now. Follow along for Day 7, I've got more positions coming on a bunch of different markets.",RELEVANT,TRADING
7600826764041932046,https://www.tiktok.com/@npr/video/7600826764041932046,"The prediction market industry is booming in President Trump's second term. The administration has cleared the way for these services to allow people to bet on sports, policy, world events, even elections.⁠ ⁠ Go to the link in our bio for more.⁠ #NPR  ⁠",2026-01-29T16:50:37.000Z,8895,738,574,121,60900,139,npr,npr,1700000,True,US,betting markets trump,polymarket,transcript,YES,"Imagine betting on what White House press secretary Carolyn Leavitt will say in her next briefing or betting on how many cases of measles there will be this year. These are real bets you can make today on prediction markets. These markets are booming during President Trump's second term, but financial experts have deep concerns. There are two main prediction market apps, Polly Market and Calshi, and they work in a pretty straightforward way. You make a bet, wait for an outcome, then you make money or lose money. These apps have been described as turning the entire world into a casino because, well, you can bet on just about anything. Right. These apps are increasingly popular. Billions of dollars are traded on them every week. And now CNN and CNBC have struck deals to incorporate Calshi prediction markets into coverage. The Wall Street Journal's owner, Dow Jones, is partnering with Polly Market, as did the Golden Globe Awards this year, with announcers updating viewers on Polly Market odds before every commercial break. If you think this sounds like straight up gambling, you're not alone. Many states that have banned sports gambling are saying the same thing. While sports betting is the most popular type of activity on these apps, they have successfully convinced regulators they are not gambling operations. They also say they're not like a stock market and so they shouldn't be regulated that way either. Instead, they argue they're a trading platform where people make bets on future events. And so they're regulated by the Commodity Futures Trading Commission. Under Trump, the CFTC has dropped an appeal of whether it was legal to bet on election outcomes on the app. So now people are betting millions on the midterms. Critics worry that turning election results into casino-like wagers could encourage wealthy donors to make bets that could artificially inflate one candidate's odds on the apps. That, in turn, could fuel the candidate's momentum, lead to a bump in news coverage and even influence voter behavior. A Calshi spokesperson, Elizabeth Diana, told NPR, data show that Calshi markets are moved by informed traders. It's not easy to manipulate markets when most traders trade on facts, strategy and real life odds. Earlier this month, a PolyMarket user wagered $32,000 that Venezuelan leader Nicolas Maduro would be toppled by the end of January, hours before Trump ordered the operation. That user made nearly half a million dollars in profit. Debate continues on whether the trader was just lucky or if they were privy to classified government information. This bet has sparked fears about the potential for insider trading on prediction markets. PolyMarket did not return requests for comment.",RELEVANT,INFORMATION
7557638903482567991,https://www.tiktok.com/@k448kz38/video/7557638903482567991,Is Tucker Carlson Running in 2028? Betting Markets Are Taking Notes 👀📈 #TuckerCarlson #2028Election #BettingMarkets,2025-10-05T07:40:15.000Z,57,7,5,14,1157,118,"tuckercarlson, 2028election, bettingmarkets",k448kz38,12700,False,US,betting markets election,polymarket,transcript,YES,"Betting markets now believe that Tucker Carlson is laying the groundwork for a 2028 presidential run. Now, this is something that you can literally bet on right now. These betting markets like poly market have quietly added Tucker Carlson to the list of candidates that you can bet on. And his name has slowly, but surely been climbing its way up the list. Now this is all happening because people are starting to notice that his speeches and messaging have shifted. He's now starting to hit themes that resonate across party lines and even into the socialist category, as crazy as that may sound. This all started about two months ago when Tucker Carlson spoke at a turning point USA event before the assassination of Charlie Kirk. And the things he was saying doesn't quite align with your traditional conservative audience. The first thing he said was the U S economy is not nearly as strong as our current leadership makes it seem. He said that our current leadership tends to point at the GDP to determine whether the U S economy is doing good or bad. When in reality, the average American can't even come close to affording a single family home. He said that alone should be a telltale sign that the U S economy is struggling and big change needs to happen. Now, what I found most notable in this speech was him talking about the banking industry in America and how it only appeals to the top 1%. I mean, where have we heard those talking points from before? Tucker said the way the banking industry works in America is if a uber rich individual borrows money from a bank, they can actually negotiate the terms because the borrower is in more position of power than the lender. But if your average day-to-day American maxes out a credit card at 30%, then they'll just take your house and put you in bankruptcy. And he actually said that the other 99% of people in America, the middle to lower class should be protesting credit cards and refusing to pay them back to send a message to the banking industry. Now, this is like Bernie Sanders socialist type talk, and he's doing this on stage at a turning point USA event. Now, this is why Tucker Carlson's name is popping up on these betting markets for a 2028 campaign run. This is classic pre-campaign rhetoric, populist, bipartisan, and focus on issues that voters care most about. So my question is, would you consider voting for Tucker Carlson in 2028, whether he runs as a Republican, a Democrat, or some third political party?",RELEVANT,INFORMATION
7435528193869696263,https://www.tiktok.com/@zenthos.official/video/7435528193869696263,"French trader, known as Théo, recently placed bets exceeding $28 million on Donald Trump's victory in the presidential election through the trading platform @polymarket, and his successful wagers resulted in earnings of over $48 million. He predicted both the Electoral College and popular vote outcomes, elevating him to the top of the Polymarket all-time profit leaderboard.",2024-11-10T06:07:00.000Z,9,,3,0,3644,,,zenthos.official,62,False,PK,betting markets election,polymarket,description,YES,🎵 Outro Music 🎵 🎵 Outro Music 🎵,RELEVANT,INFORMATION
7437226502187617582,https://www.tiktok.com/@aamandaelizabeth9/video/7437226502187617582,#greenscreen #election2024 #polymarket ,2024-11-14T19:57:20.000Z,17,,1,0,441,42,"greenscreen, election2024, polymarket",Wholesomeamanda,1550,False,US,betting markets election,polymarket,"description, hashtags",YES,FBI raids apartment of election betting site Polly Market CEO and seizes cell phone. So before the election mainstream media told people not to trust this website but I don't know about you but I was definitely on this website looking at the election predictions. So this is Shane Copeland the CEO of Polly Market. The FBI raid against the founder was part of a criminal probe into whether the startup accepted bets from US users which would violate a deal the company had made with the government. Copeland was not arrested and hasn't been charged yet. I feel like if Shane was a true threat the FBI probably would have arrested him.,RELEVANT,INFORMATION
7436472500147555639,https://www.tiktok.com/@niapodcast/video/7436472500147555639,Trung shares the history of election betting in the United States  #election2024 #polymarket #politicalmemes ,2024-11-12T19:11:28.000Z,151,,6,0,1965,69,"election2024, polymarket, politicalmemes",Not Investment Advice (NIA),567,False,US,betting markets election,polymarket,"description, hashtags",YES,"the quick history of the betting market, uh, for elections. So it's been going on since the late 19th and early 20th century before the rise of modern polling, which is about a 1950s phenomenon. Newspapers used to just report the odds for like Democrats and Republican candidates. This is what, this is what the wall street journal wrote in 1924. Betting odds are generally taken as the best indicator of probable results in presidential campaigns. They provided unbiased reports on the psychology of the reaction of the audience. Right. It's just like at the end of the day, we all talk about it here. Do you have skin in the game? That's the, that's the most truthful thing that you can have. So the, so members like, uh, the betting, like you could just bet on presidents in the, during this time period. So in the 15th election, between 1884 and 1940, the candidate with the best odds and the odds were done by the news, the major newspapers, uh, as of mid October one, 11 times. So it's 11 out of 15. The other four were tied. Okay. Why did election betting decline after 1940? Uh, a lot of state anti-gambling laws combined with this new statistics and polling methodology that was developed.",RELEVANT,INFORMATION
7433182954165177643,https://www.tiktok.com/@politicalfixer/video/7433182954165177643,The #Election betting markets have shifted suddenly toward #KamalaHarris after a shocking poll. Are they predicting what will happen with the #vote ? #PoliticalFixer #PoliticalTiktok #Politics #fyp @Kalshi Exchange  A closer look at the #PresidentialElection including #Georgia #Pennsylvania and #Iowa after the Selzer poll.,2024-11-03T22:26:18.000Z,15700,995,804,448,169100,467,"election, kamalaharris, vote, politicalfixer, politicaltiktok, politics, fyp, presidentialelection, georgia, pennsylvania, iowa",Shawna Presley Vercher,258300,False,US,betting markets election,kalshi,"description, transcript",YES,"We have looked at polls, field data, and media trends, but let's look at the election betting markets and what they have to say about the presidential race and what it all means. There are some surprising information points here that I think you're gonna wanna see, and there's also some ways that I believe the market still has Kamala Harris undervalued, so to speak. Hi, everyone, I'm Shawna Presley-Vircher, the political fixer, and many of you have been sending me questions about numbers that you're seeing on election betting sites. Now, having these types of sites that are centered around American elections is fairly new for us. They've only been legal in the United States for less than a year, and it's understandable that many of us had some questions and even a bit of confusion about how they work. I took a closer look at CallShe, the first and largest legal election betting market across the country. I wanted to see how this all worked, and also I wanted to see if I agreed with how certain races were being reflected in the marketplace. The first thing I wanna point out is that betting sites like CallShe are not polls. When we see these numbers, they are not set by the company as a reflection of how they feel about a race. Quite the opposite. Anyone who places a bet on one of these sites says how they think the race will turn out, and by law, CallShe and other companies cannot interfere with that. These numbers are a reflection of what the market, the people placing the bets on the site, believe will happen in the race. These numbers can also be confusing because it's not a margin of victory that we're seeing that they're predicting. But let's get to the fun part. Once I understood how sites like this worked, I realized that the people placing bets on CallShe are just regular people. They're not necessarily experts, which means that some of them are placing bets based on limited or bad information. So instead of getting anxious or even annoyed when I see numbers that I don't agree with in the marketplace, I realized that these are opportunities to educate and spread information that might help people understand the race better. There's a few races where I believe the market is currently underpricing the Kamala Harris campaign. For example, CallShe bettors only have a 42% chance, essentially two out of five odds that Kamala Harris will win Georgia. Guys, are you kidding me? 2020 was a high turnout year for Georgia and approximately 4.9 million ballots were cast. Already in 2024, over 4 million votes have been cast. That's over 80% of what they're expecting overall in this election. They have broken 2020 records and high turnout benefits Harris, especially when you're looking at a state that was previously won by President Biden. But on top of that, over a million of those votes were cast by black voters, a demographic which we know heavily favors Kamala Harris. And 800,000 of these voters have never before voted in an election. Now we know that there's an enthusiasm gap that favors Kamala Harris by about 10 points. So ask yourself who you think these new voters are casting their ballots for. I also think that CallShe bettors are missing the mark in Pennsylvania. We can see that this market has tightened up over the last week, but it still favors her opponent. I disagree with this. And to show you why, I'm gonna use something we call anecdata. These are stories that we're seeing out in the field that line up and can explain some of the independent data trends that we're seeing. Around three weeks ago, Pennsylvania was looking a little bit soft for the Kamala Harris campaign, particularly in Philadelphia, where we were seeing a slow return of mail ballots. But the campaign made some adjustments. They shifted their ad buys to focus more on Pennsylvania, and they put out a call for canvassers to come into the state and help them get out the vote. Their call for canvassers may have overshot. The campaign reported that just on Saturday, they knocked over 800,000 doors. That is an astounding average of over 2,000 doors per minute that they were canvassing. That ground game put the Kamala Harris campaign in a phase that we call deep canvassing. That means that they got through all of their lists of likely voters. They got through all of their lists of independent voters that they believed that they could persuade, and they were able to start knocking doors, some of which had not seen a human during an election cycle in years, and try to persuade those people to come out and vote. Since this shift in the strategy, over 79% of all of the early-in-mail ballots requested in Pennsylvania have been returned, and that includes 81% of Democrats who have returned their requested ballots. The Kamala Harris campaign was hoping for a firewall of 400,000 voters. That means they wanted to see that 400,000 more Democrats returned their ballots than Republicans in early voting, because more Republicans tend to show up actually on the day of the election. Well, not even counting this weekend's efforts, they are already at a firewall of 401,000. It might interest you to know that Philly bounced back. They are at a return rate of approximately 75% of their requested ballots. It's a few points lower than the rest of the state, but the rate of return of Democratic ballots to GOP ballots is 10 to one. Based on the math, if Harris is victorious in Pennsylvania and Georgia, there is only one path to victory for her opponent. He would have to sweep the board in every single other swing state. Personally, I'm enjoying watching the call she betters market for the presidential campaign overall, as it reacts in real time to events and news. A day ago, the call she betters were predicting that her opponent would win by odds of 55% over 45%. Then just yesterday, all of us watching this election received a stunning update. The Selzer poll in Iowa showed that Kamala Harris was leading by three points in Iowa. Some context here. The Selzer poll is not just considered a gold standard poll. It is considered to be one of the most accurate polls in the industry across the country. So if these numbers hold with a Kamala Harris lead of three, this would be an eight point swing from 2020, and it would be a nearly 10 point swing from 2016. Seismic. The market responded accordingly. It shifted this race to be neck and neck, closing the gap by eight overnight. Now, I still believe that Kamala Harris is being undervalued in this market, and I'm basing that partially on one of the things that I've spoken about before, crosstabs, the data beneath the polls. When we look at the crosstab data for the Selzer poll, we see that women in Iowa over the age of 65 favor Harris by a margin of nearly two to one, 63% to 28%. Based on what we're seeing across the country, I don't believe that that sentiment exists in a vacuum just in Iowa. And guess what? Seniors vote. But I guess we'll all see what happens soon enough. Bottom line, if you're gonna make a bet or even follow along with these election market sites, make sure you do so responsibly, both financially and for your own mental health. And maybe make sure that you don't undervalue the results of a good campaign ground game in the process. I'd like to thank Kalshi for letting me use their markets in this video. Until next time, everyone, I'm Shawna Presley Bircher. I'm gonna continue to bring you insights and intel into this historic moment. And I hope that you follow me at Political Fixer. I'll see you soon.",RELEVANT,INFORMATION
7428388291474394376,https://www.tiktok.com/@west_coast_wizard_chat/video/7428388291474394376,🚨BREAKING: Donald Trump is now favored by an astonishing 24% via Polymarket betting odds. The mainstream media would never show you this. #fyppppppppppppppppppppppp #goviral #tiktok #godblessamerika🇺🇸🙏 #peace #love #explor #trump2024 #MAGA #foryoupag ,2024-10-22T00:20:34.000Z,52,7,3,4,541,,"fyppppppppppppppppppppppp, goviral, tiktok, godblessamerika🇺🇸🙏, peace, love, explor, trump2024, maga, foryoupag",Axel Vasa,132100,False,NG,betting markets election,polymarket,description,YES,Uhhh Ooohhh Uhhh Ooohhh Uhhh Ooohhh Uhhh Ooohhh Uhhh Ooohhh,RELEVANT,INFORMATION
7433859460809903391,https://www.tiktok.com/@hardfork/video/7433859460809903391,Are betting markets more accurate than polls? #polymarket #election @Casey Newton | Hard Fork ,2024-11-05T18:11:41.000Z,104,5,7,7,5960,59,"polymarket, election",Hard Fork Podcast,41900,False,US,betting markets election,polymarket,"description, hashtags",YES,"If Kamala Harris wins, this will be the last segment we're doing on prediction markets on the show because we've done two of them now and I'm still not convinced that they're telling us anything we couldn't already find out from other memes. I think they do reflect this sincere belief that you can get better information by making a market around it, right? That people will have better research behind their views if they have money behind those views, and that if you want to look at the way things are going in the world and find out what's happening in the world, you shouldn't look at what people say, you should look at what they bet on. I think that is true in the case of the stock market where you have some of the smartest people in the world and vast sums of money who are trying to absolutely maximize their returns. I think it is less true on these rinky-dink platforms with a group of self-selected nerds who are betting relatively small sums of money on relatively few events. That I don't actually think you can get that much information from.",RELEVANT,INFORMATION
7434025852624751918,https://www.tiktok.com/@beyorch.us/video/7434025852624751918,Just because your savings account isn’t giving crazy returns does NOT mean you should start GAMBLING on the ELECTION 🤦🏻‍♂️ #election #sportsbetting #polymarket #betting #elections2024 #kalshi #apy #apr #interestrates #investing ,2024-11-06T04:57:14.000Z,32,7,8,3,1789,61,"election, polymarket, elections2024, kalshi, apy, apr, interestrates, investing",beyorch.us,257,False,US,election betting,"kalshi, polymarket","description, hashtags",YES,"Yo, what is she doing? Dude, I'm trying to bet on the election. I'm making no money. Why are you betting on the election, bro? That's not a good use of your money. Okay, my bank account gets no APY, so I feel like this is the only way that I can actually get good returns. Dude, aren't you an accredited investor? Yeah, but I can't even get a good APY, so what's the point? Putting your money in a savings account as an accredited investor who actually has real money. Well, no, it's all in the election. Bro, have you heard of B York? No, what's that? B York, it's like they have 8% yearly returns, 2% quarterly returns, and it's backed on debt promissory notes, so it's actually consistent. Wait, yeah, wait, how do you spell that again? B York, it's B-E-Y-O-R-C-H. Wait, this looks sick. Thanks, dude, I'll actually check this out. Absolutely.",RELEVANT,TRADING
7612674114805026062,https://www.tiktok.com/@cheguerreroeng/video/7612674114805026062,"Posted March 2, 2026 #trades #kalshi #polymarket #insider #breakingnews ",2026-03-02T15:04:12.000Z,439,25,29,9,4193,87,"trades, kalshi, polymarket, insider, breakingnews",cheguerreroeng,342900,False,US,polymarket 2026,"kalshi, polymarket","description, hashtags",YES,"Did you see that 529 million dollars worth of bets were put on the U.S. and Israel striking Iran all before the strikes even happened? With one person making 553 thousand dollars on Iran's supreme leader dying. There had been signs and warnings of how these markets could be manipulated for insider trading. The reporter Chris Hayes talked about finding out about this in real time. He went on The Late Show with Stephen Colbert and this is pre-recorded. But after he did the interview and it hadn't aired yet, he saw that on a betting app his interview was getting bets. Bets on what he would talk about, what he would wear, things like that. Again, the interview had already happened. So if he wanted to, he could have gone on that app and bet on things that he knew was going to happen. And betting on Chris Hayes' interview went quickly from a niche market to almost a million dollar market. And this was all from a pre-recorded interview. People making money knowing what was going to happen already. But over half a billion dollars being bet on a war that didn't happen yet is the most egregious example of how this could be abuse that we have seen so far. So share this so people can see the new disgusting world that we are living in. With just the click of a button, you can make a few bucks off of other people's suffering.",RELEVANT,INFORMATION
7618384838026038551,https://www.tiktok.com/@newsupdate731/video/7618384838026038551,#BreakingNews #WorldNews #USNews #CryptoNews #Polymarket #Journalism #PressFreedom #FreedomOfSpeech #NewsUpdate #ViralNews #TrendingNow #GlobalNews #PoliticsNews #Media #Investigation #TruthMatters #Expose #NewsTok #TikTokNews #ViralVideo #FYP #ForYou #ForYouPage #Trending #TikTokViral #Explore #DailyNews #LiveNews #Crypto #Blockchain #Web3 #Journalists #MediaRights #DigitalNews #OnlineSafety ,2026-03-18T00:24:19.000Z,11,,1,2,415,111,"breakingnews, worldnews, usnews, cryptonews, polymarket, journalism, pressfreedom, freedomofspeech, newsupdate, viralnews, trendingnow, globalnews, politicsnews, media, investigation, truthmatters, expose, newstok, tiktoknews, viralvideo, fyp, foryou, foryoupage, trending, tiktokviral, explore, dailynews, livenews, crypto, blockchain, web3, journalists, mediarights, digitalnews, onlinesafety",🇸🇦The Philip Defranco🇸🇦,28600,False,US,polymarket 2026,polymarket,"description, hashtags, transcript",YES,"And so Manny's reporting that the missile hit the ground, wasn't intercepted, it made contact, it meant that people who bet no were about to lose big. And so they apparently decided that that was his problem to fix. And so with all this, you had Manny posting on Twitter, my message to you gamblers is simple, fuck off, stop harassing me, and find a better hobby than falsifying journalistic reports for financial gain. But that, it really didn't stop anything. A colleague from another publication reached out, a friend of his was asking him to convince Manny to change the article, called it a negligible update with a more favorable outlook. And when the colleague confronted that friend, the friend confirmed that it was about poly market bets. He even offered the colleague a cut of the winnings if he got Manny to change the report. And then it goes from ridiculous to terrifying, right? After Manny still refused, someone reached out on WhatsApp. First in Hebrew, then switching to English, saying you have no idea how much you put yourself at risk, saying today is the most significant day of your career. You have two choices, either believe that we have the capabilities and after you make us lose $900,000, we will invest no less than that to finish you, or end this with money in your pocket and also earn back the life that you had until now. And when Manny didn't respond, the person started listing details about his home, his neighborhood, his parents, and his sibling. Saying it took them less than five minutes to find out exactly where you live, how often you see your lovely parents, and exactly who your brothers and sisters are. And then there was a countdown, right? There would be a fatal mistake if he didn't respond in 10 minutes. And then when he still didn't respond, they said you have 90 minutes left to update the lie. If you decide not to correct it, you will discover enemies who will be willing to pay anything to make your life miserable. And saying, as far as I know, there are also some people who don't really care about the law and you're about to make them lose about 50 times what you'll ever make. 86 minutes left, you are the only one responsible for your life. Manny actually told the Washington Post that he almost gave in. Saying, I thought, do I just change it? Because it doesn't really matter. But then I thought, if I do this now, they're gonna come back to me again and ask for other things to be changed. They would have probably never stopped doing that if they knew that they could make money this way. And so instead, he filed a police report and he published the whole story. Every message, every threat, hoping that the publicity would deter bettors from targeting other journalists in the future. But even he admits that that's a.",RELEVANT,INFORMATION
7613385168233024790,https://www.tiktok.com/@clips_flips5/video/7613385168233024790,Polymarket2026 hits different #viralitypoly #Trump #american #gamble ,2026-03-04T13:02:57.000Z,27,,1,0,526,10,"viralitypoly, trump, american, gamble",Polymarket Clips,4,False,PL,polymarket 2026,polymarket,"description, transcript",YES,"Why doesn't Donald Trump just take the national debt, go on poly market and put it all on saying 6-7 this week, and then say 6-7, and then boom, no more national debt. Am I missing something?",RELEVANT,TRADING
7597517041892920608,https://www.tiktok.com/@polymarketclipz/video/7597517041892920608,Is this the 2026 TJR way to make money? #money #trading #tjr #polymarket #powell @TJR ,2026-01-20T18:46:40.000Z,25,,4,0,904,60,"money, trading, tjr, polymarket, powell",TradingClipz,52,False,NL,polymarket 2026,polymarket,"description, hashtags",YES,"Boys, these are by far the easiest markets, especially as day traders, to be able to make money on. Again, because we are super fluent in the financial markets, okay, and we know pretty much like we hear Federal Chairman's Pat Powell speak every single month or multiple times every single month. So we have an overall good gist of what the Fed wants to do. And we already know that the Fed only wants to cut rates once this year. So do we think that the next round of rate cuts are going to happen after we get a triple back-to-back rate cut, rate cut, rate cut, and then boom, new year? Do we think that we're going to get rate cuts in January? No. Okay. So awesome. Like it makes sense that this is a 93% chance, but honestly, this should be a 99% chance. I don't understand why people wouldn't. And there's a shit ton of volume on this. Like again, I know that it's not much, but if you were to wait or I mean, bro, it's literally free bread sitting in front of, in front of you, granted, you have to put $10,000 up.",RELEVANT,TRADING
7602888960532106514,https://www.tiktok.com/@pudgepodcuan/video/7602888960532106514,"Data terbaru dari Polymarket menunjukkan Demokrat kini punya 80% peluang memenangkan Midterms AS 2026. 📊 Kenapa ini penting untuk market? • Arah kebijakan fiskal & pajak bisa berubah • Sentimen pasar saham AS berpotensi lebih volatil • Dampak ke regulasi sektor energi, tech & crypto • Investor mulai pricing-in risiko politik lebih awal Election year = volatilitas meningkat di global market. 💬 Menurut kamu, kemenangan Demokrat bakal bullish atau bearish untuk market? 👉 Follow & save untuk update global market, makro & geopolitik setiap hari. 📚 Source: Crypto Rover (@cryptorover) | Polymarket #BreakingNews #GlobalMarket #USPolitics #Midterms2026 #MarketSentiment ",2026-02-04T06:12:13.000Z,8,,0,0,631,,"breakingnews, globalmarket, uspolitics, midterms2026, marketsentiment",PudgePod Clip,62,False,ID,polymarket 2026,polymarket,description,YES,"Dime que es lo que pasa, ven dentro de mi casa Yo te espero sin nada, dime que es lo que pasa Yo quiero Quédate conmigo, quédate conmigo Quédate conmigo, quédate conmigo Dime, dime, yo te digo papi Dime, dime, yo te digo papi Cosa fai famme conti? Guarda la control conti Dime, dime, yo te digo papi Cosa fai famme conti?",RELEVANT,INFORMATION
7575583148055055634,https://www.tiktok.com/@thecoinzone/video/7575583148055055634,Markets are a mess right now… but Polymarket just priced a December rate cut at 67%. Setup for 2026 is actually starting to look interesting. You seeing the same thing? #polymarket #predictionmarkets #fyp,2025-11-22T19:30:00.000Z,5,,0,0,224,27,"polymarket, predictionmarkets, fyp",TheCoinZone,3405,False,US,polymarket 2026,polymarket,"description, hashtags, transcript",YES,"The crypto markets are down right now, but here's one big catalyst that could change things. So far right now, according to PolyMarket, we have a 67% chance of a Fed 25% basis point decrease. Now, if TooLatePal continues to drop the rates in December, I think it will be pretty bullish for crypto and the stock market. Right now, almost all the leverage has been liquidated from the system, and I think it's setting up 2026 to be a big rally. Let me know what you guys think in the comments. Are we in a bear market, or is 2026 going to be the year of the bull?",RELEVANT,INFORMATION
7616550417383705874,https://www.tiktok.com/@valueassettothemoon/video/7616550417383705874,🇺🇸‼️ Polymarket บอกว่า โอกาสที่ Fed จะ “ไม่ลดดอกเบี้ย” ในปี 2026 พุ่งขึ้นแรงสาเหตุหลักๆมาจาก ราคาน้ำมันกำลังพุ่งใกล้ 100 ดอลลาร์ต่อบาร์เรล#ข่าวหุ้นสหรัฐอเมริกาล่าสุด #fed #valueassettothemoon #ลดดอกเบี้ย #polymarket ,2026-03-13T01:45:44.000Z,672,36,35,15,32000,62,"ข่าวหุ้นสหรัฐอเมริกาล่าสุด, fed, valueassettothemoon, ลดดอกเบี้ย, polymarket",valueassettothemoon,17300,False,TH,polymarket 2026,polymarket,"description, hashtags, transcript",YES,"According to Polymarket's data, the chance of Fed not reducing interest rates in 2026 has increased by 17% in just two weeks. According to Polymarket's data, the chance of Fed not reducing interest rates in 2026 has increased by 17% in just two weeks in just two weeks. According to Polymarket's data, the chance of Fed not reducing interest rates in 2026 has increased by 17% in just two weeks in just two weeks. According to Polymarket's data, the chance of Fed not reducing interest rates in 2026 has increased by 17% in just two weeks in just two weeks.",RELEVANT,INFORMATION
7433181228586601758,https://www.tiktok.com/@upcloseinsights_/video/7433181228586601758,Have you voted yet? 🇺🇸 #polymarket #2025election ,2024-11-03T22:19:46.000Z,35,,1,9,986,12,"polymarket, 2025election",upcloseinsights_,25,False,US,polymarket harris,polymarket,"description, hashtags",YES,"Have you guys voted yet? We are only a couple days away out from this election and these are currently what the numbers are at on Polly Market as of today. It's crazy how much the numbers have changed, but I'm really curious to see how this all plays out.",RELEVANT,INFORMATION
7440473491599625502,https://www.tiktok.com/@johnny.harris/video/7440473491599625502,Did Polymarket Break the Law?,2024-11-23T13:57:46.000Z,9101,262,587,72,104500,66,,Johnny Harris,831500,True,US,polymarket harris,polymarket,description,YES,"The FBI just raided the home of a gambling website's CEO after the company correctly predicted the presidential election results. This is the gambling site, Polly Market. And they held an election prediction bet that put Trump's odds much higher than Kamala's, even though national polls predicted it to be a very close race. Polly Market brought in billions of dollars of bets on this election. And it started to become a question of who was making all these bets and was it influencing how people voted? Polly Market got sued a few years ago and settled the case and agreed to not allow US users to use their site. So Americans aren't allowed to use Polly Market. But it's apparently an open secret on social media that you can easily get around this if you're an American by using cryptocurrency. Big surprise. The shady part here is that Polly Market had been paying for targeted ads to American users who technically aren't allowed to use the site. They even paid US influencers to tweet about betting on the election. Almost half of the ads that Polly Market placed only had Trump's photo on them. Others had both candidates. None of them had just Kamala. Some with the tagline, don't trust the polls, trust the markets, which ended up being actually totally correct. The polls were way off in this election.",RELEVANT,INFORMATION
7430512067230125342,https://www.tiktok.com/@shopwithchris06/video/7430512067230125342,Some of these polymarket predictions are crazy😅 #trump #harris #election #greenscreen ,2024-10-27T17:42:05.000Z,22,1,3,2,2718,17,"trump, harris, election, greenscreen",Pol and Pop with Chris,9843,False,US,polymarket harris,polymarket,"description, transcript",YES,"This could be the biggest blowout in all of election history based on Polymarket's predictions of Trump winning by almost 64%. This never has been done in history. Outside of overall winner, there are so many smaller things in relation to this election that you can predict on Polymarket. Go check it out.",RELEVANT,INFORMATION
7611204645914037534,https://www.tiktok.com/@aljazeeraenglish/video/7611204645914037534,"As media outlets report on the probability of the US attacking Iran, many are instead turning to prediction markets to find out, and bet, on the odds.  . Al Jazeera's @Linh N. explains the rise in betting on war. #digitaldilemma ",2026-02-26T16:01:30.000Z,7756,371,649,147,188600,179,digitaldilemma,Al Jazeera English,14000000,True,US,polymarket odds,polymarket,transcript,YES,"How much would you bet that the U.S. will attack Iran by the end of February? Or next month? Or the end of this year? While media outlets have been reporting on the U.S. military buildup in the Middle East, people have been turning to prediction markets to find out the odds of anything happening. On platforms like PolyMarket, millions of dollars are already pouring into the probability of this strike happening. Supporters of these platforms describe them as valuable sources of information that harness the wisdom of the crowd. After all, PolyMarket correctly predicted a win by Donald Trump in the 2024 U.S. presidential election before the polls did. But critics of prediction markets say they dehumanize conflict, since these are real-world events with human costs. When Israel, with the help of the U.S., attacked Iran in June 2025, hundreds of people were killed and thousands were injured during 12 days of war. But even before a single bomb was dropped, PolyMarket users were already making bets on when it would happen. One market predicted that Israel would hit Iranian oil infrastructures in June with a probability greater than 99%. Right now, PolyMarket and Caoshi are the two biggest in this space, and they're growing fast, but with differences. Caoshi is a regulated U.S. exchange and trades in U.S. dollars. It has banned bets involving war or assassination. PolyMarket, on the other hand, allows these sorts of bets and trades in cryptocurrency. It runs on the blockchain and its users are often anonymous. People bet on all sorts of future events on these platforms. There's the more benign, like the date of Taylor Swift's wedding, to the geopolitical, like the abduction of Venezuelan President Nicolas Maduro in January. One anonymous user made $400,000 on PolyMarket by betting Maduro would be out by the end of January, which raised some red flags about potential insider trading. The fallout from prediction markets doesn't end there. In one instance, Israel's internal security agency arrested and charged several people suspected of using classified military information on PolyMarket, although the agency did not clarify which particular bets allegedly took place on the platform. Another concern with sites like PolyMarket is whether they amount to gambling or are seen as financial markets. The answer varies depending on the country's regulatory body. Countries like the U.K., France and Singapore have blocked PolyMarket and classified it as gambling. In the U.S., opinion varies state to state, and there's at least 20 federal lawsuits against companies like Caoshi and PolyMarket. But the founders of these platforms disagree. The CEO of PolyMarket, Shane Copland, said that unlike a betting site where you make a bet and it's against the house, on PolyMarket you own a share. For Copland, prediction markets operate more like financial forecasting tools. They're information sources that could replace polls, pundits and media institutions. And many major news outlets have already signed partnerships with these platforms to gain access to their prediction data. But of course, there's a difference between predicting sports and betting on a wall, and the ethical concerns that come with that. So, do these platforms provide clarity, or do they turn human suffering into financial gain? These questions will become more pressing as geopolitical bets continue to rise.",RELEVANT,INFORMATION
7481684837447879967,https://www.tiktok.com/@ericdufault/video/7481684837447879967,"In this video, I discuss the possibility of a recession in the US. I talk about the Polymarket odds, which suggest a 41% chance of a recession, up from 20% at the end of February. I explain what Polymarket is and how it can be used to predict major events. I also discuss the real estate market, noting that it has been in a recession for some time, with fewer transactions year over year. I advise that those waiting for the real estate market to crash may be disappointed, as I'm not sure it will happen. #recession #polymarket #realestate #housing ",2025-03-14T15:19:04.000Z,39,2,5,10,1789,56,"recession, polymarket, realestate, housing",Eric Dufault,468,False,US,polymarket odds,polymarket,"description, hashtags, transcript",YES,"So is the US heading towards a recession if you look at the poly market odds There's actually a 41% chance. It actually doubled it was 20% at the end of February. It's up to 41 What the hell is the poly market? It's kind of cool. It's definitely worth checking out if nothing else from this video go to polymarket.com But what they do is they predict major major events In you can gamble on them But I didn't really know what the credibility of it was until the election night where I was following it and a lot of the Analysts were following the poly market odds and how accurate they were Why the hell is a realtor talking about this? Why are we talking about recession? Well, I have a lot of friends a lot of family people that want to buy houses That are waiting for the real estate market to crash and the funny thing is the real estate market's been in a recession For quite a while year over year. There's been less and less transactions. So If it's something you're waiting for like I don't know that it's gonna happen you",RELEVANT,INFORMATION
7566490137291427079,https://www.tiktok.com/@joeyweb3/video/7566490137291427079,Polymarket：「用錢投票」的預測市場，比媒體更快更准！#加密貨幣 #比特币 #以太坊 #web3 #投资 #虚拟货币 #山寨币 #比特幣 #bitcoin #區塊鏈 #虛擬貨幣 #以太幣 #幣圈,2025-10-29T04:06:14.000Z,26,19,13,2,2068,842,"加密貨幣, 比特币, 以太坊, web3, 投资, 虚拟货币, 山寨币, 比特幣, bitcoin, 區塊鏈, 虛擬貨幣, 以太幣, 幣圈",Joey卓野 加密投資人,7687,False,CA,polymarket odds,polymarket,"description, transcript",YES,"Hi, guys. Have you ever seen Some of the experts on television have come up with a plan What might happen in the future Or various analysts Whether the stock market will go up or down tomorrow Give the exact opposite judgment Then we as ordinary people It's like watching a debate without an answer The more information there was, the more confusing it was. But today I'd like to talk about a place. He doesn't rely on experts Not by being loud Here it is. He uses real moving prices Tell you the true probability of various events He turned boring information into everyone A name guessing game that everyone can participate in Then this place is polymarket. It's a prophecy Or call it an event casino Also ok Then its appearance It is subverting our ability to acquire And how to verify the truth So here's the problem. This website claims to be able to predict the future What is the origin Is it really more accurate than the experts? But more importantly we How did ordinary people realize this knowledge? Trying to get a piece of the action in the game? Then today's video And I'm going to take you through this. Are you ready? Let's leave now. First let's Back to the night that made polymarket famous So, the 2014 US election? Remember then The surprising plot of the US election? Everyone was waiting to see Biden The second showdown with Chuangbu As a result, Biden suddenly withdrew halfway Ah, that passed the baton to Vice President Harris Does everyone know the final outcome? Trump is back strong Successfully won the White House? However, the best part is not on TV In the polymarket It's in the mainstream media. Still pretending to say that the election is anxious When victory is tied Global players in the poly market They have already cast their judgment with real money That's the winning rate of Chuangpu Just after eleven in the morning It skyrocketed by more than 90% So here's the problem. Why an encrypted prediction platform? Than cnn Or Fox, which has thousands of journalists. Big media is more accurate It's faster The answer is very simple People who talk with money never lie You see everyone in the polymarket has to use it Real money to bet You say trump can win Okay, then you take out the money to suppress Then you say harris will win No problem, please pay too Who dares to talk nonsense under this mechanism So here's a very crazy example That's a French trader He just threw 45 million dollars to suppress Tron Is this guy crazy? He really did his homework To avoid Being found out about his big deal Ah, he also deliberately registered three trumpets Spread the bets What happened to you in the end One of his accounts earned More than 16 million dollars Now you understand why polymarket Is so accurate Then when a person Bet with more than 40 million dollars Then he must be more serious than those Journalists who can only shout with a microphone Much more serious That is even more extraordinary When the mainstream media Is still there when counting votes slowly Before the final results are announced Polymarket is It has pulled Chuangpu's winning rate to Ninety-seven percent. This is comparable to media The final announcement was a full six hours early Why does this happen? because The market has a better sense of smell than the media. That's too much. When traders discovered that wealth creation was taking place in New York The votes in these states in Florida When far exceeded expectations They suddenly realize This poll got Trump wrong again. When thousands of people voted with real money The wisdom of crowds. They tend to be more accurate than the leading experts. The next time something big happens Don't rush to read the news Let's go to the polymarket to take a look at the odds first Because that often hides the truest answer How about hearing this? Many friends question Isn't this just gambling? Ah, I changed the vest of a blockchain. Just to fool us, right? Well, I can only say that you guessed half right. Ah, he does have the thrill of gambling But his core It's a very old financial experiment. It's called prediction markets. How about today? Let's peel it upside down Talk about this concept of prediction markets It goes back hundreds of years. Hundreds of years ago People are used to the suppression of future events But ah! In the past, there was only offline gambling, so there were many problems. The dealer may run away The odds can be opaque. Or the transaction efficiency is particularly low What is the dimensionality reduction blow of polymarket? The polaroid market is revolutionary Because he used blockchain technology He solved all the problems above It's actually very simple. It is he who took all the uncertainty in the world Have become tradable stocks Let me give you an example. Let's say you want to know Will the Federal Reserve cut interest rates in October? Twenty-five basis points At the poly market Two different options will appear Yes or no, if yes is the option The price is 0.96 dollars. That means Markets are optimistic about the Federal Reserve's October interest rate cut The probability of twenty-five basis points is 96 percent. You bought the right $0.96 Will become a dollar If you bought the wrong one. That $0.96 will be zero It's that simple and crude In the B circle, someone said, get rich Some people also lost the bottom library If you don't understand, don't rush to invest I have a zero-to-one introductory crypto course Including 30 main courses and hundreds of live classes I also look at it from the perspective of a ten-year b-circle vc Explain to you the ecology of the entire industry Should be a Pantry The course will help you solve most of the problems Build investment capabilities that can traverse bulls and bears You think he only cares about the US Presidential Election Or the Federal Reserve cutting interest rates? Polish market From the so-called Chuangpu will Received the Nobel Peace Prize for 26 years Who will be the next Prime Minister of Japan? The wind and grass in global politics There is a clear price here. What about politics? The financial world is his home ground Will the Federal Reserve cut interest rates in October? How much will gold rise this year? Then these were originally only top institutions To play these questions So now you connect a wallet. You can participate In addition, let alone cryptocurrencies. Can Bitcoin break through $150,000 by the end of the year? When will the Ethereum ETF be approved? Here you can Find the most direct confidence index in the industry Of course, even the cutting edge of technology can't escape him When will the next generation model of Fayan open AI be released? Can Apple's annual insurance sales break through one million? The answers to these questions It may be better than what many analysts report Closer to the truth Ah, what about other than that? Sports and entertainment make him even more out of the circle. Who can win the Champions League? Full Game Will the sequel be broadcast earlier in 2016? Even taylor swift How long will the next relationship last? Only you can't imagine You can't bet without you, brothers, see? Polymarket not only builds It's a political forecasting tool. More of a give All the uncertainty in the world goes to the price A Super Protocol He put Collective knowledge and inside information in human society Quantify with real money Well, if you want to talk about his operating logic I summarize three core innovations The first is smart contracts as trust machines What about on the polymarket? All the rules are written In the smart contract on the chain open Betting settlement is all automatically executed by the code The platform cannot move your funds. You can't change the results. It's like we're gambling Put it in a transparent No one can open a safe As soon as the results come out The code will automatically send the money to the winner This is the qualitative change of trust Select the prediction market you want to bet on Buy a yes or no share What about after the event? The correct forecaster It will redeem usdc for one dollar in US stocks. The wrong player goes to zero. So over the course of the game You can also buy and sell anytime That third point That is, the data in the real world must not come in The most crucial step in predicting the market is What's the result? You can't rely on the project side to have the final say, right? The polymarket It relies on a decentralized prophecy. Like what? Designated Associated Press Reuters' address on the election results Certification of election results as final ruling That's when real-world events are settled The result will be written to the chain The smart contract is immediately liquidated This brings together the flow of funds on the chain and the reality off the chain The world is stitched together perfectly So say polymarket It's not just a simple blockchain Plus betting platform Then it's these special designs There's a deeper wisdom in that. First of all, it is the most honest to use money to speak You bet your own hard-earned money Do you still dare to speak nonsense? And secondly, crowds are often the most powerful. Alone, he might look wrong But thousands of people collectively make judgments He is often more accurate than some experts The third is to fall in love with the most transparent transaction Then all the transactions are on the block love. No one wants to cheat. What he asked you to trade is no longer cold k. It's a thread. It's your perception of the world. Alright, friends, here comes the best part. There was a news story on October 7th. Say the parent company of the NYSE Intends to invest $2 billion in polymarket So what is this concept? It means It might Become crypto history One of the largest private fundraisings Ah, what about the same time? The parent company of the New York Stock Exchange, ICE He oversees the world's largest financial exchange market What about this flag? It is very likely that the future of the entire financial industry is at stake Speaking of which, I also want to mention It was some time ago. My token in Singapore When attending the conference in 1949 Tom lee was on stage I'm offstage. I heard tom lee mention the police So this kind of reflects our theme. So going back to why the NYSE He's going to invest two billion. How about a prediction platform? Friends, this is definitely not a spur of the moment. Let me explain to you its deep-seated strategy Point number one. That is, it wants to seize the commanding heights of information pricing power You know, the poli market is converging Global forecasts for various events What about this expectation? It is the most precious in itself The most real-time and unfalsifiable data Gold, what is Wall Street speculating about? Fried is expected If you say ice It can master the world The largest expected data pool It can gain insight earlier than its competitors Subtle changes in market sentiment Developed based on Quantitative trading models of social emotion. Even in the future, these predicted prices can be Make a class of financial derivatives The raw product index The second point is to lay out rwa You can correct everything Then I talked about rwa before I haven't seen it Please go back and watch my video episode Ah, it is to tokenize real-world assets The polymarket is playing with more advanced reality The world's information is capitalized Then you can trade the results of the election today We can trade tomorrow Will Apple's earnings for the next quarter meet expectations Then whether the Federal Reserve will cut interest rates And the next movie Wolf Warrior Nezha Can his box office break one billion to ten billion Ah, then every market It's a micro Tradable financial products The NYSE is synonymous with traditional finance He saw a possibility Is that the world can turn all the uncertainty Can be turned into his system Standardized contracts for trading Then this imagination Can be much bigger than simple stock trading So this two billion dollars It's definitely not just the present of the polymarket It's a gateway to everything that can be traded First class air tickets of the future So brothers We as ordinary retail investors How to participate in this feast Where are the opportunities to get rich? The answer may be in polymarket Among the two blockbuster signals released recently This might allow us to witness history The first sign is that he is actively preparing for an IPO. He's going to the US stock market So what they're going to do is encrypt. The Path of Enterprise Meritalization What about in the b circle? It might just be an app But when it comes to US stocks It's a prediction with AI. With web three With financial infrastructure A super growth stock of the multi-litter bug halo What about valuations? It's easy, it's tens of billions, right? The second signal is He kept hinting that there would be coins in the future So... According to the official documentation and the team's statement In fact, the future governance token has been mentioned many times This means that We are likely to witness An unprecedented US IPO in history Plus the capital drama of simultaneous airdrop tokens Ah, how do you do that? Hey, my own experience? Mainly divided into the following three strategies First, let's look at the interactive space Invest in the original shareholders? Right? Let's go to the official website of polo market now Log in with your wallet Find some markets that interest you Go and participate in a small amount. Your every interaction It's all in the future, casting a net in a possible airdrop Then this could be us Ordinary people can do it at the lowest cost How to participate in the giant project? The second way is information arbitrage The prophet of the market Is to use your knowledge of a certain field Take technology. Politics or any entertainment Ah, in-depth knowledge of this industry Then you are in polymarket Go up there and find the ones that you think are wrong. The market uses your knowledge To earn money from people after that information? It's actually betting against them What about then? The story on the day of the IPO on the US stock market is full institutions pursue Stock prices skyrocketed Then you, as an investor in US stocks Earn money from rising stocks What about on the b-circle side? He dropped governance tokens into the community of early adopters. You can Earn airdrop money as an interactive user on the chain But let me remind you. If you are a novice So you have to start small. Use the money you can completely afford to lose Don't outing as soon as you come up Controlling risk is very important brothers Okay brothers Today's dry goods are about the same Finally Ask a question If the polymarket Really listed and issued coins at the same time Would you rather participate in the stock market Buy his shares Or buy his tokens on the chain Ah why Tell me what you think Let's chat in the comment area",RELEVANT,INFORMATION
7429454306295680298,https://www.tiktok.com/@frankcurzio/video/7429454306295680298,"How Polymarket works... Be an informed investor. Wall Street Unplugged - no B.S. market coverage, FREE",2024-10-24T21:17:11.000Z,151,7,41,2,10100,55,,Frank Curzio,7481,False,US,polymarket odds,polymarket,"description, transcript",YES,"So when you look at poly market right now, you can bet. And what I like about it is it says how it works. The market price is the probability. So right now, Trump, if you want to buy or bet on Trump winning, yes, it's 59.8 cents. So let's just round up to 60. So that means that there's a 60% chance. So if you put $100 and I'm going to do this now here just to show you, if you put $100 on Trump to win and he wins, you buy shares that go to a dollar. So your total would be $167.22 on 100. So you'd get back 67.22%. And the reason they say this is that these are, now I didn't see a study cited here, but they said, listen, this is real time people betting with real information and it takes a lot of courage and or beliefs to put your money where your mouth is. And I respect that because you can buy and sell these at any time. So if you buy this for 60 cents, let's say, and it goes to 75 next week, you can sell it.",RELEVANT,TRADING
7411233458002955526,https://www.tiktok.com/@recordstoxx/video/7411233458002955526,"BREAKING: 🇺🇸 Donald Trump is now leading Kamala Harris by 6 percentage points in 2024 election odds, according to Polymarket's prediction markets. Just one month ago, Harris was leading Trump by 10 percentage points on the same platform.",2024-09-05T18:51:04.000Z,0,,0,0,6,,,RECORDSTOXX,59,False,PE,polymarket odds,polymarket,description,YES,♪♪ ♪♪ ♪♪ ♪♪ ♪♪ ♪♪,RELEVANT,INFORMATION
7433860993823952133,https://www.tiktok.com/@wizardacademyofficial/video/7433860993823952133,"Polymarket, c’est quoi? 📊  #polymarket #crypto #blockchain #btc #eth #bitcoin #ethereum #investing #defi #polygon #fyp #foryou #foryoupage @Raphaël St-Cyr ",2024-11-05T18:17:32.000Z,78,20,37,5,4515,112,"polymarket, crypto, blockchain, btc, eth, bitcoin, ethereum, investing, defi, polygon, fyp, foryou, foryoupage",Wizard Academy,282,False,CA,polymarket odds,polymarket,"description, hashtags, transcript",YES,"What is PolyMarket? PolyMarket is a platform in Paris where users can create prediction markets by asking specific questions about future events. People can buy and sell shares in future results such as political elections, sports events, or economic development, and a little bit of everything. These shares represent a probability that the event will happen or not. Currently, we find a lot of Paris on the platform that concerns American elections. But there are also other Paris that are a little bit crazier. For example, is Elon Musk going to do a podcast with the Octa Girl? Or is Trump going to say what he said before the elections? So, obviously, people can bet on a little bit of any event. And all of this is a decentralized market that is based on the Polygon blockchain. In fact, PolyMarket has become very popular. It allows us to use a little bit of common knowledge, if you will, the wisdom of the crowd to try to predict the outcome of an event. There are some people who even go so far as to say that the results on PolyMarket can be considered to be more reliable than, for example, polls for several reasons. First of all, the participants use their own money to speculate on the results of an event, unlike people who answer a poll and who don't really have a consequence on what they choose. Then, there are more people who speak on PolyMarket than in most polls, which leads to what is called crowd wisdom, a phenomenon where the predictions of several people often turn out to be more true. Then, PolyMarket adjusts constantly according to developments. For example, if something happens with Rump or Kamala, people will react in real time on prediction markets like PolyMarket, unlike a poll that captures the opinion at one precise moment. Finally, PolyMarket is accessible to everyone, so it helps to reduce the sampling cost a little bit. If you are interested in learning more about PolyMarket and the other applications that are on blockchains, write us the word blockchain in the DM and subscribe to improve your social culture.",RELEVANT,TRADING
7433618610444127530,https://www.tiktok.com/@allthingsashlee99/video/7433618610444127530,"As of 9:35pm on election day, this is the polymarket odds. 🇺🇸❤️ #fyp #electionday #electionday2024 #trumptrain ",2024-11-05T02:36:50.000Z,36,1,2,0,1650,24,"fyp, electionday, electionday2024, trumptrain",ash 🏁🧡,15300,False,US,polymarket odds,polymarket,description,YES,"My message is that things have to change, and they have to change right now. It is time to show the whole world that America is back, bigger and better and stronger than ever before. The more people tell you it's not possible.",RELEVANT,INFORMATION
7619102943266049293,https://www.tiktok.com/@polly_talks_polymarket/video/7619102943266049293,polymarket says there is still a 10% chance the u.s. invades iran by march 31 — and a 92% chance military action is still going by then. that spread is the whole story. #polymarket #iran #geopolitics,2026-03-19T22:50:50.000Z,1,,0,0,26,30,"polymarket, iran, geopolitics",Polly | Polymarket Info,1,False,US,polymarket odds,polymarket,"description, hashtags, transcript",YES,"This poly market is basically a war alarm. Right now, traders give about a 10% chance the US invades Iran by March 31st. 10% sounds small, until you remember the thing being priced is an invasion. On the same board, traders also price military action continuing through March 31st at 92%. So the market is saying the conflict probably stays hot, even if a full invasion is still the underdog. That gap is the story.",RELEVANT,INFORMATION
7605529858520878356,https://www.tiktok.com/@oxrem1/video/7605529858520878356,Logan Paul tells Yatchy about Polymarket #viralitypoly,2026-02-11T09:00:19.000Z,24,,0,1,1104,88,,Salma Rem,88,False,NG,polymarket prediction,polymarket,"description, transcript",YES,"Polymarket, the prediction market, oh you don't know about the polymarket? You know what a prediction market is? So it's basically an aggregate of opinions and people can buy yes or no, whether or not they think an event is going to happen, like what, who's going to get elected, will Trump run for a third term, when is the Drake album going to be released, who's going to win the best Grammy rap album of the year, this is what people are saying by putting their money where their mouth is. So you bet, you pay, your bet is a pay, you would buy who you think is going to win rap album of the year, as if it were like a share. And then what happens if that person wins? Then the people who bought that share get the money. From the rest of the people. And there's no house. It's me versus you. This is a pot? All this money is going in? Yes, yes. And then whichever one wins gets all of it? Yeah, everyone who put it in the one that. But what about the other people's money? Do we get their money or they just lose? Yes. So it's one pot and then the winner takes all basically. Yeah, yeah. It's kind of crazy, crazy. And you could sell, you could sell your shares too, right? So like if you change your mind, like on Grammy day, you're like, damn, bro, Bad Bunny just ain't as hot as I thought he was. You know what I'm saying? You could sell your stock. You could sell. And if it went down or up, you could lose. Is this like a thing? This is like a big thing? Yeah, a huge thing.",RELEVANT,INFORMATION
7619628409404050709,https://www.tiktok.com/@kaiqiangxu1/video/7619628409404050709,🚨 Whale money tracked on PolyMarket today! Markets are split! 1. LoL: LYON vs JD Gaming (BO5) - First Stand Group B 2. Warriors vs. Pistons 3. Republican Presidential Nominee 2028 #PolyMarket #Predictions #Crypto #Trading #WhaleAlertfinal,2026-03-21T08:49:52.000Z,0,,0,0,93,46,,Michelin Odd Jobs K,3,False,SG,polymarket prediction,polymarket,"description, transcript",YES,"Stop betting on sure things. I just tracked where the real whale money is flowing on Polymarket right now. Event 1, LOL, LYON vs. JDGaming, BO5, first stand group B, 24-hour volume, $7,226,160. Event 2, Warriors vs. Pistons, 24-hour volume, $5,006,560. Event 3, Republican Presidential Nominee 2028, 24-hour volume, $4,576,193. These are the markets where fortunes are made. Drop your prediction in the comments.",RELEVANT,TRADING
7429848274787487018,https://www.tiktok.com/@worldupdatez/video/7429848274787487018,Try it out at Polymarket! #election #election2024 #currentevents #polymarket #predictions ,2024-10-25T22:46:02.000Z,23,1,2,2,2388,16,"election, election2024, currentevents, polymarket, predictions",World Updates 🌎,275,False,US,polymarket prediction,polymarket,"description, hashtags",YES,"You can now predict the outcomes of the election using an app called Polly Market. How it works is that if you go into the app's election feature and click on Presidential Election Winner, you can get real-time votes and updates on what people think is going to happen. It also has real-time polls and other comments from people. Make sure to check it out at Polly Market on the App Store.",RELEVANT,TRADING
7620066039597944095,https://www.tiktok.com/@holymarkett/video/7620066039597944095,ranking top 5 polymarket moments  #viralitypoly #prediction #trump #viral ,2026-03-22T13:08:38.000Z,302,24,27,7,4283,51,"viralitypoly, prediction, trump, viral",holymarket,487,False,US,polymarket prediction,polymarket,description,YES,"Bro, what? Will Trump say N-word in March? 7%? Bro, this doesn't make sense. The book mentioned the N-word. Yeah! Will GTA 6 cost $100 or more? Possibly 1% chance. Have they never heard of inflation? If I put $1 on this, I can just buy the game for free. Bro, what? Will Trump say Barack Hussein Obama this week? 25%? Bro, he has to. Seems to be a Democrat state in the way we turned it. Barack Hussein Obama. Yeah! Am I missing something? What do you mean, who will be the largest company by the end of March, and Nvidia has a 99% chance? Why don't I just put yes on Nvidia and no on every other company so I could just make some free Chipotle bowls? Bill Clinton charged by March 31st, 4% chance. I could just put $100. Three bands?",RELEVANT,TRADING
7620212591402536213,https://www.tiktok.com/@viewworthyhq/video/7620212591402536213,He really called himself smart before sending $10k 😭 then Polymarket absolutely farmed him #polymarket #predictionmarkets #viralitypoly ,2026-03-22T22:37:01.000Z,15,,1,0,747,49,"polymarket, predictionmarkets, viralitypoly",viewworthyhq,0,False,MX,polymarket prediction,polymarket,"description, hashtags",YES,"October, most Googled person, Trump. September, most Googled person, Trump. August, most Googled person, Trump. July, Trump. June, Trump. May, Trump. April, Trump. March, Trump. Every single month, it has been Trump. Yo, 122K. This is a... Wait, wait, wait, wait. Google's official year in search list does not solely rely on total search volume. Instead, it emphasizes search interest growth? Yo, what? The rate at which searches for a person increases compared to the previous year? Fuck me. Bro, Trump won back-to-back years, so his growth is going to be a lot less.",RELEVANT,TRADING
7612554527266376980,https://www.tiktok.com/@dujinya/video/7612554527266376980,美国空袭伊朗前几小时，有人在Polymarket精准下注赚走120万美元💰谁提前知道炸弹什么时候落下？#Polymarket #内幕交易 #Polymarket #内幕交易 #伊朗 #预测市场 #加密货币 #战争 #度金鸭 #深度揭秘,2026-03-02T07:19:47.000Z,9,1,1,0,302,117,,🦆 度金鸭,18,False,AU,polymarket prediction,polymarket,"description, transcript",YES,"On February 28, 2026, missiles from the United States and Israel landed in Iran. At the same time, someone was counting money in the encrypted currency forecast market, Polymarket. These accounts have a common point, a new one will be built in 24 hours, and only press this stop, and leave after pressing it. Today, let's talk about how the forecast market has become a war futures. Who can know in advance when the bomb will fall? Let's talk about the numbers first. Polymarket is an encrypted currency forecast market. You can use stability to suppress any event. Will the United States attack Iran before February 28? This bet has a total transaction volume of 5.29 billion US dollars. What is this concept? This is the fourth largest bet in Polymarket history. Only a few contracts from the U.S. election in 2024. A war has been made into a financial product. On-chain analysis company, these six wallets are all newly built in February. Most of them will be filled in 24 hours before the attack. These accounts only do one thing, suppress the U.S. will attack Iran on February 28. There is no other transaction record. Leave after pressing. The chips they bought in the early hours of the attack were only 0.1 US dollars. The next day, the bomb fell, and the chip became 1 US dollar. 10 times the return. The largest wallet invested 610,000 US dollars and earned 493,000 US dollars. The second largest wallet invested 30,000 US dollars and earned 120,000 US dollars. Six wallets combined earned 1.2 million US dollars. Polymarket is a group of wisdom. When government personnel, intelligence personnel, and national defense contractors can participate anonymously, this is not a group of wisdom. This is a collection of inconsistent information. War is no longer just geopolitics. War is also a business. And some people always know when the bomb will fall before you do. 5.29 billion US dollars suppressing war. Who is using Iran to make money?",RELEVANT,INFORMATION
7430701519592344837,https://www.tiktok.com/@sethherrerab/video/7430701519592344837,La apuesta más grande del mundo. ¿Quién crees que gane? 🇺🇸 #apuesta #economia #finanzas #usa #elecciones #Millones #trump #kamala #trending,2024-10-28T05:57:17.000Z,26,2,4,1,552,31,"apuesta, economia, finanzas, usa, elecciones, millones, trump, kamala, trending",Seth Herrera,1515,False,MX,betting odds trump harris,polymarket,transcript,YES,"The biggest bet in the world is the Donald vs. Kamala race. On the Polymarket page, there is currently the biggest bet in the world with $2 billion at stake. Here you can see how the race was going, quite even, but here in the last month they separated. Donald Trump leads with 64% of bets and Kamala with 35%. But it's crazy what is being bet on in these elections. Tell me in the comments, who do you think will win the race for the presidency of the United States?",RELEVANT,INFORMATION
7426197723319110942,https://www.tiktok.com/@davidgokhshtein/video/7426197723319110942,"🚨BREAKING: Trump just hit 58% on Polymarket, hitting a new high against Kamala Harris. Even with all the efforts to make him look “unfit,” the betting markets aren’t buying it. His numbers are only going up, with a recent NBC poll showing a five-point boost in the last month. Meanwhile, Harris is trying to get back in the game with Tim Walz pandering to male voters and rumors about a possible Joe Rogan interview.",2024-10-16T02:40:09.000Z,9251,595,480,650,712500,44,,David Gokhshtein,476800,True,US,betting markets harris,polymarket,description,YES,"I mean, just look at them side by side, and you can see it. Remember that poll we took a month ago that you see here? It was just after that first Trump-Harris debate. Since then, we've had the VP debate. There have been some campaign activities, some interviews, some things that have changed in that time. I think this might be the biggest for Harris. We just asked the basic image perception people have. Is it positive or negative of these candidates? The Trump number's always been somewhere in this territory. In fact, this is a little bit high for him, believe it or not, 43% positive. But look at Harris, 43% positive, 49% negative. The significance, we polled this a month ago. She was 48% positive and 45% negative. She was above water, as they say. That's completely reversed. It now looks very similar to Trump's. That's a pretty big shift.",RELEVANT,INFORMATION
7592393501896084791,https://www.tiktok.com/@impaulsive/video/7592393501896084791,Will Donald Trump run for a THIRD TERM? 🤔🇺🇸 @Polymarket odds say there’s a chance 👀  #poweredbypolymarket #loganpaul #donaldtrump #kaitrump @Logan Paul @Kai Trump @heybigmike ,2026-01-06T23:25:07.000Z,114000,706,3741,183,2000000,15,"poweredbypolymarket, loganpaul, donaldtrump, kaitrump",IMPAULSIVE,3600000,True,US,election odds,polymarket,"description, hashtags",YES,Have you seen the Polly market on whether or not your grandpa would run for a third term? I think it's maybe a 4%. Your grandpa is at 4.1%. Do you think that's possible? He's not running a third term. He's not. I feel like I'm still going to buy yes. A lot could happen until 2028. Not bad.,RELEVANT,INFORMATION
7564488484543630606,https://www.tiktok.com/@dailymail/video/7564488484543630606,Zohran Mamdani's odds of becoming the next mayor of NYC are currently 93% on Kalshi. Who do YOU think will win the election? #news #politics #zohran #cuomo #nyc ,2025-10-23T18:38:59.000Z,9741,99,392,240,228200,22,"news, politics, zohran, cuomo, nyc",Daily Mail,26100000,True,GB,election odds,kalshi,description,YES,"We're here with the next mayor of New York City, Salman Khan. Let's go, baby. Let's go. Bam, bam, bam. Ninety-three percent. On calci, right now. Yes. Chances of victory. Ninety-three percent. Yep. So, barring this doesn't go horribly, I think you're good. I hadn't spoken to this in high school. Text me, like, five days before the election goes, yo, bro, I just put a thousand on you, like, please, don't let me down.",RELEVANT,INFORMATION
7429366940596194606,https://www.tiktok.com/@upcloseinsights_/video/7429366940596194606,Who do you think it’s going to win?! #polymarket #2024election,2024-10-24T15:38:14.000Z,3,,0,23,870,16,"polymarket, 2024election",upcloseinsights_,25,False,US,election odds,polymarket,"description, hashtags, transcript",YES,"Who do you really think is going to win this upcoming election? According to polymarket polls, Donald Trump is most predicted to win by 61.5 percent, whereas Kamala is at 38.5 percent. These numbers are always changing, so stay updated by visiting their website.",RELEVANT,INFORMATION
7426733713783901473,https://www.tiktok.com/@electrictimenews/video/7426733713783901473,Part 1 Trump Odds SURGE 20% In The PERFECT Moment (2024 Election Forecast)#2024 #election #breakingnews #news #politics #democracy #trump #harris #trump2024 #fyp ,2024-10-17T13:20:00.000Z,480,28,34,28,25900,179,"2024, election, breakingnews, news, politics, democracy, trump, harris, trump2024, fyp",Electric Time News,45600,False,US,trump odds,polymarket,transcript,YES,"Donald Trump's chances of winning the 2024 election have risen again to an insane 58% today. We'll be taking a look at what's been behind his incredible rise as Kamala Harris's campaign can continues to falter. Just three weeks ago, she was the favorite to win the election, but today Trump has taken a commanding lead. As we're gonna take a deep dive into the 11 most competitive races on this map, we're not gonna focus on all the solid and likely states. I mean, really, Donald Trump is unlikely to win states like New Hampshire and Maine. Kamala Harris has no chance in states like Iowa and Ohio. So we're going to focus on the poly markets forecast in these 11 states that are not shaded in, as these are the races that will actually decide the election. And in these states we've seen a ton of movement. I mean, just look at Michigan for example. Donald Trump's chances of winning the state went from 33% three weeks ago, now he's at 54. And so returning to the map, we're going to begin in Nevada. For Donald Trump and Kamala Harris have exactly the same 50% chance of winning the state. Nevada couldn't be more of a toss up. Kamala Harris has been leading throughout most of the last two months, but today Trump officially caught up and Nevada is a pure toss up between the two nominees. If you look at the polling average of, Trump is actually pulled Ahead? He leads by 0.5%, with the most recent Wall Street Journal poll having him up by 6 points over the vice president. That really is a very significant, especially as the Wall Street Journal is a left leaning poster. And if we look at the graph, Kamala Harris has been ahead since the end of August. She lost her lead just a few days ago. But Trump being ahead in Nevada is a pretty big deal. No Republican has won this state since 2004. But Trump very well could be the first to flip Nevada in 20 years. And it's going to be tilt red on the map. Considering that we do have a tie in the betting markets and the polling is going to decide the state in Trump's favor. Next up in Arizona, Trump is the clear favorite. He has a 68% chance of winning a state. A state he didn't even win in the last election. In fact, Biden flipped Arizona in 2020, carrying it by 0.31%. And what's really incredible is that Trump's odds in the state right now are just as high as they were right before Biden dropped out. In mid July, Democrats went through all the trouble of replacing their nominee at the top of their ticket with less than four months to go until the election. And today, Kamala Harris is performing even worse than Joe Biden was before he left the race. I mean, that is just abysmal on the part of The Harris campaign. If we turn to the polling, things don't get any better for the vice president. Trump leads by 1.1%. This is one of three states where Trump leads by 1% or more. In fact, the most recent New York Times poll has the former president leading by five. Trump's always dominated polling. In Arizona, there was only a very short",RELEVANT,INFORMATION
7566700842179464461,https://www.tiktok.com/@sweeenie/video/7566700842179464461,Don’t trust Polymarket. Trust Sweeenie.,2025-10-29T17:44:32.000Z,540,19,16,34,10600,73,,sweeenie,30100,False,US,polymarket debate,polymarket,"description, transcript",YES,"All right, good afternoon. I am Sweeney. I am down here in Soho or Tribeca. I honestly don't know where the fuck I'm at. Sometimes you guys are in my comments like, Bro, that's not Soho, that's Tribeca. You know where I'm at? I'm in the fucking trenches, here, for you. And I want to come in and give you my take in 60 seconds on this. Do not trust Polymarket, and I'll explain to you why, all right? So, Polymarket is a company where you can bet on the odds of an upcoming election. And after the first debate, Zoan is predicted at 90% of winning on November 4th. But I can explain to you why that's based in fraud, all right? So let's say 100 people bet on this election, and 99 of them bet on Cuomo or Sliwog going to win. If even one person comes in and bets more than all those other 99, it skews Polymarket's result. So, what do we already know? We know that Zoan is funded by Soros, who gave him $37 million as soon as he declared his candidacy. Soros could come in there, drop a billion dollars, and then suddenly, Polymarket says Zoan's going to win by 99%. Why is that a bad thing? Because it generates this defeatism in New York City residents that this race is already called. Guys, this is the most important race in the history of New York City. This race is not called. It's anyone's to win. Go out there on November 4th and fucking vote.",RELEVANT,INFORMATION
7603099082801876242,https://www.tiktok.com/@usah725/video/7603099082801876242,Did You Know What Is Poly Market? #viralitypoly ,2026-02-04T19:47:38.000Z,76,3,1,0,4108,66,viralitypoly,Flash,4,False,US,polymarket debate,polymarket,description,YES,"futures? Like on Polly Market? Polly Market. Oh, you don't know about Polly Market? You know what a prediction market is? So it's basically an aggregate of opinions and people can buy yes or no whether or not they think an event is going to happen. Like what? Who's gonna get elected? Will Trump run for a third term? When is the Drake album gonna release? Who's gonna win the best Grammy rap album of the year? And you can win money off it? Can you pull up like a- I don't get it though. Can that just be rigged? If I knew the inside on something, I could just like- So there's definitely that argument. What is this? Grammy's album of the year winner. So this is what people are saying by putting their money where their mouth is. You pay. Your bet is a pay. Like you would buy who you think is going to win rap album of the year as if it were like a share. And then what happens if that person wins? And the people who bought that share get the money. And there's no house. It's me versus you. This is a pot? All this money is in a pot? Yes, correct. And then whichever one wins gets all of it? Yeah, everyone who put it in the one that. But what about the other people's money? Do we get their money or do they just lose? So it's one pot and then the winner takes all basically. It's kind of crazy.",RELEVANT,INFORMATION
7588268786776657207,https://www.tiktok.com/@itsreallycameron/video/7588268786776657207,Talking about Polymarket and kalshi #trading #daytrading,2025-12-26T20:38:58.000Z,68,4,18,2,3856,66,"trading, daytrading",itsreallycameron,1861,False,US,polymarket debate,"kalshi, polymarket","description, transcript",YES,"A lot of you know I trade on PolyMarket for a living but a lot of you don't know why I chose PolyMarket over Calshi, so let me explain A lot of people choose Calshi because it's easy to access in the United States currently but, you know, that's why they invented VPNs Now I'm not telling you to break the terms of service, but let me tell you why PolyMarket is better than Calshi First off, PolyMarket has more volume, which is good You don't want every market to be so volatile that one person places a trade and it completely skews everything Secondly, with more volume on PolyMarket, that means more money opportunity I like the markets on there that have a lot of volume, specifically politics Calshi used to be biggest in sports over PolyMarket, but I think that's sort of changed PolyMarket has a lot of volume in the sports market, but that's sports is gambling, don't do that But for politics, way more volume in PolyMarket, which is good They both are prediction markets that do the same thing at the end of the day There are arbitrage opportunities between the two to make money by trading on both of the platforms But I primarily only trade on PolyMarket, so that's what I recommend to everybody",RELEVANT,TRADING
7611637760499158285,https://www.tiktok.com/@bloombergbusiness/video/7611637760499158285,"Prediction markets have never been bigger — or more controversial. On this episode of the Everybody’s Business podcast, @Stacey Vanek Smith and @Max Chafkin sit down with Jacob Goldstein and Robert Smith of the Business History podcast to unpack how betting on real-world events went mainstream — and why platforms like Kalshi and Polymarket are reshaping the way people trade on everything from politics to pop culture. #betting #markets #money ",2026-02-27T20:02:33.000Z,206,12,40,5,8956,49,"markets, money",Bloomberg Business,1000000,True,US,polymarket debate,"kalshi, polymarket","description, transcript",YES,"Five hundred years of prediction markets history in one minute. It starts in Italy in the 1500s, betting on who's going to be the pope. Did Cardinals insider trade? Yes. It got banned in 1590. In the 1800s, there's betting on presidential elections of the United States. And then in 2001, the Pentagon decides to have a market on betting on terrorism. It got banned. Now we come to modern day where betting markets have become a huge business. More than 100 billion dollars a year. Polymarket, Cali, leading the charge. You can bet on anything from how much snow is falling in Brooklyn right now to whether or not we are going to invade Iran. The question is for you all, are these things any good? Is this going to continue? Is it going to get bigger or is there going to be a backlash? You can hear the whole thing in the feed at Business History or Everybody's Business.",RELEVANT,INFORMATION
7576373355872357643,https://www.tiktok.com/@visionquant/video/7576373355872357643,Polymarket: Cuando las Noticias Tienen Precio #VisionQuant #Polymarket #Finanzas #Cripto #IA,2025-11-24T19:18:14.000Z,17,7,14,0,955,480,,VisiónQuantMx,67,False,MX,polymarket debate,polymarket,"description, transcript",YES,"Well, let's get into this. Let's get into the situation. It's November 5, 2024. Midnight. The news channels, well, they're like crazy, right? Analyzing data, dice to dice, without a clear winner. But in the meantime, in a corner of the Internet, a market already has a verdict. Well, yes, while the big TV chains doubted, a crypto platform called PolyMarket had already put a price on a winner. And not with a small margin, no, no, with a very high probability. And beware, this is not a simple betting house. This was the test of fire of a prediction tool, one that was about to change the rules of the game. And of course, behind all this, there is a person, Shane Copeland. His story is, well, it's almost a movie. Let's think, at 16 years old, he was already investing in Ethereum, one of the very first. Years later, in 2020, he launches PolyMarket, literally from a bathroom during the pandemic. And from there, things accelerate. Fines of 1.4 million from the CFTC. Geoblocking in the United States. And to top it off, a raid of the FBI in his apartment. Crazy. To understand well what PolyMarket is, we have to go to the idea behind it, to its core. Because, and this is key, we are not talking about a betting house, not at all. It is a financial information market. The idea is inspired by a rather radical concept, by the way, called Futarkia. Let's see, in essence, what is a prediction market? Well, it is a place where people buy and sell, let's say, shares on whether something is going to happen or not. And the interesting thing is that the price of those shares is not random, no. That price represents the probability that everyone, together, gives that event. It is like collective wisdom converted into a number. And here this quote from the economist Robin Hanson fits perfectly. It is really the philosophy behind all this. Think about it. When we vote, our values, our desires, ideology influence. But when we bet, when there is money involved, things change. There, people are forced to say what they think is going to happen, not what they would like to happen. Money, in this context, forces you to be honest. Okay, great. And how does this work inside? I mean, what is the mechanics of this machine of truth? Well, it is surprisingly simple and everything is based, of course, on the economy of smart contracts. The process is super direct. You take any event in the world, it does not matter, some elections, the launch of a rocket, if it is going to rain. And it becomes a question of yes or no. From there, people buy shares of yes or no. The price, of course, changes depending on what people buy. And in the end, when the event occurs, it is very simple. If you got it right, each share of yours becomes worth a dollar. If you missed, it is worth zero. That simple. It is a direct and very, very efficient mechanism. And here is the magic, the key point of the whole system. If a share of yes is worth, for example, 63 cents, what the market is telling us is that there is a 63% chance that this will happen. It is not the opinion of an expert, no. It is a probability that has money behind, that has liquidity, and that is weighted by the capital that thousands of people are risking. But of course, this leads us to the question of the million, right? Especially in a decentralized system. If there is no boss, a central authority, who decides the truth? I mean, who says, yes, this has happened, and closes the market? Who has the last word? Well, the solution is a quite ingenious system called the optimistic oracle of UMA. It is based purely on game theory. It works like this. It is assumed that the first answer that is given is the correct one. Unless someone is willing to put their money on the table to say, no, that is wrong. If someone disputes the result, then those who have the UMA token vote to decide. It is, deep down, a system to find the truth that works with economic incentives. And all this gear leads us to the great advantage of PolyMarket, to what makes it so powerful, its incredible precision. Because when people play with their own money, what we call skin in the game, suddenly all the noise, the propaganda, the baseless opinions, all that is filtered and disappears. And this is not just theory, it is that the data confirms it. A 2024 study, for example, revealed that the average precision of PolyMarket is around 90%. 90%. If we compare it with traditional surveys, well, the difference is abysmal. This perfectly demonstrates the difference between asking people their opinion and measuring what people really believe with their money as proof. So, what are the keys to this success? Well, there are several. First, the radical transparency of the blockchain. Everything is public. Second, real-time prices, probabilities, change to the second. Then, incentives. Here it is rewarded to be right, not to have a popular opinion. There is also collective wisdom, which adds information from all over the world. And finally, speed, because it reacts to news much faster than the media. And access, which is global and without barriers. But of course, not everything is perfect. A system so disruptive, which goes so far, obviously has risks. And well, some enemies have been won. Operating at the forefront of innovation always has a price. And it is essential that we also analyze the other side of the coin. To understand the regulatory risk that PolyMarket runs, it is best to compare it with its competitor in the United States, Calxi, which is regulated. There are two worlds. PolyMarket bets on global innovation and without permits, that is, maximum speed. Calxi, on the other hand, chooses the path of regulation, of prior approval, which implies security, but also much more slowness. They are, deep down, two totally opposite philosophies on how to innovate. And of course, the philosophy of PolyMarket has consequences. There we have the CFTC, which is the great regulator of derivatives in the United States. Its statement was devastating, accusing them directly of operating an illegal market. And from there came the millionaire fine and the blockade of EU users. This makes it very clear to us the legal Damocles sword that constantly hangs over the platform. But risks are not only legal, there are also internal vulnerabilities. For example, small markets with little liquidity can be manipulated by whales, large operators that move the price at their will. There is also the dependence of the oracle. If the oracle fails or is attacked, the whole system falls. And on top of that, there have been serious accusations of wash trading, which basically consists of inflating the volume of operations artificially to generate more activity than there is. Despite all these risks, what really defines PolyMarket is its vision of the future. The idea is very powerful. To put a price, a number, at each imaginable event. If we think about it, this could completely change our way of relating to information and the truth. And beware, because this vision is not a chimera. It has received a very powerful institutional validation. That Intercontinental Exchange, that is, the parent company of the very New York Stock Exchange, invests in PolyMarket is a brutal signal. It is telling us that the heart of traditional finances does not see this as a game, but as a possible key piece of the financial infrastructure of the future. What we are seeing is a total paradigm shift. We are moving from a world that moved by headlines, by narratives, by the subjective opinion of a handful of experts, to a future where events are measured with probabilities. Liquid probabilities that can be bought and sold and that are updated every second. And the potential of this is, well, almost infinite. We are talking about putting a price on everything. Elections, geopolitical conflicts, advances in climate science, macroeconomic decisions, the development of artificial intelligence, sports results. Anything that can be measured. The idea is that it becomes a kind of global price layer, but for news and world events. And with this we are going to finish. The question is no longer whether prediction markets work. That is already quite demonstrated. The real question that this leaves us is, what does it mean to live in a world where each future event has a real price? How would that change the way we make decisions, how governments act, or even how we perceive reality itself? We have to think about it.",RELEVANT,INFORMATION
7594497113736727811,https://www.tiktok.com/@labobarezka2/video/7594497113736727811,twitch: lagoda1337 #lagoda1337 #twitch #новости #polymarket,2026-01-12T15:27:39.000Z,172,14,9,1,8727,92,"lagoda1337, twitch, новости, polymarket",labobarezka2,25700,False,US,polymarket debate,polymarket,"description, hashtags",YES,"PoliMarket fired insiders from the United States and refused to pay for Venezuela's deliveries. Remember those people who won $400,000, leaving $20,000, $30,000 there? That's it, they won't get their win. The company said that the formal conditions were not met, because the events did not drag on the seizure and establishment of American control, as it is written in the rules of Paris. Because, as it were, they eliminated the president, but they did not squeeze the authorities under them, because Trump liked the new, so to speak, the new premiere, which is now performing the actions of the president. Trump said that, haha, he's funny, cool, cool, God grant him health, that's it, let him be the same. Let him be, I like him, he gives us oil for free. That's why Paris did not roll. But nothing, there is a new Paris, and the new Paris is whether the United States will bomb Iran until January 30 or 31. And there are also a lot of new accounts, well, now I'll remind you. A lot of new accounts are betting on the US strike until January 31, 2026 and the departure of Hamini's head. All accounts are new, and the stakes there range from $3,000-4,000 to $30,000-40,000-50,000. For a coefficient that is equal to 10%. That's why, well, nothing, there are still a lot of countries where you can go inside, so it's okay. Soon there will most likely be bets on Cuba, Mexico, Nigeria, somewhere else. There are also bets on Greenland, by the way. There are bets on whether Greenland will be annexed until November. In principle, the stake is also open.",RELEVANT,INFORMATION
7616821799099043102,https://www.tiktok.com/@mikelevinca/video/7616821799099043102,"Polymarket allowed people to bet on the assassination of foreign leaders, the timing of U.S. military strikes, and whether a nuclear weapon would be detonated, generating over half a billion dollars in Iran war contracts alone while credible evidence emerged of insider trading by people with advance knowledge of the strikes. I introduced the DEATH BETS Act along with Senator Schiff to ban such contracts permanently.",2026-03-13T19:19:05.000Z,90,2,4,7,1267,34,,mikelevinca,22600,False,US,polymarket debate,polymarket,"description, transcript",YES,"It's really broken when you've got people able to go on prediction markets and bet on war and on death. It's immoral, it's disgraceful, and it really needs to be illegal. And the reality is that the CFTC, the Commodities Futures Trading Commission, was supposed to come out with regulations. They were also supposed to do an investigation on PolyMarket. Neither of those things happened because when Donald Trump became president and Donald Trump Jr. joined the advisory board of PolyMarket, all of that stopped. And so if the CFTC won't act, we need to act in Congress, and we need to ban this once and for all.",RELEVANT,INFORMATION
7605499910053530911,https://www.tiktok.com/@ballabusiness1/video/7605499910053530911,How Polymarket is Changing the Way We Bet on Culture #viralitypoly #fyp #superbowl #badbunny #crypto #foryoupage #foryou #viral,2026-02-11T07:04:14.000Z,6,3,1,2,370,45,superbowl,PolyKing,1880,False,US,polymarket debate,polymarket,description,YES,"Polly market, the prediction market. Oh, you don't know about Polly market? You know what a prediction market is? So it's basically an aggregate of opinions and people can buy yes or no, whether or not they think an event is going to happen. Like what? Who's going to get elected? Will Trump run for a third term? When is the Drake album going to release? Who's going to win the best Grammy rap album of the year? And you can win money off it? Can you pull up like a... I don't get it though. Isn't... Can that just be rigged? Like, if I knew the inside on something, I could just like... So there's definitely that argument. What is this? Grammy's album of the year winner. So this is what people are saying by putting their money where their mouth is.",RELEVANT,INFORMATION
7613904688601107743,https://www.tiktok.com/@jennyyangtv/video/7613904688601107743,"So Polymarket is just insider trading, right? Can I bet that Dump will poop his pants today? Catch this week's NEW episode of @whatshouldwepod with @tongsonator 👩🏻‍💻 jennyyang.substack.com LINKS What Should We Talk About drop Mondays, PODS drop Thursdays 😂 jennyyang.tv for standup comedy show tickets (LA 3/14, 3/21, 3/28) 🎧 jennyyang.substack.com for S2 of @whatshouldwepod #jennyyang #whatshouldwetalkabout #polymarket #predictionmarket #welosttheplot",2026-03-05T22:38:46.000Z,86,1,6,2,758,93,"jennyyang, whatshouldwetalkabout, polymarket, predictionmarket, welosttheplot",Jenny Yang,6653,False,US,polymarket debate,polymarket,"description, hashtags, transcript",YES,"Do you want to bet that someone's going to die? Make some money off of it. Do you want to bet that we're going to bomb Iran? Make some money off of it. You can almost bet on anything. Now, I haven't looked into this, so maybe you should too, but poly market just sounds like the worst of humanity. And it could be so nice, too. It could just be where poly couples go to find other people. No, that's not what poly market looks like. No, no, poly market does not mean... It's like a farmer's market for poly kids. Yeah, for poly kids, you know? No, that's much more delightful than whatever this is. The flip side of that was, who funds poly market? And is it good that a bunch of richy-riches, or a bunch of people in the know that are filthy individuals, went and found out that this was happening and bet a shit ton of money on it, and poly market had to give out millions in paydays or whatever now? I don't know. Maybe bankrupt those suckers then. I don't know the rules, but here's the thing. How are we in a world where we can make money off of predicting war? This is what's so... It's blowing my mind, and I don't think we're mad enough about any of this, obviously. If we are mad about any of this, then we would just be mad 24-7. But I feel like that's just one step away from what the stock market futures, like hedge markets, are about. It's essentially a kind of gamble around certain outcomes, right? So it's the Deadpool aspect of things. Isn't that how Deadpool gets named? There's a kind of betting situation. Who's going to die? Who's going to live? I miss that reference. Good job, Marvel nerds. I know. That was one of my pandemic projects, is watching the Marvel Cinematic Universe.",RELEVANT,INFORMATION
7615241480583761174,https://www.tiktok.com/@earlystageinvesting/video/7615241480583761174,"Polymarket made $17.9m in revenue in 2025 Polymarket is still Pre IPO, unlisted, with room to grow before it goes public.  Smart money is investigating into betting infrastructure. What are you doing?  #polymarket #preipo #earlystageinvesting #privatemarkets #privateequity",2026-03-09T13:06:19.000Z,1146,35,179,14,57800,82,,Connor | Early Stage Investing,2466,False,GB,polymarket results,polymarket,"description, transcript",YES,"529 million dollars was traded on where the US would bomb Iran. Someone knew something. A handful of brand new accounts, 529 million dollars in volume, Polymarket. Seems a bit fishy. Polymarket doesn't care. The volume just goes up. Controversy is the product. Every time it happens, the house wins. Polymarket keeps printing money, no matter what goes on in the world. Polymarket's happy. ICE, and no, not the one you're thinking of, the company that runs the New York Stock Exchange, put 2 billion dollars into Polymarket at a 9 billion dollar valuation. So while everyone's arguing about whether these bets are ethical or not, great investors and big institutions are writing checks and making money. But here's something that no one really talks about. Every single person that uses Polymarket and places a trade on there generates revenue. Win or lose, the house takes a cut either way. So while everyone and their grandmother are using flawed code to build the next great Polymarket bot, smart money is just backing the infrastructure. So you can try and outpredict a market that may or may not have insiders, or you can own a piece of the infrastructure. Polymarket is still private. That's the kind of asset that doesn't show up on your brokerage app. That's the real trade. That's the insider secret. So while your friends are sitting losing money on NFL bets, you can back the infrastructure that's taken the cut. That way, even when you lose, you win. This is what smart investors are doing.",RELEVANT,TRADING
7608593848733945110,https://www.tiktok.com/@0xpolytrader/video/7608593848733945110,"My friend said Polymarket was just gambling until I showed him this bot's numbers 📈 This trader turned $10K into $200K in 30 days. 94% win rate. Hit on Bitcoin $100K, US Election, Fed Rate Cut — all winners. I've been copying every trade. You can too. #polymarket #copytrading #cryptotrading #tradingbot #fyp",2026-02-19T15:10:10.000Z,0,,0,0,0,,"polymarket, copytrading, cryptotrading, tradingbot, fyp",0xpolytrader,0,False,BG,polymarket results,polymarket,"description, hashtags",YES,,RELEVANT,TRADING
7430168051229805867,https://www.tiktok.com/@upcloseinsights_/video/7430168051229805867,Poly market election number update! #polymarket #2024election ,2024-10-26T19:26:55.000Z,4,,0,9,319,15,"polymarket, 2024election",upcloseinsights_,25,False,US,polymarket 2024,polymarket,"description, hashtags",YES,I am back with a Polly market update. Let's see what's going on with these numbers today. Donald Trump is still showing the lead at 64.8% and Kamala Harris is at 35.4%. I am so curious to see what happens with this election.,RELEVANT,INFORMATION
7429803816578501934,https://www.tiktok.com/@upcloseinsights_/video/7429803816578501934,Do you agree? #polymarket #2024election,2024-10-25T19:53:31.000Z,4,,0,1,404,10,"polymarket, 2024election",upcloseinsights_,25,False,US,polymarket 2024,polymarket,"description, hashtags",YES,"Have you checked out Polly Market lately? Well, I have, and the popular vote has Kamala Harris at 58% and Donald Trump at 42%. Do you agree with these numbers?",RELEVANT,INFORMATION
7431271476667419934,https://www.tiktok.com/@upcloseinsights_/video/7431271476667419934,I’m most intrigued with the election insights!! #polymarket #2024election,2024-10-29T18:49:02.000Z,2,,0,0,246,9,"polymarket, 2024election",upcloseinsights_,25,False,US,polymarket 2024,polymarket,"description, hashtags",YES,This app has been all over the news. It's in the New York Times and even Forbes. It had me so interested and now I can't get off of it. Have you checked it out yet?,RELEVANT,INFORMATION
7433935645719973153,https://www.tiktok.com/@lnformation_hub/video/7433935645719973153,Polymarket Election Forecast: Trump Leads Harris in 2024 Projections 🔴🔵 #Election2024 #PolymarketForecast #TrumpVsHarris #ElectionProjections #USPresidentialRace #SwingStates #RedBlueDivide #PoliticalForecast #Polls2024 #Trump2024 #Harris2024 #ElectionMap #PoliticalInsights #VoterTrends,2024-11-05T23:07:13.000Z,19,10,1,1,1537,8,,lnformation Hub,171,False,DE,polymarket 2024,polymarket,description,YES,.,RELEVANT,INFORMATION
7428708479759617323,https://www.tiktok.com/@worldupdatez/video/7428708479759617323,Go to Polymarket for more! #election #currentevents #polymarket ,2024-10-22T21:03:01.000Z,126,2,3,1,2203,19,"election, currentevents, polymarket",World Updates 🌎,275,False,US,polymarket 2024,polymarket,"description, hashtags, transcript",YES,"There's this new app in the App Store called Polymarket, and it is absolutely blowing up right now. Basically what it is is that it's a place where people can go to get up-to-date, real-time information about current events, like elections right here. Now see, if I click on who the presidential election winner is gonna be right up here, it gets up-to-date, real-time information, and they have comments from other people as well. Go check it out at Polymarket on the App Store.",RELEVANT,INFORMATION
7574268372850887967,https://www.tiktok.com/@jacksongosnell/video/7574268372850887967,PolyMarket is giving you early insight into the 2028 presidential race.,2025-11-19T03:09:48.000Z,7548,1296,2078,4,161500,50,,Jackson Gosnell,178800,True,US,polymarket north carolina senate,polymarket,description,YES,"2028 might feel far away, but the presidential race is already moving, and with Polly Market's presidential election winner 2028 market, it gives us insight into where things currently stand. Forget those polls or pundits, this is real-time information in action. Right now, JD Vance is leading, but look at this, Newsom is gaining traction as well, and some other names are on the list too. What's really interesting is how quickly things can change. Every major news story, political headline, and moves these politicians make are affecting the odds. That's what makes Polly Market a much faster meter of momentum than traditional polling. Do you want to see what the crowd really thinks? Check out the 2028 presidential market on Polly Market yourself and see who's rising, who's falling, and what surprises are brewing. It's a smarter way to follow the race. No spin, just crowd-driven prediction.",RELEVANT,INFORMATION
7606003672169991454,https://www.tiktok.com/@davidpakmanshow/video/7606003672169991454,"Millions are being traded on whether Trump makes it to January 2029. These markets are not truth machines, but the bigger story is the instability: once institutions plan for disruption, the environment becomes more volatile.",2026-02-12T15:39:04.000Z,618,26,23,17,7309,401,,David Pakman,1300000,True,US,prediction markets election,kalshi,transcript,YES,"Prediction markets are now openly pricing the possibility that Trump leaves office early. This is not like some fringe way. This is real money. Millions of dollars being traded about this. I wanna slow down. Let's look at what this means, because I think some people might. Might overreact or also dismiss this entirely. I think both reactions are wrong. Now, platforms like Kalshi have contracts where people can bet on whether Trump makes it to January of 2029 or doesn't even make it to 2028 or whatever. And these are legal prediction markets. This is people saying, I'm in a. I'm willing to put my money behind this. There are many opinions about whether these betting markets are good for society or an issue for problem gamblers. I'm not ignoring that stuff. But we have data about where people are on this particular issue that I think is really interesting. Now, recent trading puts the odds of Trump leaving office early roughly in these ranges. 19% believe that Trump will not even make it to 2027. One out of five believe Trump won't make it through the to the end of the year. 36% believe Trump won't make it to the end of 2027. In other words, by 2028, before January 1, 2028, Trump will be out. And then 45%, nearly half of the money being wagered, believes Trump will not make it in office until the day he is scheduled to leave, which is January 20th of 2029. Now, Uh, let's talk about the significance of this in plain English. The markets believe there is a non trivial chance Trump does not finish his presidency. That is not typical. Historically, sitting presidents usually do finish their presidencies, and they have very low early departure odds unless there's a major scandal or some clear health crisis. Now, very important point. Prediction markets are not predictions of truth. They are predictions of what the people betting believe will happen. They are sentiment plus risk pricing. They can be wrong, they are often wrong, but they're also not random. They're not disconnected from the reality on the ground. When you see millions of dollars moving, it usually reflects a real situation. And the uncertainty about Trump's ability to finish his term right now is different for different groups? Because so far I've mentioned nothing about why Trump wouldn't finish his term. Is it because of a health problem or is it because of a political problem? Now some people are betting Trump won't finish his term for political reasons. They think about impeachment scenarios, they think about election losses changing the congressional math, and then maybe the numbers would be there, or maybe there's a legal or a constitutional crisis. So institutional conflict. For other people, the reason they are betting on Trump not finishing his term is health related. Age stress, his health situation, the actuarial reality of the oldest president ever, questions about cognitive durability, physical durability. So there isn't Just one story driving these bets. It's the political risk traders and the health risk traders, and then the volatility people who are like, I don't know, the odds are interesting. I'm gonna take a shot at this. I do not believe, for all the possibilities, I do not believe anything short of death or true medical incapacity will remove Donald Trump from office. If you think about the political scenarios, there are not the votes to remove him via impeachment and Senate conviction. Even if Democrats take the house and impeach him, there are not going to be the votes to take him down with a conviction in the Senate. Even if Republicans lose the Senate, which we are talking about as a possibility, there are still not going to be the two thirds of the Senate vote required to actually convict Donald Trump. I don't think you're gonna see Republicans come over, so I don't think that the math is there on that one. Number two, constitutionally, I don't believe there is any path to a 25th amendment removal of Trump without overwhelming bipartisan buy in. And there is zero sign that Trump's Cabinet in any way would be willing to remove Trump via the 25th amendment. Third, and this is sort of like psychological and behavioral. People with strong narcissistic, ego, maniacal traits like Trump are not going to voluntarily give up power. So if we acknowledge, well, impeachments not going to work, 25th amendments not going To happen. Maybe Trump will decide this is becoming an embarrassment. I'm going to resign. People like Trump don't resign out of embarrassment. They don't resign out of pressure. It's just not how it works. So when I look at the leaving office early scenarios, I only am thinking about death. Trump dies and is no longer in office, severe medical incapacity or something unprecedented, something that's just never happened or occurred to us before, that removes him from office. Right now, what the markets are saying is this presidency has way more early exit risk than a normal presidency. And you can see that it spiked recently and the numbers continue to go up. Um, the bigger story, if we zoom out politically, is that this is about the instability that it causes. You know, Trump's leaving early or he's not, or the 25th amendments imminent. The real story here is that global and domestic actors are now modeling a scenario where the American presidency destabilizes in the middle of a presidential term. If you look at history, once institutions start planning for instability, the political environment itself becomes more unstable. And that's the feedback loop we're talking about. The odds of, of. Of climbing, that more and more people believe this is a possibility, generate headlines and behaviour and political momentum. But these are stunning numbers. I don't think I've ever seen numbers like these. We also arguably didn't have this level of position precision before. Um. And Now we have it, and this is a very interesting development. Let me know what you think. Do you believe one or another scenario is more likely? Is death or incapacity more or less likely than a political or constitutional scandal to take Trump down? And in general, do you think it's likely? Leave a comment. Send me an email info at davidpacman com.",RELEVANT,INFORMATION
7618805888710692117,https://www.tiktok.com/@neekostalk/video/7618805888710692117,"Élections US 2024 : les médias annoncent un 50/50, mais le marché de prédiction parie sur Trump. Qui avait raison ? #Politique #USA #Elections #Trump #Polymarket",2026-03-19T03:38:00.000Z,13,,2,1,294,46,"politique, usa, elections, trump, polymarket",neekos talk,4013,False,TH,prediction markets election,polymarket,"description, hashtags, transcript",YES,"November 2024, the US presidential elections. The news channels go around in circles, the experts take over the platforms, the institutes publish their latest polls. The speech is simple, very tight elections, 50-50. Impossible to read, impossible to decide. But on PolyMarket, the atmosphere is different. Traders are starting to buy the leads massively on a victory for Donald Trump. The probabilities go up, 55%, 60%, 65%, then 70%. On the one hand, the media says, too tight. On the other hand, the market says, no, there is a favorite. And when the results fall, PolyMarket had just, not perfectly, not magically, but better, better than many comments, better than many polls, better than any industry supposed to measure opinion.",RELEVANT,INFORMATION
7615383993793432862,https://www.tiktok.com/@richhabitspodcast/video/7615383993793432862,"Prediction markets can be a powerful tool for investors. They aggregate real money bets on future outcomes, giving you a real-time view of what the market actually believes will happen. Smart investors don’t just follow opinions — they follow probabilities. 📊 #richhabits #investing #financialfreedom ",2026-03-09T22:19:36.000Z,21,2,3,1,632,73,"richhabits, investing, financialfreedom",Rich Habits Podcast,3457,False,US,prediction market odds,polymarket,transcript,YES,"prediction markets like Polymarket and Calshi show you real probabilities backed by real dollar bills. This is the signal. This is not noise. This is not headlines. These are not tweets. It's not your uncle's opinion at the Thanksgiving dinner. If you want to know what's likely to happen, whether the Fed's going to cut interest rates, if we're going to have a recession, if SpaceX is going to IPO it at whatever trillion dollar valuation, check the prediction markets first. It will take 30 seconds. These markets are more accurate than polls and pundits because the people participating actually have skin in the game. Real money filters out the noise, the bias, and the spin. The 2024 election proved this on a massive scale. Polls tell you what people say. Markets tell you what people believe. So start paying attention to the gap in those two things. You now have access to the same kind of probabilistic thinking that hedge funds use to manage billions of dollars for free and right in your hand. Use prediction market odds to stress test your investment assumptions. If you think rate cuts are a sure thing, check the market. If you think a recession is inevitable, check the market. Position your portfolio based on probabilities, not emotions or headlines.",RELEVANT,TRADING
7603922136826252574,https://www.tiktok.com/@ritzamster/video/7603922136826252574,Prediction Markets aren’t gambling. There’s a big difference between how they are fundamentaly structured. Comment your opinion! #kalshi #polymarket #markets ,2026-02-07T01:01:50.000Z,608,55,83,63,27900,56,"kalshi, polymarket, markets",Ritz | Prediction Analytics,804,False,US,prediction market odds,"kalshi, polymarket","description, hashtags",YES,"Prediction markets aren't gambling, and here's why. When I bet on sportsbooks like DraftKing and FanDuel, I'm betting against the house. They set the odds, they take the other side, and they charge a VIG or fee on every trade. Prediction markets are very different. When I buy a $0.65 contract, the next Fed rate will have a 25 basis points cut. I'm not buying it from Cauchy. I'm buying it from another trader who thinks the outcome of that will be no. Cauchy's just like the New York Stock Exchange. They're just buying a buyer with a seller and executing that contract for us. This is the same reason Cauchy is CFTC regulated as a derivatives exchange. It's honestly pretty similar to when CME traders go and buy oil or corn futures. They're just both derivative markets. Instead of corn, you're just trading Fed rate cuts. Both are peer-to-peer, both are observable outcomes, and both are derivative markets. There's no bookie taking a VIG, just traders on opposite sides of the contract.",RELEVANT,INFORMATION
7433793336508452104,https://www.tiktok.com/@pegazeus8/video/7433793336508452104,🇺🇸TRUMP LEADS IN KALSHI ODDS FOR PRESIDENTIAL ELECTION Trump: 59% Kamala: 41% Kalshi’s latest prediction shows Trump with a significant 18-point lead over Kamala in the race. Stay tuned for updates as Election Day progresses! Source: Kalshi #trump2024 #elonmusk ,2024-11-05T13:54:51.000Z,67,1,2,4,5260,,"trump2024, elonmusk",PegaZeus,15400,False,PH,who will win election odds,kalshi,description,YES,"In my search for freedom and peace of mind I've left the memories behind I wanna start a new life But it seems to be rather absurd When I know the truth Is that I always think of you Someday, someway Together we will be, baby I'll take it and you take the time Please wait for our fate Cause nobody owns us, baby We can shake it, we can shake it wrong Try to throw the picture out of my mind I try to leave the memories behind Here by the ocean Waves carry voices from you Do you know the truth? I'm thinking of you too Someday, someway Together we will be, baby I'll take it and you take the time Please wait for our fate Cause nobody owns us, baby We can shake it, we can shake it wrong The love we had together Just fades away in time And now you've got your own world And it kills my mind The passion that you planted In the middle of my heart It's a passion that will never stop Someday, someway Together we will be, baby I'll take it and you take the time Please wait for our fate Cause nobody owns us, baby We can shake it, we can shake it wrong Someday, someway Together we will be, baby I'll take it and you take the time Please wait for our fate Cause nobody owns us, baby We can shake it, we can shake it wrong",RELEVANT,INFORMATION
7429805784071998750,https://www.tiktok.com/@shopwithchris06/video/7429805784071998750,Wooof this is gonna be a close one #trump #harris #election #greenscreen ,2024-10-25T20:01:21.000Z,9742,819,481,407,432000,20,"trump, harris, election, greenscreen",Pol and Pop with Chris,9845,False,US,who will win election odds,polymarket,transcript,YES,The election is literally 10 days away. Here's where we're at. And you can see based on the polymarket predictions that Trump is up 65% up to Harris is 34.5% with many of the swing states going blue. Now you can also see the balance of power predictions. Now this is great news for some people and then bad news for some others.,RELEVANT,INFORMATION
7560011607879830814,https://www.tiktok.com/@mrdividend_/video/7560011607879830814,Get rich in 2025 with polymarket  #businessnews  #finance #,2025-10-11T17:06:18.000Z,12,,0,1,410,71,"businessnews, finance",Dividends,336,False,US,polymarket election night,polymarket,"description, transcript",YES,"PolyMarket, Kaoshi, and all these betting sites need insider trading. Now let me explain. Take this guy right here for example. Yuri made over 300 grand, as well as probably his family and friends, on a bet that there would be a Super Bowl streaker. Obviously he knew there would be a streaker because he was the streaker. Now that you see how trader inside information works, let me explain why PolyMarket and these betting sites need it. Now take this for example. This is a bet regarding the election, something a lot more serious than the Super Bowl. Okay whatever, it was just a bet on the election, what's so special about it? What's special is that the data was a lot more accurate than other big names like Bloomberg. Accurate data like that means big numbers like this. But accurate data doesn't come unless there's insiders. And insiders won't come unless it's legal. Boom. There you go. PolyMarket allows legal insider information. They obviously don't say that anywhere, but who's stopping the insiders from not making this money? Maybe themselves from being too loud and yapping about it, but that's it.",RELEVANT,TRADING
7437177261469568302,https://www.tiktok.com/@dailymail/video/7437177261469568302,"The FBI raided the home of Polymarket’s 26-year-old CEO and seized his electronics after the election-betting platform successfully forecasted Donald Trump's win, according to the New York Post. An insider blasted the seizure as 'grand political theater at its worst.' 'They could have asked his lawyer for any of these things. Instead, they staged a so-called raid so they could leak it to the media and use it for obvious political reasons,' the source said. Shayne Coplan was reportedly neither arrested nor given a reason for the raid of his Soho home in New York, but it is believed to be linked to his accurate predictions, which outsmarted traditional polls. Coplan posted on X after the results were announced: 'Make no mistake, Polymarket single-handedly called the election before anything else. The global truth machine is here, powered by the people.' #election2024 #betting #newyork #trump #news #polymarket ",2024-11-14T16:46:14.000Z,84500,2272,2895,1728,2400000,9,"election2024, newyork, trump, news, polymarket",Daily Mail,26100000,True,GB,polymarket election night,polymarket,"description, hashtags",YES,Thanks for watching!,RELEVANT,INFORMATION
7428856605992570117,https://www.tiktok.com/@monica_anderson61/video/7428856605992570117,"Polymarket is scanning for US users as election odds skew toward Trump: Report Donald Trump now has 63.7% odds on Polymarket to win the US presidential election, but voter polls suggest otherwise.#everyone ",2024-10-23T06:38:01.000Z,7,,1,1,552,,everyone,user97560354566,699,False,NG,polymarket election night,polymarket,description,YES,"My message is that things have to change, and they have to change right now. It is time to show the whole world that America is back, bigger and better and stronger than ever before. The more people tell you it's not possible, that it can't be done, and the more you should be absolutely determined to prove them wrong. Treat the word impossible as nothing more than motivation. Never stop fighting for what you believe in and for the people who care about you. Carry yourself with dignity and pride. Demand the best from yourself. The more that a broken system tells you that you're wrong, the more certain you should be that you must keep pushing ahead.",RELEVANT,INFORMATION
7437129887829216555,https://www.tiktok.com/@ken_113098/video/7437129887829216555,#duet with @Matt #polymarket ,2024-11-14T13:42:26.000Z,19,3,1,2,328,21,"duet, polymarket","ken ""big redd"" scott",4471,False,US,polymarket election night,polymarket,"description, hashtags, transcript",YES,"The FBI seized the PolyMarket CEO's phone and electronics early this morning, about a week after the election betting platform predicted President-elect Donald Trump's win. The 26-year-old CEO was woken up at his home by U.S. law enforcement officers who demanded his phone and electronics, according to a source for The New York Post. A reason was not provided for the incident.",RELEVANT,INFORMATION
7437267394776681774,https://www.tiktok.com/@pdsbiz/video/7437267394776681774,Polymarket CEO Arrested in Election Betting Scandal #Polymarket #CryptoStocks #Business,2024-11-14T22:35:59.000Z,879,27,72,14,14100,57,"polymarket, cryptostocks, business",PDS Business,82200,True,US,polymarket election night,polymarket,"description, hashtags, transcript",YES,"Is it political retribution or an investigation into a violated agreement? That is a very public debate we're seeing play out right now because early yesterday morning, the FBI raided the home of Shane Copland, the founder and CEO of Polymarket. Which for those who don't know, Polymarket is the world's largest prediction market where you can make bets on future events using crypto. And in fact, and very notably, Polymarket exploded in popularity during the election. Because it placed Trump's odds of winning far and above Harris's, despite the polls having them neck and neck at the time, people were betting on the election. But despite the American election getting Polymarket so much damn attention, technically Americans aren't allowed to use the site. Because you see, back in 2022, Polymarket made an agreement with the Commodity Futures Trading Commission saying that they would prevent any US-based trader from making any transactions on their platform. And that agreement only came after they paid $1.4 million to settle charges saying that they had failed to register with the commission. But then with that, Bloomberg says that's exactly what landed them in hot water again, reporting that they are under investigation by the Justice Department for accepting trades from US-based users. But follow to stay in the loop.",RELEVANT,INFORMATION
7566773978405096735,https://www.tiktok.com/@yankeenews.1776/video/7566773978405096735,"The crowd thinks theres a 88.9% chance that Mamdani win, I saw this on Polymarket and had to show!                https://polymarket.com/event/new-york-city-mayoral-election ",2025-10-29T22:27:52.000Z,82,11,4,17,1323,66,,Nathan Remillard,9821,False,US,polymarket election night,polymarket,"description, transcript",YES,"It looks like Mamdani is going to win the New York mayor election. It shows right here, PolyMarket, he's at 88%, which should scare people, especially the people of New York City. He's anti-police, he's anti-school choice, he's anti-businesses, which is going to cause them to leave and make prices go up and make affordability not affordable whatsoever. And this should scare people because PolyMarket is very predictable, it has predicted previous elections. It's more accurate than these polling companies that you can't even trust because they're biased or even, for example, mainstream media that's absolutely biased, that myself alone, I mean, I think everyone doesn't trust the mainstream media anymore. I think it's disgusting that people are going to choose Mamdani, the people who are trading on him are choosing Mamdani over someone like Curtis Leewald, who would actually save New York City. And I guess it's just, it's honestly sad and scary to see the truth from this poll. And I guess I would just say the people of New York City need to strap themselves in because this is going to be a bumpy ride for them. But unfortunately, it's going to show a good truth here. It's going to show how socialism is going to be as destructive as we all know it is. And New York City is going to collapse because of Mamdani.",RELEVANT,INFORMATION
7462886114156694790,https://www.tiktok.com/@bigmitd/video/7462886114156694790,Donald Trump has his largest ever lead on Polymarket. Who do you think will win the election in 6 days? 👀 ,2025-01-22T23:29:47.000Z,70,,2,1,16200,,,bigmitd,6993,False,NG,polymarket election night,polymarket,description,YES,,RELEVANT,INFORMATION
7433938611587861806,https://www.tiktok.com/@alexanderelorenzo/video/7433938611587861806,"ELECTION DAY CRYPTO SHOCK With the 2024 presidential election around the corner, the stakes have never been higher for cryptocurrency. Depending on who takes office, we could see drastic changes in the crypto landscape, impacting everything from regulation to market stability. Whether you’re a seasoned investor or new to crypto, this election could shape your portfolio in ways you never expected. Get ready to see how the fate of crypto could be decided on Election Day.",2024-11-05T23:18:37.000Z,195,125,22,32,16500,80,,alexanderelorenzo,166300,False,US,polymarket election night,polymarket,transcript,YES,"Depending on who gets elected will decide the fate of cryptocurrency in the short term and the long term. So if we look at poly market, which is a prediction market where people can bet on the presidential election with real money, people are betting that Trump is going to win. We have these other polls that are coming out that looks pretty even Kamala Harris winning, but that doesn't make sense to me because of this. We have an assassination attempt. Just think about that for a second. Somebody tried to kill President Trump. And if you combine that with the debate with Joe Biden, which was like humiliation for Joe Biden, it was horrible, eligible for what I've been able to do with the, uh, with, with the COVID, excuse me, with, um, dealing with everything we have to do with, uh, look, if we finally beat Medicare, thank you, President Biden, Kamala Harris supported that this dude is so old. He can't even walk down certain staircases. Just think about all of this in context, right? I think it's very obvious that Trump is going to win this election. And there's a lot of like, kind of like finessing of the numbers in the background. And so personally I'm betting on Trump winning. And I think it's obvious.",RELEVANT,INFORMATION
7438114478757006634,https://www.tiktok.com/@meet.marco/video/7438114478757006634,Elon Musk On Polymarket Prophecy #elon #elonmusk #polymarket #prophecy #donaldtrump #election #fy #fyp #viralvideo #trending #foryou #viral #fbi #shaynecoplan ,2024-11-17T05:23:07.000Z,125,5,12,8,7771,5,"elon, elonmusk, polymarket, prophecy, donaldtrump, election, fy, fyp, viralvideo, trending, foryou, viral, fbi, shaynecoplan",Meet Marco,22100,False,US,polymarket live election,polymarket,"description, hashtags",YES,"We don't need the votes. I have so many votes. We don't need votes. I tell my people, I don't need any votes.",RELEVANT,INFORMATION
7574493232852110622,https://www.tiktok.com/@robsmithonline/video/7574493232852110622,When It Comes To Presidential Elections - Polls Get It WRONG: @Polymarket Gets It RIGHT! #polymarket #elections #presidentialelection #polls ,2025-11-19T17:42:43.000Z,483,10,21,10,8072,87,"polymarket, elections, presidentialelection, polls",Rob Smith,416500,True,US,polymarket live election,polymarket,"description, hashtags",YES,"Polls get it wrong all the time when it comes to who is on top when it comes to the presidential race. Right now, Polly Market has the odds that J.D. Vance will win the 2028 election by about 29 percent, which is huge. Obviously, Gavin Newsom is trailing. And there's even a chance, according to Polly Market, that Donald Trump could actually come in and win in 2028. But the reason that the markets are so important and the reason that Polly Market has proven itself is because, if you remember, in the last election season, before Donald Trump took it in 2024, Polly Market always had him ahead. If I'm not mistaken, that Polly Market always had the results that actually ended up being the truth, which is that Donald Trump became the 47th president of the United States. So if you look at Polly Market and look at the markets, the markets will tell you what is going on. It is not these stupid polls. It is not the cable news horse race. It is not all of this propaganda and mumbo-jumbo that comes from the cable news and the podcaster and the political commentary ecosystem. It comes from what the markets are actually saying. Right now, Polly Market and the markets have J.D. Vance as their top choice to become president in 2028. Like I said, it is the markets that are really deciding things nowadays, not the cable news pundits and not these silly polls.",RELEVANT,INFORMATION
7431991279182990638,https://www.tiktok.com/@stacymclean0/video/7431991279182990638,#Polymarket@Polymarket  live upfront information no partisan information trading and polling information #like #share #comment ,2024-10-31T17:21:58.000Z,49,34,2,10,670,175,"polymarket, like, share, comment",Stacy McLean,7979,False,US,polymarket live election,polymarket,"description, hashtags, transcript",YES,"Look, you can't have it that you pop it and they stopping. You can't have it that you pack it and they lacking. You can't have it that you great and they late. You happy and they crappy. Ain't got nothing to do with you now. That's a them problem. Okay, so here we have a map of what is going on with the election in real time. This is the poly market. You can download it. It's a app and you can find out what's going on right now. The popular vote is going to Harris. It looks like that she's at 60%, Trump is at 37%, but he's winning Georgia, Michigan, Nevada, Pennsylvania, and Wisconsin at this time. He is also leading in the polls at this moment. He is really reckoning some good, good numbers far as early vote is concerned. As you can see, the map is mostly red. There's some pink in there. So it's a few votes is off. And it also gives the trending markets. You can also go in and trade in on these markets as well. They've made it where you, it's very, very advanced. So you can trade in on here. They ask you different little questions and through the polls and whatnot, different questions they're asking. Will Kamara Harris support the tax on a realized gain? That's a big issue right there. And only 2% of the people are wondering about that. So yeah, this is cool. Recorded turnouts for 2024. I think it says it was like 24%. This is a very good app to try. It's called Polly Market and you get live information. Right now, the Republicans are leading far as the House, the Senate, and the presidency. We're at 45%. Yay, yay. Go Trump. That will be 54%. Go download the Polly app so you can get real-time information about the election. Bye.",RELEVANT,INFORMATION
7431600487528402206,https://www.tiktok.com/@emmyxtech/video/7431600487528402206,Election  betting used to be just as popular as horse betting 😳🐴 #kalshi #electionbetting #tech #history ,2024-10-30T16:05:35.000Z,598,11,66,31,18200,21,"kalshi, electionbetting, tech, history",Emma Steuer,71500,False,US,#kalshi election,kalshi,"description, hashtags",YES,"Election betting has been banned for a hundred years, but this company is bringing it back. Election betting used to be super popular in America, accurately predicting 14 out of 15 presidential races between 1884 and 1940. Cal State took the CFTC to court to grant approval for election trading, and they won. With Cal State, you can now invest in your predictions on political events. That matter? Literally any event. You're welcome.",RELEVANT,INFORMATION
7433835297873513774,https://www.tiktok.com/@cooler.cats4/video/7433835297873513774,Election day lock 🔑 #greenscreen #kalshi #election #trump #kamala @Kalshi Exchange ,2024-11-05T16:37:45.000Z,9,5,1,0,480,38,"greenscreen, kalshi, election, trump, kamala",coolercatss,29,False,US,#kalshi election,kalshi,"description, hashtags",YES,"Here's my favorite pick to make money on the election. Elon Musk nominated to the cabinet. I'm slamming the no on this one and, you know, you'll yield 28% on this. And when you think about it, a lot has to happen for this to occur. You know, first Trump has to win and then Elon Musk also needs to get nominated and approved to the cabinet. And we consider how busy Elon already is, you know, SpaceX, Tesla, I think it came out yesterday. He's a top 20 ranked player on Diablo 4. This is just not something that he has time for. And I just think this is a lock. I'm taking $28 on 100 bucks here every day of the week.",RELEVANT,TRADING
7560429578401893687,https://www.tiktok.com/@stocking_the_capitol/video/7560429578401893687,"Senator Sunday: Senator Dick Durbin from Illinois Sources: FEC, OpenSecrets, Quiver Quantitative, Kalshi #money #politics #kalshipartner ",2025-10-12T20:08:40.000Z,4894,78,151,72,47600,85,"money, politics, kalshipartner",Nico (Stocking the Capitol),237500,False,US,#kalshi election,kalshi,"description, hashtags",YES,"Is your senator a piece of s**t? Let's find out. Welcome to Senator Sunday. Today, we're going to be grading the financial integrity of Dick Durbin from Illinois, who has announced he will not be running for re-election in 2026. According to Cauchy's Prediction Market, the Democratic primary is a two-person race between Raja Krishnamoorthi from Illinois' 8th Congressional District, who took over $300,000 of corporate PAC money last cycle, but didn't trade any individual stock. And Julia Stratton, the current lieutenant governor of Illinois. I reached out to the Stratton campaign to get a commitment on whether they're going to be taking corporate PAC money or trading individual stocks while in office, but I have not gotten a response. But who will they be replacing? Well, Dick Durbin has been in office since 1997. Over the past six years, he's raised over $9 million, with 21% of those funds coming from PACs, 14% of those funds coming from small individual donations, and 36% of those funds coming from large individual donations. Moving to his personal finances, he does hold a small amount of individual stock, holding just $3,000 of Pfizer stock. Now, unlike most members of Congress, he's disclosed the exact amount of individual stocks that he holds. However, his financial disclosure was done by hand and it's quite extensive, so it's hard to get an exact net worth estimate. However, what I will say is it's in the range of several million dollars. Back to the campaign side, he has received a large chunk of corporate funds over the past six years, receiving over $450,000 of corporate PAC money from 105 different corporate PACs. Moving on to grading, while there's nothing too egregious here, there's also not one category that's really going to help out his score. Overall, Dick Durbin gets a D.",RELEVANT,INFORMATION
7572554229026442551,https://www.tiktok.com/@oddsonhistory_/video/7572554229026442551,"Kalshi is first legal prediction market in the US where you can trade and bet on the outcome of any event across broad categories. Mansour says the platform encourages voter participation, while also allowing Americans to make big bucks off of it, as political polls have become less trustworthy. Audio from: Motley Fool Money Podcast",2025-11-14T12:18:11.000Z,3,,0,0,197,55,,Odds on History,37,False,US,#kalshi election,kalshi,description,YES,"A few things that led us to the election. So the history of Calshi is we first spent three years upfront getting regulated by the federal government to get a license from the Commodity Futures Trading Commission to operate the first derivatives exchange that can list prediction markets legally in the U.S. Then we operated for a while. We wanted to list the election market, but our regulator believed that we should not list it and blocked us from listing it. We sued our regulator and took them to federal court over this election market, and we won that lawsuit a few weeks before the presidential election last year. Once we won that lawsuit, we legalized election markets and really a broad suite of prediction markets, event contracts, in the United States. And for reference, election markets have been illegal since the Great Depression, and so we've opened up the ability to trade on the election based on our lawsuit. Once we won that lawsuit, we have grown at an unprecedented rate.",RELEVANT,INFORMATION
7432057658859097390,https://www.tiktok.com/@thesketchreal/video/7432057658859097390,Putting the hammer down! (Twitch-thesketchreal) @Kalshi Exchange #trending #election2024 ,2024-10-31T21:39:33.000Z,18400,960,519,87,237400,30,"trending, election2024",Sketch,2700000,False,US,#kalshi election,kalshi,description,YES,"We just put 4,000 on him. 4,000 on Trump to win the president. Should we have a watch party for that then? I do not do politics. Okay, Chad. Trump or Kamala, what do you think though? Because if it hits, we win. Do we deploy all units? I'm going to put $5,000. And if you go to Kalishi, you can do this too. Who loves Kalishi? How many contracts? I say $4,000. Reveal. I love this one. 4,000 on Trump to win the president. You can rip these as well. Go to this website, Kalishi.com.",RELEVANT,TRADING
7620151279779695903,https://www.tiktok.com/@rileysassanelli/video/7620151279779695903,like I'm just so sick of both of these companies bro 😭 #usa #politics #news #kalshi #polymarket ,2026-03-22T18:39:09.000Z,23,1,0,0,401,125,"usa, politics, news, kalshi, polymarket",Riley Sassanelli,1651,False,US,#kalshi election,"kalshi, polymarket","description, hashtags, transcript",YES,"Do you know what really grinds my gears? The idea of using prediction market odds as like actual odds of something happening. Now I know what you're thinking, Riley, everybody knows that the prediction markets are just what people think will happen, not the actual odds of something happening. I know, I know that that's how it works. I'm convinced that there's a lot of stupid people online who don't know that, or at the very least they are acting obtuse in a way to try to get other people into betting and thinking certain things will happen just for the engagement bait. And I am so sick and tired of us taking anything these prediction markets say even a little bit serious. Like the fact that now like you'll see like people on the news talk about what people are betting on prediction markets, stop legitimizing these prediction markets. They're so fucking stupid. And I am so sick of Kalashnikov, I'm so sick of poly market. Those are the two biggest offenders in this scenario. I also saw like MLB say like they're going to be partnering with poly market to have like that be the official predicting prediction market of the MLB. It's gambling. I'm going to be honest, shouldn't be legal. Shouldn't even be legal. It's so predatory. And I know that it is legal because oh, um, the fucking president of the United States son is an investor in, I believe both those companies, I know for sure Kalashnikov. It's so, I understand everybody should have the right to do whatever they want. And I agree most of the time, but it's so predatory. We need heavy regulations and as a whole poly market and Kelsey just pissed me off, man. I'm so, I hate him so much.",RELEVANT,INFORMATION
7604624816414510350,https://www.tiktok.com/@genghiskahn_/video/7604624816414510350,@Kalshi #kalshipartner ,2026-02-08T22:28:33.000Z,41,3,2,0,732,20,kalshipartner,genghis,49700,False,US,#kalshi election,kalshi,"description, hashtags",YES,"Dude, who do you think is going to win the Super Bowl? Is it going to be colder than zero degrees tomorrow? Bro, you have to help me out. What states are going to redistrict before midterms? What app are you using? I'm just using Calshi. What's Calshi? Calshi is an online trading platform where I can guess real world events and my picks go against other people's picks. And if I'm right, I profit. So anyway, I need you to help me out. What about these midterms?",RELEVANT,TRADING
7615934979876326672,https://www.tiktok.com/@the.prediction.ma/video/7615934979876326672,Kalshi on CNBC news?? 👀👀 http://thepredictionmarket.xyz/ #CNBC #news #trump #china #prediction #predictionmarket #betting #kalshi #gambling,2026-03-11T09:57:38.000Z,22,,1,0,236,29,"cnbc, news, trump, china, prediction, predictionmarket, kalshi",the prediction market,5,False,CA,#kalshi election,kalshi,"description, hashtags",YES,"I saw people online, somebody tweeted this at me, people online are betting during the White House press briefing on the next word that Caroline Leavitt will say. And one guy had bet $700 that the next word was going to be China, and I asked her a question about China, and he was like celebrating online and tweeting it out and screaming, he was live streaming himself betting.",RELEVANT,TRADING
7583785537790594335,https://www.tiktok.com/@altleftmedia/video/7583785537790594335,I’m terrified of @Kalshi ,2025-12-14T18:41:27.000Z,104,1,3,9,2268,34,,Alt Left Media,23200,False,US,#kalshi election,kalshi,description,YES,"I'm very scared of caliche. The event predicting thing that you can gamble on, not only is it going to have a material impact on our youth that they're already struggling with gambling, but I worry it's just going to be easier to manipulate future events now. Someone could just push the odds in one favor, you get the perspective that that is the way to go, and then subliminally decisions are made to get to the outcome. And mind you, futures already existed, but on raw materials and things like that, not on who's going to win this election. We're screwed, guys. We're so screwed.",RELEVANT,INFORMATION
7618292388506668306,https://www.tiktok.com/@subversionw3/video/7618292388506668306,This prediction market trader already knew what Trump was going to say #Kalshi #PredictionMarket #Trumpspeech,2026-03-17T18:25:26.000Z,15,,1,0,399,13,"kalshi, predictionmarket, trumpspeech",Rising Streamer Clips 🎬,150,False,PH,#kalshi election,kalshi,"description, hashtags",YES,"Is he gonna call her a movie star right off the bat? It's gonna be interesting to see. Well thank you very much. Movie star, can you believe it? Can you believe it? Oh my god.",RELEVANT,TRADING
7619827272073137430,https://www.tiktok.com/@last24hourworldnews/video/7619827272073137430,"Here’s the last 24 hours in geopolitics: 🇺🇸 United States: Donald Trump warned NATO to secure the Strait of Hormuz or face possible US policy shifts, even mentioning Greenland. 🇮🇱 Israel: An Iranian missile struck Dimona, home to a nuclear facility, wounding dozens. 🇮🇷 Iran: Iran claimed it struck US-linked bases in United Arab Emirates and Kuwait as part of retaliation. 🇬🇧 United Kingdom: United Kingdom said it won’t use Cyprus bases for strikes on Iran after talks between Keir Starmer and Nikos Christodoulides. 🇨🇳 China: China ignored US requests regarding Hormuz involvement as tensions continue. 🇺🇸 United States: Middle East War Pushes U.S. Gas Prices Higher Global Oil Supply Fears Trigger Sharp Fuel Cost Surge. Meanwhile, on Kalshi, traders are actively pricing the likelihood of gas prices continuing to rise this week. 🇮🇷 Iran: Masoud Pezeshkian said Iran seeks no conflict with neighbouring Gulf states, calling them “brothers.” 🇰🇷 South Korea: A factory explosion in Daejeon killed 10 people and injured dozens. 🇱🇧 Lebanon: Israel carried out airstrikes in southern Lebanon as clashes with Hezbollah escalated. 🇸🇦 Saudi Arabia: More than 56 Iranian drones violated airspace in 24 hours, mostly targeting the Eastern Province. 🇺🇸 United States: Donald Trump said the US is close to key goals against Iran, including its missile, defense, and nuclear programs. 🇮🇷 Iran: Iran said the Strait of Hormuz remains open for non-hostile countries like Japan, with selective restrictions. 🇵🇸 Palestine: Palestinian police reported 198 rocket fragments have fallen, causing over a dozen casualties since the war began. Disclaimer: This content is for news reporting, educational, and informational purposes only. It does not promote violence, political agendas, or harm of any kind.#geopolitics #daliynews #breaking #news #worldnews ",2026-03-21T21:41:32.000Z,2842,95,218,18,103200,93,"geopolitics, daliynews, breaking, news, worldnews",LAST 24 HOUR WORLD,13100,False,PK,#kalshi election,kalshi,description,YES,"Here's the last 24 hours in geopolitics. In U.S., Trump warns NATO to secure the Strait of Hormuz or risk U.S. policy shifts, even on Greenland. In Israel, an Iranian missile struck Dimona, home to its nuclear facility, wounding dozens. In Iran, claims it struck U.S.-linked bases in the UAE and Kuwait as part of its retaliation. In U.K., won't use Cyprus bases for strikes on Iran after talks between Starmer and Christodoulides. In China, ignored U.S. requests regarding Hormuz involvement as tensions with Iran continue. In U.S., Middle East war pushes U.S. gas prices higher. Global oil supply fears triggers sharp fuel cost surge. Meanwhile, on Calci, traders are actively pricing the likelihood of gas prices continuing to rise this week. In Iran, President Pazeshkian says Iran seeks no conflict with neighboring Gulf states, calling them brothers. In South Korea, factory explosion in Daejeon killed 10 people, injured dozens. In Lebanon, Israeli airstrikes hit south as clashes with Hezbollah escalate. In Saudi Arabia, 56-plus Iranian drones violated airspace in 24 hours, mostly targeting eastern province. In U.S., Trump says U.S. close to key goals against Iran, missiles, defense industry, and nuclear program. In Iran, Strait of Hormuz opened for non-hostile countries like Japan amid selective restrictions. In Palestinian, Palestinian police report 198 rocket fragments fallen, over a dozen casualties since war began.",RELEVANT,INFORMATION
7546686961755458829,https://www.tiktok.com/@peakperformance40/video/7546686961755458829,Posted @withregram • @realbrettski Im down bad after Vegas. I need a Kalshi lock cmon Ruben I just learned your name but I LOVE YOU! #comedy #fun #election #kalshi #money,2025-09-05T19:20:21.000Z,13,,0,0,337,51,"comedy, fun, election, kalshi, money",TradeLogic,18,False,US,#kalshi election,kalshi,"description, hashtags",YES,"The rumors are true. I gained a fiancee in Vegas, but I got absolutely pummeled, but I never give up Listen, I'm here on Cal. She where everyone goes to bet the election almost 5 million wager because they got the most up-to-date odds But listen, I can't bet on a coin flip. I need something. That's a lock I don't know anything about Ruben Gaglio But if it says 89% I have to see one go in $1,000 to win $123 I am locked in Ruben Gallagher Let's go. I had never heard Ruben's name before today. I know nothing about politics I hate politics, but I like making money Ruben Gallagher. You are now my savior. I love you. Go bet on Cal. She",RELEVANT,TRADING
7609050124492328223,https://www.tiktok.com/@bet_on_alex/video/7609050124492328223,Prediction markets exposed election polling in 2024 #polymarket #kalshi #predictionmarkets ,2026-02-20T20:41:02.000Z,64,1,2,5,1124,64,"polymarket, kalshi, predictionmarkets",bet_on_alex,9,False,US,#kalshi election,"kalshi, polymarket","description, hashtags",YES,"Forget the polls. In the 2024 election, the smartest money in the room wasn't calling voters, it was betting on them. While traditional polls called the election a 50-50 toss-up, prediction markets like Polly Market were screaming a different story. In October 2024, Polly Market odds for Trump surged to 60%, while Nate Silver's polling models still gave Harris a slight lead. The markets were also a total oracle for the Rust Belt. They correctly flagged that Trump was flipping those historically blue northern states weeks early. We aren't talking small change here. Over $3.6 billion was traded on Polly Market for the 2024 election alone. One French trader, known as Theo, bet $30 million on a Trump sweep and walked away with an $85 million profit. Now in 2026, it's not just politics. Kelshi and Polly Market are rivaling draft kings, with sports now making up most of their volume. With Trump administration support, these platforms are basically Wall Street official now. This new asset class has opportunities for profit everywhere. Hit follow and I'll show you how to find an edge and trade these events like a pro.",RELEVANT,TRADING
7517795020775197982,https://www.tiktok.com/@newyorkbyjenny/video/7517795020775197982,Do we think theyre right bc that’s tea #nyc #newyorkcity #manhattan #timessquare the website was called @Kalshi Exchange ,2025-06-19T22:45:28.000Z,127,8,5,6,4866,38,"nyc, newyorkcity, manhattan, timessquare",Jenny Narciso | NYC,67500,False,US,#kalshi election,kalshi,description,YES,"Okay, wait, so you know how the election's going on right now in New York? I was just walking on the street and I'm actually so confused as to how this is a thing. What is going on? What is this? What? Okay, so it's honestly kind of cool because it's showing right now what people think is gonna be like the outcome and people are spending like a lot of money. I mean like some people are spending like $4, but that's like a lot. It's honestly cool because it's showing what people think is actually going to happen. Real responses. Apparently, basically like a website where you can place bets on literally anything.",RELEVANT,INFORMATION
7564547567833451807,https://www.tiktok.com/@kracknado/video/7564547567833451807,It’s all an elaborate scheme but I can’t prove it #kalshi ,2025-10-23T22:28:09.000Z,289,11,40,8,14700,58,kalshi,Kracknado,2554,False,US,#kalshi election,kalshi,"description, hashtags",YES,"93% on Cal-She right now, chances of victory, 93%. Whoever is in charge of marketing and or strategy at Cal-She you have my fullest respect because it has become the de facto way to check how people feel about the chances of something, anything in the world happening. I've seen content creators name drop Cal-She everywhere, whether it be related to sports with like the college football playoffs or even politics where like you just saw, who's gonna be the mayor of New York is something you can actively bet on. Craziest part is most of these aren't even paid promotions. Cal-She just established itself as like the ultimate truth telling source as to what the general sentiment around X event in the future happening is. In the eyes of the law, they're not even treated like a betting slash gambling platform. They're treated like a marketplace where you can trade futures and derivatives the same way you would trade options on Robinhood. I don't know if it's just me, but something around it seems sus the same way I look at Klarna and think how are they making money? Like something around their business seems sus and it's gonna be revealed later, but I can't prove it. It's just like a gut feeling, I don't know.",RELEVANT,INFORMATION
7611193038668451085,https://www.tiktok.com/@itsreallycameron/video/7611193038668451085,Fed chair upset #kalshi #polymarket ,2026-02-26T15:16:35.000Z,7,,0,0,436,26,"kalshi, polymarket",itsreallycameron,1861,False,US,#kalshi election,"kalshi, polymarket","description, hashtags",YES,"There might be an upset in the Fed Chair market. Earlier this year, Donald Trump announced on True Social that he was going to nominate Kevin Walsh for the next Fed Chair. But right now, his odds are at the lowest they've ever been. Because in order for this market to resolve in his favor, he has to be formally nominated through the Senate. And a lot of things can happen in between then. And right now, his odds are only 93% chance. Is there going to be an upset? I don't know. We will see.",RELEVANT,INFORMATION
7574261741329206550,https://www.tiktok.com/@trueamericansclips1/video/7574261741329206550,kalshi on the top 🔥 #live #kalshi #trading #fyp ,2025-11-19T02:44:13.000Z,8,,0,0,879,22,"live, kalshi, trading, fyp",stream-ing🔥🔥,46,False,US,#kalshi election,kalshi,"description, hashtags",YES,"Twelve months later, Kelshi was the talk of another election. When you see the Kelshi odds that have our chances of victory in the 90s. This is not polling data. This is what people think is going to happen. Yes. Yes. It's people putting money on what they think is going to happen. And then the wisdom of the crowds in the markets come up with the probabilities of who is going to win.",RELEVANT,INFORMATION
7433649372757249323,https://www.tiktok.com/@andrewivx2.0/video/7433649372757249323,"Dear people, please vote the following 🥰 (Election awareness purposes) #andrewivx #election #trump #kamala #presidentialelection #kalshi #kalshipartner ",2024-11-05T04:36:13.000Z,19500,1766,945,152,142700,47,"andrewivx, election, trump, kamala, presidentialelection, kalshi, kalshipartner",Andrew,4100000,False,US,#kalshi election,kalshi,"description, hashtags, transcript",YES,"Dear people voting in this year's election, please vote for the following things. So I have $1,000 on Kamala Harris to win Virginia, so if you're in Virginia, please vote for Kamala Harris. $1,500 on Kamala Harris to win Minnesota, so if you're in Minnesota, please vote for Kamala Harris. Alright, so my Iowans out there, I want you to vote for Donald Trump, that way I don't lose my $2,500. If you're in Alaska, also vote for Donald Trump, so I don't lose $2,500, instead I win $215. If you're in New Mexico, vote for Kamala Harris. It's a pretty small bet, only about $340. If you guys also want to bet on this year's election, use Kalshi today. But remember, all that money I bet was my real money, not sponsorship money. So if you're in those states, please vote for the things I told you to vote for.",RELEVANT,TRADING
7429040377509825838,https://www.tiktok.com/@emilysavesamerica/video/7429040377509825838,Follow @Kalshi Exchange for election updates! ,2024-10-23T18:30:58.000Z,1356,48,66,636,213900,28,,Emily Saves America,223600,False,US,#kalshi election,kalshi,description,YES,"Okay y'all I know we're getting really excited so this is the first and only way to legally bet on this election in America. Unlike a lot of the markets which have foreign influence, this one does not. It's more accurate than the polls because people are actually putting their real money behind it. Who is going to win this presidential election? Well right now Khalshi says Donald Trump is at 60 percent, meanwhile Kamala Harris is tanking every day at a solid 40 percent. And I assume after Trump goes on Rogan we are going to have an even bigger lead.",RELEVANT,INFORMATION
7433894694595087658,https://www.tiktok.com/@emilysavesamerica/video/7433894694595087658,@Kalshi Exchange women need to wake up #saveamerica2024 ,2024-11-05T20:28:13.000Z,4302,171,174,386,168400,42,saveamerica2024,Emily Saves America,223600,False,US,#kalshi election,kalshi,"description, transcript",YES,"It's wild to me the amount of videos I see of full-grown adults being like, I'm voting for my daughter's future, I'm voting for my daughter's rights. You're literally voting for your hypothetical daughter's rights to your future grandchildren? Make it make sense. Right now, Donald Trump is at 57% on Kalshi. I voted for the only candidate on the ballot who actually wants to protect women's rights, and that's the women who are currently here and exist and need protection, not the ones we're hypothetically talking about that apparently, according to the other side, will never be born anyways if it's up to them. Kalshi is the only legal way to be betting, so go ahead and place those bets and let's see what happens. It's going to be a wild day.",RELEVANT,INFORMATION
7608737262985039117,https://www.tiktok.com/@itsreallycameron/video/7608737262985039117,Mentions market on Polymarket ,2026-02-20T00:27:02.000Z,5,,0,1,603,14,,itsreallycameron,1861,False,US,#kalshi election,polymarket,description,YES,i'm not a big mentions market guy but donald trump is gonna be delivering the state of the union address and i feel like i just have to trade this market i'll try and follow some profitable mentions traders but yeah i feel like i have to it's the state of the union i feel like i have to,RELEVANT,TRADING
7595578498287226126,https://www.tiktok.com/@phils.tradestorie/video/7595578498287226126,Markets don’t trade truth they trade incentives and you can as well on Kalshi #moneytok #fyp #viral #trading #kalshi ,2026-01-15T13:24:07.000Z,3,,0,0,177,60,"moneytok, fyp, viral, trading, kalshi",phils.tradestories,41,False,US,#kalshi election,kalshi,"description, hashtags, transcript",YES,"This guy made $100,000, but not by trading stocks, but what Trump is going to say next. Let me explain. No leaks, no insider info, just pure human behavior. But here is really what people miss out. He didn't study market first, he studied people. Psychology, sociology, political science, and even how speechwriters engineer every single word. Because politicians must follow the script so they don't speak freely, but they signal. Then before the 2024 election, he joined Kalshi, when pretty much nobody was paying attention. Markets like, will Trump say recession? Will he talk about China or borders? Nobody knows. But he didn't care about the truth because he traded incentives. So when Trump says something wild like, I'm going to buy Greenland, does it even matter if it happens? No, it only matters that he says it. And that's how this guy traded $100,000 trading words, not even events. If you think trading markets is just luck, you're already too late, it's research. Follow me if you want edges that people don't see. Ciao, ciao.",RELEVANT,TRADING
7598682545860906253,https://www.tiktok.com/@tylerskitschen/video/7598682545860906253,IM SCARED #kalshi #news #comedy ,2026-01-23T22:09:30.000Z,449,,12,0,3316,28,"kalshi, news, comedy",Tyler’s Kitschen,47300,False,US,#kalshi election,kalshi,"description, hashtags",YES,"And if the fact that somehow we're allowed to bet on presidential elections didn't make you uncomfortable, get this. Recently, CNN and CNBC announced they are partnering with Calshi to integrate the company's prediction market data into its news coverage. That's literally like your doctor having a partnership with Marlboro Red. That breakthrough case with the election let Calshi just absolutely take off from there. And now, trading volume is expected to exceed $50 billion in 2025, up from $300 million in 2024.",RELEVANT,INFORMATION
7603104996665675039,https://www.tiktok.com/@ritzamster/video/7603104996665675039,Political markets are super inefficient due to political bias. Lots of opportunity for value trading! Do you agree? #kalshi #polymarket #politicalbetting ,2026-02-04T20:10:40.000Z,77,4,20,4,2644,83,"kalshi, polymarket, politicalbetting",Ritz | Prediction Analytics,804,False,US,#kalshi election,"kalshi, polymarket","description, hashtags, transcript",YES,"Political markets are mispriced because retail bets on what they want. Here's how to exploit it. Political markets attract way more retail than any other category. Everyone has opinions. Problem is, they're not betting on probability, they're betting on identity. Trump supporters overbid Trump outcomes. Democratics overbid Democratic outcomes. So I'm currently looking at Oddpool's 2028 presidential dashboard, and it kind of aggregates the views and probabilities across Cauchy and Polymarket so we can see them in one place. So we can see that JD Vance is favored to win the election by about 6% right now. And if we do a per-venue breakdown, we can see that Cauchy and Polymarket odds deviate by 2% at a couple spots, which is interesting. If we go down a bit, we can see the per-venue breakdowns for outcomes based on the Democratic primary and the Republican primary. Let's take a deeper look at the Republican primary. So if we order the outcomes by most likely, we can see JD Vance is number 1, Rubio is second, and Donald J. Trump is third. In fact, we also have Donald J. Trump Jr. as an outcome here. This is a great example of Trump supporters overbidding Trump outcomes. The odds of Trump having a third election is pretty low, much lower than what this chart exemplifies, because that's against the Constitution. And that's a great example of how political bias drives political markets.",RELEVANT,TRADING
7601336976758803725,https://www.tiktok.com/@wagerwaveinc/video/7601336976758803725,Hope you tailed pur @Kalshi play of the day. More to come 🔒 #trade #prediction #governmentshutdown #viral #fyp ,2026-01-31T01:49:58.000Z,38,2,2,4,2205,18,"trade, prediction, governmentshutdown, viral, fyp",WagerWaveInc,25700,False,US,#kalshi election,kalshi,description,YES,"Hope you guys tailed along when we gave you this government shutdown pick. Odds are close to 100% now, and with the recent news coming out, it looks like we're definitely gonna cash. Broke down our reasoning step by step of why we thought this would happen in our Discord for free, but glad the logic cashed out and hope we made you all some money.",RELEVANT,TRADING
7603480565723041037,https://www.tiktok.com/@dagopapi/video/7603480565723041037,2028 Erika Nicki ticket would be cinematic #kirk #nickiminaj #jester #barbz #kalshi @Kalshi ,2026-02-05T20:28:12.000Z,262,6,13,12,8569,27,"kirk, nickiminaj, jester, barbz, kalshi",spencer,17700,False,US,#kalshi election,kalshi,"description, hashtags",YES,"How am I supposed to take politics seriously when things like this are happening? Kelshi has Nicki Minaj listed as a potential option for the 2028 Republican nominee for president. And right above her there's Erica Kirk, which is not as crazy considering Nicki Minaj wasn't born in the U.S. so that's impossible. So you would think no would be the easy option, that would be free money, but stranger things have happened.",RELEVANT,INFORMATION
7610452098064436494,https://www.tiktok.com/@carolineestout/video/7610452098064436494,We’ve really lost the plot with this one. The corruption is so blatant. #kalshi #polymarket #trump #antitrump #antifascist,2026-02-24T15:22:02.000Z,120,8,4,8,1286,99,"kalshi, polymarket, trump, antitrump, antifascist",carolineestout,93300,False,US,#kalshi election,"kalshi, polymarket","description, hashtags, transcript",YES,I was listening to a podcast yesterday and it starts playing an ad promoting calci not in terms of like betting on sports or betting on whatever it's literally promoting calci so that you can bet on the state of the union what sort of dystopian nightmare are we living in that there is this advertisement for us to place bets on what crazy Donald Trump is going to say at the state of a union address and what's even more interesting is that Donald Trump's son Don jr. is one of the I think one of the founders or is on the board of calci imagine the staffers that know what Trump is going to say placing bets on on calci and making a freaking fortune like this is the fraud abuse corruption that the right likes to say that the left is doing this ad literally was saying like will Trump announce new policy well this is a black mirror episode right like we are in a black mirror episode if there are apps heavily involving the son of the president that are trying to get people to place bets on what's happening if I see an influencer promoting calci or any kind of betting or sports betting or any kind of poly market app unfollow that's an unfollow for me we don't need that shit we don't need that shit like this is this is so dark and dystopian for us to be betting on bombing other countries and kidnapping world leaders and what our crazy dementia ridden president is going to say at the State of the Union tonight,RELEVANT,INFORMATION
7618636926991535373,https://www.tiktok.com/@purpleroompolitics/video/7618636926991535373,"Arizona AG Kris Mayes filed 20 criminal counts against Kalshi, alleging it operates an unlicensed gambling business involving illegal election wagering and sports betting. Kalshi claims federal CFTC rules protect it and calls the charges meritless, while the state seeks fines up to $20k per count.",2026-03-18T16:43:10.000Z,0,,0,0,139,10,,PurpleRoomPolitics,4280,False,US,#kalshi election,kalshi,description,YES,You,RELEVANT,INFORMATION
7620163882153200909,https://www.tiktok.com/@itsallpolitics__/video/7620163882153200909,INSANE - @nickshirley exposes ANOTHER massive fraud scheme in gavin newsom’s state.  Why does @kalshi have him expected to win the presidency? Voters - you’ve been warned!!,2026-03-22T19:28:21.000Z,540,13,19,7,4495,137,,ItsAllPolitics,205200,False,US,#kalshi election,kalshi,"description, transcript",YES,"Why am I seeing this on Kalshi? Do y'all even know what that governor has done to his state? Besides telling black people that he, too, can't read? Well, Nick Shirley exposed the abysmal fraud taking place there and here are a few of his findings. Apparently there's been a 1,000% explosion in the number of licensed hospices in L.A. County. Where there used to be about 160, there are now 1,500. And now maybe you're wondering, why would that be? Are there more sick old people? No. No, there are not. There are minimal changes in the population or their end-of-life care needs. People have simply figured out how to scam Medicare, Medicaid, and Medi-Cal. That's California's Medicaid program and it's supposed to provide low-cost health coverage to poor people, poor families, seniors, elderly folk, people with disabilities, etc. So what people are doing are opening fake hospices in empty buildings, stealing seniors' Medicaid numbers or Medi-Cal numbers, enrolling fake patients, billing the government for care that does not exist, and then spending that money on luxury cars. Ha ha ha! In 2021, California providers received 15% of all national Medicare hospice payments. And Medi-Cal alone, spending reached $157 billion last year. So Nick Shirley investigated dozens of these hospices that were all listed under the same address. And these addresses would just lead him to abandoned buildings and strip malls. Like this Van Nuys building, where 100 hospices and home health agencies were registered at once. One woman in the video said that stealing someone's Medicaid number is more valuable than stealing a credit card. Because once you're over 65, you're assigned a number. And then you can bill services to the government. And fraudsters are paying people to give them their Medicaid number, so they can use them to get free money. Wow! Nick discovered $170 million in specific fraud. He'd go to a hospice center and find that either it was completely abandoned or that one or two people were working there and they often, or pretty much 100% of the time, refused to help him. This is all insane. California's government debt exceeds $1 trillion. They're projecting an $18 billion budget deficit this year. And a good chunk of the taxpayer dollars are being wasted on fake hospices and daycare centers. And meanwhile, instead of tackling this fraud issue, he spent $100 billion on a train that was never built, another $100 million on a wildlife crossing that leads to nowhere, and nearly $50 billion on a homeless program that's only gotten worse. No thanks. No thanks.",RELEVANT,INFORMATION
7618842838037531917,https://www.tiktok.com/@newsfishnow/video/7618842838037531917,"Arizona's attorney general has filed the first-ever criminal charges against prediction market Kalshi, accusing the company of running an illegal gambling operation without state approval. AG Kris Mayes says Kalshi offers gambling, not futures contracts, and violated Arizona law by taking bets on elections. Prediction markets now see roughly $5 billion in weekly trading volume across platforms like Kalshi and Polymarket. The criminal case was filed in Maricopa County Superior Court and marks a major escalation in the fight over how the industry should be regulated. #kalshi #predictionmarkets #arizona #gambling #regulation #breakingnews Source: CNN",2026-03-19T06:02:20.000Z,0,,0,0,58,37,"kalshi, predictionmarkets, arizona, regulation, breakingnews",newsfishnow,1998,False,US,#kalshi election,"kalshi, polymarket","description, hashtags, transcript",YES,"Arizona just filed criminal charges against Kelshi, the first time any U.S. state has criminally charged a major prediction market. Attorney General Chris Mays says Kelshi is running an illegal gambling operation disguised as a futures exchange and it never got state approval to operate. Prediction markets have exploded. Traders now spend about $5 billion every week on sites like Kelshi and PolyMarket. The industry already faces scrutiny over Iran war death markets and insider trading concerns. Now, Kelshi's executives face a criminal case in Maricopa County Superior Court and every other prediction market in the country is watching to see if their state is next.",RELEVANT,INFORMATION
7428332105903525162,https://www.tiktok.com/@salonofficial/video/7428332105903525162,"Thanks to a recent decision by the Washington, D.C. Court of Appeals, sites like Kalshi are now allowing people to place bets on the 2024 election.  Unfortunately, the proliferation of election betting may pose problems for the reliability of election odds reporting and our democracy. Music: Aves - “Time” #electionbetting #kalshi #election2024 ",2024-10-21T20:42:32.000Z,110,1,0,3,1018,401,"electionbetting, kalshi, election2024",Salon,98000,True,US,#kalshi election,kalshi,"description, hashtags, transcript",YES,"Recently, you may have seen ads like these, popping up on various social media apps, telling you about the chance to bet on the upcoming presidential election. Or headlines like these, telling you that betting on elections is now legal. All of this comes down to an ongoing court battle between the Commodity Futures Trading Commission and the financial exchange Kalshi. But first, let's take a look at the strange history of election betting in America. Now, the idea of betting on elections seems foreign to many Americans nowadays. Elections are a sacred function of democracy and can have lasting consequences. So gambling on them feels like it's on the same level of morbidity as betting when your dog is going to die, or doing a parlay on which two of your wife's friends will divorce first. But this country has a long history of betting on elections, going back to the early 1800s. As these papers by Paul Rode and Coleman Strumpf explain, the tradition really intensified during the Jacksonian era, with up to $6 million being wagered in New York during the 1844 presidential election between Henry Clay and James Polk. The practice reached another peak starting in the 1880s and 1890s and lasting until the 1910s, with about $10 million in political bets wagered in New York in 1916. Newspapers regularly reported on the market odds for election bets, which allowed everyday people to keep up with how presidential races were going. In a time before reliable scientific polling, these gambling odds were the closest to consistent and reliable sources that many people had on which way the election might swing. Interestingly, for most people during this era, betting wasn't seen as a way to make money as much as it was just another way to support a candidate that you were going to vote for anyway, or a way to back your beliefs. Many of these bets didn't even involve money. Freak bets, as Rode and Strumpf call them, involved wild dares that you'd have to do if your candidate lost, like pushing your friend around in a wheelbarrow, or whatever kinky stuff this guy is doing. One estimate stated that there were half a million of these freak bets in the election of 1900 alone. And hey, let's bring that back instead of gambling money on the outcome. Wearing a dog collar and walking around on all fours seems infinitely more fun than just betting money online against a stranger. But if we look at sites like Kalshi, the idea of monetarily backing one's beliefs still seems to be the case with many of these recent election bets. People seem not to be betting on what they perceive to be the most likely outcome, but on the candidate they align with ideologically, including this person saying that no one is going to stop my little shorty from becoming president. I don't think those are the exact words that people would use while betting in the 1800s, but the sentiment is there. Eventually, election betting declined in the 1930s and 40s for many reasons, primarily due to the rise in more scientific polls like Gallup that could offer up-to-date electoral predictions without the social stigma of gambling. Other factors, like the suppression of illegal gambling and the legalization of horse racing, also drew people away from election betting. Yep, people stopped betting on presidential elections once they realized it was much easier and quicker to just bet on horses instead. So what brought the practice back? Well, the way that people can bet on elections now is through what's known as event contracts, which are agreements to buy or sell a commodity asset for a predetermined price at a certain point in the future, dependent on the outcome of a specific event. Basically, you buy in on a certain position, which is either yes or no to whether that event will happen, and if you're right, you receive money. These types of contracts are regulated by the Commodity Futures Trading Commission, which tried to prevent the trading of event contracts tied to the outcomes of elections by saying they were classified as election gambling. However, the District Court found that there was not sufficient evidence that this was gambling, and the Appeals Court agreed, allowing Kolschi to continue letting people place bets on elections. So there you have it. It's not gambling, it's just placing money on a discrete outcome that you have no control over in which you will receive more money than you put in. Very different from gambling. But the proliferation of election betting raises another problem, as more and more news outlets and even presidential candidates start using betting odds as evidence of who will win the election, there comes the question, how accurate are these odds compared to polling? I mean, why does 538 show Kamala Harris having a 54% chance of winning, and Kolschi show Trump having a 57% chance? If we look at how Kolschi determines their odds, we can see that the price and probability are assigned by continually assessing the collective sentiment of its users regarding the likelihood of an event resulting in a yes or no. Sites like Kolschi don't use external polling data to assess the likelihood of a Trump or Harris victory, and instead rely solely on the betting behavior of their users to determine who is more likely to win. This can make these sites subject to self-selection bias, where the odds represent the sentiment of people who choose to bet on elections rather than the sentiments of a randomized group of voters. For instance, according to Wired, three quarters of traffic to the betting site Polly Market comes from men, so that site's odds wouldn't be representative of the American electorate as a whole. And this might be fine if all of these bettors were trading rationally and betting solely on external information. But if election bets remain as a way to back one's beliefs, then these odds just represent the voting behavior of a non-representative section of voters. But at the end of the day, the biggest concern with election betting isn't how accurate it can be, but the danger it could pose to our democracy. In a system where the assumed odds of victory for a candidate are solely determined by the amount of money wagered on them, there's the possibility of large bets placed on certain candidates with the intent to change odds in their favor. For instance, in 1892, Republican campaign managers purposely bet large amounts at more favorable odds for their own candidate, leading newspapers the next day to report that that candidate was performing better in the polls than he actually was. More recently, in 2012, one single bettor on the site Intrade accounted for one-third of the total money placed on Mitt Romney to win the presidential election in the two weeks leading up to the election, single-handedly pushing up his odds of victory on the site. Market manipulation like this could have tangible effects on the election, influencing campaign morale, fundraising, and even voter turnout. So take any betting odds you see on the election with a grain of salt, because they're not as foolproof as some would have you believe. Also, instead of gambling your next three paychecks on Trump winning, make a bet with your friend to push them around in a wheelbarrow. That sounds so much more fun.",RELEVANT,INFORMATION
7613235914025798942,https://www.tiktok.com/@drawingconclusionsdaily/video/7613235914025798942,"Kalshi and Polymarket are going mainstream - but have troubles Traders wagered $529 million on Polymarket betting on the timing of US and Israeli strikes against Iran, sparking outrage over insider trading concerns and prompting Sen. Chris Murphy to pledge legislation banning such bets. Both Polymarket and US-regulated rival Kalshi faced controversy — Polymarket for allowing military conflict bets from offshore, and Kalshi for paying out bets on Iran's Supreme Leader being removed from power after he was killed in the strikes. #kalshi#AIAnimation #dallascowboysfans #polymarket #polymarketsports",2026-03-04T03:23:47.000Z,6,,1,0,285,15,"aianimation, dallascowboysfans, polymarket, polymarketsports",Drawing Conclusions,361,False,US,#kalshi election,"kalshi, polymarket","description, hashtags",YES,"You know I'm about a real war, right? Yeah, but the spreads are incredible. Uh, I'm not supposed to be here, but did the Supreme Leader one pay out? I thought you followed the rules.",RELEVANT,INFORMATION
7469260019809258783,https://www.tiktok.com/@iufc77/video/7469260019809258783,#election #election2024 #presidentialelection #kalshi ,2025-02-09T03:44:13.000Z,9,,1,0,345,60,"election, election2024, presidentialelection, kalshi",Feng7777,8164,False,US,#kalshi election,kalshi,"description, hashtags",YES,"So based on polling data, I predict this election will come down to voter turnout in swing states. So we analyze past trends. I mean, yeah, that sounds cool and all, but are you putting money on it though? Money on an election? Man, this is in Vegas. Bruh, it is 2024. You literally can bet on anything. I got this app called Calshi, and it's like the stock market, but for predicting events. I even got money on who's going to win the presidential election. Wait, what? You're betting on the election outcome? I mean, basically, I'm buying contracts. So if I buy 30 cents a contract, I'm going to get a dollar back if my candidate wins. You know what that means? I three times my money. Is this like some type of underground thing? No, bruh. It's 100% legit, bro. Calshi is the only place in all 50 states where you can trade stuff like this. So you can make some serious cash from this. Yep. And if you sign up with my code, you get a $20 bonus when you deposit a hundred dollars.",RELEVANT,TRADING
7536730838713617677,https://www.tiktok.com/@whatsnextpolitics/video/7536730838713617677,Who do YOU got winning the 2028 Democratic Presidential Primary? #kalshi #politics ,2025-08-09T23:25:31.000Z,113,1,11,43,5596,59,"kalshi, politics",What’s Next,74,False,US,#kalshi election,kalshi,"description, hashtags",YES,"Who will the Democrats nominate in 2028? It's never too early to take a look. Here are the six candidates most likely to win the nomination based off of Calhoun's prediction market. Don't forget to follow our channel to stay up to date on any market changes. At number six, we have the governor of Pennsylvania, Josh Shapiro, who won by double digits in 2022 and has a 6% chance. At number five, we have Kamala Harris. The 2024 Democratic nominee decided not to run for governor of California, leaving the door open for a 2028 run and currently has a 6% chance as well. At number four, we have Wes Moore, the governor of Maryland and former army captain, rising to a 7% chance. At number three, we have Pete Buttigieg, secretary of transportation and former mayor of South Bend, Indiana, who has a 9% chance of becoming the nominee. At number two, we have Alexandria Ocasio-Cortez, AOC, a congresswoman from New York who's raised the most money of any member of Congress this year and is at a 14% chance. And finally, at number one, with a 19% chance of being the Democratic nominee, with California governor Gavin Newsom.",RELEVANT,INFORMATION
7617551525920984351,https://www.tiktok.com/@politicalplaylist/video/7617551525920984351,#betting #gambling #kalshi #polymarket #politics ,2026-03-15T18:30:45.000Z,19,,1,3,518,123,"kalshi, polymarket, politics",PoliticalPlaylist,6371,False,US,#kalshi election,"kalshi, polymarket","description, hashtags, transcript",YES,"We had an incident last week that people had bet on Kouschi whether or not the supreme leader of Iran would be killed and of course he was and so this person it's unclear who it's unclear if this is a member of the administration if this is maybe Baron Trump or somebody who's favorite conspiracy theory leave it Baron yeah out of this all right buddy. Listen, it's possible that it was just somebody sitting at Joe's Stone Crab and overheard about all the attack plans which apparently was a real was a real thing there is a whole kind of debate and and a negotiation on this now where Kalshi is refusing to pay this person at the moment and they're saying that oh the one thing you can't bet on is death and violence on the site so this is a completely unregulated site they're also making the argument that you can bet on whether or not a regime will fall so the question is alright well is that violent? So there's so many unanswered questions on this what we're seeing right now is zero regulation on Kalshi Polymarket at all and the question is okay at what point is the government going to step in here and start to put some guardrails on this thing because there could be some really bad consequences that that come from an unregulated market like this I'm Seth Magazine I was very successful in building a bipartisan coalition around banning Stock trading, which hasn't officially happened yet, but it seems like it will in some form. I'm curious to see who he will bring into the coalition. I think on the Senate side would be really interesting if someone like Josh Holly gets involved in this knowing how anti tech and and sort of data safety he has been. And then coupled with it though, what I think is gonna be really necessary is will the public agree?",RELEVANT,INFORMATION
7619744430647528734,https://www.tiktok.com/@newsuthr/video/7619744430647528734,#kalshi #trump #imigracion #bets #ice ,2026-03-21T16:20:18.000Z,0,,0,0,109,70,"kalshi, trump, imigracion, bets, ice",News,14900,False,US,#kalshi election,kalshi,"description, hashtags, transcript",YES,"A platform called Kalshi is operating a secret scheme of betting in elections and nobody is talking about that. What looks like just a prediction market is actually a system disguised as political bets, where people are putting money in electoral results as if it were a casino, but with real impact in the world. Experts warn that this can influence decisions, manipulate narratives and even create artificial pressure on the candidates. And the strangest thing is that all this would be happening under a supposed veil of legality, while the regulatory bodies avoid giving clear answers. Reports indicate suspicious movements, large numbers being bet on specific scenarios and anonymous users influencing trends as if they knew something before everyone else. In the networks, the debate has already become chaotic, some defend it as a financial innovation, others say that this is the beginning of a system where elections become a game of bets. And now comes the most intriguing part. There are those who believe that these platforms not only predict results, but also help manipulate them. The question is, are we witnessing the birth of a global political casino or is this already happening for much longer than we imagine?",RELEVANT,INFORMATION
7586026842352667918,https://www.tiktok.com/@wagerwaveinc/video/7586026842352667918,Trading the next election🔥🔒 #election #trade #prediction #value #kalshi @Kalshi ,2025-12-20T19:39:18.000Z,505,63,42,9,22300,24,"election, trade, prediction, value, kalshi",WagerWaveInc,25700,False,US,#kalshi election,kalshi,"description, hashtags, transcript",YES,"Another high-value Kalshi trade lock for you guys that we keep finding in these low-liquidity markets. And that's trading yes to the presidential election happening in 2028. Now, this isn't a trade that we'd be holding out till 2028. We're going pretty heavy and then cashing out early when the odds boost in our favor. If there's no election in 2028, we're probably facing bigger problems than losing a Kalshi trade.",RELEVANT,TRADING
7567188538429656333,https://www.tiktok.com/@terrencekwilliams/video/7567188538429656333,NYC  are you seriously okay with Zohran being the Mayor. This is absolutely ridiculous. He shouldn’t be allowed to run any city in America His odd are ridiculously high on Kalshi,2025-10-31T01:16:45.000Z,6467,577,440,1404,98900,203,,Terrence K Williams,570900,True,US,#kalshi election,kalshi,description,YES,"New York, New York. I'm about to throw up from the flow up. 93% this man is leading at 93%. Do y'all New York City? Can somebody get somebody from New York City on the phone and tell them to call me? What the hell are y'all thinking? Y'all really want this man running the city? Do y'all really think that's the safest thing? Look at this photo. Do you really want him running the city? He is un-American and I heard there was some shady stuff going on with his citizenship paperwork. Anyway, he I don't even think he was supposed to be here. And y'all want him running the city cuz y'all want what? Because he's promising y'all a free bus ride. Y'all gonna put the whole city on the line for a free bus ride for some free food. Y'all not about to get no free food from this man. Free rent. Come on y'all. You can't y'all cannot be this dumb. Y'all can't be y'all can't be this gullible. Don't be this gullible. I need this video to reach everybody in New York City. Y'all bet not do this. And everybody around him. I don't live in New York City, but I'm concerned because New York City is an American City. And we should not let people like him take over. He should be running for office in Afghanistan. He should be the mayor of Afghanistan. Maybe the mayor of Pakistan. But not New York City. Not any city in America. He shouldn't even be qualified to run for office in this country. That's all I'm saying. But this man is at 93% right now on Cal sheet and I'm gonna tell y'all right now that these election predictions. On this site is normally right half of the time. They're right. Most of the time. I mean, this is scary that people actually want him to be. They're not going to stop with him. They are they are going to want thousands of Zoran's or hands or whatever, whatever his damn name is running all over the country running for office all over America. New York City. Don't be crazy. Don't be crazy. Do the right thing. Don't choose him to somebody else. You can choose. Hermit the frog. I don't give a damn. Okay. I'll trust one of the wild trust. I would trust one of those New York City sewer rats to run the country before I trusted to run the city before I trusted him.",RELEVANT,INFORMATION
7607980546060242190,https://www.tiktok.com/@maddoxs.middle.ground/video/7607980546060242190,3🔒s . . . #politics #kalshi #foryou ,2026-02-17T23:30:39.000Z,53,1,5,3,1957,76,"politics, kalshi, foryou",maddoxs.middle.ground,10200,False,US,#kalshi election,kalshi,"description, hashtags",YES,"top three smartest political election odds on Cali sheet that I'd buy into right now. At number three, Nithya Rahman to win the LA mayor race. Karen Bass is the incumbent that is running again. And there's a bad stigma around LA with homelessness and corruption, whether it's all true or not. I think the city's ready for change. And just like New York City, LA is going to follow in New York City's footsteps and elect a socialist with Rahman. History repeats itself. At number two, James Tallarico to win the Senate primary for Democrats in Texas. I know the payout odds aren't the best for him. 63% is high. However, Democrats need Texas to win the Senate in 2026. The only way to do that is if they get Tallarico. Crockett will not do it. They are not going to put a socialist in Texas. Democrats, as long as they are like 20% smart, will put in Tallarico to possibly win the state of Texas. At number one, James Fischbeck to win the Republican nomination for governor in Florida. The moxie and the populist issues he is running on, in the state of Florida of any state there is, he's going to win. He is a Florida man. Byron Donalds is balled out. I promise you Fischbeck will win it. I know that is not what the experts are saying, but just watch. He is the Republican's mom, Donnie. Anyways, chat, follow for more.",RELEVANT,TRADING
7566081957914840333,https://www.tiktok.com/@wagerwaveinc/video/7566081957914840333,@Kalshi #wagerwave #politicstiktok #politics #fyp #viral ,2025-10-28T01:42:42.000Z,99,3,4,7,13700,31,"wagerwave, politicstiktok, politics, fyp, viral",WagerWaveInc,25700,False,US,#kalshi election,kalshi,description,YES,"We're down $120, tracking our Callistry portfolio and giving away a pick every day. So far, the only pick we're in the green on is Bad Bunny being one of the top five Google searches this year. For today's pick, we're deciding to enter the political arena, saying that Donald Trump will not be elected for a third term. The odds are obviously in our favor for this one, but think 91% is too much of a lock not to take. Trying to take advantage of what we think is biased in the odds right now, but follow along to see how we end up.",RELEVANT,TRADING
7613458056143326486,https://www.tiktok.com/@a_colker/video/7613458056143326486,Two big #PredicationMarket misses last night in the Texas primaries - #kalshi #polymarket #elections #politics,2026-03-04T17:45:46.000Z,129,5,9,8,7437,166,"predicationmarket, kalshi, polymarket, elections, politics",Arthur Colker,9572,False,US,#kalshi election,"kalshi, polymarket","description, hashtags",YES,"Prediction markets had two really big misses last night in the Texas primaries and this one in particular The first round winner in the Texas Senate Republican primary I think much more reflected conventional wisdom than actual polling so you can see here before polls closed They were giving Ken Paxton a 92% chance of winning as you can see after the polls closed and we started getting Results it quickly flipped to now a hundred percent chance of John Cornyn winning the first round of the primary before the runoff That was the general Twitters fear election nerds fear View on this race is that Ken Paxton would eke out a win in the first round? However, when we look at the polling at the end of the race The average was about 38 to 35 the last high quality you gov poll had this at a three-point race Well within the margin of error a margin of error race I do not think justifies a 92% chance for Ken Paxton to win the first round So I think this was very mispriced and if I was a betting man I should have put money on this one because you could have made a bank here The other big miss was the Dan Crenshaw Steve Toth primary So you can see here before polls closed and Crenshaw was at a 71% chance of winning Steve Toth at 29% Steve Toth actually won a pretty convincing victory here And then what I think is so interesting is Dan Crenshaw was the only Texas incumbent without a Trump endorsement and Ted Cruz was actively campaigning on Steve Toth's behalf Cutting campaigns ads for him and because this is a congressional race There wasn't any polling here that I could find but just based on those two factors I think Dan Crenshaw was probably more vulnerable than the 71% justified and going back to the Texas first round result We should also remember that John Cornyn spent over 90 million dollars on this race over 10x What Ken Paxton spent so I'm not surprised that he won the first round and I think this one in particular was very mispriced Given the polling the spending and I think this was really based on vibes and conventional wisdom Which is why I think we should look at prediction markets with a grain of salt The other thing I would just say here that I am worried about is that while we have a history of pollsters Hurting to other pollsters as in pollsters not wanting to release results that are that different than what other people are doing My particular fear is that pollsters will start hurting to prediction markets So if you get a result contrary to a prediction market as a pollster, are you gonna be afraid to drop those numbers? Are you gonna fiddle with the different demographic breakdowns a little bit to push it more towards the prediction market? So more hurting is just gonna put more false signals out there when it comes to elections And so I really hope we do not see hurting to prediction markets",RELEVANT,INFORMATION
7614580748150000910,https://www.tiktok.com/@dominicraine/video/7614580748150000910,POLYMARKET IS A PSY OP AND I CAN PROVE IT. #Polymarket #kalshi #politics #fyp ,2026-03-07T18:22:48.000Z,80,8,11,3,930,101,"polymarket, kalshi, politics, fyp",dominicraine,268,False,US,#kalshi election,"kalshi, polymarket","description, hashtags",YES,"So, I've been holding off on making this video for a minute, but with the rise of popularity of prediction markets like Cauchy and Polly Market, I think this information is more important than ever. So this video is all about how the CIA invented prediction markets like Cauchy and Polly Market. So let me take you back to the late 1990s. An anarchist named Jim Bill makes an essay titled Assassination Politics, where he proposes an assassination market aimed specifically at politicians and world leaders. He had a theory. If you didn't want the president of your country doing something that would invade other human rights, what if you can just vote or maybe place a bet on the time of death of that world leader? If you want to read more about that concept, I strongly suggest you reading his essay. Yeah, but after this, the FBI pretty much pushed bro shit in. I mean, they raided his house and they threw him in jail for like two years. For writing an essay. And this is where something very interesting happens. In this short document show, Jim Bell claiming that CIA agents were stalking him and illegally monitoring what he was doing. If you look up his case in social media, it says that he went to jail for putting a toxic gas into an IRS agency. Now, this actually did happen, but there wasn't a toxic gas. It was just a stink bomb. And Jim Bell actually went to jail for stalking and outing known CIA agents that were living in his area. Jim Bell is jailed and the idea of prediction markets and assassination politics as we know it died. Fast forward to 2026. What do we see? Political markets targeting the death of world leaders in other countries. The CIA in America needed to make sure that this didn't get in the hands of the wrong people. They wanted to control it. Now, there's way more information I'm glossing over and I would love to do more videos on this. So if you're at all interested, just leave a comment below.",RELEVANT,INFORMATION
7429755262061350187,https://www.tiktok.com/@casinocompwallet/video/7429755262061350187,@Kalshi Exchange and Vegaspaulyceeeeeee together to tell you where to bet on the election. It’s legal and its fun 😄 #vegaspaulycshow ,2024-10-25T16:45:08.000Z,1652,612,106,106,61200,68,vegaspaulycshow,The Vegaspaulyc show,424700,False,US,#kalshi election,kalshi,description,YES,"Well, hello, hello, hello, it's VegasPolicy. Is it going to be Trump? Is it going to be Kamala? Someone just bet $1 million on Harris to win the election. Wow, you can make your wagers on the presidential election right here on CalShe.com, who is paying me to make you aware of their platform. If you follow me, send this to every player you know, because the better I do, the better we all do. You can wager on the popular vote, which may have a different outcome than the Electoral College. It's fast, it's easy, it's safe, it's regulated by the Commodities Futures Trading Commission. Your positions earn a 4% interest rate. That is incredible, really. What other company pays you interest on your wagers? It's a trading platform with everything. CalShe actually means everything. It's legal in all 50 states. It's just like Wall Street. But you can bet on the future on CalShe.com. There's $71 million in the pool, and right now Trump leads 61% to 39%. You can wager on who will win the great state of Nevada and most of the swing states. Michigan right now is extremely close. Will there be a Republican sweep? 45% say yes. It's CalShe.com. Vegas, Pauly C.",RELEVANT,TRADING
7574147754407054647,https://www.tiktok.com/@ryanjpapi8/video/7574147754407054647,Excited to see what happens for prediction markets in the future! @Kalshi #fyp #billionaires #kalshi ,2025-11-18T19:22:36.000Z,16,1,3,3,469,80,"fyp, billionaires, kalshi",ryanjpapi8,31700,False,US,#kalshi election,"kalshi, polymarket","description, hashtags, transcript",YES,"Billionaires are piling into prediction markets because they believe it could be the next big thing. You got Henry Kravis, Charles Schwab, Brian Armstrong, all these guys are banking big on prediction markets like Cauchy. This platform basically turns any event in history into like a tradable asset where you can literally make money on it whenever you want. So instead of basically buying a company, you're buying like an idea and a question kind of like what will Trump say on this speech? Or who will win in this election? You're basically trading that online. And what's interesting is that prediction markets actually outperform polls by a lot. And that's because they're able to aggregate thousands of different beliefs into one number. And even Brian Armstrong, the guy who made Coinbase, literally spoke about how prediction markets can overthrow the New York Times in the very near future. And historically, only hedge funds or big corporations were able to actually bet on these world-like opinions. Now, with things like prediction markets, poly market, Cauchy, it makes it so easy for literally anybody to get a slice of that pie. And the craziest part is Charles Schwab himself literally walked into Cauchy's office and just like signed a contract, invested a bunch of money into them literally the first day he met them. And just in the past three months, Cauchy has surged over 62% in the whole global trading volume. Like this is insane.",RELEVANT,TRADING
7616624499579948318,https://www.tiktok.com/@musketeer.alpha/video/7616624499579948318,#greenscreen America really is a meme as prediction markets have the Dems almost even with the Republicans for control of the US Senate. Kalshi,2026-03-13T06:33:52.000Z,162,29,9,12,908,20,greenscreen,MonkeyMusketeer,4794,False,US,#kalshi election,kalshi,description,YES,"This is a serious post. A hilariously serious post. That America is one big giant meme. The Democrats are finally catching up to the Republicans in the U.S. Senate race here, and these are the prediction market odds. Yep. One big giant penis. That's America. For real. This is the actual thing. You can go look it up.",RELEVANT,INFORMATION
7609798166057225494,https://www.tiktok.com/@predictionmarkets.stuff/video/7609798166057225494,Trump is betting on himself💀 @Polymarket #polymarket #market #prediction #trading ,2026-02-22T21:03:30.000Z,289,22,23,14,6460,17,"polymarket, market, prediction, trading",Polymarket Stuff,213,False,LV,#electionbetting,polymarket,"description, hashtags",YES,Will Trump say make America great again this week? I was saved by God to make America great again,RELEVANT,INFORMATION
7582701846779874582,https://www.tiktok.com/@tjr.style/video/7582701846779874582,Imagine losing 1672$ because of a word🥀 #tjr #tjrtrades #funny #polymarket #ViralityPolymarket,2025-12-11T20:35:55.000Z,11100,1280,1390,85,260600,39,"tjr, tjrtrades, funny, polymarket, ViralityPolymarket",TJR.style,27400,False,GB,#electionbetting,polymarket,"description, hashtags",YES,"Yo, this, you think he's gonna say good afternoon? Yo, should we take the under on this? You think, yo, yo, yo, yo, under, if we put 100 bucks on this, then we make 1,672 bucks, just by putting 100 bucks on that. Imagine he had a shit day, and he shows up, and he's like, fuck the good afternoon. I'm coppin' that, bro, the odds are too good. He's going to say, oh, there he is, there he is! Shh, shh, shh. ♪ É que quando vai jogar, não bate a ação ♪ ♪ Não bate não, não bate não, só para ter a nação. ♪ Good afternoon. Yeah! Let's go, let's go!",RELEVANT,TRADING
7615381774427819277,https://www.tiktok.com/@itsreallycameron/video/7615381774427819277,Polymarket odds for midterms #polymarket #kalshi,2026-03-09T22:11:07.000Z,41,1,3,0,1197,26,"polymarket, kalshi",itsreallycameron,1861,False,US,#electionbetting,"kalshi, polymarket","description, hashtags, transcript",YES,"This is Benny Johnson saying this is getting too close. Republicans need to step up. This is the polymarket odds. Look at Republicans' odds drastically decreasing. My best tip of advice, if you want to make more money than the annual yield on the S&P 500, put all your money in Democrats winning the midterms in every seat and everything. They are in for a rude awakening. That is just the truth. These odds show it. Whether you like it or not, that's just the truth.",RELEVANT,TRADING
7619236767937629461,https://www.tiktok.com/@polystuff/video/7619236767937629461,He bet $2K on Trump saying this and won 💀 #polymarket #trump #prediction #fyp,2026-03-20T07:30:11.000Z,44,1,2,2,847,14,"polymarket, trump, prediction, fyp",Poly-Stuffer,606,False,PH,#electionbetting,polymarket,"description, hashtags",YES,Will Trump say Barack Hussein Obama this week?,RELEVANT,TRADING
7431727518316629279,https://www.tiktok.com/@xiaoyang3416/video/7431727518316629279,"Did you know you can legally bet on the presidential election in all 50 states? 🗳️🇺🇸 @Kalshi Exchange makes it possible, and if I were betting, my money’s on Trump. His numbers are surging in the battlegrounds—who’s your pick?",2024-10-31T00:18:37.000Z,68,1,3,1,1091,27,,xiaoyang3416,22500,False,US,#electionbetting,kalshi,description,YES,"Alrighty guys, did you know you can actually bet on who's going to win the presidential election and it's 100% legal. Kalsha is the only American company right now where you can place a wager on the election in all 50 states. And if I were a betting woman, I'd be placing all of my money on President Donald Trump. He's pulling ahead in the battleground states and the momentum is only building. So if you're feeling confident about your pick, why not put a little bit of money on the line?",RELEVANT,TRADING
7615592036753870111,https://www.tiktok.com/@polly_talks_polymarket/video/7615592036753870111,Who will win the 2028 presidential election? Polymarket seems to know. #polymarket #polymarketapp #election #2028election,2026-03-10T11:47:18.000Z,6,,1,0,327,21,"polymarket, polymarketapp, election, 2028election",Polly | Polymarket Info,1,False,US,#electionbetting,polymarket,"description, hashtags",YES,"People are already betting on the 2028 Republican nominee, and the market has a clear favorite. Right now, prediction markets give J.D. Vance about a 42% chance of winning the nomination. That's more than double the next candidate, Marco Rubio, at around 18%. And this market has already seen over $360 million in bets on the outcome. Do you trust them?",RELEVANT,INFORMATION
7528142775255158071,https://www.tiktok.com/@whatsnextpolitics/video/7528142775255158071,Will Trump fire Jerome Powell? Kalshi Market sits at a 22% chance #kalshi #trump #maga ,2025-07-17T19:59:01.000Z,49,1,3,4,854,57,"kalshi, trump, maga",What’s Next,74,False,US,kalshi trump,kalshi,"description, hashtags",YES,"is Donald Trump trying to fire Federal Reserve Chair Jerome Powell. According to Cali, the chances of Trump firing Powell rose to 22%, which is a 10% increase from just last week. Now, this is all coming as Trump has just held a meeting with House Republicans and asked them whether or not he should fire Powell. The Republicans resoundingly said yes, and Trump said he would follow through, according to a White House official. But since then, Donald Trump has said that he's not likely to fire Powell, even though he's reportedly drafted the letter to fire him already. Trump has claimed that he would only fire Powell if there was, quote-unquote, fraud. Now, here's the interesting thing. As we've seen from the DOJ efforts, this administration has a rather loose definition of what fraud is. Now, if Trump did follow through on his promise to the Republicans, he would be the first president to ever fire a Federal Reserve Chair, and this is something that Jerome Powell himself has called illegal. Now, of course, this is just heating up. We'll keep you posted.",RELEVANT,INFORMATION
7545727605375290642,https://www.tiktok.com/@onus.insights/video/7545727605375290642,Trump luôn là chủ đề nóng cho dân tình dự đoán và thậm chí là all in 😂 #trump #onus #donaldtrumpjr #polymarket #kalshi ,2025-09-03T05:16:58.000Z,131,5,4,3,3874,43,"trump, onus, donaldtrumpjr, polymarket, kalshi",Thị trường tài chính,3000000,False,VN,kalshi trump,"kalshi, polymarket","description, hashtags, transcript",YES,"Trump has been accused of having been in a relationship for more than 40 billion U.S. dollars. It's funny that the rumors are being spread on two platforms, the Polymarket and Cowsee, where his son, Donald Trump Jr., is a consultant. According to the number, there are more than 1.6 million U.S. dollars in Trump's rumors. Is it true or not? The topics surrounding the U.S. President Donald Trump are always very hot, even have their own side on the Polymarket. The recent rumors have also made the government doubtful and surprised. Even when answering the press, Trump did not forget to mention that former President Joe Biden also passed away and did not learn anything, but did not see as many rumors as he did. He just took a two-day vacation.",RELEVANT,INFORMATION
7610336245289389343,https://www.tiktok.com/@predictmoney/video/7610336245289389343,#sotu #kalshi #bet #locks #mcsneaky,2026-02-24T07:52:28.000Z,2,,0,1,202,72,"sotu, kalshi, bet, locks, mcsneaky",mcSneaky,1,False,US,kalshi trump,kalshi,"description, hashtags",YES,"All right, listen up. If you're betting this board, there are five absolute locks. And I mean locks. Number one, cartel. 78%. Border narrative? Security push? He says this almost every time. That's free. Number two, rare earth slash minerals. China tension. Domestic production. Economic strength messaging. 76%? That is a gift. Number three, Supreme Court? Major rulings this year? Constitution talk. He loves that framing. 74%. Smash. Number four, radical left. This is automatic. 73% is honestly low. He might say it twice. And number five, affordability. Inflation? Cost of living? Economic pain points. 71%? That's not a bet. That's insurance. If even four of these hit, you're printing. Don't overthink it. Take the law.",RELEVANT,TRADING
7436380001341295918,https://www.tiktok.com/@user5301610488142/video/7436380001341295918,I asked Trump rally attendees who they would bet on in the elections. Use Kalshi to place your bet #kalshipartner ,2024-11-12T13:12:35.000Z,2,,0,0,752,92,kalshipartner,user5301610488142,8,False,US,kalshi trump,kalshi,"description, hashtags, transcript",YES,"What's your name? I'm Ava. Where are you from? I'm from Los Angeles. How long have you been in New York City? I've been here for like only a little bit over a month. How much money do you spend per month living in New York City including everything? $500 a month. And how do you spend it? A lot on like Ubers and just going out to dinner. But I would spend a lot on RoyalMatch but like it's free so I don't really spend a lot of money on it. So you spend it on Ubers, shopping and dinners but what is RoyalMatch? RoyalMatch is this like free app that you can download and it's just cool. What's your name? My name is Anna. Where are you from? I'm from Michigan but my family is from Romania. How long have you been in New York City? I started school four years ago in New York. And how do you like it? I love it. I think it's a great city and it's really fun. It keeps me entertained. How much money do you spend per month living in New York City including everything? That's a hard question but I feel like it's around, I want to say around $2,000 something per month. And how do you spend it? Mostly rent and food. And what's your occupation and what do you do? I am a student. And what do you study? On Kalshi.com Who would you bet on? Trump. Who would you bet on to win the elections? I would bet on Trump right now. And how would you bet on him? Like what would you use? Oh, Kalshi. 100%. Bet on Kalshi. Kalshi. Make it big. Bet on Trump. Use Kalshi. It's gonna be big. Do you know that Kalshi is the first legal platform that you can bet on in all 50 states? Gonna bet on Kalshi. Who would you bet on? Trump. 100%. 60% odds we're gonna be making the money. Who would you bet on? I would bet on Donald Trump and I would use Kalshi to bet on Donald Trump. Who are you betting on? Donald Trump.",RELEVANT,TRADING
7515647933023309098,https://www.tiktok.com/@samboninbets/video/7515647933023309098,#kalshi #bet ,2025-06-14T03:53:07.000Z,1,1,0,2,455,41,"kalshi, bet",samboninbets,17,False,US,kalshi trump,kalshi,"description, hashtags, transcript",YES,"This is not financial advice, but it is an absolute lock. All right, on Kalshi, we've got the Trump Gold Card. Now, it was just released on the All In podcast, which is the number one podcast in the world, that the Trump Gold Card's website is officially up. However, on Kalshi, it's only trading at 60%. So if you wanna lock in 40% of what I'm considering free money, well, I hope you saw this video first. Kalshi, the Trump, is how many gold cards will Trump sell before the end of 2025? All I'm putting is no one, zero. If this guy can get one card sold, I am locked in, baby.",RELEVANT,TRADING
7537766642709826871,https://www.tiktok.com/@whatsnextpolitics/video/7537766642709826871,What’s the post Trump plan for the Republicans? #kalshi #politics ,2025-08-12T18:25:18.000Z,42,,5,5,1780,50,"kalshi, politics",What’s Next,74,False,US,kalshi trump,kalshi,"description, hashtags",YES,"The Trump era can't last forever, or can it? Today we're going to look at the top candidates in the 2028 Republican presidential primary according to Calhoun's prediction market. At number six, we have Donald Trump Jr., President Trump's son with a four percent chance. At number five, we have Tulsi Gabbard, former Democrat and current United States Director of National Intelligence, with a four percent chance as well. At number four, we have Glenn Youngkin, the governor of Virginia, also with a four percent chance. At number three, we have the man himself, Donald Trump, who would need to get around the 22nd amendment, which according to the market, only gives him about a five percent chance of governing for a third term. At number two is Marco Rubio, former senator from Florida and Trump's current Secretary of State, with a nine percent chance. And at number one, with a massive lead, we have Trump's current Vice President, J.D. Vance, who has a 57 percent chance of being the nominee in 2028.",RELEVANT,INFORMATION
7579847888813968661,https://www.tiktok.com/@misinformedmedia/video/7579847888813968661,"Youngest self-made billionaire is  not self-made and has probably only been promised billions by the Trump Administration and its investors, who fund Kalshi. ",2025-12-04T04:01:09.000Z,45,1,6,3,736,55,,MisInformed Media | Zee Dollie,13900,False,AU,kalshi trump,kalshi,description,YES,"I think that all of their concerns were also, after the election, proved to not be true. We know now that the election was not manipulated by election markets. What a great headline, right? Youngest self-made billionaire, and she's a woman, and she's from Brazil, and she used to be a ballerina. There is no one who wants you to believe this story more than the people who manufactured it. This company, Koshi, is funded and staffed by the Trump administration. This company will become a propaganda tool for the Trump administration if it isn't already. That is why she has become a self-made billionaire. She isn't self-made. The company is funded by someone who has a private equity fund called KKR. Donald Trump's own son is the strategic advisor to this company.",RELEVANT,INFORMATION
7557854243810446623,https://www.tiktok.com/@locksylocks/video/7557854243810446623,making money on trump’s speech #kalshi ,2025-10-05T21:34:40.000Z,117,19,4,2,6953,9,kalshi,locksy🔒,1308,False,US,kalshi trump,kalshi,"description, hashtags",YES,"Donald Trump, despite the current Democrat-induced shutdown, YES! We're eating tonight, boys!",RELEVANT,TRADING
7574563024674065678,https://www.tiktok.com/@cbssundaymorning/video/7574563024674065678,"Kalshi co-founders Tarek Mansour and Luana Lopes Lara say Donald Trump Jr. is one of many advisors helping them expand the prediction market industry, saying that his role centers on market and growth strategy. #kalshi #predictions  #donaldtrumpjr #market ",2025-11-19T22:13:40.000Z,54100,3499,3728,2549,784300,48,"kalshi, predictions, donaldtrumpjr, market",CBS Sunday Morning,831800,True,US,kalshi trump,kalshi,"description, hashtags",YES,"Why did you guys make Donald Trump Jr. a strategic advisor? We have a lot of advisors. And they span across the board, across different functions. But really, this is all about growing this industry, the prediction market industry, that a lot of people really believe in. What kind of advice does he give you? So it really is, again, about growing prediction markets. He believes in prediction markets. We believe in prediction markets. A lot of people believe in prediction markets. And it's really about go to market and expansion plans. Does he come to meetings? How much do you pay him? What's his role? I mean, this is the son of the president. We have a lot of advisors. And whether it's our investors, whether it's people that we trust and respect, whether people are- He's not just any advisor. He has a direct line to the White House. We have a lot of advisors.",RELEVANT,INFORMATION
7561242616650632462,https://www.tiktok.com/@ryan.10x/video/7561242616650632462,It’s unbelievable 👀 @Kalshi #blowthisup #donaldtrump #crypto #bitcoin #fypシ ,2025-10-15T00:43:19.000Z,79,5,12,1,1155,38,"blowthisup, donaldtrump, crypto, bitcoin, fypシ",ryan.10x,34100,False,US,kalshi trump,kalshi,"description, transcript",YES,"Omar Gaykeeping, I'm going to show you exactly how to make money based off what Trump will say. We all know that Donald Trump loves to say whatever comes to his mind. And whether you love him or you hate him, you and I both know that we'd want to profit off of what he has to say. It's on this new app called Kalshi where you can basically bet on what anybody has to say and whatever opinion you have, whether that be on sports, celebrities, or even the president. I mean, they even have one for how high Bitcoin will get, or even how long the government shutdown will last. It's super simple, and whether you're into gambling or not, this app is just really fun to use. If you want to get started on this app, there's a link in my bio. You can go check it out right there and get a free $10. Have a great day, y'all.",RELEVANT,TRADING
7584264403894160660,https://www.tiktok.com/@viralclipper_4/video/7584264403894160660,trump pardon his son?? #kalshi #trump #shorts #barontrump #trending #hooks #growth,2025-12-16T01:39:35.000Z,5,,0,0,125,15,"kalshi, trump, shorts, barontrump, trending, hooks, growth",viralclipper_,5,False,PK,kalshi trump,kalshi,"description, hashtags",YES,"Barron? What did Barron do? Nah, I need the comb, so I'll ask. 19% but it's going down since the documentary. Oof. Wow. So that's another thing, like, if the doc makes him so radioactive, he can't get a pardon because it looks so bad on the person that's in power. Yeah.",RELEVANT,INFORMATION
7613682471539903775,https://www.tiktok.com/@colepredicts/video/7613682471539903775,This is straight Polymarket game… #predictionmarkets #polymarket #kalshi ,2026-03-05T08:17:15.000Z,13400,1161,6572,712,250000,51,"predictionmarkets, polymarket, kalshi",colepredicts,883,False,US,#polymarket election,"kalshi, polymarket","description, hashtags, transcript",YES,"Here's how you can make a few thousand dollars on Polymarket within the next week. Now this might be one of the easiest ways to make money in 2026 when talking online. Now you do need to know it now before it becomes mainstream, because a lot of people do not know that Polymarket is fully on the blockchain. Yeah, so it's all public information what trades are being placed. Even the insider stuff. Take a look at this. This guy right here placed 1.8 million dollars on the US to strike Iran by February 28th, and he made $476,000 on it. And obviously, he knew what was going to happen. This dude has literally made millions of dollars on Polymarket. So if we were to just copy his trades, we would be making a ton of money as well. I personally follow this bot that shows me eight of the top traders slash predictors on Polymarket and exactly what trades they're placing right when they place them. This is absolutely the meta in 2026, and if you comment down below, I'll plug you in with the bot.",RELEVANT,TRADING
7429544587389111594,https://www.tiktok.com/@worldupdatez/video/7429544587389111594,Go to Polymarket for more! #election #election2024 #currentevents #polymarket #predictions ,2024-10-25T03:07:33.000Z,5,,2,1,1104,14,"election, election2024, currentevents, polymarket, predictions",World Updates 🌎,275,False,US,#polymarket election,polymarket,"description, hashtags, transcript",YES,This new app called PolyMarket can help you predict the outcome of the election. How it works is that there's a bunch of different categories for the election that people can vote on and cast their predictions. It also shows real-time polls and comments from people that fluctuate with the news. Make sure you check it out at PolyMarket on the App Store.,RELEVANT,INFORMATION
7433293209247239466,https://www.tiktok.com/@trending_with_ty/video/7433293209247239466,T-minus 1 day and 30 minutes! #vote #election #polymarket ,2024-11-04T05:34:11.000Z,678,9,48,64,92400,12,"vote, election, polymarket",trending_with_ty,2727,False,US,#polymarket election,polymarket,"description, hashtags",YES,"Guys, as you can see here, we are an hour and 30 minutes away from the election. According to Polly Market, Trump is going to sweep Kamala Harris off the stage. But, I don't know. I guess we'll find out on Tuesday.",RELEVANT,INFORMATION
7427935120172027166,https://www.tiktok.com/@theprogressiveparamedic/video/7427935120172027166,I continue to lol at polymarket,2024-10-20T19:02:11.000Z,177,5,8,14,5069,135,,Dan,30900,False,US,#polymarket election,polymarket,description,YES,"This is a fun one. For the first time since Kamala Harris entered the race, every battleground state is shaded red in Polly Market. Wow. That's 312 electoral votes for Donald J. Trump. That would be fun in imagination land. So this is right now. Let's go on a little adventure. Let's explore Polly Market. And can I just share something about it? You start looking up Polly Market and you find some stuff. Yeah, it's not, this is not legal in the US. So in theory, in theory, their argument is that markets are the best way of telling, you know, making a prediction, but the people who are most involved in this aren't supposed to be betting on this. Isn't that weird? So like overseas people are betting on this or maybe people are using VPNs and things. Gee, I wonder. But yeah, this is the crypto world of just unregulated chaos. And yeah, you know, they keep saying it that the Polly Market is like showing odds. No, it's not. It's a betting market. I continue to say that. But yeah, look at this. Bunch of whales really controlling the market because there's not a lot of volume on it. So just like most crypto markets, like there are pump and dumps and there's manipulation and there's, you know, money laundering and washing and all sorts of shenanigans because it is a shady world. And yeah, they keep pushing new ones. So I don't know, man. But yeah, so again, this is a sketchy world that has nothing to do with polling or reality or anything. And he keeps doing this, this guy. So like for Fonzie, this is crazy. This is crazy right now. On this site, you would bet $100 to win 227. You would only need to win a 44% chance. Are you serious? Harris is a way, way better chance than 44%. So what I'm saying is smoke him if you got him, you know? This is one guy. This is one guy how much money they have in this, like on T-Rump. Polly market, God.",RELEVANT,INFORMATION
7619806861793021198,https://www.tiktok.com/@wonderwoman_rightfighter/video/7619806861793021198,"#polymarket#donjr In this compelling video, we dive into the monumental implications of Donald Trump Jr. joining Polymarket's advisory board. This isn't just another crypto news story it's a pivotal moment that blurs the lines between politics, finance, and public perception. Polymarket, a platform allowing users to wager on real-world events, has now become a major player in shaping narratives within the political landscape. We explore how prediction markets function, their accuracy compared to traditional polling, and how Trump Jr.'s involvement could amplify their influence. Join us as we unpack the thrilling and unsettling world of prediction markets, where truth, money, and power collide!  Don't forget to like and share this video! ",2026-03-21T20:22:47.000Z,14,,2,1,179,394,"polymarket, donjr",Wonder_Woman_Right_FIGHTER,28700,False,US,#polymarket election,polymarket,"description, hashtags, transcript",YES,"The announcement that Donald Trump Jr. Was joining Polymarkets Advisory Board wasn't just another crypto headline. It was a thunderclap that echoed across both political and financial landscapes. Polymarket, a platform built to let people bet on the outcomes of real world events, had already been controversial. But by pulling one of America's most recognizable political figures into its orbit, it instantly elevated itself from niche crypto curiosity to a national talking point. Prediction markets are about more than numbers. They shape narratives. And in politics, narratives shape power. Trump junior's involvement signals that prediction markets are no longer confined to speculative circles. They are inching into mainstream influence. At its core, Polymarket allows users to wager on questions that hover over our daily lives. Will inflation fall? Will a political party sweep the next election? Will a major celebrity headline an unexpected scandal? Unlike polls that rely on opinion, prediction markets rely on incentives. If you're wrong, you lose. If you're right, you win. This dynamic creates what many call the price of truth. Over time, Polymarket has proven remarkably accurate at predicting outcomes, in some cases outperforming traditional polling methods. It isn't simply entertainment. It is a pulse on global sentiment, an unfiltered mirror of what people believe will happen next. The decision for Trump junior to join Polymarkets advisory board was both strategic and symbolic. As the eldest son of former President Donald Trump, his name carries immediate weight in political circles, commanding both loyal support and Fiery criticism. By associating with Polymarket, Trump junior provides the platform with a megaphone it never had before, pushing it beyond crypto insiders and honestly into broader political debates. His presence signals an intent to tie prediction markets not just to finance or technology, but to the machinery of influence in America. For polymarket, this is a gamble that visibility, despite controversy, could be its most valuable currency. Behind Trump Junior's involvement lies another layer of influence. 1789 Capital, an investment firm cofounded by Omid Malik, where Trump junior serves as a partner. The firm has increased its stake in Poly Market, intertwining political advisory power with financial backing. This isn't just a celebrity endorsement. It's a financial power play. When money and politics converge in crypto, the message is clear. This is not a passing experiment, but a calculated move to position polymarket as a force within the evolving ecosystem of digital finance. Capital investment ensures the platform has the resources to expand, but political association ensures it has the clout to capture attention. You know, we live in an era where the concept of truth is constantly under fire. News cycles spin rapidly, narratives clash, and facts are often distorted. It's quite the challenge to navigate, isn't it? Polymarket steps into this chaos with a bold proposition. Let money decide. If enough people are willing to stake their funds on an outcome, the odds become a reflection of belief, weighted by consequence. It's a fascinating approach, don't you Think. Unlike social media chatter, where opinions are cheap, prediction markets force participants to put their money where their mouth is. It's a whole different ball game, really. So this creates a kind of landscape where probability becomes a proxy for truth. A marketplace where, honestly, belief itself is quantified. It's an idea that's as thrilling as it is unsettling. You know, replacing polling with price signals in a world that's already pretty skeptical of facts. Prediction markets don't just reflect politics. They actually have the potential to shape it. When voters see that a candidate is favored with overwhelming odds, it can really influence how they perceive the strength of that candidate's campaign. Donors may be swayed to contribute to those seen as more likely to win. Media outlets may cover races differently based on the probabilities generated by markets like polymarket. With Trump junior now tied to the platform, the perception of prediction markets as neutral observers is further complicated. They may not only predict the future, they may help create it by amplifying certain narratives over others. Polymarket's appeal extends far beyond the corridors of power. While political bets capture headlines, users can also wager on cultural events, sports outcomes, and entertainment milestones. This diversity is what makes it addictive. The ability to speculate on everything from the World Cup to Hollywood award ceremonies. For many, it gamifies current events, turning news into a participatory experience where being informed can be profitable. This expansion into sports and Culture broadens Polymarket's audience, ensuring it isn't pigeonholed as just a political tool, but as a cultural phenomenon that touches multiple aspects of daily life. Polymarket's journey hasn't been without turbulence. US regulators previously fined the platform and forced it to wind down certain markets, casting doubt on its future. But polymarket has since clawed its way back, restructuring operations and repositioning itself to survive within regulatory boundaries. Its comeback is not just a story of resilience. It's a blueprint for how disruptive technologies adapt under scrutiny.",RELEVANT,INFORMATION
7610958954394340622,https://www.tiktok.com/@polytradingmedia/video/7610958954394340622,best trader does it again 😭🙏 #polymarket #money #trading #funny #viral ,2026-02-26T00:08:19.000Z,75,7,7,1,2940,14,"polymarket, money, trading, funny, viral",polytradingmedia,173,False,US,#polymarket election,polymarket,"description, hashtags",YES,"will trump say fuck, or fucking, or fucked in january?",RELEVANT,TRADING
7593095452715650335,https://www.tiktok.com/@equalmenteporfavor/video/7593095452715650335,"The Polymarket odds showed a 98% certainty. The clock ticked to 64 minutes and 55 seconds. Then, Karoline Leavitt ended it. In the next 30 seconds, “NO” bettors watched their stakes grow 50 times over. #newsupdate #politicalnews #trumpadministration #democraticnews #breakingnews #republicans #chasebellnews #trumpadmin ",2026-01-08T20:48:31.000Z,35,20,8,2,3279,13,"newsupdate, politicalnews, trumpadministration, democraticnews, breakingnews, republicans, chasebellnews, trumpadmin",equalmenteporfavor,1248,False,US,#polymarket election,polymarket,description,YES,On November in November of last year and so I would encourage everyone to take a look at that website It's quite well done and thank you all very much. It's great to be back with you,RELEVANT,INFORMATION
7617900543746313502,https://www.tiktok.com/@nicky.moneyballs/video/7617900543746313502,#kalshi #polymarket #vegas #sportsbetting #daytrading,2026-03-16T17:04:59.000Z,7,,2,2,461,40,"kalshi, polymarket, vegas, daytrading",Nicky Moneyballs,7,False,US,#polymarket election,"kalshi, polymarket","description, hashtags",YES,"Okay, Donald Trump out, 14% chance before the midterms are even seeded. Is that free money? I mean, is it kind of just like he's never going to get impeached or resign? Basically no, that doesn't count. 14% chance. That seems high, actually, right? It seems like it's more like five. But no one knows. So what are you going to do, like back test this? Like, well, you didn't know, no, you can't back test this. You can't. Maybe.",RELEVANT,TRADING
7612416801988824334,https://www.tiktok.com/@unitingnow/video/7612416801988824334,📢 +$515K Minutes before a military strike became public. Coincidence? Or something that deserves investigation? #News #Iran #Accountability #Polymarket #greenscreen ,2026-03-01T22:25:21.000Z,13500,2341,1547,391,121300,87,"news, iran, accountability, polymarket, greenscreen",Devin,112700,False,US,#polymarket election,polymarket,"description, hashtags",YES,"A Polly Market account called Maga My Man turned $87,000 into over half a million dollars overnight by betting the United States would strike Iran about an hour before the news publicly broke. Here's their profile. As you can see under profit and loss on the right there, over $500,000 gained in just one day with their biggest win being nearly $200,000. And here are the bets they made. Notice how all of them involve Israel and the United States striking Iran by certain dates. Here's where it stops looking like a coincidence. This account placed their first trade about 71 minutes before the news broke publicly and when this person bought in, the market had this at about a 17% probability. It's important to remember that Donald Trump Jr. sits on Polly Market's advisory board and his firm invested multi-millions of dollars into the platform last year. And coincidentally, the DOJ and CFTC both had active investigations into Polly Market that were dropped after Trump took office. Of course, prediction markets are not allowed to be used as a vehicle for profiting off of advanced knowledge of military action that is extremely corrupt and illegal. And it's not the first time this has happened in 2026 either. A random account opened up days before Maduro was captured and placed major bets saying that he would be captured. They placed their final bet about five hours before the U.S. military operation began and they profited more than $400,000, a 12-fold return.",RELEVANT,INFORMATION
7614572255015701791,https://www.tiktok.com/@holymarkett/video/7614572255015701791,more like yahu would win...  #usaelections #polymarket #viralitypoly #iranwar,2026-03-07T17:49:42.000Z,1837,51,233,33,108900,10,"usaelections, polymarket, viralitypoly, iranwar",holymarket,487,False,US,#polymarket election,polymarket,"description, hashtags",YES,What is this website? Trump out as president for 2027 at an 18% chance? What would happen if I put 12 bands? I can make 12 bands? What the f-,RELEVANT,TRADING
7616546018431192351,https://www.tiktok.com/@ritzamster/video/7616546018431192351,"Cheap contracts are always an easy trap to loose money. We are here to strategically place bets, not gamble. #kalshi #polymarket #predictionmarkets ",2026-03-13T01:28:49.000Z,96,1,22,1,3711,69,"kalshi, polymarket, predictionmarkets",Ritz | Prediction Analytics,804,False,US,#polymarket election,"kalshi, polymarket","description, hashtags, transcript",YES,"People buying prediction market contracts under 10 cents lose 90% of their money in the long run due to a simple bias called long shot bias. It's basically when your brain overvalues low probability events because it feels like it's worth it. It's almost like winning the lottery. Let me go over an example on OddPool's website for the 2026 California governor election. This kind of just aggregates the odds against Cauchy and PolyMarket, so you can see there's any sort of alpha to trade on. So if we go here and we go down and sort the current odds, we can see that Eric's the heavy favorite. We see a lot of people sitting at 1% odds and one of them is Kamala Harris. And it's funny enough that Kamala Harris is on here because she has no campaign, has no filing, nothing at all says she's running for California election, governor election. Yet she's sitting at 1% odds. In fact, Cauchy is 1% odds, PolyMarket is 0.2%. So you might be like, okay, there's a 0.8% deviation. There's some sort of alpha to trade on. But I would say the opposite. Just because there's an alpha doesn't look very likely for there to be a catalyst for her to win. So before you buy anything under 10 cents, I always ask one question. Is there a catalyst, some sort of announcement, filing debate for anything to change these odds significantly? And I don't think so.",RELEVANT,TRADING
7577834239530454302,https://www.tiktok.com/@cbsmornings/video/7577834239530454302,"The popularity of online prediction markets like Polymarket is growing. In his first network TV interview this Sunday, the company's 27-year-old founder and CEO, Shayne Coplan, spoke with Anderson Cooper for 60 Minutes. ",2025-11-28T17:48:27.000Z,3173,62,178,38,152100,103,,CBS Mornings,3800000,True,US,#polymarket election,polymarket,description,YES,The popularity of online prediction markets like Polly Market is growing. In his first network TV interview the company's 27 year old founder and CEO Shane Kaplan spoke with 60 Minutes Anderson Cooper. Kaplan says Polly Market's data can be used to forecast the future in the run up to the 2024 presidential election. While pundits opined and pollsters canvassed Polly Market posted a simple question for users to put money on who will be the presidential election winner in 2024. Donald Trump started pulling away in early October. I think one thing that's important understand about Polly Market is it is not a poll. That's not the function of Polly Market. Correct. Polly Market is trying to predict the outcome. The percentage of people who are going to vote for a candidate is not the same as who's likely to win. And you would look at Polly Market and would say 70 30 for Trump. And people are like no way it's gonna be 70 30. But he could win by one point. But he's 70 percent likely to win which is a different question. The pollsters are exactly. But it's the question people actually want to know. By the way we brought all Polly Market posted another question months before President Biden's disastrous debate. Biden drops out of presidential race. Early on the odds hovered between 10 and 30 percent. The market was pricing it that it was unlikely but that it was possible. And ultimately during the debate the price started skyrocketing. You could watch it during the debate. Exactly. And everyone was talking about it because by that point odds were exactly market. He's going to drop out. Yes. You can see Anderson Cooper's full interview with Polly Market CEO Shane Coplin on 60 Minutes Sunday night after NFL football right here on CBS and streaming on Paramount Plus.,RELEVANT,INFORMATION
7389405850219171103,https://www.tiktok.com/@polymarket/video/7389405850219171103,"A trader named ""AnonBidenBull"" bet $2m on Biden to win the election on Polymarket. He's already down almost $1,000,000 since the debate 🤯🫠",2024-07-08T23:09:01.000Z,79,3,10,2,8048,9,,Polymarket,31400,True,US,#polymarket election,polymarket,description,YES,"If you can't give us, can't give us some financial support, okay, okay, please give us a credit and we will give you back money.",RELEVANT,INFORMATION
7585664562876173582,https://www.tiktok.com/@itsreallycameron/video/7585664562876173582,Prediction markets better than day trading #daytrader #polymarket #daytrading,2025-12-19T20:13:12.000Z,4375,378,1345,99,121100,81,"daytrader, polymarket, daytrading",itsreallycameron,1861,False,US,#polymarket election,polymarket,"description, hashtags, transcript",YES,"I'm a full-time poly market trader and a lot of people don't understand how you can make a full-time living on poly market But let me explain so poly market It's just prediction markets and a lot of people think prediction markets is gambling, but it's not gambling It's predicting based on news based on information and having an edge Let me give you a good example on a market that I am in right now. Here's one market I'm in will trump release epstein files by december 19th I have yes shares for december 19th And if you look at the rules the market will resolve to yes if the trump admin Publicly releases any files to the illegal activities of jeffrey epstein, which weren't previously public by the listed date Okay. Well, are they going to release it? Well, look every news article is saying that trump's doj won't release the full epstein files on friday as required by Legislation, but they will release a partial batch And so according to the rules if any files get released today that were classified and some other parameters whatever Then the market will resolve to yes And they're there are going to be files released today. Just not all of them, but easy easy 10 gain That's how easy it is. It's prediction markets You're just you're just placing trades based on the news and the information that you have and the information that we have currently is that They are going to release some epstein files today And then you just repeat that process with a bunch of different markets and you make a lot of money Join my discord if you want to learn more about poly market",RELEVANT,TRADING
7430591253504478506,https://www.tiktok.com/@upcloseinsights_/video/7430591253504478506,Have you ever checked out poly market? #polymarket #2024election ,2024-10-27T22:49:11.000Z,1,,0,3,487,12,"polymarket, 2024election",upcloseinsights_,25,False,US,#polymarket election,polymarket,"description, hashtags",YES,"Polly market is a fun place to look at for election guesses. Right now on the will Trump win every swing state vote, people are saying that there's a 34% chance of that. So interesting. What do you guys think?",RELEVANT,INFORMATION
7617553805470600479,https://www.tiktok.com/@jamesferrari007/video/7617553805470600479,It’s not even a conspiracy “   #polymarket #donjr #insidertrading #doj #corruption ,2026-03-15T18:39:38.000Z,4078,636,476,393,38200,37,"polymarket, donjr, insidertrading, doj, corruption",James Ferrari435,1091,False,US,#polymarket election,polymarket,"description, hashtags, transcript",YES,"Do you think it's a coincidence that Don Jr. is on the board of PolyMarket, the betting entity, before it was public knowledge that we were at war with Iran, somebody made $500 grand on PolyMarket. Don Jr. is on the board of multiple publicly traded companies. That's just publicly traded companies, drone defense companies. 71 minutes before the news broke publicly about the United States being at war with Iran, a PolyMarket account named MAGA My Man made a single day bet. A $70-ish thousand dollar bet turned into $550,000. Where are the investigators here? The DOJ had investigations into PolyMarket that were dropped once Trump took office.",RELEVANT,INFORMATION
7429087063523216682,https://www.tiktok.com/@worldupdatez/video/7429087063523216682,Try it out at Polymarket! #election #currentevents #polymarket ,2024-10-23T21:32:06.000Z,26,,1,0,990,19,"election, currentevents, polymarket",World Updates 🌎,275,False,US,#polymarket election,polymarket,"description, hashtags",YES,"There's this new app in the App Store called Polly Market, and it is absolutely insane. Basically, what it does is that it's an app where people can go to vote on real-time events, like sports or politics, and then you can predict what you think the outcome is gonna be. You can also track the popular vote, and you can even scroll down to see all the comments from other real people. Make sure to go check it out at Polly Market on the App Store.",RELEVANT,TRADING
7434026296721542431,https://www.tiktok.com/@worldupdatez/video/7434026296721542431,Guess the elections over #election #election2024 #polymarket #predictions ,2024-11-06T04:59:08.000Z,78,6,3,8,11600,15,"election, election2024, polymarket, predictions",World Updates 🌎,275,False,US,#polymarket election,polymarket,"description, hashtags, transcript",YES,"I think we can just call the election at this point because on polymarket it already shows that Trump's gonna win. You can see on the map the swing states which are a little bit lighter colored, but even if Kamala wins some of them, I don't think it's gonna matter. Although she's probably gonna win the popular vote, it doesn't really matter when it comes to the electoral college. So yeah, I guess Trump is gonna be the new president.",RELEVANT,INFORMATION
7610870305287851295,https://www.tiktok.com/@mattdagoat05/video/7610870305287851295,Wait… is this not free money?😭💰#fyp #polymarket ,2026-02-25T18:24:25.000Z,20,,0,7,881,14,"fyp, polymarket",mattdagoat,44,False,US,#polymarket election,polymarket,"description, hashtags",YES,"Correct me if I'm wrong, but will Elon Musk be the richest person on March 31st? At a 97% chance. What's stopping me from just putting 5 million dollars on? No. And winning 139 million? And I just keep doing that till I'm the richest person?",RELEVANT,TRADING
7428756153888230699,https://www.tiktok.com/@worldupdatez/video/7428756153888230699,Try it out at Polymarket! #election #currentevents #polymarket ,2024-10-23T00:08:02.000Z,31,1,3,0,4626,16,"election, currentevents, polymarket",World Updates 🌎,275,False,US,#polymarket election,polymarket,"description, hashtags",YES,I can't believe I'm just finding out about the number one app on the App Store called Polly Market. What this app does is that it shows you real-time updates on things like sports or politics and it gives you feedback on what real people think about what's going to happen. And then you can decide on if you agree or disagree about what the outcome will be. Make sure to check it out at Polly Market for more.,RELEVANT,TRADING
7434554318482607403,https://www.tiktok.com/@cnbc/video/7434554318482607403,"""On Polymarket it looked like a done deal, and if you were just watching TV, you would think it's neck and neck,"" says Polymarket CEO Shayne Caplan on the platform's early call for Trump on Election Day. For more on what Coplan had to say, check out the link in bio.#linkinbio#cnbc",2024-11-07T15:07:56.000Z,3518,317,302,151,99000,40,cnbc,cnbc,1200000,True,US,#polymarket election,polymarket,description,YES,"The thing that is undeniable was the night of the election, Polly Market was the first destination to basically convey that Trump had won. And it was a good two, three hours ahead of media, so much so that people who were watching Legacy Media, you know, hours later were like, oh, wow, you know, Polly Market has Kamala so low. We were in the office and we were looking at the odds, you know, on Polly Market and it looked like a done deal. And if you were just watching TV, you would think it's neck and neck. And I think this is a complete shift in the Overton window. This is a, it is an inflection point in news, in politics where Polly Market is.",RELEVANT,INFORMATION
7618660406613052685,https://www.tiktok.com/@markus.markets/video/7618660406613052685,Here’s exactly what I do to get access to insider information to make guaranteed trades on polymarket #insidertrades #polymarket #kalshi #polymarketstrategy #polymarkettrading ,2026-03-18T18:13:53.000Z,43,2,21,3,990,106,"insidertrades, polymarket, kalshi, polymarketstrategy, polymarkettrading",Markus.markets,6225,False,US,#polymarket election,"kalshi, polymarket","description, hashtags, transcript",YES,"This is exactly what I've done to make over $60,000 in the past month on polymarket. Gonna give you literally everything right here in this video. So as long as you don't just save this video and think that you're somehow gonna come back to it later, you're literally gonna have 95% of what you need to start cooking on prediction markets. I'm just a normal guy. I'm not that smart. And like a lot of normal, not very smart guys, I used to spend a lot of time on Instagram reels, getting pissed off at the secret people who control our society. All these people who were going to islands, all these people that were in Trump's inner circle and had an unfair advantage of making money in this world, made a lot of excuses. And I thought the entire system was rigged against me, and the system is still rigged against us. But I just found out a way to make money using the exact same insider information that all of these politicians and secret members of our society are using. So many people that were close to Trump have been known to be in his circles, were exposed for making hundreds of thousands of dollars when he went and abducted Maduro. So what I did is I tracked those exact same people's wallets on polymarket. So this way, when he went and dropped that big over that one country in the Middle East, I was able to know 70 minutes before the entire rest of the world. Locked in three separate positions for over $100,000 total and profited over $76,000. How do I feel about this? Morally, I'm not really sure. And also, don't just take my word on that. You should never just blindly listen to someone who claims they made money on social media. My wallet has been leaked all over Twitter. I've been confirmed to be the owner of the wallet. I've been interviewed by the News. Go do your own research. The rest of the month of March, I've actually lost a bit of money. That's why my total was only at 60,000. But over the past 14 months, I've made over $600,000 tracking these insider traders on Poly Market. And I think for the everyday person, it's one of the easiest ways to make money online right now. So all I'm doing on this page is posting free videos, sharing strategies, leaking insider information to help you become better on these prediction market platforms. So that sounds valuable to you? You should hit my page with a follow.",RELEVANT,TRADING
7615756711294438663,https://www.tiktok.com/@mikadontlouz/video/7615756711294438663,Palantir and Polymarket have just teamed up 🤔 #palantir #ai #news #tech #polymarket ,2026-03-10T22:25:45.000Z,31,2,10,3,887,119,"palantir, ai, news, tech, polymarket",Mika,73900,False,CA,#polymarket election,polymarket,"description, hashtags, transcript",YES,"The government's favorite surveillance company just got access to where rich people secretly bet on world events. And nobody's talking about it. Okay, so let me explain it to you like you are a normal person and you aren't chronically online all the time. There's this website and it's called Polymarket and you can bet on real world things like will we be in a recession? Will Taylor Swift and her boyfriend break up? Politician, when will that company get acquired? And because actual money is on the line, it ends up being more accurate than polls or news. The last US election, Polymarket called the results way before CNN did. Basically where smart money goes to say what it actually thinks. Palantir. Okay, so Palantir is like, imagine if the CIA had a tech startup. Data and surveillance company backed by Peter Thiel and they work with the US military intelligence agency. They're basically the people the government call when they need to watch something. And so those two companies just announced a partnership. So Palantir is now going to monitor Polymarket for suspicious activity. Now here's why you should care about this even if you've never bet a dollar in your life on any of these platforms. These markets are basically a cheat code for knowing what's going to happen in the world and to also spot trends. Sometimes you could know what's going to happen in the world before it hits the news, just by looking on there. And people with insider knowledge have been using this for a while now, but like quietly. Now that Palantir is watching, the question is, are they going to be protecting the market or just learning from it? Either way, I'm gonna keep telling you about what's happening here because it's exactly where the money, the power, and the information all live. So follow if you actually want to stay ahead.",RELEVANT,INFORMATION
7618401087418027295,https://www.tiktok.com/@bruhworldnews/video/7618401087418027295,NEW: Gov. Gavin Newsom now favored to be elected president in 2028 according to betting markets ##polymarket##kalshi##robinhood##news##potus,2026-03-18T01:27:18.000Z,0,,0,1,797,5,"polymarket, kalshi, robinhood, news, potus",bruhworldnews,22800,False,US,#polymarket election,"kalshi, polymarket","description, hashtags",YES,,RELEVANT,INFORMATION
7618798785489161503,https://www.tiktok.com/@spencersays/video/7618798785489161503,Polymarket bar coming to DC? #polymarket #monitorthesituation #dc ,2026-03-19T03:10:53.000Z,344,89,45,8,6707,83,"polymarket, monitorthesituation, dc",Spencersays,436,False,US,#polymarket election,polymarket,"description, hashtags, transcript",YES,"Polymarket is opening a bar in D.C. and it's kind of a mystery. All day people online have been trying to figure out this new thing called Situation Room. I started looking up liquor licenses, zoning ordinances, anything with Polymarket or Situation Room. No dice. I even reached out to Polymarket directly. I got no response all day long. And of course I'm not the only one trying to figure this out. And I see this post on X from Bard in D.C. And they hear a rumor that it's going to be at Proper 21 on K Street. There's even a partyful invite that says that there's like 300 spots. So I said, let's go there. I walked in, I asked for the manager, and he straight up told me, yes, it's happening here. For context, Polymarket is basically an online prediction market where people bet on real world events, politics, global news, even things like whether a government shutdown is going to happen. So this bar is about watching all of that unfold live. The manager told me they're closing Thursday night and Polymarket is coming in, adding a bunch of TV screens and turning this place into their Situation Room. I managed to get into the partyful, and so I'll be there on Friday night to see what this is all about. This isn't a permanent bar. It's a full pop-up takeover. But after a full day of internet sleuthing, we finally know where it is. So while some people will be watching March Madness on a Friday night, others will be monitoring the situation. I think it's about to get a little weird.",RELEVANT,INFORMATION
7605383496323910934,https://www.tiktok.com/@predictionmarkets.stuff/video/7605383496323910934,Will Trump say “fake news” @Polymarket #polymarket #market #prediction #trading ,2026-02-10T23:32:22.000Z,3357,462,416,31,69500,21,"polymarket, market, prediction, trading",Polymarket Stuff,214,False,LU,#polymarket election,polymarket,"description, hashtags",YES,"I can't lie, you might have to pay for this one.",RELEVANT,TRADING
7609351305932344590,https://www.tiktok.com/@itsreallycameron/video/7609351305932344590,Supreme Court ruling Polymarket ,2026-02-21T16:09:59.000Z,24,,6,2,958,25,,itsreallycameron,1861,False,US,#polymarket election,polymarket,description,YES,"Well, the Supreme Court ruled against Trump's tariff, so a lot of people made money, except for me. Including one user, Annoyin123, they're up 1.5 million dollars all time. And specifically on this market, he made 51 thousand dollars. And this user also has bets placed that we will not strike Iran before the end of February and before the end of March. And this user has been very profitable, so we will see if they are right.",RELEVANT,TRADING
7612362200597974302,https://www.tiktok.com/@guythattoks/video/7612362200597974302,"People are getting rich off of military operations, nothing new there, RIGHT?! #polymarket #magamyman #finance #news #politicstiktok ",2026-03-01T18:53:35.000Z,44,4,2,3,626,108,"polymarket, magamyman, finance, news, politicstiktok",GuyThatToks,23200,False,US,#polymarket election,polymarket,"description, hashtags, transcript",YES,"This dude made like $350,000 on PolyMarket predicting the bombing of Iran. The Financial Times reported that a user named DiceDiceDice cashed in nearly $150K on the wager that the US would attack Iran by the end of February 28th. Meanwhile, another gambler named MaggaMyMan made over $360,000. As I'm sure you're all aware, this is nothing new. This has been happening. People have been making a ton of money based on political knowledge. Anybody inside, anybody connected to any of these things can bet on this. I had friends that were working the Super Bowl halftime show, so I knew how long the national anthem was going to be, and you could bet on that, and that was even problematic. Let me tell you something. If that's more problematic than betting on real people dying, there's something extremely sick about all of this. I think it's the peak American consumerism, American gambling, and just corruption. All of those pillars are propping up our economy, it feels like. Maybe not entirely. That might be slight exaggeration. The prevalence and the recurring nature of these things, it's so gross, dude. I cannot... check this out. The US has executed a number of surprising and destabilizing military operations this year, including the capture of Venezuelan President Nicolas Maduro. For example, one gambler raked in nearly half a million dollars by predicting Maduro's ouster, sparking speculation about insider trading. Hot take, but I don't think it's speculation. I think it's just straight up insider trading, when you're able to nail the prediction of the US capturing Maduro and the details within. What?",RELEVANT,INFORMATION
7613483661752585503,https://www.tiktok.com/@chaselockss/video/7613483661752585503,Polymarket infinite money glitch🤑,2026-03-04T19:25:13.000Z,28,1,13,0,1002,71,,Daddy Lock,654,False,US,#polymarket election,polymarket,"description, transcript",YES,"I think I just found an infinite money glitch on PolyMarket. I've already used this strategy to make over $1,000, and I know there is a ton of people making thousands every single week doing this exact same thing. This strategy is extremely simple. All you need to do is find insider traders on PolyMarket and just copy the trades that they make. And because PolyMarket's on the blockchain, everybody's trades are public. Take, for example, this insider who wins almost every single trade he makes on Political Outcomes made a trade on Ket Paxton not to win at 46 cents a share, right when it was right here. 10 minutes after he made that trade, it bounces all the way up to nearly 86 cents. Now, I was personally able to lock in that trade and hit that big swing and make 100 bucks. There's two ways to find these insiders. Number one, just go to PolyMarket, go to the leaderboards, find the wallets with the highest ROIs and see what they're trading. Number two is to use some sort of a bot that alerts you when these big wallets make trades. I personally use a bot called Prediction Radar, which has eight of the highest performing wallets on PolyMarket and alerts me every single time they make a trade so I can just copy it and print money.",RELEVANT,TRADING
7606869478361599262,https://www.tiktok.com/@xiandivyne/video/7606869478361599262,The Polymarket Free Grocery store is an intentional gimmick to avoid regulation #fyp #xiandivyne #politics #nyc ,2026-02-14T23:38:52.000Z,46200,821,2174,177,223200,48,"fyp, xiandivyne, politics, nyc",Christian Divyne,747500,False,US,#polymarket election,"kalshi, polymarket","description, transcript",YES,"Hi, I'm at Polly Market, the first free grocery store in New York City given to us by our gambling daddies out of benevolence because the dream of Mamdanistan is alive and well. If the idea of prediction markets giving back to the community out of pure benevolence sounds too good to be true, it's because it is. Places like Kalshi and Polly Market right now operate under different regulations than sports betting does. Right now, prediction markets are engaged in a heavy legal battle with sports betting agencies and casinos to avoid playing by the same rules. The Coalition for Prediction Markets, which is actually headed by Donald Trump Jr., is right now trying to lobby public support by doing things like the Polly Market grocery store. Right now, prediction markets are avoiding paying the same tax rates as traditional casinos, and giving out a few groceries for three hours a day will be infinitely cheaper than paying taxes on the billions of dollars they're raking in on getting people hooked in gambling. Don't fall for it.",RELEVANT,INFORMATION
7429153053363703083,https://www.tiktok.com/@worldupdatez/video/7429153053363703083,Go to Polymarket for more! #election #election2024 #currentevents #polymarket #updates ,2024-10-24T01:48:14.000Z,17,,0,1,1765,12,"election, election2024, currentevents, polymarket, updates",World Updates 🌎,275,False,US,#polymarket election,polymarket,"description, hashtags, transcript",YES,There's a new way to get updates on the election and it is so easy using Polymarket. What you do is go into the election tab and you can scroll down and see all the different current updates on what people think is gonna happen. It's real people voting in real time and with real comments so make sure to go check it out at Polymarket.,RELEVANT,TRADING
7433559173767367982,https://www.tiktok.com/@trending_with_ty/video/7433559173767367982,The polls are moving for Trump! #vote #election #polymarket ,2024-11-04T22:46:12.000Z,63900,3744,2199,3719,2600000,16,"vote, election, polymarket",trending_with_ty,2727,False,US,#polymarket election,polymarket,"description, hashtags",YES,"Guys, what is happening? In the last hour since I posted my last video, Trump has jumped up 4.5%. He's almost at 60% in the polls. Kamala, I think we're saying bye. I think so. Trump, we'll see you in office on Tuesday.",RELEVANT,INFORMATION
7618748385574571294,https://www.tiktok.com/@mnreformer/video/7618748385574571294,"Prediction markets like Kalshi and Polymarket allow people to bet on almost anything, including politics and war. They circumvent laws against gambling by claiming they sell a type of financial contract, not bets. Lawmakers are working to close these loopholes. You can read our full coverage with no paywalls at the link in our bio. #news #politicstiktok #predictionmarkets #polymarket #minnesota ",2026-03-18T23:55:08.000Z,945,33,44,10,6698,46,"news, politicstiktok, predictionmarkets, polymarket, minnesota",Minnesota Reformer,9327,False,US,#polymarket election,"kalshi, polymarket","description, hashtags, transcript",YES,"What are the chances that ICE agent Jonathan Ross gets charged for shooting and killing Renee Goode before the end of the month? According to people betting on Polly Market, they're lower than the chances of Jesus Christ returning before the end of the year. My name is Alyssa Chen and I'm a data reporter with the Minnesota Reformer. Prediction markets like Polly Market and Kalshi allow people to bet on almost anything, including sports, politics, and even war. They've been skirting state regulations on gambling, including in Minnesota, where sports betting is currently illegal. They're doing this by claiming that they're selling events futures contracts instead of bets, although they explicitly advertise as gambling platforms. State regulators around the country are now trying to close this loophole, including in Minnesota, where lawmakers this week introduced a bill to ban prediction markets. Let us know what you think and follow us for more coverage.",RELEVANT,INFORMATION
7613150009101438230,https://www.tiktok.com/@predictionmarkets.stuff/video/7613150009101438230,@Polymarket #polymarket #market #prediction #trading ,2026-03-03T21:50:23.000Z,123,9,10,1,4241,11,"polymarket, market, prediction, trading",Polymarket Stuff,214,False,LV,#polymarket election,polymarket,"description, hashtags",YES,"We can bet on the next US strike. Yemen, Somalia. Dude, I think they're gonna strike Iran. I hope not.",RELEVANT,TRADING
7605102759859342622,https://www.tiktok.com/@danielexplainsx/video/7605102759859342622,Who Will Win California’s 2026 Governor Race?  Kalshi Odds on the Front-Runners #Kalshi  #PredictionMarkets  #CAGovernor2026  #ElectionOdds  #CaliforniaPolitics  @Steve Hilton @Sheriff Bianco @Mayor Matt Mahan ,2026-02-10T05:23:17.000Z,9,1,0,15,2515,18,"Kalshi, PredictionMarkets, CAGovernor2026, ElectionOdds, CaliforniaPolitics",Daniel Explains It,2162,False,US,#electionodds,kalshi,"description, hashtags",YES,🎵 Outro Music 🎵,RELEVANT,INFORMATION
7425377630540565806,https://www.tiktok.com/@fullarmorthreads/video/7425377630540565806,Betting odds per @Kalshi Exchange. Do you agree with this? #votetiktok #election2024 #election #trump2024🇺🇸 #trumpsupporters #Trump #voteblue2024💙 #votered ,2024-10-13T21:37:37.000Z,84,,0,12,798,11,"votetiktok, election2024, election, trump2024🇺🇸, trumpsupporters, trump, voteblue2024💙, votered",Full Armor Threads,59,False,US,#electionodds,kalshi,description,YES,There you go! Yeah! Yeah!,RELEVANT,INFORMATION
7436892681235664174,https://www.tiktok.com/@realjennaryan/video/7436892681235664174,"FBI sees poly market, CEO, electronics and election prediction information #news #breakingnews ",2024-11-13T22:21:55.000Z,15500,1877,1292,1069,492700,15,"news, breakingnews",realjennaryan,48000,False,US,polymarket election,polymarket,description,YES,"Breaking news, the FBI, the DOJ, has just raided and sieged Polly Market CEO's electronics and post-election prediction information. I wonder what they're trying to do here. Hmm.",RELEVANT,INFORMATION
7569042791154601246,https://www.tiktok.com/@rpnowmedia/video/7569042791154601246,Las apuestas políticas apuntan a una derrota republicana en las próximas elecciones. Polymarket da a los demócratas hasta un 80 % de probabilidad de victoria….,2025-11-05T01:11:52.000Z,169,,5,5,2578,74,,RPNOW,29600,False,US,polymarket election,polymarket,"description, transcript",YES,"This does smell like a real debacle, the US voters are putting millions against Donald Trump and his party According to the Polymarket site, Democrats are the favorites to sweep in this Tuesday's elections In New York, New Jersey and Virginia, the odds are 90% advantage to the Democratic candidates While the Republicans sink into discontent and economic disaster With a 34-day government shutdown, the longest in the history of the country And an approval on the ground Trump faces a scenario where not even his own party believes in a victory The ironic thing is that after promising to regain the greatness The only thing he has achieved is to gather the voters but against him And if even the money is going to the opposite side Will the people be ready to end the show? I read you in the comments And don't forget to share this video so everyone finds out And follow me on my other social media See you next time!",RELEVANT,INFORMATION
7595352928165154079,https://www.tiktok.com/@predictitmarkets/video/7595352928165154079,"Wait… so you can trade a probability? 👀📊 Prediction markets work like a real-time forecast: people buy and sell shares on possible outcomes, and the price updates as news, polls, and headlines come in. Here’s the simple part: ✅ Higher price = the crowd thinks it’s more likely ✅ Lower price = the crowd thinks it’s less likely ✅ Prices change fast when new information hits It’s basically “the odds, updated live” — powered by what traders think will happen next. #PredictIt #LearnTok #Forecasting #Explainer #PredictionMarkets  ",2026-01-14T22:48:53.000Z,0,,0,0,130,49,"predictit, learntok, forecasting, explainer, predictionmarkets",PredictIt,369,False,US,#predictionmarkets,predictit,"description, hashtags",YES,"What are prediction markets? What do you do? What's going on? There's a group of people find out how likely an outcome is and they begin to take various bets on that. They say, hey, I wanna take Gavin Newsom to win the Democratic presidential nomination and I'll offer you 29 cents. And that's because they think it's less likely than 29 cents. The person who's buying that thinks it's more likely than 29 cents. But it should be really simple. If you think the probability and think of all this in probability, so it says 34 cents, but you can think of it as 34% chance to get the nomination. If you think that's low on Gavin Newsom and you think he is going to win this primary process, you should buy.",RELEVANT,TRADING
7615889123311684877,https://www.tiktok.com/@colepredicts/video/7615889123311684877,Doesn’t even feel legal.. yet somehow it’s public for anyone to see.. #predictionmarkets #polymarket #kalshi ,2026-03-11T06:59:44.000Z,71,1,28,6,2345,49,"predictionmarkets, polymarket, kalshi",colepredicts,883,False,US,#predictionmarkets,"kalshi, polymarket","description, hashtags, transcript",YES,"This is the best polymarket strategy that I've found explained in under 30 seconds. As you know, on polymarket, it's on the blockchain, meaning everyone's trades are completely visible in public for everyone to see. That means top whales who are doing insider trading, you can see exactly what trades they place. Just like when that whole Nancy Pelosi insider trading thing was going on, except these ones we can actually see right when they place the trades and not 45 days later, like with the Nancy Pelosi and the politicians insider trading. You don't have to do all this, but I personally follow a bot that shows me exactly what these people place right when they place them, what these top whales who are using these insider strategies. If you want me to plug you into the bot, just shoot me a DM or comment the word bot. Make sure you're following me so I can actually shoot you a message back. Again, the bot part is not 100% aided. You can copy their trades. It's just a lot easier to do it when you can see them actually come in in real time and get them at the same price that they're getting them at.",RELEVANT,TRADING
7620145654530067743,https://www.tiktok.com/@scripted.cinematic/video/7620145654530067743,he will say it. #market #viralitypoly #predictionmarket #polymarket ,2026-03-22T18:17:16.000Z,39,,6,0,4273,30,"market, viralitypoly, predictionmarket, polymarket",CinematicVibe,9,False,US,#predictionmarkets,polymarket,"description, hashtags",YES,"Oh, bro, this is some shit that I'm trying to put some bread on. What will Trump say at the Thanksgiving turkey pardon on Tuesday? Thanks slash thanks. 20 plus times. I bet no on that. 500 bucks on this. Bro, there's no way he says thank thank slash thanks. 20 plus times at the turkey pardon. There's no shot.",RELEVANT,TRADING
7620067489153666317,https://www.tiktok.com/@barryoptiff/video/7620067489153666317,Easiest Prediction I have seen 💯💫 #polymarket #betting #viral ,2026-03-22T13:14:50.000Z,1,1,1,1,29,12,"polymarket, viral",Market Thoughts✅,2,False,US,#predictionmarkets,polymarket,"description, hashtags",YES,"Bro, what? Will Trump say peanuts this week? 12%? Bro, that can't be right. What? Yeah!",RELEVANT,TRADING
7618731635466571028,https://www.tiktok.com/@merhebtv/video/7618731635466571028,"The news is the trade. 🌍 Daily plays, live reads & trends on prediction markets. All on Lute. 🔔 #predictionmarkets #polymarket #lute  #trump #iran     ",2026-03-18T22:50:09.000Z,55,3,8,21,983,55,"predictionmarkets, polymarket, lute, trump, iran",merheb,259,False,LB,#predictionmarkets,polymarket,"description, hashtags",YES,"I'm gonna bomb the shit out of them. Yeah, that actually happened. Trump said it, did it, and still doing it. But here's what most people miss. Whenever there's chaos, there are people quietly making money off it. Not by guessing, by predicting. That's prediction markets. Real-time markets, where you trade on real events as they happen. Politics, wars, elections, sports, culture. Literally, whatever you like. Live, right now. In the series, I'll be dropping daily plays, live market reels, and trends before anyone else catches them. All on Flute. If you want to be the one who trades the news instead of just watching it, hit the follow button, because the market doesn't wait.",RELEVANT,TRADING
7618861328773451022,https://www.tiktok.com/@itsreallycameron/video/7618861328773451022,No interest rate change #polymarket #kalshi #predictionmarkets,2026-03-19T07:14:28.000Z,26,1,3,1,653,21,"polymarket, kalshi, predictionmarkets",itsreallycameron,1861,False,US,#predictionmarkets,"kalshi, polymarket","description, hashtags",YES,"I've not made a video on the FOMC interest rate decision that just happened, but this market resolved to no change and Polly Market Traders came to that conclusion back in December. When this switch happened, this was in December. So December people thought no change, no change, no change, and that came out to be true. For April it seems like it's going to be no change as well.",RELEVANT,INFORMATION
7610835087608925470,https://www.tiktok.com/@solestraveling/video/7610835087608925470,"Prediction markets are a scam. But, if you have inside info, you could probably make a lot of money.  #predictionmarkets #kalshi ",2026-02-25T16:07:56.000Z,70,1,3,9,1428,89,"predictionmarkets, kalshi",Elise,628,False,US,#predictionmarkets,kalshi,"description, hashtags, transcript",YES,"So are you familiar with Kalshi? It's the prediction market site. You can basically bet on anything. You can bet on sports, you can bet on world events, you can bet on like what song will be on the charts next week, you can bet on anything. And I see ads all the time that's like, I just got my coffee for free because I got $5 betting on, you know, the Bachelor or something. Anyway, so one of the things you could bet on last night was the State of the Union and you could bet on like, what would Trump say? What crazy things will he say? You could bet on how long it was going to be. You can bet on all these things. So that's weird in itself that you're like betting, but okay. So here are some of the things you could bet on. How long will it be? What places will he mention? Will all of his children attend? Will he mention Charlie Kirk? Will Nick Shirley be there? Things like that. So I'm watching the State of the Union and I saw that people were posting that they were betting on it and I was like, wait a minute, I remember something from last year. So I had to look it up this morning. So this is an Axios article from January of 2025. And oh yeah, Donald Trump Jr. is an advisor. So wouldn't Donald Trump Jr. kind of know the answer to some of those questions and be able to make that company a lot of money? So it's super weird that the people that are controlling the outcomes of the predictions are also the people that are asking for you to predict with them, but something's wrong here.",RELEVANT,INFORMATION
7620113771813457166,https://www.tiktok.com/@markus.markets/video/7620113771813457166,"Lots of great value in this video, I’m trying to explain it in a comprehensible way so that anyone watching this can understand the platform is better and see the pros and cons of using them. If you enjoy this video or have any questions you can drop them down in the comments. Make sure to follow my page to never miss any more free, prediction, market content #predictionmarkets #kalshiexplained #polymarketexplained #kalshi #polymarket ",2026-03-22T16:13:47.000Z,61,1,14,4,837,226,"predictionmarkets, kalshiexplained, polymarketexplained, kalshi, polymarket",Markus.markets,6225,False,US,#predictionmarkets,"kalshi, polymarket","description, hashtags, transcript",YES,"If there was one video that you needed to watch to understand prediction market platforms like calcium poly market, this would be it. If you don't have the attention span of a two-year-old in two to three minutes, I'm going to explain everything that you need to know about how these platforms work, how they compare to each other, how they're different than sports betting platforms or day trading. And the more you understand these platforms, the easier it is to find a strategy that actually works. So let's get right into it. Prediction market platforms like calcium poly market are a peer to peer exchange where you can essentially bet and buy positions on what's going to happen in different situations. So in the same way that you could bet on the Lakers or the Celtics in a sporting game, you can bet on yes or no for Trump to say immigrant at his next speech. Now for every share that you buy, it's going to pay you out a dollar. So if you buy a share for 10 cents, if you win, you'll make a 90 cent profit. And if you buy a share for 90 cents and it resolves to a win, you'll make a 10 cent profit. So the lower price shares are less likely to happen and the higher price shares are more likely to happen. Now it's a little bit more complicated than this, but functionally these platforms are peer to peer. Meaning if I want to buy this share at 40 cents, there has to be someone on the other side who was willing to sell that to me. So just like on the stock market, you have market makers and market takers. So on these platforms, you can do two different types of orders. You can create a limit order where you stake liquidity and say, Hey, I'm willing to buy this share at this price. And by doing this, you save on fees. When someone comes around and says, Hey, yeah, I'll take that at that price. Or you can just come in as a buyer and take from someone who has a limit order and pay a little bit more fees, but execute a trade immediately. Now, when it comes to strategy, it's really important to understand volume and how this affects different markets and how this affects getting different payouts at different price points. For example, let's say you want to lock in a position for who is going to be the president of the United States in 2028. There's going to be like 30, 40, 50, a hundred million dollars in total volume being traded on different candidates. But if you want to vote, who's going to be voted out next tonight on this one episode of Survivor, there could only be 20 to $30,000 of volume, meaning it's not possible to put a $50,000 bet on a market that only has $30,000 of total volume. And if you do want to place a big bet on a market that has low volume, you're going to get what's called slippage. Meaning there's not going to be enough people offering to sell shares for how much you want to buy at that price. So you might want to buy $10,000 at 50 cents a share, but there's not even close to being $10,000 worth of shares on the market maker side. So you would have to buy all the shares at 50, 51, 52, 53, 54, all the way up to 70 or whatever, to get that total volume of $10,000 that you're putting out, which ultimately would affect your payout and slip a little bit on how much you'd make. Now, depending on your strategy, some other benefits to using prediction market platforms compared to trading or sports betting platforms is they are open 24 seven. They don't close on the weekends and for sports betting, they never freeze the lines. They never lock the bets. So you can't place a bet towards the end of the game. Or if someone hits a walk-off Homer with prediction markets, if you can just act faster than someone else, you can, a lot of times steal liquidity on something that you shouldn't be able to. For example, if you're out of game live and someone hits a knockdown three to win the game, someone hits a walk-off Homer, someone gets knocked out at a UFC fight. A lot of times, if you can just place in a position at 10 seconds before everyone else even sees it live on television, you can literally steal all those limit orders and make pretty much guaranteed money. And again, these markets are open 24 seven, but you also don't have to hold your shares until resolution. If I buy Gavin Newsom to be the 2028 presidential nominee for 2028, let's say 20 cents a share. And over the course of the next three months, long before 2028, those shares go from being worth 20 cents to maybe 60 cents. I can just go sell those shares and make a 200% profit. You don't have to wait for the resolution to get the payout. These are some of the main key points to understand about prediction markets compared to other platforms. Maybe this video was a little bit all over the place, but hopefully you learned something new from watching this video. If you're still watching, I can tell that you're interested in prediction markets to watch a three minute and 32nd video about them. So if you're still watching, follow my page, because all I do is post free content like this. That's going to educate you and help you make more money on these platforms.",RELEVANT,TRADING
7619536064436358431,https://www.tiktok.com/@buzzedclips6/video/7619536064436358431,Market says one thing… but this feels off. #viralitypoly #polymarket #prediction #markets #fyp ,2026-03-21T02:51:45.000Z,12,,0,0,270,15,"viralitypoly, polymarket, prediction, markets, fyp",BuzzedClips,1,False,US,#predictionmarkets,polymarket,"description, hashtags",YES,"Bro, what? Will Trump say restaurant this week? 8%? Yes!",RELEVANT,TRADING
7598387722805349645,https://www.tiktok.com/@ryanjpapi8/video/7598387722805349645,Replying to @Jacked Prediction Markets are the FUTURE🤯#fyp #kalshi #funny  ,2026-01-23T03:05:30.000Z,501,25,154,16,20800,60,"fyp, kalshi, funny",ryanjpapi8,31700,False,US,#predictionmarkets,kalshi,"description, hashtags, transcript",YES,"I'm down $1,200 on Kalshi, bro. It's because you're still thinking Kalshi's about betting. But the reality is, if there's a guy that can take $50 and turn it into 6.5K in 13 days doing something different, then you're doing something wrong. And the problem is all these normies are still using Kalshi as a sports betting app when you need to be looking at it from a broader time horizon. If it was me, I would start with a small portfolio, pick one topic that I'm interested in. Maybe it's politics, maybe it's speeches. Then I'll literally study, for example, Melania Trump and Trump, what they be saying and what they don't be saying. Then I'll do no on all the stuff that they would never say and yes on the stuff that they will. And the best part is you're not going against any of these big hedge fund guys. You're up against egos, group chats, and timelines. So best believe if this guy could do it, you can too. And if you like putting your money where your mouth is, my friend knows one of the developers at the Kalshi team. He gave me this one-time code that will get you a free $10 on a $10 deposit. The link is in my bio, you don't wanna miss out.",RELEVANT,TRADING
7605873988098624770,https://www.tiktok.com/@whopsaves/video/7605873988098624770,1000$ on trump to sake fake news 😭💔#viralitypoly #fyp #football #polymarket #viral ,2026-02-12T07:15:49.000Z,100,7,2,0,896,18,"viralitypoly, fyp, football, polymarket, viral",whopsaves,0,False,DE,polymarket trump,polymarket,"description, hashtags",YES,"I can't lie, you might have to pay for this one.",RELEVANT,TRADING
7437504375284583722,https://www.tiktok.com/@benjaminzamoraus/video/7437504375284583722,🚨FBI allana vivienda del CEO de Polymarket por apuestas relacionadas a las elecciones presidenciales,2024-11-15T13:55:38.000Z,563,6,41,7,87600,70,,Benjamín Zamora,177300,False,US,polymarket biden,polymarket,description,YES,"The FBI finds the home of Pauli Market founder Shane Copeland in connection to the bets made prior to the presidential election. This morning FBI agents broke into Copeland's apartment, founder and CEO of the company. According to the New York Times and Bloomberg, the search in New York is related to a criminal investigation led by the FBI and the district attorney's office in southern New York. It is suspected that Pauli Market could have operated as a commodities market without a license, allowing users in the United States to bet illegally despite a previous agreement with the federal government. Agents seized Copeland's electronic devices, including his phone, in search of evidence. Pauli Market gained relevance for its probabilities on the presidential election, where it greatly favored Donald Trump over Kamala Harris. Copeland denounced on social media that this he said is a political reprisal by the outgoing administration. What do you think? Follow me so you don't miss the news and until next time.",RELEVANT,INFORMATION
7581096901710417175,https://www.tiktok.com/@thenumbersgame1/video/7581096901710417175,📊How Shayne Coplan went from FBI raids in his apartment to the worlds youngest billionaire at 27. #founder #entrepreneur #tech #billionaire ,2025-12-07T12:47:57.000Z,6600,588,1217,25,126400,89,"founder, entrepreneur, tech, billionaire",thenumbersgame,172000,False,GB,polymarket biden,polymarket,transcript,YES,"One year ago, the FBI raided his apartment. Today, he's the world's youngest self-made billionaire at 27. Meet Shane Coplin. Born in 1998 in NYC, he was obsessed with markets early. At 14, he emailed the SEC asking how to build a marketplace. At 16, he walked into Genius HQ, one invited, and got hired. Dropped out of NYU after studying computer science. Bought Ethereum at ICO prices in 2014. In 2020, at just 21, he founded Polymarket, a prediction market built on smart contracts. And on Polymarket, you can bet on literally anything. Who wins the election? Will the Super Bowl go to overtime? Will Taylor Swift get married? During the 2024 election, users wagered $3.6 billion, and Polymarket correctly predicted the winner when pollsters couldn't. Overall, it has processed over $3.2 billion in trading volume. Then came the hit FBI raid November 2024. Devices seized. By mid-2025, all investigations dropped. Right after that, the biggest investors in tech lined up. Intercontinental Exchange invested $2 billion for up to 25% of the company, joined by Travis Kalanick, Dylan Field, Mark Pincus, Glenn Dubin valuation, $9 billion. Copeland Stake, 11%. Net worth, $1 billion. And the wildest part? Polymarket hasn't even launched in the US, and it's never turned a profit.",RELEVANT,INFORMATION
7619728673968557319,https://www.tiktok.com/@incenzee/video/7619728673968557319,"Prediction Market trader didn't think Biden would come up like this but he made money Prediction markets are something else. Bought 500 BIDEN at 20 cents expecting the Afghanistan withdrawal angle — ended up hitting anyway. This is why you pay attention to prediction markets. Follow for the best macro, crypto & prediction market clips. #kalshi #predictionmarkets #biden #crypto #macro",2026-03-21T15:18:54.000Z,10,,2,0,488,18,,Incenzee | Crypto,42,False,SG,polymarket biden,kalshi,description,YES,"He said, sir, would you like to rest for a while before we have a meeting? I said, I don't have to rest. My name's not Biden. Biden there. I got 500 Biden at 20 cents. Yes. I was, that was not how I thought Biden was going to come up, but I thought it was going to come up for the Afghanistan withdrawal, but there we go. We got the Biden.",RELEVANT,TRADING
7452875753273756971,https://www.tiktok.com/@political.popcorn/video/7452875753273756971,Replying to @Wertha #biden #trump #polymarket ,2024-12-27T00:04:23.000Z,18,,0,1,740,14,"biden, trump, polymarket",Political Popcorn,27,False,US,polymarket biden,polymarket,"description, hashtags",YES,"What's up my girl Wertha? Sounded crazy to me too at first, but most presidents will attend their successors' inauguration. Only three presidents haven't. And that list is including Trump, who didn't attend Biden's inauguration. We'll see what happens.",RELEVANT,INFORMATION
7560793327390428423,https://www.tiktok.com/@jimmy.rodriguezm/video/7560793327390428423,"🔥 ICE (sí, la dueña de la Bolsa de Nueva York) acaba de invertir $2,000 millones en una app que te paga por adivinar el futuro… 👉 Se llama Polymarket, y así funciona: 🎯 Es una plataforma donde puedes apostar sobre eventos reales: – ¿Quién ganará las elecciones? – ¿Cuándo caerá la inflación? – ¿Cuántos tweets pondrá Elon Musk esta semana? Sí, literal. 💸 No funciona como una casa de apuestas clásica. Las probabilidades no las fija un casino, se forman con la oferta y demanda del mercado. Compras acciones entre $0 y $1 dependiendo de cuán probable sea ese resultado. Si aciertas, te pagan $1. ✅ Ganas la diferencia entre lo que pagaste y ese dólar. ✅ Pierdes si te equivocas. ✅ Ellos ganan el 2% de las ganancias. 💡 Lo más potente es que Polymarket no es solo apuestas... es un nuevo tipo de mercado financiero donde lo que cotiza son las probabilidades. Y ahora, con el respaldo de Intercontinental Exchange (ICE), que controla la Bolsa de Nueva York, su valor ya supera los $8,000 millones 🚀 📲 Polymarket funciona con criptomonedas y está marcando un antes y después en el mundo de las finanzas descentralizadas. #Polymarket #BolsaDeValores #ICE #Criptomonedas",2025-10-13T19:39:43.000Z,64,6,25,4,4106,89,"polymarket, bolsadevalores, ice, criptomonedas",Jimmy Rodriguez,20000,False,PE,polymarket desantis,polymarket,"description, hashtags, transcript",YES,"Intercontinental Exchange, New York Stock Exchange owners, will invest $2,000,000,000 in PolyMarket. What is PolyMarket? PolyMarket is a platform that is basically a betting house where people can invest or bet in real life events, from sports betting to, for example, how many tweets Elon Musk will make in a week. How does it work? PolyMarket is not a regular betting house. The fees are not set arbitrarily as a house, but are basically determined by the interaction of supply and demand. Each stock costs between $0 and $1 depending on the probabilities, and if you get it right, they pay you $1. So your profit is basically the difference between 1 minus the probability for which you bet. So if you bet on an event where the probability that it happens is 87%, that 0.87 is what the stock costs you, and they pay you $1. So the difference of 3 cents is going to be your profit. But how does PolyMarket make money? They charge 2% of each transaction earned, and also when someone loses, they don't get paid anything, they get paid $0. PolyMarket works with cryptocurrencies, and this is an important milestone for the industry. In fact, after this investment, the investment of ICE, PolyMarket has reached the value of $8,000,000,000. And now, with the support of the company that owns the New York Stock Exchange, PolyMarket ceases to be a simple betting house, and begins to become a market where probabilities are what are traded.",RELEVANT,TRADING
7522811766607318295,https://www.tiktok.com/@maricatrading/video/7522811766607318295,Cos’è il Polymarket? Un sito di scommesse su eventi futuri…🤩💸 . . . #tesla #musk #maricatrading #tradingonlineitalia #tradingitalia #tradingita #mercatiazionari #mercatifinanziari #volumetrica #teslastocks #polymarket ,2025-07-03T11:11:51.000Z,20,8,2,4,2172,126,"tesla, musk, maricatrading, tradingonlineitalia, tradingitalia, tradingita, mercatiazionari, mercatifinanziari, volumetrica, teslastocks, polymarket",Marica Guglielmi Trading,1761,False,IT,polymarket desantis,polymarket,"description, hashtags, transcript",YES,"Today we are going to make a video a little bit different than usual We are going to talk about Tesla Yes, we always talk about Tesla In fact, it's a different video than usual because I changed the framing Usually it's this one Well, as I said, we are going to talk about Tesla The bromance between Trump and Elon Musk went down the drain because of the BBB Trump's Big Beautiful Bill Well, Musk said that if he will be approved, the day after the approval he will found a new political party And this triggered the bet on PolyMarket where the forecast went up to 46% that Musk will found a new party by the 31st of December What is PolyMarket? PolyMarket is a prediction market It's a market where forecasts are made on future events using cryptocurrencies For example, will Ethereum reach $4000 by August? Or will Tesla reach $500 by the end of the year? I think so, eh? I think so, with my eyes closed PolyMarket is based on Polygon blockchain and transactions are made with USDC, which is a stablecoin It's used to test the Wisdom of Crowd and it's much more reliable than traditional surveys But not only, it's also used to speculate Anyway, Musk also made a survey on his profile, which is one of the most followed on social media He asked if he should found a new party, the American Party and 80% of people said yes We'll see if it will happen, I hope not I hope he won't focus on politics, but on Tesla If you want to stay up to date on the most interesting volumetric levels and see where I'm investing follow us on YouTube and on social media",RELEVANT,INFORMATION
7610431186120314126,https://www.tiktok.com/@boardroom/video/7610431186120314126,"Tarek Mansour explains how watching Wall Street incorrectly price Brexit and Trump sparked the idea for Kalshi. From a regulation-first path to becoming the first federally regulated U.S. prediction market, the Kalshi co-founder breaks down why markets beat polls, how trust is built, and what success looks like long term. #kalshi #predictionmarkets #regulation #finance #success",2026-02-24T14:00:37.000Z,13,,5,1,615,116,"kalshi, predictionmarkets, regulation, finance, success",Boardroom,507600,True,US,kalshi election,kalshi,"description, hashtags",YES,"Really, this is about like, how about we build something that can price simple questions about the future? So the story of Cauchy, I went to MIT and I wasn't a very social guy. I was a little bit of a math nerd. And by that, I mean like a super big math nerd. I've just like always was enamored with like objectivity of math. There was like something beautiful about probabilities and numbers. And I got into the sort of this theory around prediction markets and there was some theories. So really it started with this economist Hayek in 1945. We talked a lot about this idea that information is surprisingly dispersed, non-central. We often make decisions in a centralized way. So you have a group of people like a government or a company that has very small percentage of the information they need to make a decision. But if they could have all that information that could be sitting in Hawaii or it could be sitting in New York or it could be sitting in Queens, anywhere, they would make better decisions. And the best way to bring that information is via market, is incentivize people to come and trade and participate to bring whatever information they have about something. Some people may be following Brexit and they are figuring out how their neighbors are feeling and they may come and trade it. And some people are, I don't know, Trump fanatics and they are thinking about how their neighbors might vote and they might come and trade it. I really love the idea because if you could build that market, one, it could be bigger than any of the other markets because more people will care, right? And you're seeing how much people care about prediction markets now because you get it, right? It's not very hard. Will it rain tomorrow? How much is it gonna snow in DC? The second thing is it'd be very useful because if you believe in markets, they're a very good way to aggregate the crowd wisdom. If we could build this thing, it would make us a little bit smarter about the future. Instead of like climate change is real, 100% everybody else is an idiot and climate change is a hoax, 100% it's a hoax, everybody else is an idiot, we'd come somewhere in the middle. Markets tend to not like, they're not as polarized, they're not as aggressively subjective. I didn't really think about being an entrepreneur. I was really gonna go work at Citadel and be a trader. But then the idea wouldn't leave me. It was just like, I just realized after a year or two, it's like, if I don't start it, I'm just gonna regret it for the rest of my life. So we decided to start and that's when the whole journey started.",RELEVANT,TRADING
7530017384506150158,https://www.tiktok.com/@whatsnextpolitics/video/7530017384506150158,What will the National Debt be at the end of 2025? #kalshi #politics #money ,2025-07-22T21:13:51.000Z,5,,1,5,374,43,"kalshi, politics, money",What’s Next,74,False,US,kalshi election,kalshi,"description, hashtags",YES,"Is the US debt set to explode this year? Now here's what's driving the surge. Donald Trump's big beautiful bill will add $3.4 trillion to the national debt over the next decade, mostly in tax cuts to the rich. The current debt is already at $36.6 trillion. Now even before the big beautiful bill passed, the Congressional Budget Office predicted that the total debt is on track to reach over $37 trillion. Now this is coming as for the first time ever, all three major credit rating bureaus have downgraded US credit below their top rating. With the big beautiful bill becoming law and borrowing surging, Cali's odds are flashing red on America's fiscal trajectory. Stay tuned.",RELEVANT,INFORMATION
7562622751635180831,https://www.tiktok.com/@podcasthighlight2/video/7562622751635180831,The Owner of Kalshi said EVERYONE wanted Betting Legalized EXCEPT The Government 🤔 #kalshi #fyp ,2025-10-18T17:58:59.000Z,9,,0,0,758,24,"kalshi, fyp",Podcast Highlights,32400,False,US,kalshi election,kalshi,"description, hashtags",YES,"And then we realized that this was not allowed in the U.S. And we looked at the history of these markets and some of these true prediction markets are actually this notion that a lot of people have been excited about for a long time. People wanted these to exist. So what we decided to do is we wanted to address that elephant up front. We're like, if we wanted to build this company, we have to build everything regulated up front. We will literally go to the federal government and subject ourselves and say, we want to get regulated and we'll bang our head against the wall until you regulate us.",RELEVANT,TRADING
7433587196390772014,https://www.tiktok.com/@cooler.cats4/video/7433587196390772014,OUR 🔒🔒🔒 FOR THE ELECTION #kalshi #election #kamala #trump ,2024-11-05T00:34:58.000Z,65,10,8,8,1225,178,"kalshi, election, kamala, trump",coolercatss,29,False,US,kalshi election,kalshi,"description, hashtags",YES,"Hey guys, here's our top 5 locks to make a little extra cash on election day. Okay first one we got Virginia. I'm slamming Kamala on this one. Trump, you know he outperformed polling both in 2016 and in 2020 and you know pollsters are really adjusting to that in you know all the states. Still they have Kamala winning Virginia pretty comfortably. You know only a 13% return but you know make 13% every day you'll be a billionaire. So I'm taking Kamala here. Next up we got Kamala popular vote. I mean this is pretty self-explanatory. The Democrats have won the popular vote the last four elections and also LeBron is endorsing Kamala so I feel like 25 cents to the dollar for that is pretty good value. This next one will Trump win a deep blue state? This is my lock for this election. I'm slamming the no on this one. If you look at the states that compromise this category Trump didn't win any of those states in 2016 or 2020. So if you pick the yes on this one you're thinking that he's you know going to do something that he hasn't done the past two elections and also in 2016 and 2020 pollsters were not adjusting their polls as much for Trump whereas now they are and they're also not really showing him winning in any of those deep blue states that this bet you know sort of describes. So this is my lock free 22% here taking this every day of the week. We're also going to be throwing no party is going to win or sweep all the swing states. Polls are saying this is one of the closest elections in a very long time so I just don't see Trump or Kamala sweeping all the swing states here. Okay so my home run of the election who will win North Carolina? I'm taking Kamala here. I think this is your best chance to make a 2x or 3x instead of like a 15 or 20% return. You know polls are showing that Stein is up against Robinson 15 in the governor race. So you know for Trump to win this state you're going to have to assume that there's a ton of split ticket Republicans which just might not happen. And you know he still might not he still might win the state but at these odds I think Kamala is looking really good as a bet especially when you consider New York Times Sienna just dropped yesterday saying that she's up 2 in the entire state. So if you're looking for a home run pick I'd take this one. I think the odds are really good. Also obligatory these are not our political opinions or financial advice. This is just this is just how we're betting on the election as we're trying to make some extra cash. But yeah best of luck best of luck. We're degenerates and this is EV positive plays in our mind. Exactly it's all EV. That's all. So yeah.",RELEVANT,TRADING
7615198227234835733,https://www.tiktok.com/@updates.daily7/video/7615198227234835733,"🔥✨Breaking News: An economist has turned a bold prediction into a massive payday. Alan Cole reportedly wagered his entire life savings — $342,195.63 — on the prediction market Kalshi, betting that Elon Musk would fail to reduce U.S. federal spending through his proposed Department of Government Efficiency initiative. The contract was designed to pay out if federal spending in 2025 exceeded fourth-quarter 2024 levels — which it ultimately did. After final spending figures were released on February 20, Kalshi paid Cole approximately $470,300, delivering a profit of about 37% on his original wager. The high-stakes bet highlights the growing influence of prediction markets, where participants risk real money on the outcome of political and economic events. 📊💰  #everyoneシ゚viralシviralシfypシ゚viralシalシ #viralnow #viralnews #viraltrend #viraltrending ",2026-03-09T10:18:35.000Z,17,,2,3,622,6,"everyoneシ゚viralシviralシfypシ゚viralシalシ, viralnow, viralnews, viraltrend, viraltrending",Updates Daily,437,False,NG,kalshi election,kalshi,description,YES,"Breaking news, a man has bet his entire life savings of $342,000 on Elon Musk's chances of failure.",RELEVANT,INFORMATION
7560757759772232982,https://www.tiktok.com/@ordinary.academic/video/7560757759772232982,"Stop scrolling! Is this investing or just high-stakes gambling? Prediction markets (like the CFTC-regulated Kalshi and crypto-native Polymarket) are booming, allowing people to trade contracts on future events like elections, sports, or macroeconomics. These markets claim to aggregate information efficiently, leveraging the ""wisdom of the crowd"". Historically, prediction markets, such as the Iowa Electronic Markets (IEM), have proven to be more accurate than traditional polls, particularly for long-term forecasts. Key platforms have distinct structures: • Kalshi is regulated as a financial exchange under the Commodity Futures Trading Commission (CFTC), operating legally in the US with high liquidity and offering interest on cash balances and open positions. • Polymarket is a decentralized prediction market, using USDC stablecoin, which has previously operated outside US regulatory approval (though recent legal movements suggest changes are coming). Advocates argue that success in these markets relies on skill, research, and finding arbitrage opportunities, differentiating it from games of pure chance. What do you think? Are you betting on the future, or just betting? #PredictionMarkets #Kalshi #Polymarket #Investing #Betting  ",2025-10-13T17:21:40.000Z,10,1,1,0,413,399,"predictionmarkets, kalshi, polymarket, investing",An ordinary academic,39,False,GB,kalshi midterms,"kalshi, polymarket","description, hashtags, transcript",YES,"Today, we're diving into one of the most fascinating corners of the Internet. It's a place where people literally put their money where their mouth is to forecast the future. We're talking about prediction markets, and we're going to figure out, are they a powerful tool for finding the truth, or are they just a new kind of casino? Okay, let's just jump right in with a question that feels like it's ripped straight from today's headlines. Will we see a massive leap forward in AI this quarter? I mean, it's a question with a real, verifiable answer. Eventually. But what's the probability right now? Is it 30%? 60%? And that is where things get really interesting. What if, instead of just guessing, you could actually buy and sell shares based on what you think the answer is? Well, that's the core idea that powers everything we're about to explore. So let's start with the absolute fundamentals. Prediction markets, you know, they're not about some vague speculation. They're actually structured venues designed to turn future events into something tangible, something you can trade. So what is a prediction market exactly? Well, at its core, you're trading contracts tied to a very specific outcome. So imagine a contract for, yes, to our AI question, is trading at, say, 60 cents. That price isn't just a random number. It's the market's collective guess. It implies a 60% probability of that event happening. Now, if you're right, your 60 cent contract becomes worth a full dollar. If you're wrong, it's worth zero. It's really that simple. And this is a brilliant way to think about it. Instead of trading shares in a company like Apple or Google, you're trading shares in an outcome. Will inflation be above 3% next month? Will a certain movie win best picture? These real world events literally become assets with a price that moves as new information comes to light. All right, let's tackle the elephant in the room, the big question everyone asks. Isn't this just gambling? And look, it's a fair question. But when you look at the mechanics, you start to see some really fundamental differences. Let's break it down. OK, check out the key difference right here. In traditional betting, the house, the casino, sets the odds. You either take them or you leave them. In a prediction market, you, the participants, discover the price through your own buying and selling. But here's the real game changer. You are not locked in. If new information comes out, guess what? You can sell your position. This totally transforms it from a simple bet into a dynamic tool for gathering up information. This quote from a user really gets to the heart of this wisdom of the crowd idea. When there's actual money on the line, people tend to express what they truly believe will happen, not just what they hope will happen or what they think they're supposed to say. It has a way of filtering out all the noise. So where can you actually do this? Right now, the landscape is basically split into two main camps, and they're defined by how they deal with regulation and technology. So on one side, you've got platforms like Kalshi. It's regulated by the CFTC here in the US. That gives you legal clarity, a sense of security. But then on the other side, you have decentralized platforms like Polymarket, which are built on the blockchain. This opens the door to pretty much anyone, anywhere in the world, but it means you're operating in the world of crypto wallets and self-custody. It's a classic trade-off really, regulation versus freedom. So yeah, the bottom line is this philosophical divide. Your choice really depends on what you value more, the protections that come with a regulated system or the open global nature of decentralized finance. It's kind of like the difference between a traditional stock brokerage and crypto exchange. So let's zoom in on that decentralized side for a second. Why even go through the trouble of putting a prediction market on a blockchain? What's the actual advantage? Well, first, there's something called trustless settlement. It's a fancy way of saying a smart contract, which is just a piece of code, handles all the payouts automatically. No middleman needed. Second, you get global access. Using crypto tokens means anyone, anywhere can participate, even with tiny amounts of money. Third, user security. You hold your own funds in your own digital wallet. The platform can't touch them. You are literally your own bank. But of course, it is not a perfect system. Not by a long shot. Both regulated and decentralized markets face some pretty significant challenges that we need to be really clear eyed about. The biggest shadow hanging over all of these markets is regulatory uncertainty. I mean, the rules are still being written as we speak. Then there's the problem of thin liquidity in smaller markets. It's like trying to trade stocks in a ghost town. And of course, there's always the risk of manipulation. And finally, and this is a big one, how do you decide the final outcome? If the source for the final answer isn't crystal clear, the whole thing can just fall apart. But, you know, maybe the biggest hurdle of all is just perception. To a lot of people, this whole thing still just feels like a novelty, like a really complicated way of betting on the Oscars. Overcoming that image and really showing its value as a forecasting tool, that's the key to wider adoption. So what does the future hold? What's it going to take for these markets to move from being a niche hobby for finance geeks and crypto enthusiasts to being a mainstream tool that everybody uses? Well, I think it boils down to three main things. First, you need clear rules of the road from regulators. No more guessing games. Second, you'll need to see them integrated into the apps you already use every single day. And third, they have to be as dead simple to use as placing a bet on a sports game, but with all the power of a real trading platform underneath. And this quote is the perfect way to think about their ultimate purpose. The goal isn't to create some flawless crystal ball that never gets it wrong. The goal is to create a system that rewards people for finding and incorporating good information into the market price faster than anybody else. So here's the big takeaway. Think of it as a living, breathing pole, one that's constantly updating in real time as new information comes out. And the financial incentive, the skin in the game, that's just the mechanism that keeps the whole conversation honest and focused on what's real. Which brings us right back to our central question. As these platforms get bigger and more influential, are they going to become an indispensable tool for understanding the world and cutting through all the noise? Or do they risk becoming a new, powerful way to shape public perception itself? That is the billion-dollar question that the future is going to have to answer.",RELEVANT,INFORMATION
7556696519324306743,https://www.tiktok.com/@stevenrichardma/video/7556696519324306743,Tucker Carlson running for president in 2028? Betting markets believe Tucker is laying the groundwork for a presidential campaign & he is climbing up the list of names. #fyp #news #politics #tuckercarlson ,2025-10-02T18:42:34.000Z,855,102,73,96,16100,118,"fyp, news, politics, tuckercarlson",Steven Richard,32300,False,US,betting markets election,polymarket,transcript,YES,"Betting markets now believe that Tucker Carlson is laying the groundwork for a 2028 presidential run. Now, this is something that you can literally bet on right now. These betting markets like poly market have quietly added Tucker Carlson to the list of candidates that you can bet on. And his name has slowly, but surely been climbing its way up the list. Now this is all happening because people are starting to notice that his speeches and messaging have shifted. He's now starting to hit themes that resonate across party lines and even into the socialist category, as crazy as that may sound. This all started about two months ago when Tucker Carlson spoke at a turning point USA event before the assassination of Charlie Kirk. And the things he was saying doesn't quite align with your traditional conservative audience. The first thing he said was the U S economy is not nearly as strong as our current leadership makes it seem. He said that our current leadership tends to point at the GDP to determine whether the U S economy is doing good or bad. When in reality, the average American can't even come close to affording a single family home. He said that alone should be a telltale sign that the U S economy is struggling and big change needs to happen. Now, what I found most notable in this speech was him talking about the banking industry in America and how it only appeals to the top 1%. I mean, where have we heard those talking points from before? Tucker said the way the banking industry works in America is if a uber rich individual borrows money from a bank, they can actually negotiate the terms because the borrower is in more position of power than the lender. But if your average day-to-day American maxes out a credit card at 30%, then they'll just take your house and put you in bankruptcy. And he actually said that the other 99% of people in America, the middle to lower class should be protesting credit cards and refusing to pay them back to send a message to the banking industry. Now, this is like Bernie Sanders socialist type talk, and he's doing this on stage at a turning point USA event. Now, this is why Tucker Carlson's name is popping up on these betting markets for a 2028 campaign run. This is classic pre-campaign rhetoric, populist, bipartisan, and focused on issues that voters care most about. So my question is, would you consider voting for Tucker Carlson in 2028, whether he runs as a Republican, a Democrat, or some third political party?",RELEVANT,INFORMATION
7568563461140188439,https://www.tiktok.com/@lh4nj089/video/7568563461140188439,Polymarket_Says_Trump_MAY_Say_The_N_BOMB_In_INSANE_Betting_Market_Tim_Pool_Part_3,2025-11-03T18:11:46.000Z,0,,0,0,104,252,,T>I>M>C>A>S>T>,9952,False,US,betting markets trump,polymarket,description,YES,,RELEVANT,INFORMATION
7531498040264264990,https://www.tiktok.com/@bettingbuilder/video/7531498040264264990,Bets were placed on @polymarket 💰#betting #bet #polymarket #trump ,2025-07-26T20:59:16.000Z,15,1,0,0,918,6,"bet, polymarket, trump",Bettingbulder,12,False,US,betting markets trump,polymarket,"description, hashtags",YES,Look here comes the consequence consequence consequence consequences of my actions chasing me right now. I don't,RELEVANT,TRADING
7433341786703105322,https://www.tiktok.com/@andres.mth7/video/7433341786703105322,What are we actually going to do #polymarket #trump #harris #election #Vote ,2024-11-04T08:42:59.000Z,40,,4,5,5749,14,"polymarket, trump, harris, election, vote",Andres Mth,60,False,US,polymarket election night,polymarket,"description, hashtags",YES,"In just a few hours, we went from this to this. About a week ago, Trump was predicted to win by over 80%. What are we actually going to do? There's less than a day left for the election.",RELEVANT,INFORMATION
7437252978911939886,https://www.tiktok.com/@kennyjames.co/video/7437252978911939886,Update In FBI Raid Of Polymarket CEO’s Home #Polymarket #fbi #trump #news #election #france #unitedstates ,2024-11-14T21:40:04.000Z,8004,1211,980,254,133600,111,"polymarket, fbi, trump, news, election, france, unitedstates",Kenny James,29000,False,US,polymarket 2024,polymarket,"description, hashtags, transcript",YES,"Okay, so this is a news update. We now have more information about the FBI raid yesterday. So as I reported yesterday, the FBI raided the home of the founder and CEO of Polymarket, which is an online betting and trading platform. To be very clear here, reports are saying that it was illegal for them to operate in the United States and people may have been using VPNs in order to wage bets. Now, reports are also alluding to why people felt so strongly that Donald Trump would win in order for them to wager bets in the millions. Reports are coming out that a gambler made $85 million betting on Donald Trump to win the presidency. Now, reports are also detailing information that while presidential forecasts had the race between Trump and Kamala Harris as a toss up, bets on Polymarket showed Trump favored to win, which the now president-elect boasted about on his truth social. Now, this is noted two weeks before the election. Now, getting back into the financial details, a man named Theo from France placed more than $70 million on bets that Trump would win the electoral college and that the popular vote across his 11 accounts, all of which he had unassuming names, is very concerning to authorities. The response coming from the corporate communications team at Polymarket is a little sus. Now, a spokesperson from Polymarket categorized this as political retribution by the Biden administration, and I quote, it's discouraging that the current administration would seek a last ditch effort to go after companies they deem associated with political opponents. That sounds to me like a hit dog will holler. And this is what people talk about when they talk about tech pro culture, opposed to releasing a normal corporate statement like, while we do not agree with the assessment, Polymarket strives to follow the rules and the laws and the territories that we operate in, period. So I don't know guys, I'll keep you updated when more information comes out. But as always, I would like to know what you think. Make sure to comment and share down below.",RELEVANT,INFORMATION
7612437327213808909,https://www.tiktok.com/@bet_on_alex/video/7612437327213808909,Did you bet the SOTU parlay? #polymarket #kalshi #predictionmarkets ,2026-03-01T23:45:10.000Z,65,1,3,4,1419,70,"polymarket, kalshi, predictionmarkets",bet_on_alex,9,False,US,#polymarket election,"kalshi, polymarket","description, hashtags, transcript",YES,"Forget the pundits and the polls. If you want to find out what actually happened at Trump's State of the Union, follow the money. We just saw over $17 million wagered on Trump's speech across Cali-Sheehan Polymarket. This wasn't just a speech, it was a big money parlay. If you bet the over for duration of the speech, you had a very good night. Markets priced a 78% chance the speech would break 100 minutes. Trump didn't just break it, he shattered the record. One hour and 47 minutes. That officially beats Bill Clinton's year 2000 record by almost 20 minutes. Then there were the word mention bets. Because the US men's team just took Olympic gold, hockey was an 89% favorite for a mention. Trump gave the shout out, bidders cashed out. Now let's get weird. One of the most active markets? Whether Trump would drink water. 81% said no shot. They were right, not a single sip. And for the long shot hunters, someone bet $62,000 on whether Trump would say the word discombobulator. He didn't. Sorry to that yes holder. Meanwhile, viewership tanked to 27.8 million, just like the markets predicted. For this year's State of the Union, prediction markets were the ultimate spoiler alert. Did you trade on any of these markets? Let me know in the comments.",RELEVANT,TRADING
7433562682336251178,https://www.tiktok.com/@trending_with_ty/video/7433562682336251178,Calling the election right here first! #vote #election #polymarket ,2024-11-04T22:59:48.000Z,2174,124,163,112,131000,19,"vote, election, polymarket",trending_with_ty,2727,False,US,#polymarket election,polymarket,"description, hashtags, transcript",YES,"All right, guys, less than seven hours left. I can call the election right here, right now. And we're gonna have to give it to Donald Trump. 60%, he's been marching through the polls today, according to Polymarket. I think, sorry Kamala, I think we're gonna see Trump in office tomorrow. That's my prediction.",RELEVANT,INFORMATION
7429466954194357547,https://www.tiktok.com/@worldupdatez/video/7429466954194357547,Go to Polymarket for more! #election #election2024 #currentevents #polymarket #predictions,2024-10-24T22:06:18.000Z,28,,4,1,1665,15,"election, election2024, currentevents, polymarket, predictions",World Updates 🌎,275,False,US,#polymarket election,polymarket,"description, hashtags, transcript",YES,Predicting the U.S. election just became so easy with this new app called PolyMarket. It shows real-time predictions of what people think is going to happen on live events like the election. And it has real poll numbers from over the past year and has comments from people that gives you insight on how they're going to vote. Make sure to go check it out at PolyMarket in the App Store.,RELEVANT,INFORMATION
7613094618229476639,https://www.tiktok.com/@itsreallycameron/video/7613094618229476639,Polymarket predictions ,2026-03-03T18:15:39.000Z,3,,0,0,242,29,,itsreallycameron,1861,False,US,#polymarket election,polymarket,description,YES,here are the latest senate nominations on march 2nd 2026 and there's still no sign of kevin warsh the person trump allegedly is going to nominate he put out a true social post but now his odds are all the way down to 93 if he doesn't get nominated as fed chair this will be an insane upset because i know so many people have all their money tied up and kevin warsh being and being nominated look at half a billion dollars in volume on this market alone that is crazy,RELEVANT,TRADING
7426448104817380654,https://www.tiktok.com/@jenidean/video/7426448104817380654,#greenscreen #polymarket #trump #harris,2024-10-16T18:51:38.000Z,60,2,5,40,2880,80,"greenscreen, polymarket, trump, harris",Jeni Dean,63800,False,US,#polymarket election,polymarket,"description, hashtags, transcript",YES,"I'm seeing this all over the internet. So I thought I'd post it here and ask your opinion. What do you think? Do you think this is true? You think Trump's ahead? 59.5% to 40.3% on Harris. I don't know man. That seems uh, that seems pretty crazy to me, but I think it has something to do with Betting maybe I'm not sure what poly market is. Um, yeah, I am so uninformed on this post. Trust me I just saw it a few times if you're I bring it up here to see if you guys have an opinion on it I mean, why not? That's what tick-tock is all about. I'm not the expert on this all the time I mean if I look into something I'll come on here and give my hardcore opinion on it But on this particular one, I just saw it about ten times something. Is this real? My phone is going off. Excuse me. Is this real? I have no idea if this is real or not now I'm not necessarily a Trump supporter, but I am voting for him because he's Better of the two candidates, right? He's the better president. But what are your thoughts man? Give me some comments on this Would you guys mind reposting that the heck out of this for me? I'm just curious. I'd like to get as many people's opinions and comments on here I try to read everyone on every post and man, it can be grueling sometimes I'm starting to get a little bit more of a following and a lot more comments and stuff. I love it more and more comments Man, that's what I want. So what are your thoughts on this? Let me know. Oh and Do better",RELEVANT,INFORMATION
7434330530545503519,https://www.tiktok.com/@jacksongosnell/video/7434330530545503519,@Polymarket got it right despite the polls. ,2024-11-07T00:39:39.000Z,4193,22,113,12,166800,49,,Jackson Gosnell,178800,True,US,#polymarket election,polymarket,description,YES,"Once again, the polls got it wrong. Donald Trump will be the 47th president. But the betting markets, led by Polly Market, got it right. I had posted about all of this last week. The betting markets single-handedly proved why the relevance of the polling industry has really lost credibility. The unbiased markets, where people put their money where their mouth is, is the best way of understanding the real trends and current impacts that our world is facing. Plus, it's a fun way to follow the news. It's just so interesting, because regardless of the outcome you wanted, there were many haters who doubted the betting markets in terms of the election, and much of it has come true. Look at the forecast on October 25th, and then these are some of the actual results. If you haven't already, check out Polly Market right now.",RELEVANT,INFORMATION
7617162604926061855,https://www.tiktok.com/@scripted.cinematic/video/7617162604926061855,most search person...This is straight Polymarket game... #predictionmarkets #polymarket #viralitypoly ,2026-03-14T17:21:30.000Z,46,1,2,2,1014,56,"predictionmarkets, polymarket, viralitypoly",CinematicVibe,9,False,US,#polymarket election,polymarket,"description, hashtags",YES,"October, most Googled person, Trump. September, most Googled person, Trump. August, most Googled person, Trump. July, Trump. June, Trump. May, Trump. April, Trump. March, Trump. Every single month, it has been Trump! Yo, 122K, this is a guaranteed lock on this one. Top five most searched people on Google, 2025. He was the most searched person on Google every month up until October. This is fucking free bread, bro. Why are people doing this? Are they stupid? Yo, dude, are they stupid? And then I can just cover my bet. Bro, I'm just gonna cover my bet on the other one. Bro, this is the freest dub ever. Yo, this is the freest bread ever.",RELEVANT,TRADING
7611896555318021406,https://www.tiktok.com/@prosperjuu/video/7611896555318021406,#usa #iran #polymarket #israel #war ,2026-02-28T12:46:56.000Z,74,2,3,4,1626,33,"usa, iran, polymarket, israel, war",Prosperjuu,4197,False,US,#polymarket election,polymarket,"description, hashtags, transcript",YES,we just got news that america and israel just declared war on iran and i can't be the only one that saw that in the beginning of this month someone placed a poly market bet that the u.s was going to attack iran before february ends and on the last day they do it i don't know something seems fishy to me there is no way that's not inside um betting no way like bro the rich just get richer if you are not even like you all you have to do is just ride along just ride the trend get your money get in and get out because they do not care about us we are pawns in their king chess board they do not care about us bro just get your money get out,RELEVANT,INFORMATION
7431267772937850158,https://www.tiktok.com/@realjennaryan/video/7431267772937850158,"#greenscreen Trump is doing well in the poly market polls, climbing higher every day #Ttump2023 #election2024 #electionpolls ",2024-10-29T18:34:28.000Z,6103,475,314,385,173100,59,"greenscreen, ttump2023, election2024, electionpolls",realjennaryan,48000,False,US,#polymarket election,polymarket,"description, transcript",YES,"Well, well, well, what have we here? Great polling. This is in the poly market where people are actually betting real money on who will win the presidential election. And it looks like Trump is climbing 66.9 percent to Kamala Harris, 33.2 percent. Apparently, she's having difficulty with the Hispanic vote. I'm not really sure what's causing this, but I'm trying to watch it in real time. You guys, what do you think? Do you think this poly market is going to be accurate or do you think that something's going to happen and it's all going to go the way of Harris? That's a huge question we all have and we all want to know. Do you think it's actually going to go in Trump's favor? The most important thing is that everyone get out to vote. Bring your friends. Vote, especially in the swing states, but everywhere else as well.",RELEVANT,INFORMATION
7535092193028033806,https://www.tiktok.com/@americana.syndrome/video/7535092193028033806,🚨 Polymarket just changed the game. Over $1B processed—now they’re: 🔹 Launching a stablecoin (DeFi yield + reserve profits) 🔹 Returning to the U.S. post-CFTC clearance 🔹 Offering 4% yield on 2028 election positions This isn’t politics—it’s a DeFi app outcompeting TradFi on: ⚡ Speed 💸 Yield 🌍 Adoption U.S. clarity + crypto-native rewards = massive growth runway. This is what real Web3 product-market fit looks like. #polymarket #defi #realworldassets #cryptoapps #cryptoadoption                          ,2025-08-05T13:27:06.000Z,48,1,10,4,1799,48,"polymarket, defi, realworldassets, cryptoapps, cryptoadoption",americana.crypto,9217,False,US,#polymarket election,polymarket,"description, hashtags, transcript",YES,"decentralized betting app processed over a billion dollars this year and now it's launching its own stablecoin rewarding users and returning to the United States. Here's what just changed. First, PolyMarket is launching its own stablecoin to capture yield from 8 billion in USDC and betting pools. Inspired by Circle's model, they'll internalize reserve profits and return some of it to users. Second, they're back in the United States. After a $112 million acquisition and DOJ investigations drop, PolyMarket is set for a full return to the United States. And finally, they're offering 4% annualized rewards for users holding 2028 election positions. Funded by PolyMarket's own treasury. All of this on a product that's already getting 16 million monthly visits. This is what adoption looks like. A killer app with scale, yield, and a path to U.S. compliance. If you want to know how I'm positioning based on the adoption this cycle, just comment SBS and I'll send it to you for free.",RELEVANT,TRADING
7611009341923134733,https://www.tiktok.com/@wagerwaveinc/video/7611009341923134733,Our Feb 25 @Kalshi play of the day #politics #trump #president #election #fyp ,2026-02-26T03:23:58.000Z,25,,0,2,1204,41,"politics, trump, president, election, fyp",WagerWaveInc,25700,False,US,#kalshi election,kalshi,"description, transcript",YES,"We think there's free money on this Kalshi market. We've profited over 10 units giving out these Kalshi free plays for you, and most of that strategy is trying to find irrational public opinions or overreactions to current news. And a few months ago, we told you to take Donald Trump not to be elected for a third term at around 9.5%. Now, today, it's down to 3%, but we still consider there to be significant value here. He even said, as you can see in the New York Times and The Economist, that he can't run for a third term. We'll be taking this hopefully free money, but only trade what you're willing to lose and tune in for more picks and results.",RELEVANT,TRADING
7567496600352820494,https://www.tiktok.com/@whatsnextpolitics/video/7567496600352820494,Election Day is November 4th! #politics #kalshi ,2025-10-31T21:12:13.000Z,46,1,2,2,2090,31,"politics, kalshi",What’s Next,74,False,US,#kalshi election,kalshi,"description, hashtags",YES,"Election day is Tuesday across the United States. Have you been paying attention? Here are the odds. Following Calhie's prediction market, first up we have the New York mayoral race. Following a small dip last week, Zora Mamdani is now at a 94% chance of victory over Andrew Cuomo and Curtis Leigh White. Next up is New Jersey, who will be electing a new governor. Calhie currently has Congresswoman Mickey Sherrill extending her lead with an 84% chance of winning the race. And finally, Virginia's electing a new governor right now and it's not close at all. Calhie's prediction market has Democrat Abigail Spanberg at a 94% chance of winning.",RELEVANT,INFORMATION
7556236454448450847,https://www.tiktok.com/@locksylocks/video/7556236454448450847,president parlay #kalshi ,2025-10-01T12:57:08.000Z,19,2,2,3,1274,5,kalshi,locksy🔒,1308,False,US,#kalshi election,kalshi,"description, hashtags",YES,Maron Trump has been re-elected as the 50th President of the United States.,RELEVANT,INFORMATION
7618286028390010142,https://www.tiktok.com/@ruinvests/video/7618286028390010142,"Kalshi, is it the hottest new way to invest? Or just another gambling platform? Well… 🥴 here’s the truth #gambling #kalshi #investing",2026-03-17T18:00:53.000Z,4,1,1,0,284,79,"kalshi, investing",Invest With Ru,17900,False,US,#kalshi election,kalshi,"description, hashtags, transcript",YES,"There's a new investing platform blowing up right now. Kalshi. Kalshi, kalshi, kalshi. But let's be honest, Kalshi is basically gambling. Kalshi lets you bet money on whether something will or will not happen. So it's not putting money into stocks or companies and looking at cash flows revenues. You're just betting on events. Things like, will inflation go above a certain number? Will a political party win the election? Will a team win the Super Bowl? Will my poop be solid or am I gonna have diarrhea tomorrow? You're literally betting yes or no on real life things. And the CEO says this isn't gambling. He says prediction markets make society smarter, it makes things better, because when people put money on the line, they stop lying. But I don't think that's true, because when you're betting on sports or politics or world events with your hard earned money, you're just sports betting with extra steps. And sports betting is gambling. And the wildest part is that Kalshi is now worth about $11 billion, and people are trading over $1 billion on the platform every week. And I can only imagine what it's doing to people's mental health. And the real question we should be asking isn't, is kalshi gambling or not? It should be, why is gambling suddenly being called investing",RELEVANT,TRADING
7618318784859753742,https://www.tiktok.com/@markus.markets/video/7618318784859753742,"My FULL explanation on kalshi vs polymarket. Which is better for what strategy, which has better fees, differences in markets, as well as what strategies fit which platforms. Watch this video and you’ll 100% understand the differences, pros, and cons between kalshi and polymarket… #polymarket #kalshi #kalshivspolymarket #predictionmarkets #polymarketus ",2026-03-17T20:07:56.000Z,45,1,19,0,1070,626,"polymarket, kalshi, kalshivspolymarket, predictionmarkets, polymarketus",Markus.markets,6225,False,US,#kalshi election,"kalshi, polymarket","description, hashtags, transcript",YES,"Alright boys, no long intro. You want to know the differences between kalshi and polymarket? That's exactly what this video is going to explain. The pros and cons of using each platform. Which situation should you use one platform over the other? I'm gonna go over everything right here in this video. And if you're wondering why, you should listen to me. My name is Marcus. I made over $600,000 on these two platforms in just a little bit over a year. So I don't wanna glaze myself too hard, but I know what I'm talking about. Let's get right into the differences between these two platforms. So first, I'm gonna go over the big differences. The big differences are how you can get money in and out of the platforms, how they're regulated in different regions, and which ones are situationally better depending on what your strategy is. So first, Kalshi is a CFT regulated exchange, meaning you can use your bank account, you can use your debit card, and just take money just like you're venmoing a friend, and send it from your bank account to Kalshi. Now, Poly Market is a completely crypto based platform. Sure, you can deposit with your credit card, you can sign up with your Paypal, but that's just gonna turn into crypto, which then gets deposited into a crypto based platform. So Poloniex uses crypto, Kalshi uses traditional banking. Now, the pros and cons of both of those is that Kalshi is Regulated in the US especially. So if they take your money or they don't let you withdraw, you can legally go sue them and you have legal rights to get your money back. Now, not that I've ever seen this issue with Poly Market. No one's ever had this issue that I've seen. But you technically have no protections anytime you deposit your money into Poly Market. Now, in the same way, Poly Market has the advantage of being crypto based because I can deposit $100,000 or withdraw $100,000 in 60 seconds or less, where with Kalshi there's gonna be a lot more fees associated, or it could take one to three days to get any money in or out. And that kind of leads me into my next point, which is the legal status of both platforms. Now, this is going to change depending on what country you are in, what region you're in. So you need to do your own research on this. But I think the biggest one is that ploy market is not technically legal in the United States, and Kalshi is fully legal and certified in the United States. Now, I don't recommend that you be a naughty boy and do this, but many, many people in the United States will still access Poly Market by using a VPN. But this is technically a violation of their terms of service. I haven't heard of anyone actually getting in trouble or getting funds frozen for this, but do your Own research and make your own decisions if you're going to try to use Point Market in the United States right now, they do have an app that you can use, but it's actually only sports. So it's not the full suite of every single position in every single market. It's only sports. So it's basically just a sports gambling app that you can get on a waitlist on. So, again, kind of going off the legality and how each of the two different platforms are structured, how she requires you to have KYC verification, which stands for know your customer, meaning in order to stay compliant with US laws, anti money laundering, tax code, stuff like that, they require you many times to put in your driver's license, Social Security number, your address, all that sort of information that they can use to then report to the government. On the flip side of things, because Poly Market is purely crypto based, they do not require any KYC. You don't have to put in your social, you don't have to put in your driver's license. But again, depending on what country or region you're in, this can be a great area. So you need to do your own research and you need to be more responsible in terms of reporting your income, reporting your earnings and that sort of thing. Again, this is definitely not financial advice or legal advice on which platform you should use. I'm just breaking them down. Factually, and how each of the platforms work. Now, the next thing that I want to get into is probably the most important for actual professional traders, and that is fees associated with the two different platforms. And the big takeaway here, I can explain it in a lot of detail or a little bit of detail, but the big takeaway here is Kalshi has significantly more trading fees. Now, ploy market has always been better on fees. They used to have almost no fees on platform and they're slowly introducing fee. He's on take your fees. But really the best thing that you can do in terms of comparing both platforms is just to compare both platforms. If you're looking at a position on Kalshi, go look at it on polymarket, look at the fees that they're taking and see how that affects the payout that you get on the position that you're taking. And then one more pro that polymarket has is they do offer incentives. So in the same way that they offer fees for people who are doing market orders and taking liquidity out, they offer fee incentives for maker markets and people who are staking positions on the platform. Now, this next comparison is situational, but this is also going to be incredibly important depending on what your strategy is on prediction markets. And again, I'm explaining this in the most simple way possible, but here we go. The main category that's going to be Better to use on Kalshi, it's going to be sports. Almost everything else is going to be better on a poly market, whether that be politics, mention markets, crypto 5 minute up or down, crypto 15 minute up or down. All of these type of things are going to be better on poly market in terms of fees, in terms of total volume, Kalshi has really tried to compete with sports betting platforms like Fanduel and Draft Kings. So they've really marketed and done all their ads to sports gamblers. I kind of made an estimated chart showing the different volume and liquidity between both platforms. So in terms of politics and really anything else, point market is going to usually have three to five times as much volume as Kalshi. And the only market where Kalshi has an edge, but it's a significant edge, is going to be sports. They almost have five to seven times more volume on Kalshi than they do on Poly market. Now, if you're a serious prediction market trader, you probably shouldn't even be taking sports positions in the first place unless you're doing some really serious strategy. With live betting. You have people in games or in person at the game, but that's kind of for a separate video. So kind of the big takeaway here is unless you're only doing sports, polymarket is going to be a better platform with more volume, with more liquidity and more action on any Position that you're looking to take. I'm not gonna explain too much why more volume is better, but just take my word for it. More volume is going to be better for your strategy. And make it so you lose less money on juice. Kind of already went over these deposit methods here, but let's get into platform reliability. And in terms of these websites crashing, in terms of these websites glitching, in terms of these websites not letting you cash out on your positions, both of them are absolutely terrible. If you take prediction market seriously, over the course of the next few months, I guarantee that you will lose money, that you will miss out on a trade because one of these platforms glitched on you. Especially if you're being a naughty boy and you're using a VPN on Poly Market. That increases the chances of the website not refreshing properly, of it not canceling a limit order that you have. There's not really one platform that is way more consistent and never gonna crash on you, but there's issues across both platforms. This isn't really a good deciding factor on which platform to use, but that could change in the future. Now, this is something else that I want to talk about real quick before we get to the end of the video, where I kind of go over the final pros and cons. And this is kind of explaining a good rule of thumb that you Should be using if you're comparing both platforms and how you can even look for arbitrage opportunities between the two different platforms. Let's say on a politics market, it says Marco Rubio is going to be the 2028 presidential nominee. And there is a yes on poly market at 42 cents for him to be the nominee. And there was a no on Kalshi at 55 cents for him to be the nominee. The combined cost is less than a dollar. This is what you call arbitrage. This strategy has been around for a long time, since the early sports gambling days. But this is a way that you can mathematically guarantee a profit by taking advantage of two separate platforms having two different price lines. there's a little bit of fees on polymarket, there's a little bit of fees on Kalshi. So you wanna make sure that you're still going to be profiting even after all the fees. But this is definitely something that I wanna go more in depth on and make a video on, because especially for beginners, having a way to guarantee a profit is so big for growing your starting trading volume. So if you wanna see that video, go check out my page. It might already be posted. Subscribe so you don't miss it when I do post it. It's kind of more situational again what I have here. But edge matters in terms of prediction markets. So how can you decide Whether you want to use kalshi or player market, a lot of times it's like, hey, maybe these people, these insiders already hammered this line on kalshi, but there's still an opportunity to get good value on polymarket or vice versa. But for example, when Trump dropped a big over there in that one place, maybe the opportunity to make money and snipe a position on poly market goes away, but there's still, you know, 7 8% of value over on Kalshi. That is when you should be looking at the two platforms and comparing the two. That is probably the number one example of when you're gonna be looking at the two different platforms and using both simultaneously. Literally just based off of which platform is going to give you a bigger payout. So let's hit the TL DR. Let's look at the final comparison between Kalshi and polymarket. And again, I'm not 100% recommending that you use one platform or the other. Do your own research. Figure out what laws you have to follow, what makes most sense for your strategy. Let's get into the pros on each platform. Polymarket. Pros if there's more markets that you can access to and more volume in every other market except for sports. It says higher political volume, but that's higher volume in everything but Sports. Pro is that it's crypto based. If you don't think this is a pro, I guess you could say that this is a con. But This is, in my opinion, an absolute benefit because you get faster withdrawals, faster deposits, everything super quick and easy with no fees. And then again, obviously, in terms of actually trading in your positions, there's significantly less fees than Kalshi. Now, in terms of cattle you post, it's fully legal in the United States, so you can feel good about this. Your account is going to understand it. They're going to send you all the proper documentation and forms. It uses traditional banking, and there is stronger sports liquidity. Even though we talked about if this, is that really a pro or not? Because do pro traders really trade on sports? Not really, but if you're interested in sports, Kalshi is definitely the better platform. And this is the final pro that I want to get into about Kalshi, and that is APY for position holdings. And this is something that polymarket does not offer. A lot of times there could be something that could be 10 months out or a year out. But the position is priced at ￠95. So it doesn't really make sense to lock up, you know, $1,000 to only make $50 over the course of the year. You're better off just depositing your money into a high yield savings account or money market account, and you can get five and a/2 or 6% with no risk. But on Kalshi, they offer anywhere from 3.5 to 4% APY on your holdings. So you can combine that return that You get of that 95 cent share that will resolve in a year, as well as the three and a half to 4% of APY that you get from holding that position for a year as well. So it's closer to 8 or 9%. Now, Kalshi's APY has changed a lot, so you should look into what it currently is at. This is definitely one of the most significant pros about Kalshi over polymarket. But again, this is very situational. If you're not taking super far out, super high price positions, this isn't really that much of a pro. And then we almost kind of went over this between the pros of two platforms. But the cons and poly market is it's not officially available in the United States. And between it not being available in the United States and there's a crypto learning curve, it's not as intuitive as just, you know, putting in your debit card, depositing money. And then the kalshi cons is there's more personal information that they require from you. Again, with that K Y C. A lot of times, your driver's license, your passport, your Social Security number. And then again, probably the biggest one is that there are significantly higher trading fees across all markets. Again, this is something that could change in the future, but this probably won't change. Just keep up to date on how the fees are looking between both platforms. This is kind of the big overview between the two platforms. I hope this video is helpful to you guys. If you have any questions, drop them down in the comments below. All I do on this page is post free educational videos that are going to help you become better on prediction market platforms. So that sounds valuable to you. Make sure to subscribe! I also go live almost every single day at 10 a. M. Going over what positions I'm taking for the day or if there's any sort of insider information that was leaked. you definitely want to subscribe so you can get on those live streams. Alright, sounds good boys. I'll see you in the next video.",RELEVANT,TRADING
7602631139165015317,https://www.tiktok.com/@seantrades09/video/7602631139165015317,fuck a 9-5 i’m copying Trump’s son’s kalshi bets 😭😭 #kalshi #Kalshi4992,2026-02-03T13:31:49.000Z,10,1,1,0,840,5,"kalshi, Kalshi4992",Sean Trades,0,False,CA,#kalshi election,kalshi,"description, hashtags",YES,We got you! We got you!,RELEVANT,TRADING
7430562134074936618,https://www.tiktok.com/@casinoqueenvegas/video/7430562134074936618,@Kalshi Exchange ,2024-10-27T20:56:09.000Z,6,,1,0,1305,12,,Casinoqueen,3279,False,US,#kalshi election,kalshi,description,YES,Donald Trump is coming in with a whopping 61% chance of winning the presidential election. Do you think Kamala can make a comeback? You can wager on the election live on CalShe. Go make yourself some money.,RELEVANT,TRADING
7602704917538688286,https://www.tiktok.com/@ryanjpapi8/video/7602704917538688286,This is WILD😭 #fypシ゚viral #kalshi #trending #trump ,2026-02-03T18:18:36.000Z,36,1,9,3,753,50,"fypシ゚viral, kalshi, trending, trump",ryanjpapi8,31700,False,US,#kalshi election,kalshi,"description, hashtags",YES,"There is now a 67% chance Trump will get impeached. With the government being shut down, all these ICE raids happening, people getting mad, what do you guys think is gonna happen? You guys let me know in the comments, because a lot of people are extremely unhappy about what's going on in the country. You guys remember last year what happened. Our government got shut down for a long ass time and nobody thought it was coming. People are saying 4 days, maybe 5 days, maybe over a week. It's all on CalSheet, it's like this app where you can predict things, it's pretty cool. There's even guys on Twitter talking about how they're hella sick, but they're making 210k in a month. Just by literally trading on CalSheet. Like isn't that crazy? But yeah, if you're one of those people that loves to argue or you really believe in your opinion, CalSheet is gonna be for you. It's where you can basically bring your opinions and make money off of it. And the good news for you is, I linked it in my bio, you'll get a free $10 on a $10 deposit. Have a great day.",RELEVANT,TRADING
7572032968227556622,https://www.tiktok.com/@wagerwaveinc/video/7572032968227556622,@Kalshi #aoc #politics #prediction #election #president ,2025-11-13T02:35:32.000Z,19,1,6,0,1746,32,"aoc, politics, prediction, election, president",WagerWaveInc,25700,False,US,#kalshi election,kalshi,description,YES,"Week three of tracking our CalStreet portfolio and adding a pick every single day. Today we're saying no to AOC running for Senate in 2028 because we think she's going to run for president. There's some rumors spreading around, not too much as Newsom's another big name getting tossed around, but we got this at 50-50 odds, so thought we would take a chance and might sell if some positive news comes out boosting our portfolio value. Quick recap, we're round even so far, but tune in to see how the results progress.",RELEVANT,TRADING
7615379920411168031,https://www.tiktok.com/@davejorgenson/video/7615379920411168031,"Is there going to be a draft? Are federal employees making money off of prediction markets? Did Iran bomb its own school? Are military leaders hoping for the rapture? It’s Misinformation Monday and I’m covering everything to do with Iran. Here’s more on prediction markets: Prediction markets, led by Kalshi and its chief competitor, Polymarket, are in the midst of an all-out sprint to turn almost every happening—from the world-moving to the mundane—into an online bet that can be won or lost.  Their surging popularity has sparked waves of concern over allegations of insider trading—and how speculators have hit it big on macabre wagers over war, death and crime.  Crypto-analytics firm Bubblemaps identified what it called “six suspected insiders” who made $1.2 million wagering that the U.S. would strike Iran last month. On Thursday, two Democratic senators, Amy Klobuchar and Jeff Merkley, introduced legislation to restrict federal officials from trading on prediction markets. Proponents say the markets don’t count as gambling, and that they harness the wisdom of crowds to accurately predict future events. Polymarket and Kalshi have recruited allies in high places, including Donald Trump Jr., who is an adviser to Kalshi and an investor in Polymarket.  As they attempt to build market share, both Kalshi and Polymarket have aimed marketing at an eager group of users that isn’t known for financial discretion: college students. Caption from article by Katherine Long, Kevin T. Dugan, Dana Mattioli and Angel Au-Yeung, Wall Street Journal.",2026-03-09T22:03:42.000Z,98100,4242,6545,312,440800,171,,Dave Jorgenson 🕺,292400,True,US,#predictionmarkets,"kalshi, polymarket","description, transcript",YES,"It's Misinformation Monday, Iran edition. That felt weird. Hey, is it true that I'm gonna be drafted? Okay, let's get started. I saw a Facebook post that said Congress just passed legislation that there's gonna be a draft and I'm gonna be drafted. That article was misleading. Back in 2024, before Trump was even elected president, Congress passed a law that automatically registered men aged 18 to 26 for the draft. Great, so now Biden is sending me to war too. No, you already had to register for the draft. This just made it automatic. There hasn't been a draft for over 50 years. So there's no draft. Not yet, but this weekend, Trump's press secretary didn't rule that out. Mothers out there are worried that we're gonna have a draft. It's not part of the current plan right now, but the president, again, wisely keeps his options on the table. That didn't really make me feel better. Is it true that Iran bombed its own elementary school, killing 165 people, most of them kids? There's actually mounting evidence that it was the U.S. who bombed the school. Well, how can you be so sure? What are you, some kind of woke, lib, politically correct guy? The school was bombed by a U.S. Tomahawk missile, which only the U.S. is known to possess. And it was near a naval base, and the U.S. has been targeting Iran naval bases. Is it true that our own military commanders said that the war in Iran is part of God's divine plan to usher in the return of Jesus Christ? A nonprofit organization called Military Religious Freedom Foundation wrote that 200 troops had complained about commanders saying the invasion in Iran would bring about the rapture. Jesus Christ. Shh, you could be listening. But so far, there haven't been any secondary sources to support this claim. All of these initial write-ups are just citing that initial source. So it hasn't been disproven, but it hasn't been proven either. I don't know if that makes me feel better. Okay, next thing. Did people really make money by betting on an Iran invasion? Yes, six people alone made $1.2 million collectively. Wow. Those six people have been identified as insiders who knew that the invasion was about to happen. And that's not illegal? No, but two Democratic senators are trying to make it illegal within the government. It's not illegal in our government? Not yet. How is that possible? Donald Trump Jr. is an advisor for Koshy and an investor in Polymarket. Oh. It's very likely that federal officials are making a ton of money off of these prediction markets. Well, how does it work? Do you just bet on stuff you think is gonna happen? Yeah, and it's really hard to regulate. Plus, these prediction market companies are specifically targeting younger people who can't manage their money well. I also have a younger audience, which is probably why these companies have approached us in the past asking if we'd like to advertise. But it's on our list of companies that we don't advertise with. Can you explain a little bit more about how prediction markets work? Okay, so as an example, Jeff Bezos' stepson very likely had inside information that his stepfather would not be attending the Super Bowl. Soon enough, many of his fraternity brothers were making that bet and news spread quickly. Because there was this sudden influx of people betting against his attendance, the odds changed and so did their payout, but they all still made a ton of money. What are you doing? I bet him you would bring up Jeff Bezos in one of your five videos this week. I would.",RELEVANT,INFORMATION
7579106322591862029,https://www.tiktok.com/@khaospunk999/video/7579106322591862029,#kalshi #polymarket ,2025-12-02T04:03:53.000Z,78,1,13,4,1563,59,"kalshi, polymarket",KhaosPunk,5047,False,US,#predictionmarkets,"kalshi, polymarket","description, hashtags, transcript",YES,"The next future wave of millionaires will be people who know the future. And when I say know the future, I mean this in like a prediction market sense. I don't know if you guys are familiar with sites like Cowshe now, but this is not a promotion for them, but it's literally a site or poly market where you can literally predict on what's going to happen next. There are many smart people out here. There are many people that are, that's where they're psychic and can foresee things and they understand patterns. Okay. The next wave of future millionaires will be people who have accurate predictions on anything from cultural events. And this is bigger than like sports betting or, you know, knowing who the next president is going to be the governor of New York. That was a big one on poly market. There are already people out here with 10,000 predictions that have made a million dollars off of just predicting things that that's going to happen next. I think we're living in a very pristine and a very crazy time period, 2025, where you can become a millionaire tomorrow. In history, nobody's ever been able to have the wealth of a King overnight.",RELEVANT,TRADING
7570104532575800607,https://www.tiktok.com/@burbforecasts/video/7570104532575800607,why prediction markets are accurate #fyp #foryou #predictionmarkets #polymarket #trading ,2025-11-07T21:52:09.000Z,413,36,104,8,11900,52,"fyp, foryou, predictionmarkets, polymarket, trading",burb,74,False,US,#predictionmarkets,polymarket,"description, hashtags",YES,"How does the production market even know the odds of something happening? And the answer is, it doesn't. You do. Here's how it actually works. Take a look at this market. Will Trump visit North Korea in 2025? Right now, it's trading at 5 cents. That means, based on the people betting, the market thinks there's a 5% chance it happens. But it's not a poll. That price comes from actual money being traded in real time. If I think the odds are way higher, say 50%, I can buy yes shares. If a bunch of people do that, the market moves. And if I'm wrong, I lose money. So people only really push the price when they're confident they know something everyone else doesn't. And that's what makes production markets so wild. The odds are a live scoreboard of what the internet actually believes, weighted by risk. Not just what people say, but what they're willing to bet on. Not only that, these markets are often more accurate than polls. Because if you're not confident enough to risk losing cash, your opinion doesn't move the market. Only the people with real conviction and skin in the game actually shift the odds. Tomorrow, I'm breaking down why the price isn't just an average of everyone's opinion. It's who bets the hardest. Stay tuned and follow for more.",RELEVANT,INFORMATION
7561091093736000823,https://www.tiktok.com/@ericnomics/video/7561091093736000823,"Wall Street just poured billions into one of the most unconventional ways to make money, prediction markets. Intercontinental Exchange (ICE) the same parent company behind the New York Stock Exchange just invested $2 billion into Polymarket, valuing it at $9 billion. @polymarket lets users bet on everything from elections to sports to how many times Elon tweets. It’s degenerate, data-driven, and shockingly accurate often predicting outcomes before traditional media does. So why would Wall Street care? ICE isn’t gambling it’s buying data. The firm plans to package Polymarket’s event-driven insights, probabilities, odds, and sentiment indicators — and sell them to hedge funds, institutions, and market makers looking for an edge. When real money’s on the line, opinions get honest and that makes this data gold. As always, be responsible and don’t risk what you’re not willing to lose.",2025-10-14T14:55:18.000Z,51,40,8,2,2132,89,,Eric | Personal Finance,94600,False,US,#electionodds,polymarket,"description, transcript",YES,"This is one of the most unconventional ways to make money, and it's through prediction markets, which used to be illegal in the US. Now Wall Street is pouring billions backing it. So here's why you wanna pay attention. Intercontinental Exchange, otherwise known as ICE, a different kind of ICE, just invested $2 billion into PolyMarket, giving them a $9 billion valuation. PolyMarket is the largest prediction market exchange, allowing users to bet on everything from presidential elections, sports to how many times Elon tweets. Probably the most degenerate platform out there that I personally love throwing money into. PolyMarket has often provided more accurate data than most traditional reports or metrics, just like how it accurately predicted the presidential outcome before official mainstream media called it. So what business does the world famous New York Stock Exchange have with a gambling platform? Well, ICE is in the business of data, and they're going to act as the global distributor of event-driven data generated by PolyMarket. So what does this mean? In practical terms, ICE will package and provide the data to institutional clients. Some of these data are probabilities, odds, and sentiment indicators, which are all extremely valuable for people looking to gain an edge like hedge funds and market makers. I absolutely love prediction markets like PolyMarket because one, I may or may not like gambling, and two, it gives people real skin in the game. When money's on the line, people's opinions get suddenly a lot more honest. And quite frankly, I'm just tired of the endless debating, and I say put money on the line because talk is cheap. And as always, be responsible and don't risk what you're not willing to lose.",RELEVANT,TRADING
7582475651739929886,https://www.tiktok.com/@i.owe.jules/video/7582475651739929886,HUGE Betting scam with the Kalshi App! This is how you get paid 💰 #classactionlawsuit #gambling #kalshi #sportsbetting ,2025-12-11T05:58:53.000Z,1372,185,315,53,80500,60,"classactionlawsuit, kalshi",Jules,312,False,US,#electionbetting,kalshi,"description, hashtags, transcript",YES,"They're literally letting people bet on elections, natural disasters, even inflation. And now that betting app Kalashi, yeah, it's being sued. Kalshi is this app that markets itself as a prediction market, but let's be honest, it's just gambling for the finance bros. And supposedly, it's not supposed to feel like a real sports betting app, but in my eyes, if it walks like a duck, looks like a duck, quacks like a duck, in this scenario, bets like a duck, then it's a duck. So, Kalshi is now in a serious class action lawsuit for violating gambling laws by targeting vulnerable users and disguising high risk betting as financial predictions. It's predatory, it's manipulative, and people are already reporting huge losses, thinking they were investing, in reality, they were really gambling. If you've ever used Kalshi or placed a bet with them, you might be eligible for a payout, possibly in the thousands. And I'm tracking this lawsuit through the SettleMate app, so as soon as it opens up, I'll be able to update you guys. Be sure to save this post so you don't forget to file for this and share this with someone who uses Kalshi to gamble and follow for more class action lawsuits.",RELEVANT,INFORMATION
7617848759145352470,https://www.tiktok.com/@elmartdesign/video/7617848759145352470,"Why did traditional polls FAIL to predict the 2024 election results? 🗳️📉 In this episode of Deep Dives, we go beyond the headlines to explore why decentralized prediction markets like Polymarket are becoming the new ""Oracle of Reality."" We’re breaking down: ✅ The psychological failure of traditional polling vs. the power of putting real money on the line. ✅ How Smart Contracts, Polygon, and Oracles are replacing legacy data gathering. ✅ The AI revolution: How LLM-based agents are now trading crypto and shaping market trends. ✅ The regulatory showdown: Polymarket vs. the CFTC and the future of decentralized finance. Is this the future of how we process information and forecast global events? 🌍 🎧 Listen to the full deep dive here: https://www.spreaker.com/episode/79-crypto-betting-power-is-polymarket-the-new-oracle-of-reality--68932208 Don’t forget to follow for more insights into the intersection of Crypto, AI, and Macro-Finance. 🚀 #Polymarket #CryptoNews #PredictionMarkets #AITrading #USPolitics #DeFi #Podcast #DeepDive #FutureOfFinance #TechNews",2026-03-16T13:43:56.000Z,0,,0,0,244,53,,elmartdesign,2,False,IT,polymarket election,polymarket,description,YES,"the predictive failure of 2024, it really highlights a critical psychological distinction that traditional surveys just routinely miss. Polling methods are, I mean, they're fundamentally designed to capture preference or intention. They ask, who do you intend to vote for? Or, you know, what is your opinion on this candidate? So, the polls are capturing the want. They capture what the voter would prefer to see happen in the world. But a voter's intention or their desire, it isn't necessarily linked to their actual hardened belief about the reality of the outcome. A voter might, you know, intensely dislike a candidate, but based on local sentiment, campaign momentum, or just trends they're observing, they might be extremely certain that candidate is going to win anyway. And that conviction, the objective forecast, regardless of personal feeling, that's the information that traditional polling just...",RELEVANT,INFORMATION
7426956782053985569,https://www.tiktok.com/@electrictimenews/video/7426956782053985569,Part 3 Trump Odds SURGE 20% In The PERFECT Moment (2024 Election Forecast)#2024 #election #breakingnews #news #politics #democracy #trump #harris #trump2024 #fyp ,2024-10-18T03:47:08.000Z,99,1,5,8,9369,179,"2024, election, breakingnews, news, politics, democracy, trump, harris, trump2024, fyp",Electric Time News,45600,False,US,trump odds,polymarket,transcript,YES,"For Harris lead. She is behind in every other one. However, her lead isn't going to last very long. Trump is probably going to take over in the next few days. The three most recent polls show a tie, but polling in Wisconsin has been known to be incredibly inaccurate in terms of overestimating democratic support. I would. In 2016, Hillary Clinton was on track to win Wisconsin by six points based on the polling. Spoiler alert she lost the state entirely in 2020. Biden was supposed to win by 6.3. He won it by just 0.6 and so Harris may technically have a lead. Nobody thinks she is actually winning. That is why Wisconsin flipped in favor of Trump on Poly market and so on our map it is going to be tilt Republican in Michigan. I have an even more interesting graph to show you guys. I mean, just look at how far Harris has fallen. She went from nearly a 70% chance, that's more than 2 and three odds, down to just 46. Trump also took the lead in Michigan for the first time in over two months just a few days ago. He's become the clear favorite and what has been the most Liberal of all the swing states, none of the battlegrounds voted for Biden by a larger margin than Michigan, which voted blue by nearly a three point margin in the 2020 election. Looking at the polling average, Trump leads by a whopping 1% And yes, that is significant. I mean, just look at 2016. Clinton was supposed to win the state by 11.4. It was not even supposed to be close. In the end, she lost Michigan entirely. Joe Biden also heavily underperformed expectations in 2020. Looking at the graph, Michigan. It was supposed to go to Harris for basically all of August and September going into early October. But Trump is now the favorite. The betting markets are reflecting that. And if Trump wins Michigan, it is absolutely game over for Kamala Harris. The state is also going to be tilt red on our map with Trump at a slight advantage. And then in Pennsylvania, if Trump could win here, the election is basically over. Trump doesn't need Michigan, he doesn't need Wisconsin or Nevada. All he really needs is Pennsylvania. And looking at the odds, he is the favorite with a 56% chance of winning. He's been ahead basically since the beginning of the month, taking the lead away from Harris, who was the favorite throughout most of September. And looking at the polls, things again don't get any better for the vice president. Trump leads by 0.3% and is ahead in the vast majority of surveys conducted over the last three weeks. If we look at how the average has changed over the last few months, yes. Trump was ahead by quite a bit when Harris first enter the race, but the election in Pennsylvania has always been competitive. Even When Joe Biden was still in the race. But considering just how much Trump has been underestimated here in the past, with him now leading in the polls, it is extremely likely that he is going to win Pennsylvania. And based on the betting market, it is currently a lean Republican state. Moving down to the southeast, we're going to begin.",RELEVANT,INFORMATION
7614190679601745165,https://www.tiktok.com/@itsreallycameron/video/7614190679601745165,Judy Shelton on Polymarket ,2026-03-06T17:08:51.000Z,5,,0,0,371,22,,itsreallycameron,1861,False,US,#polymarket election,polymarket,"description, transcript",YES,"Okay, we know Kevin Walsh was nominated for the Fed Chair from Trump on True Social a long time ago, and yesterday he was formally nominated, sent to the Senate. Here's Kevin Walsh. But now there's a poly market for if he will be confirmed, and look at this, Judy Shelton's at 3% still. Still, still at 3%. At this point, this is just like a joke. I don't even understand it.",RELEVANT,INFORMATION
7597566855728893197,https://www.tiktok.com/@itsreallycameron/video/7597566855728893197,These predictions are getting out of hand 😭 #polymarket #kalshi #daytrade,2026-01-20T22:00:11.000Z,392,27,22,7,25600,18,"polymarket, kalshi, daytrade",itsreallycameron,1861,False,US,#polymarket election,"kalshi, polymarket","description, hashtags",YES,"Free money? Will Trump say gay in January? Obviously not. $10,000, free money. Overwhelming enthusiasm that I am declaring that anyone who protests or interferes with ICE and their operations is officially gay. No! No!",RELEVANT,TRADING
7617914668853497102,https://www.tiktok.com/@polymrpxztp/video/7617914668853497102,He could win $430k 💀#viralitypoly #tjr #trading #polymarket #trump ,2026-03-16T17:59:48.000Z,28,,0,0,940,16,"viralitypoly, tjr, trading, polymarket, trump",polymrpxztp,7,False,US,#polymarket election,polymarket,"description, hashtags",YES,"Connor Senna is the number one top holder with $170,000 on Donald Trump out as president by March 31st. Now you might be wondering, why would I do this? Because bro, you win 429,000 dollar w",RELEVANT,TRADING
7616771403181755662,https://www.tiktok.com/@markus.markets/video/7616771403181755662,Prediction market dilemma SOLVED #polymarket #kalshi #polymarket #kalshitrading #polymarketstrategy ,2026-03-13T16:03:42.000Z,71,,20,5,1864,41,"polymarket, kalshi, polymarket, kalshitrading, polymarketstrategy",Markus.markets,6226,False,US,#polymarket election,"kalshi, polymarket","description, hashtags, transcript",YES,"If you're trying to figure out if making money on polymarket and kalshi when Trump goes and bombs another country, or if there's a recession or the price of diapers goes up, maybe don't think so hard about is this super ethical or not and just focus on making a few hundred thousand dollars and figuring out if it was ethical later. Then if you decide that it was unethical to make all that money on people suffering war politics, then donate all of that money to charity, it's a win win situation. Making money on cash and poly market has literally never been easier. Figure it out now, make the money now and figure out if you want to donate it later or just be rich and buy a mansion. I'm joking a little bit, but my name is Marcus. All I do is post free prediction market content right here on this page. So if you want to see more videos from me and you want to become good on these platforms, hit my page with a follow.",RELEVANT,TRADING
7615523487561583885,https://www.tiktok.com/@colepredicts/video/7615523487561583885,This Polymarket glitch is crazy work #predictionmarkets #polymarket #kalshi ,2026-03-10T07:22:01.000Z,464,32,334,15,13400,27,"predictionmarkets, polymarket, kalshi",colepredicts,883,False,US,#polymarket election,"kalshi, polymarket","description, hashtags, transcript",YES,"Bro, how is this even legal? You got a polymarket, you find one of these different categories, for example, bitcoin up, down or something on iran and US. You go to this site right here. Then you claim access to the bot and you see all of the whales on polymarket and exactly what trades they're placing, exactly when they're placing them. Go back to polymarket, you find those trades, you place them. Easy money.",RELEVANT,TRADING
7578220403781356814,https://www.tiktok.com/@cameronkasky/video/7578220403781356814,DONATE at kaskyforcongress.com #YesWeCam ,2025-11-29T18:46:13.000Z,841,16,44,30,12500,30,yeswecam,cameronkasky,13400,False,US,#kalshi election,kalshi,transcript,YES,"People are betting that I'm going to win my congressional race on Kalshi or whatever the fuck it's called. And I have a very simple message. Don't bet. Donate. At caskeyforcongress.com. I am a human being, not a racehorse. And we can win this race and send a message all across the country that human rights is going to win, that woke is back, we're all going to be woke again. And that's a great thing. That's a beautiful thing. It's just a very expensive process. I'm going up against people with a lot of money. Donate now at caskeyforcongress.com. And don't do the sports betting, all right? That's not good for you. Thanks so much.",RELEVANT,INFORMATION
7538851497623211295,https://www.tiktok.com/@market_maven777/video/7538851497623211295,Have you guys seen this app??! #makemoneyfromyourphone #makemoneyfromhome #kalshi #financialindependence #sidehustle ,2025-08-15T16:34:17.000Z,18,13,7,4,1867,70,"makemoneyfromyourphone, makemoneyfromhome, kalshi, financialindependence, sidehustle",Market Maven | Money Mentor,31100,False,US,#kalshi election,kalshi,"description, hashtags, transcript",YES,"heard of this app called Kalshi? Apparently you can go in there and place a bet on almost anything. It's like politics, real-world news, crypto, financial like stock market, pop star news about Taylor Swift, the president's decisions on certain things, will the Fed rates get cut, all these different things that you know and most of it's like a yes or no, this or that type of bet and you can see the percents that they're leaning towards. I mean how many have voted for each side and then it tells you the amounts that you would make if you're right. I'm not big into gambling but I did see some things on there that I feel pretty confident in that I would feel comfortable waging a bet on. So like Fed rates getting cut in September, I think yes. Will Bitcoin hit 125 this year? I think so. We already hit 123 this week so I'm not working with them to make this advertisement. I just legit found it and thought it was very interesting and I'm always about ways to make money and side hustles even though this is more of a gamble. I thought I'd share.",RELEVANT,TRADING
7531860880254848269,https://www.tiktok.com/@whatsnextpolitics/video/7531860880254848269,What’s their next move going to be? #kalshi #politics #maga ,2025-07-27T20:27:27.000Z,48,,3,2,934,40,"kalshi, politics, maga",What’s Next,74,False,US,#kalshi election,kalshi,"description, hashtags",YES,"The chances of the Epstein files being released have reached an all-time high, and that's not my opinion. Cal State's prediction market is showing a 60% chance that previously unreleased files are made public by the Trump administration, and that's up from a 13% chance two weeks ago. Now the big question is, what exactly will they release? It's been reported that Trump's name is in the files, meaning that it's highly unlikely that the entirety of the files get released. However, if the Trump administration does not make some relevant information public soon, they could continue to face backlash from their own base. Now Congress is going to be in recess for the month of August, so if Donald Trump can't find something to release soon, Republicans in Congress may be forced to take a tough vote about releasing the files themselves, which will either anger their base or Trump.",RELEVANT,INFORMATION
7538556514269809933,https://www.tiktok.com/@whatsnextpolitics/video/7538556514269809933,Do YOU think this will happen? #kalshi #politics ,2025-08-14T21:29:41.000Z,30,,1,1,1305,49,"kalshi, politics",What’s Next,74,False,US,#kalshi election,kalshi,"description, hashtags",YES,"Could Donald Trump reschedule marijuana? Now for context, currently marijuana is a Schedule 1 drug, meaning the federal government holds it has no medical use and is a high risk of abuse. Other Schedule 1 drugs include heroin, LSD, and ecstasy. According to Calhoun's prediction market, there's a 61% chance that marijuana will be rescheduled before 2026, and a 77% chance it gets rescheduled before 2027. But why the big shift? Donald Trump has said in a press conference that his administration is looking at rescheduling marijuana and that a decision will be coming in a matter of weeks. According to the Wall Street Journal, the administration is considering dropping marijuana down to a Schedule 3 drug, which are defined as moderate to low potential for physical and psychological dependence. This change would be massive for medical research institutions, as it would make studying the effects of marijuana more possible. It would be great if research institutions weren't defunded, but a win is a win.",RELEVANT,INFORMATION
7602795623535906079,https://www.tiktok.com/@real.benshapiro/video/7602795623535906079,Kalshi markets and polls show bad signs for Republicans ,2026-02-04T00:10:17.000Z,1405,7,35,53,33200,35,,Ben Shapiro,2900000,True,US,#kalshi election,kalshi,description,YES,"Republicans are beginning to pull every alarm that they can find about the 2026 elections. The Calhoun markets right now, they say 63% of people say the Republican Party is going to retain control of the US Senate. 37% say that they believe the Democrats will take control of the Senate, but those are the worst numbers for the Republican Party this cycle. So those numbers seem to be converging and the hopes for the Democratic Party in this election cycle are going up. The Calhoun markets also suggest 78% of people saying Democrats are going to win the House, only 22% saying that Republicans will retain control of the House. And so the question becomes, what exactly can Republicans do about it?",RELEVANT,INFORMATION
7606098593472056589,https://www.tiktok.com/@nick.predikts/video/7606098593472056589,Trump said the n word??? #polymarket #predictionmarket #kalshi #predictionmarkets  ,2026-02-12T21:47:23.000Z,19,,1,1,703,31,"polymarket, predictionmarket, kalshi, predictionmarkets",nick.predikts,387,False,US,#kalshi election,"kalshi, polymarket","description, hashtags",YES,"Nah, hold up. So you're telling me there's a 5% chance that our president, Donald Trump, says the N-word on live national television? Honestly, if anything, he's going to say hard R at the end. People fall for this shit all the time. They want to see a big payout, so they take crazy odds, and then they lose their money. Don't fall for this trap. Trump is not saying the N-word, bro. I promise you. And in case you're new here, my name's Nick. I make my entire income from prediction markets, and in 2025, I made over a million dollars. I give out free game every single day, so if you guys want to stay up to date on prediction markets and find profitable trades, toss me a follow.",RELEVANT,TRADING
7429044937460583722,https://www.tiktok.com/@nolanknowsmma/video/7429044937460583722,Someone just put up 250k on Donald Trump to win the Election on @Kalshi Exchange 😱 #donaldtrump #trump #kamalaharris #kalshi ,2024-10-23T18:48:40.000Z,339,72,30,22,12200,55,"donaldtrump, trump, kamalaharris, kalshi",nolanknowsmma,80100,False,US,#kalshi election,kalshi,"description, hashtags, transcript",YES,"During Kamala Harris's interview with Fox News, someone put down $250,000 on Donald Trump to win the election. My first question was who in the hell is taking quarter million dollar bets on politics until I realized it was an exchange called Kalshi. Kalshi is currently showing Donald Trump having a 59% chance to win the election. All that means to us degenerates is that $1,000 would win us $694. I've also seen people that are confident Harris is going to win and $1,000 would return over $2,300 if you put it on her. But on this app Kalshi, it's not just politics you can bet on. You can bet on things that you probably would have never guessed you could throw some money at. But right now we're 15 days away from the election. Money is coming in left and right on this thing. Kalshi is the first fully regulated elections market in the United States, which means it's legal. So if you want to throw your money on Donald Trump, Kamala Harris, or anything having to do with politics and many other things in pop culture, go to Kalshi.com or download the app right now.",RELEVANT,TRADING
7618577124013690143,https://www.tiktok.com/@cbsmornings/video/7618577124013690143,"“It's amazing to me how Kalshi is legal basically everywhere”: As prediction markets explode in popularity, there are concerns that they may bypass state gambling laws. On Tuesday, Arizona’s attorney general charged the prediction market Kalshi with operating an illegal gambling operation. A representative from Kalshi said it's not a gambling product, but an exchange overseen by strict Wall Street regulation. #sportsbetting #kalshi #sports #ucla ",2026-03-18T12:50:32.000Z,3584,347,208,43,66000,143,"kalshi, sports, ucla",CBS Mornings,3800000,True,US,#predictionmarkets,kalshi,"description, hashtags",YES,"Before catching his UCLA Bruins play at Pauley Pavilion, freshman Samuel Jiang always checks the game's odds on Cal sheet But there's just one minor problem. Sports gambling is illegal here in California But you are effectively able to do the same thing on Cal sheet. It's amazing to me how Cal sheet is legal and Basically everywhere. State law prevents Californians from betting on sports, but they can now trade on them Prediction markets give users the ability to make money by well predicting anything from Oscar winners to election outcomes to Taylor Swift's bridesmaids and When it comes to March Madness anyone can put money down from the comfort of home So obviously I'm gonna bet on UCLA or a fraternity house I'll do $25 So I'll get $49 if I'm right I dropped by to watch the game with sophomore Oliver Seifert at the Lambda Chi Alpha house at UCLA And yes, it looked and smelled like a frat house How many of the other guys here are betting say tonight? It might be like 10 20% but like on the Super Bowl I bet 80% Pauley market did not respond to our request for comment how she said it's not a gambling product, but an exchange overseen by strict Wall Street regulation and Thus sports trading has even spread to Utah where there's a gambling ban written into the state Constitution we like what we have in Utah a lot better than what we see in Nevada with regards to some of the social Impacts and the societal impacts of gambling Brady Brammer is a Utah state senator He's backing a bill to block what he calls an attempt to circumvent the Utah Constitution Our Constitution is quite clear We are not authorized by a body to support any form of gambling setting the stage for a legal battle pitting states against the White House Blocking things in certain states is the wrong way to handle this Mike Selig runs the federal agency overseeing prediction markets He says they're here to stay nationwide. And for those who object Selig recently issued a stern message Let me be clear We will see you in court, but for March at least all eyes will be on the basketball court",RELEVANT,INFORMATION
7619540182928248095,https://www.tiktok.com/@polyvviz/video/7619540182928248095,Everyone’s piling in on this side… that’s usually the warning sign. #viralitypoly #polymarket #prediction #markets #fyp,2026-03-21T03:07:41.000Z,8,,1,0,292,15,"viralitypoly, polymarket, prediction, markets, fyp",polyvviz,0,False,US,#predictionmarkets,polymarket,"description, hashtags",YES,"Bro, what? Did Trump say restaurant this week? 8%? Oh my god Oh my god Oh my god Yeah!",RELEVANT,TRADING
7619545495320481055,https://www.tiktok.com/@glitchvviz/video/7619545495320481055,Odds say one thing… but something’s off here. #viralitypoly #polymarket #prediction #markets #fyp,2026-03-21T03:28:20.000Z,3,,0,0,96,15,"viralitypoly, polymarket, prediction, markets, fyp",glitch,0,False,US,#predictionmarkets,polymarket,"description, hashtags",YES,"Bro, what? Will Trump say restaurant this week? 8%?",RELEVANT,INFORMATION
7430403501974441259,https://www.tiktok.com/@simpleblacktheory/video/7430403501974441259,@Xaviaer DuRousseau you are tripping #foryoupage❤️❤️ #fyp #elections #polling  ##election2024,2024-10-27T10:40:56.000Z,16800,169,1207,341,249500,88,"foryoupage❤️❤️, fyp, elections, polling, election2024",SimpleBlackTheory,495700,False,US,#electionbetting,kalshi,transcript,YES,"I promise you, by the end of this video, I will be laughing. Kamala, what are you doing on the floor? Mind you, I don't trust any of these mainstream election polls. They're usually biased and have terrible test groups. But I just learned from my future VP, Jadarius Vance, that if you want accurate looks at the direction of our country, you need to look at Kalshi. That makes no f***ing sense. For those of you who don't know, Kalshi is basically a betting platform. And recently, it became legal for people to bet on the election. Don't ask me why I think it's stupid. Because Donald Trump is the favorite to win the election in the betting polls, a lot of Trump supporters are using this as an accurate sign that Donald Trump should win the presidency. Not only am I going to prove you wrong, but I won't be surprised if you guys use this as proof that Donald Trump should've won if he loses. First, in order to gamble, you would have to be 20 years of age. There are some states that allow you to be 18, but most of them do say 21. Now, we know that the legal age to vote in the United States is 18 years old. Also, not all 50 states are participating in online betting. Studies also show that the majority of the demographic that bets online are young men. So it has restrictions with age, location, and there's a big gender gap when it comes to betting online. I was supposed to laugh at this moment, but it's just really sad to see you guys really try hard to fight for something you're not going to win.",RELEVANT,INFORMATION
7615706962247929101,https://www.tiktok.com/@cnbc/video/7615706962247929101,"Luana Lopes Lara, co-founder and COO of Kalshi, discusses how she and her co-founder set out to build something fundamentally different: a platform where people trade on real-world outcomes, not stocks. Listen to the full interview on the CNBC Changemakers and Power Players podcast at the #linkinbio or the link on screen. #CNBC",2026-03-10T19:13:17.000Z,30,1,2,11,1819,82,cnbc,cnbc,1200000,True,US,kalshi midterms,kalshi,description,YES,"What is the origin of Calshi? What was the original idea? It really started when me and my co-founder, we were working on Wall Street. And what we learned at the time is that most trading happens when you have some view about the future and then you try to put it in the markets, but there isn't a very good way to do it. So an example, for example, is when Brexit was happening in 2016, a lot of people were trying to get exposure to it, but there wasn't a good way. You try to build a portfolio of maybe shorting the pound, go long some European stocks, but there wasn't a direct way to just get exposure about what was going to happen. And we saw the behavior happen a lot, a lot of times. So we saw it again when the Trump 2016 election, that there wasn't a way to really get exposure to it. So people were trying to short the S&P and try to find a play in the markets. But what we wanted to do from that moment on was we wanna create an exchange where people can trade directly on what's gonna happen in the future and just hold exposure, just hold a share of what's going to happen in the future. And of course, the big question at the time, the big problem was how do we make this in a legal way? Because it was illegal in the US. So we went for a four-year regulatory journey to convince the regulators that these markets are good, that they should be regulated and legal in the US for us to be able to launch and go from there. And yeah, in the past two years, since we started listing the election markets, it started growing so much and it's been a blessing.",RELEVANT,INFORMATION
7559256640898288910,https://www.tiktok.com/@sunnyywuu/video/7559256640898288910,"Basically treat prediction markets as a live sentiment indicator. Example, you can track polymarket odds for macro events (Fed rate cuts, inflation, election, oil prices etc) then use that as additional confluence to manage your trades #tips #stocks ",2025-10-09T16:16:45.000Z,106,23,50,2,4251,5,"tips, stocks",Sunny 🪽,21800,False,US,prediction market odds,polymarket,description,YES,♪♪,RELEVANT,TRADING
7595123328780733718,https://www.tiktok.com/@polycrunch/video/7595123328780733718,Logan and Kai trump argue over 3rd term. #kaitrump #loganpaul #polymarket #podcast #trading ,2026-01-14T07:57:41.000Z,3,,0,0,302,81,"kaitrump, loganpaul, polymarket, podcast, trading",polycrunch,1,False,GB,polymarket debate,polymarket,"description, hashtags, transcript",YES,"Have you seen the poly market on whether or not your grandpa would run for a third term? I think it's maybe a 4%, right? 4%, can we bring up the poly market? Here's the poly market, we have the poly market right here. 4%. Don, that's the winner. Presidential election winner for 2028. Your grandpa is at 4.1%, says the poly market. Do you think that's possible? I don't, he's not running a third term now. He's not, he's said it so many times. Sadly not, no. He's not running. I feel like I'm still gonna buy yes. I mean, who knows? What would pay out? A lot could happen until 2028. Not that, that's like one thing that cannot happen. I feel like J.D. Vance is also a good buy. He's really nice, yeah. Yeah? Yeah, like I've met him a few times, really cool guy. His wife is super nice. Oh, yeah. I'm gonna be honest, man. Out of that squad, dude. It's J.D. Vance. God, I don't think it might happen. It's J.D. Vance. Is this like our locked competitors? Like there can't be any like side people that just like pop in? I mean, I think so. I think there's some, right? Like what happened to like Rubio? Is he just cooked? Oh, J.D. owns him now. He's like J.D.'s bitch. All right. No? Well, I'm just asking. I don't know. I don't know how all this works. And by the way, I hate politics. Why do we pull this up?",RELEVANT,TRADING
7434055987113299206,https://www.tiktok.com/@thetypicalliberalusa/video/7434055987113299206,BOOM 💥 Trump is winning on @polymarket trading markets right when it matters most. Trust the money markets. Hit the link in my bio to see the latest live election forecasts that refresh in response to all the information traders gather. I’m checking it every 10 minutes😬👆🏼 Trump will get a second term if everyone VOTES🫡🇺🇸 #PolymarketPartner,2024-11-06T06:54:21.000Z,1,,0,0,8,,polymarketpartner,Grant Godwin 🗣🇺🇸,765,False,NG,polymarket election night,polymarket,"description, hashtags",YES,♪♪ ♪♪ ♪♪ ♪♪ ♪♪ ♪♪,RELEVANT,INFORMATION
7613449613768396062,https://www.tiktok.com/@cryptodylnews_44/video/7613449613768396062,JUST IN: Polymarket now shows a 74% probability that the Clarity Act could be signed into law in 2026 ✍🏻 #cryptonewsdaily  #trumpsupporters ,2026-03-04T17:13:09.000Z,1,,0,0,126,,"cryptonewsdaily, trumpsupporters",Cryptodylnews,14200,False,US,polymarket 2026,polymarket,description,YES,,RELEVANT,INFORMATION
7450994491143621934,https://www.tiktok.com/@upcloseinsights_/video/7450994491143621934,Only time will tell 🕦 #polymarket #trump ,2024-12-21T22:24:07.000Z,17,1,1,20,887,20,"polymarket, trump",upcloseinsights_,25,False,US,polymarket michigan senate,polymarket,"description, hashtags",YES,"Who else is excited about Trump taking office in 29 days? These are some of his promises and policies and what people are betting will happen with them. There's a 90% chance on his deportation action, a 7% chance that he'll end the Ukraine war, and an 81% chance that he'll end the Gaza war. These numbers are all over the place and people are making good money on these markets.",RELEVANT,INFORMATION
7615685067989470495,https://www.tiktok.com/@holymarkett/video/7615685067989470495,no way he just did that 😭🙏🏻  #viralitypoly #polymarket #trump ,2026-03-10T17:48:11.000Z,17,,1,0,383,12,"viralitypoly, polymarket, trump",holymarket,487,False,US,#polymarket election,polymarket,"description, hashtags",YES,"Bro, what? Will Trump say Jesus this week? 6%? Bro, that can't be right. What?",RELEVANT,TRADING
7437634495789944106,https://www.tiktok.com/@dogmama4democracy/video/7437634495789944106,"When Shayne Copland, CEO of Polymarket, bet on election results but forgot to hedge against the FBI...Looks like the real market crash happened in his apartment! #ShayneCopland #PolymarketRaid #electiondrama #PoliticalUpdates #Trump2024 #2024Election #trumpnews #followthemoney #PresidentialElection #2024Candidates #SwingStates #raid #fbi #fbiraid #Voting2024 #gambling #betting #bettingtipster #bettingodds ",2024-11-15T22:20:39.000Z,16600,7101,2198,5,130100,147,"shaynecopland, polymarketraid, electiondrama, politicalupdates, trump2024, 2024election, trumpnews, presidentialelection, 2024candidates, swingstates, raid, fbi, fbiraid, voting2024, bettingtipster, bettingodds",dogmamafordemocracy,22500,False,US,#polymarket election,polymarket,"description, hashtags",YES,"The thing that is undeniable was the night of the election, Polly Market was the first destination to basically convey that Trump had won. And it was a good two, three hours ahead of media. Crime does not pay. You're gonna get caught. You're gonna get found out. And that's just the way it is. Case in point, Shane Copeland. If you don't know who Shane Copeland is, he is the CEO of this app called Polly Market. Shane Copeland's house was raided on Wednesday morning. The feds came in, the FBI came in like gangbusters and seized all of his electronics. His phone, his computers, his girlfriend's phone and computers, all of it. They got all of it. Why, you ask? Because of the fact that Shane and his Polly Market app was taking bets on the US election. It's illegal to bet on elections here in the US, but people were using VPNs in order to place bets, knowing that it was illegal for US citizens to place bets on the US election. They did it anyway. Now, what are the odds that this app perfectly predicted every single state that was gonna be red and every single state that was gonna go for Trump? Every US poll that predicted the election said this was gonna be a tight race and every US poll had Kamala Harris favored to win, not Donald Trump. Not only that, a major Trump supporter by the name of Peter Thiel is a backer of Polly Market. And who's Peter Thiel's boy? None other than Elon Musk. That's right, Dr. Evil Elon Musk. This is the second rate in the last two weeks. Do not be surprised when the shit hits the fan and stuff starts going down. Because I'm telling you, just like I've been telling you all along, something is not right. The feds are building a case right now and they're just collecting all of the players. This is better than a John Grisham novel. It's better than anything on Netflix right now. So make sure you stay tuned because there's definitely more to come.",RELEVANT,INFORMATION
7581873027659369783,https://www.tiktok.com/@sammicohentalks/video/7581873027659369783,"Luana Lopes Lara is officially the world’s youngest self-made billionaire. Luana co-founded Kalshi by building infrastructure around prediction markets. Kalshi is the first regulated U.S. exchange for event contracts. In this episode, we dive into the process to build Kalshi, their competitive edge, and why prediction markets will ultimately shape the way that humans think about risk and uncertainty. This episode is now live wherever you get your podcasts.",2025-12-09T15:00:25.000Z,32,1,8,2,2262,62,,Sammi Tannor Cohen,82600,False,US,#kalshi election,kalshi,description,YES,"The elections actually have a funny background story. It took three years to get regulated. And when we got regulated and launched, there was actually still another elephant in the room, which were the election markets. And we worked with the CFTC for one to two years, and they were saying, no, no, no, no, no. The CFTC did not let us list it. So we had to sue them, because we knew we were right on the law. Legally, you're able to offer and trade election markets. And we won the lawsuit, actually, one month before the election. There had been a ban for over 100 years in the US. Election day used to be bigger than the stock market trading volume back in 1920s. The last two weeks, we had over $2 billion traded, millions of new accounts, number one in the App Store. And it was really this vindication moment, because a lot of the critics, again, were saying that it would destroy democracy, it was very bad for everyone, and things like that. And actually, if you look at what happened, markets were the best way to forecast what was gonna happen. The entire time, we were saying Trump was around 65% chance of winning, while the polls were saying it was 50-50. And it was that insane moment that we saw the value of these markets are here. You can see why the markets were better at forecasting what was going to happen.",RELEVANT,INFORMATION
7432025676942691626,https://www.tiktok.com/@nynext/video/7432025676942691626,"Lydia Moynihan sat down with the founders of @kalshi_markets the first legally regulated election prediction market in the U.S., who view their platform as a powerful tool for strengthening democracy and the most reliable indicator of electoral outcomes. Discover how Kalshi became the first legal election prediction market in the U.S. and the impressive volume of money flowing in. Learn more at the link in bio. #NYNext",2024-10-31T19:35:26.000Z,19,2,2,2,534,83,nynext,New York Next,18300,True,US,#kalshi election,kalshi,description,YES,"What do you think this means to finally have, in a century, the first legal election prediction market? What kind of impact do you think that's going to have on the election? It actually enhances democracy in a way. There's a lot of research that says that when people are putting money behind their predictions, they actually do more research, it increases voter engagement, it does all of these things. And you also get a single number, a better forecast for the election, because people are putting money behind their positions. It's very easy to say, I think this candidate's going to win, but when you're actually backing it with real money, you get better forecasts. What it means is, I think, two things. People can now participate and engage a bit more meaningfully with the election. People have had this sort of feel of, like, I don't have control of who wins, and I'm just going to take the impact and the consequence, no matter what it is. And now you can actually do something about it. You can make money off of it if you have a conviction about who is going to win, or you can hedge against an outcome that is negative for you, which I think is a very powerful thing. The second thing, and I think this is a big topic of conversation right now, is that these markets are a mechanism for truth. There's been a lot of misinformation in the last 10 years, and it's rampant. It's actually getting worse and worse. Polls are getting less and less accurate. It's actually the best mechanism to get more truth about who's actually going to win. We're letting the market speak instead of pundits, pollsters. Markets don't lie. Just ask people to put money where their mouth is, have some skin in the game, and when they do, it becomes unbiased, it becomes more truthful, and I think that's our approach to basically delivering more truth to the world.",RELEVANT,INFORMATION
7612123984716385549,https://www.tiktok.com/@casinocompwallet/video/7612123984716385549,The prediction markets are out of control @Polymarket ,2026-03-01T03:29:09.000Z,1471,381,87,96,37300,73,,The Vegaspaulyc show,424700,False,US,#predictionmarkets,polymarket,"description, transcript",YES,"Well, hello, hello, hello, it's Vegas Policy and it appears that a PolyMarket account called MAGA My Man made $515,000 in a single day betting on last night's U.S. strike on Iran. This is from Mike Levin on X. The first trade was placed 71 minutes before news broke. When the person bought in, the contract was at 17% probability and they turned $87,000 into half a million dollars overnight. Mike Levin then reminds us that Donald Trump, Jr. sits on PolyMarket's advisory board and his firm invested double-digit millions into the platform last year. I'm not doing any politics, I'm just giving you the facts. Mike Levin then adds that prediction markets cannot be a vehicle for profiting off of advanced knowledge of military actions and he calls for transparency and oversight. Betting on war, something I bet you never thought you would see, but the gambling is off the charts in America right now. Vegas Policy.",RELEVANT,INFORMATION
7603552908432444685,https://www.tiktok.com/@mr.intuitive888/video/7603552908432444685,#polymarket #kelshi #robinhood #federalreserve,2026-02-06T01:09:02.000Z,195,40,77,21,4545,15,"polymarket, kelshi, robinhood, federalreserve",Mr.intuitive,84800,False,US,#predictionmarkets,polymarket,"description, hashtags",YES,"If you are into betting prediction markets, you guys should go to WhoWillTrumpNameAsTheFedChair and hit Judy Shelton because y'all gonna be able to pay off your bills in a few weeks.",RELEVANT,TRADING
